sample_id,label,sample_type,is_dated,latitude,longitude,district,elevation,slope,aspect,curvature,land_cover,soil_clay_0_5cm,soil_sand_0_5cm,soil_silt_0_5cm,soil_bulk_density_0_5cm,rainfall_24h,rainfall_72h,rainfall_7d,rainfall_event_date,history,sl_no,slide_name,movement_type,material_involved
LS_26052,1,baseline_inventory_positive,False,27.08275,88.434778,South Sikkim,340.0,23.868818283081055,314.9681091308594,1.7396912574768066,30,285,368,347,122,,,,,,26052.0,,Slide,Debris
LS_26053,1,baseline_inventory_positive,False,27.084222,88.446083,South Sikkim,274.0,40.499210357666016,356.9547424316406,-0.28969141840934753,10,258,370,372,117,,,,,,26053.0,,Slide,Debris
LS_26054,1,baseline_inventory_positive,False,27.084722,88.443833,South Sikkim,278.0,27.457578659057617,332.9964904785156,-0.5793907046318054,10,274,364,362,115,,,,,,26054.0,,Slide,Debris
LS_26055,1,baseline_inventory_positive,False,27.087667,88.416528,South Sikkim,276.0,35.919063568115234,29.65848159790039,-0.05240191891789436,60,278,378,343,118,,,,,,26055.0,,Slide,Debris
LS_26056,1,baseline_inventory_positive,False,27.090083,88.413139,South Sikkim,293.0,22.418378829956055,342.724853515625,-0.053144484758377075,10,283,377,340,117,,,,,,26056.0,,Slide,Debris
LS_26057,1,baseline_inventory_positive,False,27.090944,88.406833,South Sikkim,290.0,25.112600326538086,348.2701416015625,-0.5270604491233826,10,276,380,344,116,,,,,,26057.0,,Slide,Debris
LS_26058,1,baseline_inventory_positive,False,27.093278,88.457444,South Sikkim,302.0,25.120227813720703,303.66607666015625,0.36979907751083374,10,251,370,379,119,,,,,,26058.0,,Slide,Debris
LS_26059,1,baseline_inventory_positive,False,27.096444,88.433375,South Sikkim,887.0,30.67436981201172,336.55902099609375,-0.15799948573112488,10,265,362,372,114,,,,,,26059.0,,Slide,Debris
LS_26060,1,baseline_inventory_positive,False,27.097833,88.3785,South Sikkim,291.0,30.84351921081543,358.6937255859375,0.42156875133514404,50,285,361,354,123,,,,,,26060.0,,Slide,Debris
LS_26061,1,baseline_inventory_positive,False,27.098417,88.400167,South Sikkim,684.0,23.666860580444336,30.485631942749023,0.8444534540176392,10,277,353,369,118,,,,,,26061.0,,Slide,Debris
LS_26062,1,baseline_inventory_positive,False,27.101083,88.3615,South Sikkim,345.0,51.231956481933594,112.23087310791016,-0.36913493275642395,10,276,366,358,123,,,,,,26062.0,,Slide,Debris
LS_26063,1,baseline_inventory_positive,False,27.101083,88.400417,South Sikkim,788.0,21.781513214111328,40.33796691894531,0.5802481770515442,10,278,359,363,116,,,,,,26063.0,,Slide,Debris
LS_26064,1,baseline_inventory_positive,False,27.101111,88.403333,South Sikkim,805.0,28.608413696289062,356.18353271484375,-1.081172227859497,30,276,359,365,116,,,,,,26064.0,,Slide,Debris
LS_26065,1,baseline_inventory_positive,False,27.101194,88.394611,South Sikkim,629.0,32.8420524597168,82.40769958496094,0.5808744430541992,10,287,354,359,118,,,,,,26065.0,,Slide,Debris
LS_26066,1,baseline_inventory_positive,False,27.102,88.458667,South Sikkim,433.0,25.377084732055664,307.4362487792969,-0.685808539390564,10,263,347,389,111,,,,,,26066.0,,Slide,Debris
LS_26067,1,baseline_inventory_positive,False,27.1025,88.400778,South Sikkim,848.0,30.29636573791504,26.276844024658203,-0.2111131250858307,10,278,359,363,116,,,,,,26067.0,,Slide,Debris
LS_26068,1,baseline_inventory_positive,False,27.102639,88.394639,South Sikkim,643.0,30.860721588134766,64.64866638183594,-0.34229570627212524,30,287,354,359,118,,,,,,26068.0,,Slide,Debris
LS_26069,1,baseline_inventory_positive,False,27.102944,88.404667,South Sikkim,922.0,25.608659744262695,358.9150085449219,-0.18426808714866638,10,290,367,343,117,,,,,,26069.0,,Subsidence,Debris
LS_26070,1,baseline_inventory_positive,False,27.103111,88.402722,South Sikkim,913.0,25.830059051513672,26.14255142211914,-0.07931935787200928,10,286,367,348,116,,,,,,26070.0,,Slide,Debris
LS_26071,1,baseline_inventory_positive,False,27.105972,88.444556,South Sikkim,780.0,26.68052101135254,32.80842971801758,0.3429131507873535,10,266,372,361,118,,,,,,26071.0,,Subsidence,Debris
LS_26072,1,baseline_inventory_positive,False,27.106694,88.449389,South Sikkim,777.0,27.460702896118164,10.057908058166504,-0.6852566599845886,10,261,370,369,117,,,,,,26072.0,,Slide,Debris
LS_26073,1,baseline_inventory_positive,False,27.106944,88.43375,South Sikkim,864.0,33.622928619384766,346.1809997558594,0.4741477370262146,30,240,382,377,116,,,,,,26073.0,,Fall,Rock
LS_26074,1,baseline_inventory_positive,False,27.107417,88.363139,South Sikkim,488.0,27.89041519165039,124.59883880615234,-1.5822150707244873,10,267,368,366,118,,,,,,26074.0,,Slide,Debris
LS_26075,1,baseline_inventory_positive,False,27.110583,88.340472,West Sikkim,324.0,42.689517974853516,358.0263977050781,-0.7919405698776245,30,257,352,392,118,,,,,,26075.0,,Slide,Debris
LS_26076,1,baseline_inventory_positive,False,27.1205,88.152722,West Sikkim,1233.0,27.48419189453125,73.67764282226562,-0.6858935356140137,10,242,352,406,118,,,,,,26076.0,,Slide,Debris
LS_26077,1,baseline_inventory_positive,False,27.121444,88.153417,West Sikkim,1291.0,26.939722061157227,29.419260025024414,0.13140346109867096,30,242,352,406,118,,,,,,26077.0,,Slide,Debris
LS_26078,1,baseline_inventory_positive,False,27.1215,88.142222,West Sikkim,1245.0,37.34046173095703,342.3377380371094,-1.0025652647018433,10,249,357,395,118,,,,,,26078.0,,Slide,Debris
LS_26079,1,baseline_inventory_positive,False,27.121611,88.237,West Sikkim,473.0,39.17130661010742,344.1593933105469,0.21068139374256134,10,279,345,377,123,,,,,,26079.0,,Slide,Debris
LS_26080,1,baseline_inventory_positive,False,27.121611,88.145528,West Sikkim,1127.0,32.96004104614258,5.220863342285156,-1.6880346536636353,10,247,353,400,118,,,,,,26080.0,,Slide,Debris
LS_26081,1,baseline_inventory_positive,False,27.121917,88.139472,West Sikkim,1256.0,37.0992431640625,73.78520965576172,-0.791455864906311,10,248,360,392,120,,,,,,26081.0,Lower Siktam,Slide,Rock
LS_26082,1,baseline_inventory_positive,False,27.122,88.139889,West Sikkim,1291.0,33.01757049560547,60.00285339355469,-1.3980817794799805,10,248,360,392,120,,,,,,26082.0,,Slide,Debris
LS_26083,1,baseline_inventory_positive,False,27.122472,88.227611,West Sikkim,463.0,27.49890899658203,2.9988043308258057,-1.1606929302215576,10,274,344,382,123,,,,,,26083.0,,Slide,Debris
LS_26084,1,baseline_inventory_positive,False,27.122611,88.343389,South Sikkim,897.0,30.468130111694336,21.26029396057129,1.8728786706924438,10,275,322,403,116,,,,,,26084.0,,Slide,Debris
LS_26085,1,baseline_inventory_positive,False,27.123833,88.225333,West Sikkim,463.0,41.28354263305664,40.253482818603516,0.553656816482544,10,272,345,383,124,,,,,,26085.0,,Slide,Debris
LS_26086,1,baseline_inventory_positive,False,27.123889,88.319778,West Sikkim,408.0,30.11968231201172,149.43382263183594,1.2399749755859375,10,273,355,372,115,,,,,,26086.0,,Slide,Debris
LS_26087,1,baseline_inventory_positive,False,27.124556,88.139778,West Sikkim,1376.0,32.242183685302734,45.4285774230957,0.29037976264953613,10,248,356,395,117,,,,,,26087.0,Siktam,Slide,Debris
LS_26088,1,baseline_inventory_positive,False,27.124778,88.445083,South Sikkim,637.0,38.871273040771484,189.07119750976562,-2.0051605701446533,10,246,371,383,111,,,,,,26088.0,,Slide,Debris
LS_26089,1,baseline_inventory_positive,False,27.125528,88.384556,South Sikkim,1330.0,19.989181518554688,321.39971923828125,-0.8177628517150879,10,273,388,339,115,,,,,,26089.0,,Fall,Rock
LS_26090,1,baseline_inventory_positive,False,27.125861,88.14275,West Sikkim,1528.0,20.652482986450195,91.85234069824219,1.5036823749542236,10,251,346,403,116,,,,,,26090.0,,Slide,Debris
LS_26091,1,baseline_inventory_positive,False,27.126306,88.378667,South Sikkim,1128.0,45.75884246826172,33.84482955932617,-0.42222335934638977,30,262,358,380,118,,,,,,26091.0,,Slide,Debris
LS_26092,1,baseline_inventory_positive,False,27.126444,88.340444,South Sikkim,1052.0,28.894180297851562,74.20079803466797,0.5536862015724182,10,277,321,403,115,,,,,,26092.0,,Slide,Debris
LS_26093,1,baseline_inventory_positive,False,27.126472,88.31675,West Sikkim,354.0,38.77853012084961,30.18605613708496,-0.7122127413749695,10,278,346,376,121,,,,,,26093.0,,Slide,Debris
LS_26094,1,baseline_inventory_positive,False,27.127194,88.308306,West Sikkim,331.0,37.05458068847656,51.396484375,-2.7174015045166016,10,270,349,381,123,,,,,,26094.0,,Slide,Debris
LS_26095,1,baseline_inventory_positive,False,27.12825,88.292194,West Sikkim,373.0,38.09428787231445,8.322687149047852,0.13185296952724457,30,285,336,380,122,,,,,,26095.0,,Slide,Debris
LS_26096,1,baseline_inventory_positive,False,27.128333,88.148833,West Sikkim,1542.0,42.07512664794922,224.3352508544922,1.0292606353759766,10,251,349,400,111,,,,,,26096.0,,Slide,Rock
LS_26097,1,baseline_inventory_positive,False,27.128694,88.442778,South Sikkim,646.0,31.881919860839844,31.205307006835938,-0.0,10,245,373,382,120,,,,,,26097.0,,Slide,Debris
LS_26098,1,baseline_inventory_positive,False,27.128694,88.141639,West Sikkim,1566.0,33.39693069458008,34.369544982910156,0.3955608606338501,10,250,341,409,115,,,,,,26098.0,,Slide,Debris
LS_26099,1,baseline_inventory_positive,False,27.128972,88.262111,West Sikkim,408.0,35.12677001953125,321.7290344238281,-0.47518181800842285,10,275,347,378,125,,,,,,26099.0,,Slide,Debris
LS_26100,1,baseline_inventory_positive,False,27.129,88.441361,South Sikkim,643.0,21.09025001525879,289.69195556640625,-0.07889552414417267,30,245,373,382,120,,,,,,26100.0,,Slide,Debris
LS_26101,1,baseline_inventory_positive,False,27.129861,88.266222,West Sikkim,396.0,47.96274948120117,315.261474609375,-0.5803796648979187,10,273,352,375,124,,,,,,26101.0,,Slide,Debris
LS_26102,1,baseline_inventory_positive,False,27.130056,88.412944,South Sikkim,1731.0,26.800827026367188,265.8507385253906,0.4485240876674652,50,302,373,325,107,,,,,,26102.0,,Slide,Debris
LS_26103,1,baseline_inventory_positive,False,27.130444,88.340222,South Sikkim,1170.0,28.582233428955078,42.44152069091797,0.1315123289823532,50,261,345,394,116,,,,,,26103.0,,Slide,Debris
LS_26104,1,baseline_inventory_positive,False,27.131444,88.386,South Sikkim,1547.0,33.96173095703125,322.1741943359375,1.1341323852539062,10,300,378,322,107,,,,,,26104.0,,Slide,Debris
LS_26105,1,baseline_inventory_positive,False,27.131528,88.384417,South Sikkim,1610.0,24.702926635742188,356.0393371582031,1.1078318357467651,10,300,378,322,107,,,,,,26105.0,,Slide,Debris
LS_26106,1,baseline_inventory_positive,False,27.133556,88.39475,South Sikkim,1665.0,27.24482536315918,9.641928672790527,-0.8707547187805176,10,271,357,372,106,,,,,,26106.0,,Slide,Rock
LS_26107,1,baseline_inventory_positive,False,27.133583,88.404583,South Sikkim,1820.0,39.45430374145508,74.83890533447266,0.6862699389457703,10,275,388,337,102,,,,,,26107.0,,Fall,Rock
LS_26108,1,baseline_inventory_positive,False,27.133722,88.390833,South Sikkim,1644.0,38.9860954284668,8.709270477294922,-1.8993678092956543,10,272,360,367,108,,,,,,26108.0,,Slide,Debris
LS_26109,1,baseline_inventory_positive,False,27.133806,88.342778,South Sikkim,1199.0,27.5172176361084,282.6080017089844,-0.8704412579536438,30,271,338,391,115,,,,,,26109.0,,Slide,Debris
LS_26110,1,baseline_inventory_positive,False,27.134306,88.370528,South Sikkim,1116.0,27.218502044677734,346.2147521972656,0.15817901492118835,10,271,361,367,117,,,,,,26110.0,,Slide,Debris
LS_26111,1,baseline_inventory_positive,False,27.134389,88.40425,South Sikkim,1809.0,23.755062103271484,66.62284088134766,-1.5034725666046143,10,268,392,340,102,,,,,,26111.0,,Slide,Debris
LS_26112,1,baseline_inventory_positive,False,27.135833,88.391111,South Sikkim,1807.0,31.79425048828125,332.9989318847656,0.263741135597229,10,282,367,351,105,,,,,,26112.0,,Slide,Debris
LS_26113,1,baseline_inventory_positive,False,27.137667,88.342694,South Sikkim,1215.0,40.63646697998047,304.93096923828125,-0.31666648387908936,10,271,362,367,112,,,,,,26113.0,,Slide,Debris
LS_26114,1,baseline_inventory_positive,False,27.137694,88.401556,South Sikkim,1849.0,46.383785247802734,53.14544677734375,0.42222198843955994,10,278,390,332,104,,,,,,26114.0,,Slide,Debris
LS_26115,1,baseline_inventory_positive,False,27.139944,88.368167,South Sikkim,1187.0,31.649681091308594,52.68882369995117,-0.6067519187927246,30,266,338,395,113,,,,,,26115.0,,Slide,Rock
LS_26116,1,baseline_inventory_positive,False,27.140889,88.368222,South Sikkim,1244.0,35.323673248291016,43.77384948730469,1.3719724416732788,10,266,338,395,113,,,,,,26116.0,,Slide,Debris
LS_26117,1,baseline_inventory_positive,False,27.141,88.211194,West Sikkim,676.0,29.329418182373047,49.417781829833984,-0.39564886689186096,10,274,346,380,121,,,,,,26117.0,,Slide,Debris
LS_26118,1,baseline_inventory_positive,False,27.141944,88.180222,West Sikkim,836.0,28.190568923950195,31.106983184814453,-0.50121009349823,10,239,355,406,117,,,,,,26118.0,Tharpu,Slide,Debris
LS_26119,1,baseline_inventory_positive,False,27.142028,88.172139,West Sikkim,781.0,33.571598052978516,25.091827392578125,2.7439651489257812,10,244,365,391,117,,,,,,26119.0,,Slide,Debris
LS_26120,1,baseline_inventory_positive,False,27.143556,88.373083,South Sikkim,1272.0,20.664634704589844,143.85951232910156,-2.163109540939331,10,289,370,341,106,,,,,,26120.0,,Slide,Debris
LS_26121,1,baseline_inventory_positive,False,27.144056,88.127361,West Sikkim,2315.0,23.364927291870117,355.17779541015625,-0.026334820315241814,10,309,371,320,104,,,,,,26121.0,,Slide,Earth
LS_26122,1,baseline_inventory_positive,False,27.144167,88.311083,West Sikkim,1160.0,35.618988037109375,9.482483863830566,0.8178915977478027,10,259,349,392,118,,,,,,26122.0,,Fall,Rock
LS_26123,1,baseline_inventory_positive,False,27.145056,88.370778,South Sikkim,1265.0,32.74502182006836,191.8125457763672,1.4246841669082642,10,287,354,359,107,,,,,,26123.0,,Slide,Rock
LS_26124,1,baseline_inventory_positive,False,27.145444,88.305694,West Sikkim,1135.0,20.704317092895508,114.09894561767578,0.7125487327575684,10,275,340,384,118,,,,,,26124.0,,Slide,Debris
LS_26125,1,baseline_inventory_positive,False,27.149722,88.348333,South Sikkim,1408.0,45.17597961425781,263.0450744628906,-1.5304679870605469,10,273,374,353,112,,,,,,26125.0,,Slide,Debris
LS_26126,1,baseline_inventory_positive,False,27.149889,88.096861,West Sikkim,2297.0,25.18851661682129,19.745458602905273,-0.316665381193161,10,313,362,325,99,,,,,,26126.0,,Slide,Earth
LS_26127,1,baseline_inventory_positive,False,27.149972,88.184222,West Sikkim,1082.0,27.6830997467041,340.80255126953125,-0.4485692083835602,10,236,388,376,114,,,,,,26127.0,,Slide,Debris
LS_26128,1,baseline_inventory_positive,False,27.150778,88.4385,South Sikkim,1197.0,34.19666290283203,314.367431640625,-0.5277755260467529,10,268,372,360,112,,,,,,26128.0,,Slide,Debris
LS_26129,1,baseline_inventory_positive,False,27.151028,88.309889,West Sikkim,1211.0,22.695499420166016,166.1833038330078,0.7915883660316467,10,269,358,373,110,,,,,,26129.0,,Slide,Debris
LS_26130,1,baseline_inventory_positive,False,27.152722,88.190833,West Sikkim,1053.0,18.43173599243164,281.2430725097656,0.7915959358215332,30,263,345,392,119,,,,,,26130.0,Lower Timburbung,Slide,Earth
LS_26131,1,baseline_inventory_positive,False,27.152861,88.390361,South Sikkim,1229.0,32.44457244873047,33.85115432739258,1.530347466468811,10,284,345,371,105,,,,,,26131.0,,Slide,Rock
LS_26132,1,baseline_inventory_positive,False,27.153083,88.412056,South Sikkim,1581.0,40.70560073852539,297.5561828613281,0.18462292850017548,10,281,387,332,108,,,,,,26132.0,,Slide,Debris
LS_26133,1,baseline_inventory_positive,False,27.153306,88.3135,West Sikkim,1225.0,31.23050880432129,119.71134185791016,0.13191165030002594,10,256,359,385,110,,,,,,26133.0,,Slide,Debris
LS_26134,1,baseline_inventory_positive,False,27.153444,88.095639,West Sikkim,2280.0,29.112668991088867,27.163875579833984,-0.29017993807792664,10,285,372,342,99,,,,,,26134.0,,Slide,Debris
LS_26135,1,baseline_inventory_positive,False,27.153528,88.494389,South Sikkim,1099.0,31.45473289489746,23.626462936401367,-0.26382461190223694,10,240,362,398,115,,,,,,26135.0,,Slide,Debris
LS_26136,1,baseline_inventory_positive,False,27.15425,88.500333,South Sikkim,998.0,32.297637939453125,273.3148193359375,0.6068508625030518,10,257,347,396,112,,,,,,26136.0,,Slide,Debris
LS_26137,1,baseline_inventory_positive,False,27.1545,88.275667,West Sikkim,755.0,29.370264053344727,30.010143280029297,-1.2665420770645142,10,252,351,397,118,,,,,,26137.0,,Slide,Debris
LS_26138,1,baseline_inventory_positive,False,27.154722,88.443056,South Sikkim,1375.0,33.696067810058594,342.9764709472656,-0.3693848252296448,10,268,370,362,113,,,,,,26138.0,,Slide,Debris
LS_26139,1,baseline_inventory_positive,False,27.154889,88.493194,South Sikkim,1104.0,38.54060363769531,61.365135192871094,-1.715240240097046,10,240,362,398,115,,,,,,26139.0,,Slide,Debris
LS_26140,1,baseline_inventory_positive,False,27.155028,88.319556,West Sikkim,1397.0,31.751981735229492,126.1997299194336,-1.1345189809799194,10,271,377,351,114,,,,,,26140.0,,Slide,Rock
LS_26141,1,baseline_inventory_positive,False,27.155306,88.390278,South Sikkim,1198.0,41.86225509643555,128.71507263183594,-1.1874659061431885,10,287,348,365,104,,,,,,26141.0,,Slide,Debris
LS_26142,1,baseline_inventory_positive,False,27.15625,88.430722,South Sikkim,1468.0,39.876075744628906,41.94689178466797,-0.13201819360256195,10,275,386,339,109,,,,,,26142.0,,Slide,Debris
LS_26143,1,baseline_inventory_positive,False,27.156806,88.5225,East Sikkim,601.0,36.691410064697266,232.38027954101562,-1.1873753070831299,10,260,349,391,114,,,,,,26143.0,,Fall,Rock
LS_26144,1,baseline_inventory_positive,False,27.156944,88.230778,West Sikkim,1485.0,27.116025924682617,52.93400955200195,-0.7916148900985718,10,234,347,419,106,,,,,,26144.0,,Slide,Debris
LS_26145,1,baseline_inventory_positive,False,27.157056,88.512778,East Sikkim,738.0,23.95656394958496,340.2938537597656,0.18465057015419006,10,257,355,388,115,,,,,,26145.0,,Slide,Debris
LS_26146,1,baseline_inventory_positive,False,27.157361,88.171667,West Sikkim,1463.0,26.043712615966797,56.736324310302734,0.2374757081270218,10,273,367,360,107,,,,,,26146.0,,Slide,Debris
LS_26147,1,baseline_inventory_positive,False,27.157694,88.306806,West Sikkim,854.0,29.41739273071289,100.7928695678711,-0.8707202672958374,10,273,369,358,108,,,,,,26147.0,,Slide,Debris
LS_26148,1,baseline_inventory_positive,False,27.157694,88.522194,East Sikkim,598.0,33.8134765625,251.6212921142578,-0.6859776973724365,10,260,349,391,114,,,,,,26148.0,,Topple,Rock
LS_26149,1,baseline_inventory_positive,False,27.157694,88.092833,West Sikkim,2250.0,16.81913185119629,191.25955200195312,-0.6596965789794922,10,311,333,356,97,,,,,,26149.0,,Slide,Debris
LS_26150,1,baseline_inventory_positive,False,27.157806,88.230306,West Sikkim,1494.0,19.873197555541992,24.487279891967773,-0.5804227590560913,10,258,377,365,101,,,,,,26150.0,,Slide,Debris
LS_26151,1,baseline_inventory_positive,False,27.157861,88.090194,West Sikkim,2181.0,24.31186294555664,113.86149597167969,0.4485867917537689,10,314,337,348,97,,,,,,26151.0,,Slide,Earth
LS_26152,1,baseline_inventory_positive,False,27.158,88.347972,South Sikkim,1390.0,35.662227630615234,117.65094757080078,1.7942662239074707,10,262,354,384,107,,,,,,26152.0,,Slide,Debris
LS_26153,1,baseline_inventory_positive,False,27.158056,88.141528,West Sikkim,2021.0,34.85477828979492,286.602783203125,0.7388842105865479,10,244,433,323,99,,,,,,26153.0,,Slide,Debris
LS_26154,1,baseline_inventory_positive,False,27.158111,88.491722,South Sikkim,1102.0,33.79880905151367,47.669273376464844,-1.4512337446212769,10,248,383,369,111,,,,,,26154.0,,Slide,Debris
LS_26155,1,baseline_inventory_positive,False,27.158111,88.512472,East Sikkim,805.0,26.17170524597168,347.1899719238281,0.6860650777816772,10,251,366,383,117,,,,,,26155.0,,Slide,Debris
LS_26156,1,baseline_inventory_positive,False,27.158139,88.344806,West Sikkim,1361.0,32.2308464050293,196.3103485107422,-0.07918702811002731,10,273,364,363,108,,,,,,26156.0,,Slide,Debris
LS_26157,1,baseline_inventory_positive,False,27.158222,88.34325,West Sikkim,1335.0,42.74614334106445,186.77047729492188,-1.847089171409607,10,276,361,363,108,,,,,,26157.0,,Slide,Debris
LS_26158,1,baseline_inventory_positive,False,27.158222,88.100361,West Sikkim,2426.0,27.345014572143555,132.48324584960938,0.791621208190918,10,282,376,341,94,,,,,,26158.0,,Slide,Debris
LS_26159,1,baseline_inventory_positive,False,27.158361,88.521833,East Sikkim,596.0,36.24990463256836,241.55397033691406,-0.8707267642021179,30,273,341,386,110,,,,,,26159.0,,Slide,Debris
LS_26160,1,baseline_inventory_positive,False,27.158417,88.420139,South Sikkim,1594.0,30.452856063842773,44.645511627197266,0.39577022194862366,10,274,342,384,107,,,,,,26160.0,,Slide,Debris
LS_26161,1,baseline_inventory_positive,False,27.158583,88.466306,South Sikkim,1190.0,34.79475021362305,281.4614562988281,-0.7915443181991577,60,262,377,361,110,,,,,,26161.0,,Fall,Rock
LS_26162,1,baseline_inventory_positive,False,27.158944,88.427111,South Sikkim,1586.0,40.7382926940918,45.36750411987305,-0.05281517654657364,10,266,351,383,107,,,,,,26162.0,,Slide,Debris
LS_26163,1,baseline_inventory_positive,False,27.158972,88.514611,East Sikkim,817.0,28.153284072875977,346.2579040527344,-0.474959135055542,10,255,355,390,113,,,,,,26163.0,,Fall,Rock
LS_26164,1,baseline_inventory_positive,False,27.158972,88.090944,West Sikkim,2192.0,34.859806060791016,136.2985076904297,1.424877405166626,10,314,336,350,102,,,,,,26164.0,,Slide,Debris
LS_26165,1,baseline_inventory_positive,False,27.159194,88.444361,South Sikkim,1312.0,36.90987014770508,193.279541015625,0.05274100974202156,10,280,389,331,103,,,,,,26165.0,,Slide,Debris
LS_26166,1,baseline_inventory_positive,False,27.159361,88.09225,West Sikkim,2228.0,26.678447723388672,150.79568481445312,1.847104549407959,10,314,336,350,102,,,,,,26166.0,,Slide,Earth
LS_26167,1,baseline_inventory_positive,False,27.159472,88.300028,West Sikkim,640.0,25.71246910095215,91.93324279785156,0.5013328790664673,10,269,367,364,109,,,,,,26167.0,,Slide,Debris
LS_26168,1,baseline_inventory_positive,False,27.159639,88.318889,West Sikkim,1342.0,26.413990020751953,129.01776123046875,0.026371827349066734,10,285,365,350,106,,,,,,26168.0,,Subsidence,Debris
LS_26169,1,baseline_inventory_positive,False,27.159972,88.379083,South Sikkim,1256.0,29.407602310180664,129.34976196289062,-0.10561970621347427,10,258,373,369,117,,,,,,26169.0,,Slide,Rock
LS_26170,1,baseline_inventory_positive,False,27.160056,88.423028,South Sikkim,1553.0,40.48945617675781,338.8004455566406,-4.327423572540283,50,282,362,356,108,,,,,,26170.0,,Slide,Debris
LS_26171,1,baseline_inventory_positive,False,27.160056,88.091806,West Sikkim,2177.0,37.83564376831055,149.0411376953125,-0.05274497717618942,10,314,336,350,102,,,,,,26171.0,,Slide,Debris
LS_26172,1,baseline_inventory_positive,False,27.160194,88.415056,South Sikkim,1552.0,29.482046127319336,24.17759132385254,0.5805203914642334,10,288,356,356,103,,,,,,26172.0,,Slide,Debris
LS_26173,1,baseline_inventory_positive,False,27.160444,88.512472,South Sikkim,908.0,20.527807235717773,335.6526794433594,0.8443789482116699,10,268,359,373,116,,,,,,26173.0,,Fall,Rock
LS_26174,1,baseline_inventory_positive,False,27.160722,88.505889,South Sikkim,1051.0,28.471235275268555,324.712646484375,1.081865668296814,30,255,397,348,112,,,,,,26174.0,,Slide,Debris
LS_26175,1,baseline_inventory_positive,False,27.161,88.094306,West Sikkim,2159.0,29.278066635131836,127.47706604003906,1.8207523822784424,10,313,339,349,101,,,,,,26175.0,,Slide,Debris
LS_26176,1,baseline_inventory_positive,False,27.161306,88.512944,South Sikkim,895.0,27.82305335998535,251.14366149902344,-0.8443350791931152,10,268,359,373,116,,,,,,26176.0,,Slide,Debris
LS_26177,1,baseline_inventory_positive,False,27.161444,88.410556,South Sikkim,1569.0,34.138431549072266,301.0047302246094,-1.372212290763855,10,295,360,345,101,,,,,,26177.0,,Slide,Debris
LS_26178,1,baseline_inventory_positive,False,27.161917,88.509639,South Sikkim,1023.0,24.248756408691406,335.58978271484375,0.18468612432479858,10,266,374,360,116,,,,,,26178.0,,Slide,Debris
LS_26179,1,baseline_inventory_positive,False,27.162111,88.491444,South Sikkim,1129.0,25.495983123779297,78.70468139648438,-1.556856393814087,10,248,392,360,108,,,,,,26179.0,,Fall,Rock
LS_26180,1,baseline_inventory_positive,False,27.162194,88.510611,South Sikkim,1001.0,31.232017517089844,299.7093505859375,-1.3721246719360352,30,266,374,360,116,,,,,,26180.0,,Slide,Debris
LS_26181,1,baseline_inventory_positive,False,27.16275,88.383306,South Sikkim,1539.0,31.202720642089844,136.39767456054688,0.23748859763145447,10,268,359,373,106,,,,,,26181.0,,Slide,Earth
LS_26182,1,baseline_inventory_positive,False,27.162778,88.413222,South Sikkim,1549.0,27.59492301940918,354.0165710449219,-2.2692928314208984,10,289,368,344,102,,,,,,26182.0,,Slide,Rock
LS_26183,1,baseline_inventory_positive,False,27.162781,88.484864,South Sikkim,1160.0,25.818012237548828,336.200439453125,-0.1055547446012497,10,245,394,361,111,,,,,,26183.0,,Slide,Debris
LS_26184,1,baseline_inventory_positive,False,27.163472,88.143083,West Sikkim,2073.0,17.296796798706055,277.4935302734375,1.3985588550567627,10,245,429,326,98,,,,,,26184.0,,Slide,Debris
LS_26185,1,baseline_inventory_positive,False,27.163556,88.458833,South Sikkim,1478.0,30.738405227661133,4.378905296325684,0.05279255285859108,10,259,393,348,107,,,,,,26185.0,,Slide,Debris
LS_26186,1,baseline_inventory_positive,False,27.16375,88.406417,South Sikkim,1563.0,20.328367233276367,83.07428741455078,-2.00551176071167,10,305,351,344,101,,,,,,26186.0,,Slide,Rock
LS_26187,1,baseline_inventory_positive,False,27.163861,88.462306,South Sikkim,1512.0,21.27043342590332,286.98382568359375,0.1319364607334137,10,261,396,344,107,,,,,,26187.0,,Slide,Debris
LS_26188,1,baseline_inventory_positive,False,27.163861,88.52,East Sikkim,561.0,31.196136474609375,316.9735107421875,0.237491175532341,10,294,338,368,114,,,,,,26188.0,,Slide,Debris
LS_26189,1,baseline_inventory_positive,False,27.163861,88.141361,West Sikkim,2149.0,21.86189079284668,303.1327819824219,-0.9763464331626892,10,298,360,342,94,,,,,,26189.0,,Slide,Debris
LS_26190,1,baseline_inventory_positive,False,27.164472,88.213889,West Sikkim,1415.0,39.89815902709961,315.9632873535156,-2.374924659729004,10,231,376,393,111,,,,,,26190.0,Malbasley,Slide,Rock
LS_26191,1,baseline_inventory_positive,False,27.1645,88.228444,West Sikkim,1421.0,29.759363174438477,253.91812133789062,-1.1346737146377563,10,259,397,344,106,,,,,,26191.0,,Slide,Rock
LS_26192,1,baseline_inventory_positive,False,27.164528,88.348472,South Sikkim,1099.0,27.964046478271484,123.9460678100586,0.31666409969329834,10,270,344,385,109,,,,,,26192.0,,Slide,Debris
LS_26193,1,baseline_inventory_positive,False,27.165,88.444444,South Sikkim,1380.0,32.355621337890625,228.18922424316406,0.2638952434062958,10,266,382,352,107,,,,,,26193.0,,Slide,Debris
LS_26194,1,baseline_inventory_positive,False,27.165278,88.348528,South Sikkim,1088.0,30.338886260986328,113.7322006225586,-0.026385052129626274,10,262,368,371,108,,,,,,26194.0,,Slide,Debris
LS_26195,1,baseline_inventory_positive,False,27.165333,88.162028,West Sikkim,1217.0,18.905757904052734,83.87374114990234,1.0291471481323242,10,231,372,397,108,,,,,,26195.0,,Slide,Debris
LS_26196,1,baseline_inventory_positive,False,27.165528,88.496556,South Sikkim,1252.0,30.93385887145996,229.926025390625,2.2694075107574463,10,283,367,350,105,,,,,,26196.0,,Slide,Debris
LS_26197,1,baseline_inventory_positive,False,27.165586,88.488511,South Sikkim,1243.0,27.550113677978516,15.135689735412598,0.7388708591461182,10,263,384,353,112,,,,,,26197.0,,Slide,Debris
LS_26198,1,baseline_inventory_positive,False,27.165833,88.436667,South Sikkim,1535.0,38.45380401611328,355.7373352050781,0.10555465519428253,10,276,379,345,104,,,,,,26198.0,,Slide,Debris
LS_26199,1,baseline_inventory_positive,False,27.166278,88.144333,West Sikkim,2039.0,37.81182098388672,321.23968505859375,0.34305161237716675,10,244,391,365,103,,,,,,26199.0,,Slide,Debris
LS_26200,1,baseline_inventory_positive,False,27.166528,88.401333,South Sikkim,1517.0,22.686939239501953,92.22700500488281,-1.2402647733688354,10,272,367,361,104,,,,,,26200.0,,Slide,Debris
LS_26201,1,baseline_inventory_positive,False,27.166611,88.417528,South Sikkim,1799.0,27.6390323638916,285.7498779296875,-0.7916591167449951,10,296,363,341,103,,,,,,26201.0,,Slide,Debris
LS_26202,1,baseline_inventory_positive,False,27.167611,88.348889,South Sikkim,1102.0,31.287670135498047,66.77914428710938,0.07916425913572311,10,266,358,376,107,,,,,,26202.0,,Slide,Debris
LS_26203,1,baseline_inventory_positive,False,27.167972,88.224778,West Sikkim,1459.0,32.51290512084961,226.01266479492188,1.2930587530136108,10,248,379,373,108,,,,,,26203.0,,Slide,Rock
LS_26204,1,baseline_inventory_positive,False,27.168167,88.384556,South Sikkim,1526.0,35.897056579589844,51.066627502441406,-1.2138959169387817,50,270,344,386,106,,,,,,26204.0,,Slide,Debris
LS_26205,1,baseline_inventory_positive,False,27.169028,88.486333,South Sikkim,1237.0,36.16798782348633,173.9387969970703,-0.5541670918464661,10,254,381,365,111,,,,,,26205.0,,Slide,Debris
LS_26206,1,baseline_inventory_positive,False,27.169472,88.363778,South Sikkim,1532.0,36.79778289794922,132.73709106445312,1.0819658041000366,50,274,370,355,109,,,,,,26206.0,,Slide,Debris
LS_26207,1,baseline_inventory_positive,False,27.169583,88.462361,South Sikkim,1659.0,27.700319290161133,292.2734069824219,-0.5277727246284485,10,278,383,340,110,,,,,,26207.0,,Slide,Debris
LS_26208,1,baseline_inventory_positive,False,27.170833,88.086361,West Sikkim,2364.0,17.680767059326172,32.7710075378418,-0.44861629605293274,10,304,348,348,102,,,,,,26208.0,Bhoreng,Slide,Earth
LS_26209,1,baseline_inventory_positive,False,27.171083,88.245417,West Sikkim,1132.0,32.78120040893555,68.54564666748047,0.7916793823242188,10,240,350,410,116,,,,,,26209.0,,Slide,Debris
LS_26210,1,baseline_inventory_positive,False,27.171139,88.354611,South Sikkim,1235.0,19.199554443359375,34.103721618652344,-0.5013735294342041,10,265,364,371,110,,,,,,26210.0,,Slide,Debris
LS_26211,1,baseline_inventory_positive,False,27.171639,88.159333,West Sikkim,1401.0,19.053773880004883,315.8297119140625,0.026400268077850342,10,248,370,382,104,,,,,,26211.0,,Slide,Debris
LS_26212,1,baseline_inventory_positive,False,27.171833,88.160861,West Sikkim,1356.0,27.986108779907227,293.89398193359375,0.18470801413059235,30,244,365,391,105,,,,,,26212.0,,Slide,Debris
LS_26213,1,baseline_inventory_positive,False,27.172083,88.090333,West Sikkim,2327.0,17.490964889526367,11.638079643249512,1.2403019666671753,10,300,350,350,104,,,,,,26213.0,,Slide,Earth
LS_26214,1,baseline_inventory_positive,False,27.172228,88.372,South Sikkim,1663.0,23.183578491210938,336.90234375,1.1348012685775757,10,273,350,377,110,,,,,2017,26214.0,"Gumpa Monastery, Upper Gurpisey",Complex,Debris
LS_26215,1,baseline_inventory_positive,False,27.172333,88.381444,South Sikkim,1600.0,32.21382141113281,350.458984375,-0.31666338443756104,10,275,347,379,109,,,,,,26215.0,,Slide,Debris
LS_26216,1,baseline_inventory_positive,False,27.172444,88.386972,South Sikkim,1771.0,44.901363372802734,52.02281188964844,-4.908418655395508,10,276,362,362,105,,,,,,26216.0,,Slide,Rock
LS_26217,1,baseline_inventory_positive,False,27.172444,88.089528,West Sikkim,2340.0,31.884178161621094,350.3349609375,-0.7389357089996338,30,300,350,350,104,,,,,,26217.0,Ribdi,Slide,Earth
LS_26218,1,baseline_inventory_positive,False,27.173861,88.092111,West Sikkim,2334.0,15.72343921661377,270.0,-0.3167310655117035,30,300,341,358,102,,,,,,26218.0,,Slide,Earth
LS_26219,1,baseline_inventory_positive,False,27.173917,88.38525,South Sikkim,1727.0,53.68596649169922,56.892822265625,-2.137629508972168,10,285,353,362,109,,,,,,26219.0,,Slide,Rock
LS_26220,1,baseline_inventory_positive,False,27.174389,88.452028,South Sikkim,1538.0,29.98775863647461,206.6488494873047,-0.13196128606796265,10,285,383,331,102,,,,,,26220.0,,Slide,Debris
LS_26221,1,baseline_inventory_positive,False,27.175,88.385028,South Sikkim,1755.0,14.68488597869873,16.09530258178711,-1.7680946588516235,10,252,383,365,103,,,,,,26221.0,,Slide,Rock
LS_26222,1,baseline_inventory_positive,False,27.175778,88.402417,South Sikkim,1942.0,30.2810115814209,54.741004943847656,1.0556299686431885,10,253,354,393,101,,,,,,26222.0,,Slide,Debris
LS_26223,1,baseline_inventory_positive,False,27.176,88.429556,South Sikkim,1623.0,35.693016052246094,75.26250457763672,-0.10555434226989746,10,284,379,338,99,,,,,,26223.0,,Slide,Debris
LS_26224,1,baseline_inventory_positive,False,27.176944,88.402056,South Sikkim,1926.0,34.829978942871094,72.3315658569336,-0.6598358154296875,10,269,402,328,103,,,,,,26224.0,,Slide,Debris
LS_26225,1,baseline_inventory_positive,False,27.177056,88.402611,South Sikkim,1970.0,38.89120101928711,78.382080078125,0.8709444403648376,10,254,371,375,101,,,,,,26225.0,,Slide,Rock
LS_26226,1,baseline_inventory_positive,False,27.177167,88.369611,South Sikkim,1574.0,30.93849754333496,138.7693328857422,-0.7390795946121216,10,265,364,371,106,,,,,,26226.0,,Slide,Rock
LS_26227,1,baseline_inventory_positive,False,27.178111,88.430556,South Sikkim,1624.0,29.272085189819336,164.49411010742188,-0.5541869401931763,10,264,374,362,99,,,,,,26227.0,,Slide,Debris
LS_26228,1,baseline_inventory_positive,False,27.178889,88.533097,East Sikkim,370.0,42.39216613769531,305.33355712890625,0.5014694929122925,60,262,370,368,120,,,,,,26228.0,,Slide,Rock
LS_26229,1,baseline_inventory_positive,False,27.179278,88.190972,West Sikkim,1969.0,20.89985466003418,315.4432067871094,-0.1055542528629303,10,271,392,337,102,,,,,,26229.0,,Slide,Earth
LS_26230,1,baseline_inventory_positive,False,27.179639,88.519778,East Sikkim,332.0,42.038814544677734,48.19301986694336,-0.844557523727417,50,260,374,366,120,,,,,,26230.0,,Slide,Debris
LS_26231,1,baseline_inventory_positive,False,27.180417,88.51025,East Sikkim,394.0,38.048946380615234,314.4670104980469,-0.31666263937950134,10,262,364,374,120,,,,,,26231.0,,Slide,Rock
LS_26232,1,baseline_inventory_positive,False,27.180528,88.518611,East Sikkim,327.0,38.866729736328125,27.51803207397461,-3.061203718185425,10,256,367,377,119,,,,,,26232.0,,Slide,Debris
LS_26233,1,baseline_inventory_positive,False,27.181167,88.192028,West Sikkim,1956.0,24.03941535949707,293.6158447265625,-0.8709931969642639,10,271,392,337,102,,,,,,26233.0,Gumpa Dara,Slide,Debris
LS_26234,1,baseline_inventory_positive,False,27.181222,88.309528,West Sikkim,452.0,43.14031219482422,305.5010070800781,-1.6100094318389893,10,269,360,370,121,,,,,,26234.0,,Slide,Debris
LS_26235,1,baseline_inventory_positive,False,27.18175,88.395778,South Sikkim,1881.0,41.86248779296875,28.448869705200195,-1.2933586835861206,10,277,417,306,104,,,,,,26235.0,,Slide,Debris
LS_26236,1,baseline_inventory_positive,False,27.182111,88.508,East Sikkim,415.0,50.623565673828125,80.98727416992188,-3.2726216316223145,10,257,366,377,120,,,,,,26236.0,,Slide,Rock
LS_26237,1,baseline_inventory_positive,False,27.185944,88.197944,West Sikkim,1744.0,30.318981170654297,300.46087646484375,-2.9562416076660156,10,253,410,337,101,,,,,,26237.0,Barakheley Dara,Slide,Debris
LS_26238,1,baseline_inventory_positive,False,27.185972,88.205833,West Sikkim,1694.0,28.210159301757812,272.6035461425781,-1.926589012145996,10,245,393,362,101,,,,,,26238.0,,Slide,Earth
LS_26239,1,baseline_inventory_positive,False,27.186361,88.320417,West Sikkim,458.0,32.5252571105957,6.542694568634033,0.2639787793159485,10,274,362,364,123,,,,,,26239.0,,Slide,Debris
LS_26240,1,baseline_inventory_positive,False,27.186611,88.206278,West Sikkim,1671.0,30.574289321899414,252.39471435546875,1.6628084182739258,10,264,400,336,98,,,,,,26240.0,,Slide,Earth
LS_26241,1,baseline_inventory_positive,False,27.18815,88.562083,East Sikkim,443.0,31.284347534179688,14.278548240661621,-0.9766284823417664,10,263,383,355,118,,,,,,26241.0,,Slide,Debris
LS_26242,1,baseline_inventory_positive,False,27.188528,88.501194,East Sikkim,394.0,29.427532196044922,330.58795166015625,0.765527069568634,50,257,368,376,119,,,,,,26242.0,,Slide,Rock
LS_26243,1,baseline_inventory_positive,False,27.189222,88.391056,South Sikkim,1883.0,28.868953704833984,85.35235595703125,-0.5804397463798523,50,255,367,377,101,,,,,,26243.0,,Slide,Debris
LS_26244,1,baseline_inventory_positive,False,27.189261,88.595686,East Sikkim,443.0,26.484024047851562,323.0160827636719,-0.9235435724258423,10,291,371,338,117,,,,,,26244.0,,Slide,Debris
LS_26245,1,baseline_inventory_positive,False,27.19,88.564472,East Sikkim,573.0,35.25388717651367,10.73849868774414,-0.5542135834693909,10,270,364,366,115,,,,,,26245.0,Padamchey,Fall,Rock
LS_26246,1,baseline_inventory_positive,False,27.190067,88.596483,East Sikkim,458.0,37.734989166259766,304.1611022949219,-0.02666587196290493,50,291,371,338,117,,,,,,26246.0,,Slide,Rock
LS_26247,1,baseline_inventory_positive,False,27.190833,88.596889,East Sikkim,467.0,47.77655792236328,318.42987060546875,-1.7682002782821655,10,289,372,339,120,,,,,,26247.0,,Slide,Debris
LS_26248,1,baseline_inventory_positive,False,27.191639,88.325861,West Sikkim,479.0,32.22398376464844,298.4753723144531,0.8975647687911987,50,274,351,376,122,,,,,,26248.0,,Slide,Debris
LS_26249,1,baseline_inventory_positive,False,27.191917,88.2885,West Sikkim,1272.0,28.469497680664062,8.67046070098877,0.5806665420532227,10,271,357,372,108,,,,,,26249.0,,Slide,Debris
LS_26250,1,baseline_inventory_positive,False,27.192989,88.603083,East Sikkim,484.0,30.38762664794922,342.8844299316406,1.3727021217346191,10,300,367,334,117,,,,,,26250.0,,Slide,Debris
LS_26251,1,baseline_inventory_positive,False,27.193794,88.650528,East Sikkim,1131.0,34.8028564453125,101.45789337158203,1.5311781167984009,10,268,369,363,107,,,,,,26251.0,,Slide,Debris
LS_26252,1,baseline_inventory_positive,False,27.194333,88.388889,South Sikkim,1761.0,30.10692024230957,76.22371673583984,1.3198190927505493,10,283,331,386,99,,,,,,26252.0,,Slide,Debris
LS_26253,1,baseline_inventory_positive,False,27.195083,88.631992,East Sikkim,575.0,27.845674514770508,178.02923583984375,-0.34284746646881104,10,300,368,332,116,,,,,,26253.0,,Slide,Debris
LS_26254,1,baseline_inventory_positive,False,27.195511,88.6342,East Sikkim,563.0,30.130434036254883,154.50794982910156,0.026457209140062332,10,296,369,334,117,,,,,,26254.0,,Slide,Debris
LS_26255,1,baseline_inventory_positive,False,27.195703,88.625444,East Sikkim,555.0,44.97950744628906,154.9962158203125,1.4251145124435425,10,296,372,332,117,,,,,,26255.0,,Slide,Debris
LS_26256,1,baseline_inventory_positive,False,27.195722,88.387472,South Sikkim,1697.0,30.192766189575195,92.40016174316406,-0.13201162219047546,10,283,331,386,99,,,,,,26256.0,,Slide,Debris
LS_26257,1,baseline_inventory_positive,False,27.197111,88.208722,West Sikkim,1862.0,34.22690963745117,329.95263671875,-1.398950457572937,10,243,409,348,98,,,,,,26257.0,Phuchenbong,Slide,Debris
LS_26258,1,baseline_inventory_positive,False,27.197417,88.4905,South Sikkim,388.0,45.3485221862793,56.10512924194336,1.4783391952514648,10,247,375,378,115,,,,,,26258.0,,Slide,Rock
LS_26259,1,baseline_inventory_positive,False,27.198856,88.638725,East Sikkim,588.0,28.98383140563965,113.32166290283203,0.9238247871398926,10,294,369,336,118,,,,,,26259.0,,Slide,Debris
LS_26260,1,baseline_inventory_positive,False,27.198928,88.66095,East Sikkim,1045.0,39.915496826171875,158.00057983398438,-2.2701711654663086,10,260,396,344,111,,,,,,26260.0,,Slide,Debris
LS_26261,1,baseline_inventory_positive,False,27.199028,88.350417,South Sikkim,1158.0,36.435279846191406,5.295156002044678,-1.4783704280853271,10,284,377,339,116,,,,,,26261.0,,Slide,Debris
LS_26262,1,baseline_inventory_positive,False,27.199722,88.641633,East Sikkim,625.0,46.140769958496094,118.686279296875,-2.6927199363708496,10,294,371,335,117,,,,,,26262.0,,Topple,Rock
LS_26263,1,baseline_inventory_positive,False,27.200389,88.3545,South Sikkim,1112.0,38.504451751708984,337.5112609863281,1.4516024589538574,10,277,386,337,115,,,,,,26263.0,,Slide,Debris
LS_26264,1,baseline_inventory_positive,False,27.200861,88.340861,West Sikkim,995.0,22.51205062866211,62.578426361083984,1.8741462230682373,10,275,365,359,110,,,,,,26264.0,,Slide,Debris
LS_26265,1,baseline_inventory_positive,False,27.201278,88.665381,East Sikkim,1008.0,29.82573890686035,124.52040100097656,3.8800041675567627,10,271,377,351,104,,,,,,26265.0,,Slide,Debris
LS_26266,1,baseline_inventory_positive,False,27.20175,88.268194,West Sikkim,1138.0,30.881847381591797,190.05958557128906,2.561091899871826,10,265,352,383,108,,,,,,26266.0,,Slide,Debris
LS_26267,1,baseline_inventory_positive,False,27.201875,88.667278,East Sikkim,988.0,36.8697509765625,164.5462188720703,-0.9503183364868164,10,272,369,359,105,,,,,,26267.0,,Slide,Debris
LS_26268,1,baseline_inventory_positive,False,27.202417,88.391583,South Sikkim,1655.0,29.42681884765625,79.2114028930664,-1.3725377321243286,10,265,366,370,102,,,,,,26268.0,,Slide,Debris
LS_26269,1,baseline_inventory_positive,False,27.202433,88.656708,East Sikkim,747.0,43.14036178588867,161.63673400878906,0.052605994045734406,10,279,378,343,106,,,,,,26269.0,,Topple,Rock
LS_26270,1,baseline_inventory_positive,False,27.203167,88.588667,East Sikkim,1279.0,32.75168991088867,355.9510803222656,0.6071929931640625,10,273,377,350,110,,,,,,26270.0,Pendam,Slide,Debris
LS_26271,1,baseline_inventory_positive,False,27.203194,88.600278,East Sikkim,980.0,31.439224243164062,326.13677978515625,0.9235066771507263,10,292,368,340,114,,,,,,26271.0,Pamdambhasmey,Slide,Debris
LS_26272,1,baseline_inventory_positive,False,27.203869,88.658333,East Sikkim,729.0,19.89494514465332,201.34405517578125,1.636966586112976,10,273,377,350,110,,,,,,26272.0,,Slide,Debris
LS_26273,1,baseline_inventory_positive,False,27.204556,88.647222,East Sikkim,662.0,45.70811462402344,134.84808349609375,0.21146716177463531,10,279,379,343,109,,,,,,26273.0,,Slide,Debris
LS_26274,1,baseline_inventory_positive,False,27.204694,88.32375,West Sikkim,466.0,40.583648681640625,283.9920654296875,-1.7954977750778198,10,275,356,369,119,,,,,,26274.0,,Slide,Debris
LS_26275,1,baseline_inventory_positive,False,27.205,88.591722,East Sikkim,1217.0,41.18399429321289,322.97332763671875,-0.5807268619537354,10,261,386,353,112,,,,,,26275.0,East Pendam,Fall,Rock
LS_26276,1,baseline_inventory_positive,False,27.205,88.442122,South Sikkim,1299.0,32.61322784423828,305.2801513671875,-0.47517338395118713,50,276,391,333,104,,,,,,26276.0,,Slide,Debris
LS_26277,1,baseline_inventory_positive,False,27.205047,88.689053,East Sikkim,745.0,5.872396469116211,76.29586029052734,-0.31666043400764465,10,290,378,332,112,,,,,,26277.0,,Slide,Debris
LS_26278,1,baseline_inventory_positive,False,27.206611,88.442814,South Sikkim,1315.0,38.63996124267578,263.8760070800781,-0.9507437348365784,30,271,372,357,105,,,,,,26278.0,,Slide,Debris
LS_26279,1,baseline_inventory_positive,False,27.206653,88.679953,East Sikkim,749.0,33.95942687988281,171.46731567382812,-0.6072182655334473,10,290,375,335,107,,,,,,26279.0,,Fall,Rock
LS_26280,1,baseline_inventory_positive,False,27.206917,88.323278,West Sikkim,455.0,27.478517532348633,275.3766174316406,-1.267025113105774,10,284,350,366,119,,,,,,26280.0,,Slide,Debris
LS_26281,1,baseline_inventory_positive,False,27.207039,88.446667,South Sikkim,1321.0,39.71994400024414,14.565616607666016,4.065919399261475,30,257,363,380,105,,,,,,26281.0,,Slide,Debris
LS_26282,1,baseline_inventory_positive,False,27.207264,88.672817,East Sikkim,739.0,28.197771072387695,179.02915954589844,0.07945514470338821,10,274,376,350,107,,,,,,26282.0,,Slide,Debris
LS_26283,1,baseline_inventory_positive,False,27.207606,88.676047,East Sikkim,725.0,32.24098205566406,164.97445678710938,0.2111068069934845,10,282,372,346,107,,,,,,26283.0,,Fall,Rock
LS_26284,1,baseline_inventory_positive,False,27.20825,88.387667,South Sikkim,1604.0,26.518278121948242,132.49488830566406,1.583698034286499,10,275,359,366,102,,,,,,26284.0,,Slide,Earth
LS_26285,1,baseline_inventory_positive,False,27.2115,88.58775,East Sikkim,1416.0,43.05315399169922,99.25543975830078,-0.6341730952262878,10,265,386,349,102,,,,,,26285.0,,Slide,Debris
LS_26286,1,baseline_inventory_positive,False,27.212222,88.587889,East Sikkim,1399.0,38.80228805541992,90.8681640625,-1.9273250102996826,10,265,386,349,102,,,,,,26286.0,,Slide,Debris
LS_26287,1,baseline_inventory_positive,False,27.212583,88.399333,South Sikkim,2019.0,37.78935241699219,139.87904357910156,0.4752082824707031,10,305,360,335,103,,,,,,26287.0,,Slide,Debris
LS_26288,1,baseline_inventory_positive,False,27.21275,88.391444,South Sikkim,1555.0,39.4052848815918,157.57363891601562,0.263663113117218,10,312,349,339,103,,,,,,26288.0,,Slide,Debris
LS_26289,1,baseline_inventory_positive,False,27.213556,88.321833,West Sikkim,472.0,30.192102432250977,250.84918212890625,0.13205352425575256,10,281,346,374,119,,,,,,26289.0,,Slide,Debris
LS_26290,1,baseline_inventory_positive,False,27.214222,88.608361,East Sikkim,807.0,19.733871459960938,254.23406982421875,-0.7653740048408508,50,262,350,389,115,,,,,,26290.0,,Slide,Debris
LS_26291,1,baseline_inventory_positive,False,27.214639,88.392417,South Sikkim,1548.0,33.10301971435547,131.79794311523438,1.1610850095748901,10,312,349,339,103,,,,,,26291.0,,Slide,Debris
LS_26292,1,baseline_inventory_positive,False,27.214806,88.588083,East Sikkim,1446.0,27.62516212463379,60.22246551513672,-0.10555317997932434,10,276,375,349,104,,,,,,26292.0,,Slide,Debris
LS_26293,1,baseline_inventory_positive,False,27.215056,88.393306,South Sikkim,1562.0,36.282249450683594,141.7727813720703,-1.7418580055236816,10,283,384,333,102,,,,,,26293.0,,Slide,Debris
LS_26294,1,baseline_inventory_positive,False,27.21525,88.402278,South Sikkim,2026.0,24.61969566345215,105.9458236694336,-1.6098017692565918,10,293,369,338,102,,,,,,26294.0,,Slide,Debris
LS_26295,1,baseline_inventory_positive,False,27.216361,88.199667,West Sikkim,1946.0,36.076148986816406,335.3086242675781,-0.026506934314966202,10,258,446,296,104,,,,,,26295.0,,Slide,Debris
LS_26296,1,baseline_inventory_positive,False,27.216639,88.392361,South Sikkim,1566.0,33.29764938354492,47.146080017089844,0.9234704971313477,10,297,366,337,104,,,,,,26296.0,,Slide,Rock
LS_26297,1,baseline_inventory_positive,False,27.216722,88.274639,West Sikkim,1265.0,29.13009262084961,3.2709898948669434,-1.1090236902236938,10,246,363,391,110,,,,,,26297.0,,Slide,Debris
LS_26298,1,baseline_inventory_positive,False,27.217278,88.236944,West Sikkim,1170.0,19.310617446899414,341.8726501464844,0.07904417812824249,10,254,340,407,105,,,,,,26298.0,Rishithang,Slide,Debris
LS_26299,1,baseline_inventory_positive,False,27.217667,88.233472,West Sikkim,1203.0,29.304645538330078,10.256244659423828,-0.5282533764839172,30,243,341,416,113,,,,,,26299.0,,Slide,Debris
LS_26300,1,baseline_inventory_positive,False,27.217667,88.234639,West Sikkim,1196.0,28.877212524414062,339.2572326660156,-1.0299965143203735,10,243,341,416,113,,,,,,26300.0,,Slide,Debris
LS_26301,1,baseline_inventory_positive,False,27.218278,88.232472,West Sikkim,1241.0,40.87015914916992,358.49591064453125,-2.454725503921509,10,253,330,418,114,,,,,,26301.0,,Slide,Debris
LS_26302,1,baseline_inventory_positive,False,27.21875,88.233694,West Sikkim,1284.0,33.02923583984375,339.55181884765625,-0.47523805499076843,10,243,341,416,113,,,,,,26302.0,,Slide,Debris
LS_26303,1,baseline_inventory_positive,False,27.219444,88.391111,South Sikkim,1577.0,29.212749481201172,120.55665588378906,-0.15858151018619537,10,266,356,378,101,,,,,,26303.0,,Slide,Debris
LS_26304,1,baseline_inventory_positive,False,27.219444,88.234361,West Sikkim,1286.0,23.564579010009766,316.5749816894531,-0.29064878821372986,10,243,341,416,113,,,,,,26304.0,,Slide,Rock
LS_26305,1,baseline_inventory_positive,False,27.2195,88.210222,West Sikkim,1797.0,28.389345169067383,231.4146270751953,1.2931506633758545,10,268,389,343,101,,,,,,26305.0,,Slide,Debris
LS_26306,1,baseline_inventory_positive,False,27.219917,88.276306,West Sikkim,1540.0,36.305355072021484,333.5660095214844,-0.18459048867225647,10,258,380,362,108,,,,,,26306.0,,Slide,Debris
LS_26307,1,baseline_inventory_positive,False,27.220306,88.261861,West Sikkim,1608.0,37.59012985229492,328.71624755859375,-1.4527616500854492,10,247,369,384,104,,,,,,26307.0,,Slide,Debris
LS_26308,1,baseline_inventory_positive,False,27.220472,88.281028,West Sikkim,1432.0,33.01247787475586,313.9328918457031,-1.267665147781372,10,258,372,370,107,,,,,,26308.0,,Slide,Debris
LS_26309,1,baseline_inventory_positive,False,27.22075,88.699833,East Sikkim,1137.0,44.45257568359375,144.6343994140625,0.5012474656105042,10,256,380,364,100,,,,,,26309.0,,Slide,Debris
LS_26310,1,baseline_inventory_positive,False,27.220778,88.279917,West Sikkim,1517.0,42.44914627075195,311.4170837402344,0.9504941701889038,10,264,386,350,108,,,,,,26310.0,,Slide,Debris
LS_26311,1,baseline_inventory_positive,False,27.220806,88.237361,West Sikkim,1297.0,21.7071533203125,1.3077322244644165,-1.1621173620224,10,252,341,407,114,,,,,,26311.0,Rishi,Slide,Rock
LS_26312,1,baseline_inventory_positive,False,27.220861,88.657111,East Sikkim,1166.0,42.69315719604492,166.61871337890625,-2.719412088394165,10,286,378,336,106,,,,,,26312.0,,Slide,Debris
LS_26313,1,baseline_inventory_positive,False,27.220889,88.652278,East Sikkim,1004.0,22.61268424987793,54.88236999511719,-1.2936707735061646,10,284,368,348,108,,,,,,26313.0,Mamring,Slide,Debris
LS_26314,1,baseline_inventory_positive,False,27.220917,88.385083,South Sikkim,1582.0,37.63335037231445,56.785118103027344,0.897976279258728,10,274,365,362,103,,,,,,26314.0,,Slide,Debris
LS_26315,1,baseline_inventory_positive,False,27.220972,88.397639,South Sikkim,2033.0,33.161624908447266,57.26767349243164,0.10503578931093216,10,260,394,346,99,,,,,,26315.0,,Slide,Debris
LS_26316,1,baseline_inventory_positive,False,27.221444,88.376167,South Sikkim,1632.0,40.201717376708984,323.3694763183594,-0.02651887945830822,10,260,368,373,101,,,,,,26316.0,,Slide,Debris
LS_26317,1,baseline_inventory_positive,False,27.2215,88.370667,South Sikkim,1791.0,30.389339447021484,310.6129455566406,-0.8184275031089783,10,288,361,351,104,,,,,,26317.0,,Slide,Debris
LS_26318,1,baseline_inventory_positive,False,27.221778,88.390861,South Sikkim,1589.0,18.241580963134766,82.92213439941406,-1.847964882850647,10,272,372,356,104,,,,,,26318.0,,Slide,Debris
LS_26319,1,baseline_inventory_positive,False,27.222917,88.281972,West Sikkim,1506.0,24.5906982421875,306.4813537597656,-0.8980076909065247,10,250,375,375,106,,,,,,26319.0,,Slide,Debris
LS_26320,1,baseline_inventory_positive,False,27.223833,88.491833,South Sikkim,362.0,32.7766227722168,101.27540588378906,-0.42330461740493774,50,252,380,369,117,,,,,,26320.0,,Slide,Debris
LS_26321,1,baseline_inventory_positive,False,27.224778,88.372083,South Sikkim,2029.0,40.5791015625,335.5610656738281,-0.3431854844093323,10,278,381,340,99,,,,,,26321.0,,Slide,Debris
LS_26322,1,baseline_inventory_positive,False,27.225083,88.373333,South Sikkim,2001.0,30.78264617919922,333.26068115234375,-0.8184526562690735,10,283,397,321,101,,,,,,26322.0,,Slide,Debris
LS_26323,1,baseline_inventory_positive,False,27.225556,88.240333,West Sikkim,1572.0,28.035255432128906,349.67938232421875,-1.68997061252594,10,255,352,392,102,,,,,,26323.0,,Slide,Debris
LS_26324,1,baseline_inventory_positive,False,27.22575,88.49325,South Sikkim,379.0,49.5001106262207,100.99758911132812,4.118821620941162,10,264,382,355,112,,,,,,26324.0,,Slide,Rock
LS_26325,1,baseline_inventory_positive,False,27.226556,88.308861,West Sikkim,658.0,43.63630676269531,69.81859588623047,-1.3202699422836304,10,281,364,354,119,,,,,,26325.0,,Slide,Debris
LS_26326,1,baseline_inventory_positive,False,27.2275,88.220278,West Sikkim,1774.0,35.221492767333984,330.2979736328125,0.6073644161224365,10,269,401,330,101,,,,,,26326.0,,Slide,Debris
LS_26327,1,baseline_inventory_positive,False,27.227528,88.219639,West Sikkim,1785.0,33.810489654541016,338.093505859375,-1.1887764930725098,10,269,401,330,101,,,,,,26327.0,,Slide,Debris
LS_26328,1,baseline_inventory_positive,False,27.228556,88.493889,South Sikkim,357.0,29.438236236572266,123.15472412109375,-1.7425082921981812,50,268,382,350,121,,,,,,26328.0,,Slide,Debris
LS_26329,1,baseline_inventory_positive,False,27.229417,88.378444,South Sikkim,2042.0,37.9573974609375,304.2110900878906,-0.23764359951019287,10,252,379,369,102,,,,,,26329.0,,Slide,Debris
LS_26330,1,baseline_inventory_positive,False,27.22975,88.619361,East Sikkim,1196.0,35.57510757446289,56.97123718261719,-1.8480764627456665,10,271,385,344,111,,,,,,26330.0,Taza,Slide,Earth
LS_26331,1,baseline_inventory_positive,False,27.230583,88.306056,West Sikkim,715.0,35.77473831176758,339.3241882324219,0.44936203956604004,10,281,372,347,120,,,,,,26331.0,,Slide,Debris
LS_26332,1,baseline_inventory_positive,False,27.232639,88.378417,South Sikkim,2123.0,24.436925888061523,223.6204833984375,-0.2641974687576294,10,244,372,383,101,,,,,,26332.0,Chemchey,Slide,Debris
LS_26333,1,baseline_inventory_positive,False,27.233194,88.246361,West Sikkim,1538.0,22.97287368774414,184.91842651367188,-0.053093522787094116,10,262,360,377,99,,,,,,26333.0,,Slide,Debris
LS_26334,1,baseline_inventory_positive,False,27.233389,88.5015,East Sikkim,390.0,21.605737686157227,354.07403564453125,-0.05309484899044037,10,271,383,346,117,,,,,,26334.0,,Slide,Debris
LS_26335,1,baseline_inventory_positive,False,27.233417,88.634806,East Sikkim,1493.0,33.93946838378906,315.4044494628906,-0.9240632653236389,10,262,387,351,107,,,,,,26335.0,,Slide,Debris
LS_26336,1,baseline_inventory_positive,False,27.233667,88.348389,South Sikkim,1908.0,32.677433013916016,115.90373229980469,0.1851968765258789,10,289,349,362,100,,,,,,26336.0,,Slide,Debris
LS_26337,1,baseline_inventory_positive,False,27.235694,88.6025,East Sikkim,1217.0,31.478803634643555,39.102603912353516,-0.7395262718200684,10,263,389,348,116,,,,,,26337.0,,Slide,Debris
LS_26338,1,baseline_inventory_positive,False,27.23575,88.602389,East Sikkim,1233.0,32.22529220581055,39.365623474121094,0.23765850067138672,10,263,389,348,116,,,,,,26338.0,,Slide,Debris
LS_26339,1,baseline_inventory_positive,False,27.23575,88.506472,South Sikkim,429.0,39.342830657958984,322.43505859375,1.8481611013412476,10,291,359,350,116,,,,,,26339.0,,Slide,Debris
LS_26340,1,baseline_inventory_positive,False,27.23575,88.507972,South Sikkim,390.0,24.075435638427734,336.6363220214844,-1.5573958158493042,10,291,359,350,116,,,,,,26340.0,,Slide,Debris
LS_26341,1,baseline_inventory_positive,False,27.235778,88.506306,East Sikkim,429.0,39.342830657958984,322.43505859375,1.8481611013412476,10,291,359,350,116,,,,,,26341.0,,Slide,Debris
LS_26342,1,baseline_inventory_positive,False,27.235861,88.433167,South Sikkim,1207.0,25.87032699584961,263.2669372558594,-1.0827399492263794,10,261,364,376,115,,,,,,26342.0,,Slide,Debris
LS_26343,1,baseline_inventory_positive,False,27.235917,88.645167,East Sikkim,1436.0,43.63315200805664,346.21551513671875,-1.108632206916809,10,305,352,342,110,,,,,,26343.0,,Fall,Rock
LS_26344,1,baseline_inventory_positive,False,27.236361,88.50875,East Sikkim,425.0,35.820396423339844,345.41656494140625,-0.6864246129989624,10,291,359,350,116,,,,,,26344.0,,Slide,Debris
LS_26345,1,baseline_inventory_positive,False,27.236583,88.509611,East Sikkim,426.0,31.91880989074707,344.77691650390625,-0.607428789138794,10,297,358,345,119,,,,,,26345.0,,Slide,Debris
LS_26346,1,baseline_inventory_positive,False,27.236889,88.235917,West Sikkim,1569.0,42.08964538574219,264.8408203125,-3.3265833854675293,10,272,366,362,99,,,,,,26346.0,,Slide,Rock
LS_26347,1,baseline_inventory_positive,False,27.237694,88.598806,East Sikkim,1212.0,19.743833541870117,279.11456298828125,0.8185415863990784,10,252,376,372,112,,,,,,26347.0,,Slide,Debris
LS_26348,1,dated_event_positive,True,27.23772,88.51384,East Sikkim,434.0,35.63137435913086,313.7286682128906,1.2155529260635376,10,301,355,343,118,0.0,64.3763,185.9186,2014-08-26,26 August 2014,26348.0,6 km from Martam,Slide,Debris
LS_26349,1,baseline_inventory_positive,False,27.237889,88.346444,South Sikkim,1582.0,24.192880630493164,134.10948181152344,-0.42288967967033386,10,276,345,379,100,,,,,,26349.0,,Slide,Debris
LS_26350,1,baseline_inventory_positive,False,27.237917,88.30475,West Sikkim,852.0,32.86962127685547,114.90296173095703,4.620480060577393,10,276,378,346,111,,,,,,26350.0,,Slide,Rock
LS_26351,1,baseline_inventory_positive,False,27.238111,88.601528,East Sikkim,1216.0,11.125123023986816,64.29832458496094,-1.5839695930480957,10,258,374,368,108,,,,,,26351.0,Dikling,Slide,Debris
LS_26352,1,dated_event_positive,True,27.23924,88.48416,East Sikkim,378.0,31.02530288696289,217.17982482910156,-0.9241036772727966,10,259,384,357,118,18.1703,72.6813,163.8221,2014-08-25,"2011, 25 August 2014",26352.0,Sirwani Landslide,Slide,Debris
LS_26353,1,baseline_inventory_positive,False,27.239972,88.332778,West Sikkim,1298.0,18.597312927246094,146.38482666015625,-0.07969009876251221,10,253,369,378,102,,,,,,26353.0,,Slide,Debris
LS_26354,1,baseline_inventory_positive,False,27.240028,88.486472,East Sikkim,380.0,36.90325164794922,41.72588348388672,-0.10555242002010345,50,263,382,355,115,,,,,,26354.0,,Slide,Debris
LS_26355,1,baseline_inventory_positive,False,27.240194,88.486278,East Sikkim,399.0,36.073089599609375,45.826560974121094,1.267332673072815,50,263,382,355,115,,,,,,26355.0,,Slide,Debris
LS_26356,1,baseline_inventory_positive,False,27.240389,88.234028,West Sikkim,1623.0,28.357099533081055,260.0342712402344,-1.9272111654281616,10,266,373,361,99,,,,,,26356.0,Upper Bermiok,Slide,Debris
LS_26357,1,baseline_inventory_positive,False,27.240556,88.48025,East Sikkim,384.0,38.66156768798828,180.32537841796875,0.9772427082061768,10,298,363,340,116,,,,,,26357.0,,Slide,Debris
LS_26358,1,baseline_inventory_positive,False,27.240639,88.306056,West Sikkim,963.0,44.48648452758789,92.3696060180664,0.9248197078704834,10,274,382,345,106,,,,,,26358.0,,Slide,Debris
LS_26359,1,baseline_inventory_positive,False,27.240861,88.486278,East Sikkim,424.0,35.94877624511719,48.208797454833984,-1.1093636751174927,10,263,382,355,115,,,,,,26359.0,,Slide,Debris
LS_26360,1,baseline_inventory_positive,False,27.241333,88.233972,West Sikkim,1651.0,47.95188522338867,269.1605224609375,1.2414906024932861,10,266,373,361,99,,,,,,26360.0,,Slide,Debris
LS_26361,1,dated_event_positive,True,27.24144,88.60681,East Sikkim,1379.0,22.70087432861328,320.9537048339844,0.211819127202034,10,263,367,370,112,78.2565,136.9489,178.0208,2017-07-09,9 July 2017,26361.0,Pachey landslide near Pakyong Town,Fall and Slide,Debris
LS_26362,1,baseline_inventory_positive,False,27.242139,88.327389,West Sikkim,1317.0,28.814096450805664,210.2552490234375,1.293919324874878,10,267,355,379,103,,,,,,26362.0,,Slide,Debris
LS_26363,1,baseline_inventory_positive,False,27.242917,88.354417,South Sikkim,1610.0,38.49939727783203,20.04340934753418,-0.7654369473457336,10,275,339,385,101,,,,,,26363.0,,Slide,Debris
LS_26364,1,baseline_inventory_positive,False,27.243806,88.2725,West Sikkim,1626.0,26.612071990966797,285.99713134765625,0.2649883031845093,10,283,336,381,101,,,,,,26364.0,,Slide,Debris
LS_26365,1,baseline_inventory_positive,False,27.244056,88.348056,South Sikkim,1568.0,44.49654006958008,24.5935001373291,0.3159158527851105,10,273,344,383,101,,,,,,26365.0,,Slide,Debris
LS_26366,1,baseline_inventory_positive,False,27.244472,88.350472,South Sikkim,1598.0,51.92979049682617,17.394208908081055,0.896078884601593,10,274,346,380,101,,,,,,26366.0,,Fall,Rock
LS_26367,1,baseline_inventory_positive,False,27.245028,88.524389,East Sikkim,467.0,34.82895278930664,307.79736328125,0.1579538881778717,10,288,376,337,111,,,,,,26367.0,,Slide,Debris
LS_26368,1,baseline_inventory_positive,False,27.245028,88.226861,West Sikkim,1745.0,20.283714294433594,179.29559326171875,0.31665679812431335,10,253,380,367,102,,,,,,26368.0,Upper Bermiok,Slide,Debris
LS_26369,1,baseline_inventory_positive,False,27.245139,88.524444,East Sikkim,481.0,31.420297622680664,310.6540222167969,0.7396175265312195,10,288,376,337,111,,,,,,26369.0,Sangkhola,Slide,Debris
LS_26370,1,baseline_inventory_positive,False,27.245972,88.185278,West Sikkim,1727.0,23.044660568237305,133.4214324951172,1.9280318021774292,10,282,371,347,99,,,,,,26370.0,Hee gown,Slide,Debris
LS_26371,1,baseline_inventory_positive,False,27.246056,88.62575,East Sikkim,1457.0,29.29030418395996,35.106719970703125,-0.6348327994346619,10,279,371,350,103,,,,,,26371.0,,Slide,Rock
LS_26372,1,baseline_inventory_positive,False,27.246194,88.625694,East Sikkim,1452.0,26.484600067138672,17.514122009277344,0.4746052026748657,10,281,335,384,100,,,,,,26372.0,,Fall,Rock
LS_26373,1,baseline_inventory_positive,False,27.246944,88.184833,West Sikkim,1639.0,36.228538513183594,157.7711181640625,-0.42220884561538696,10,266,368,366,100,,,,,,26373.0,,Slide,Debris
LS_26374,1,baseline_inventory_positive,False,27.247111,88.225222,West Sikkim,1664.0,36.70515441894531,232.4029541015625,0.6340835690498352,10,275,352,373,100,,,,,,26374.0,Budha Bari,Slide,Debris
LS_26375,1,baseline_inventory_positive,False,27.248583,88.117444,West Sikkim,2009.0,35.89534378051758,258.3459777832031,0.9765534400939941,10,290,333,378,101,,,,,,26375.0,Upper Bega,Slide,Debris
LS_26376,1,baseline_inventory_positive,False,27.248833,88.117194,West Sikkim,2019.0,29.651430130004883,242.3736114501953,0.6872685551643372,10,290,333,378,101,,,,,,26376.0,Upper Bega,Slide,Debris
LS_26377,1,baseline_inventory_positive,False,27.25,88.301889,West Sikkim,536.0,42.66020202636719,306.509765625,1.6372534036636353,10,286,363,351,118,,,,,,26377.0,,Slide,Debris
LS_26378,1,baseline_inventory_positive,False,27.250556,88.53325,East Sikkim,500.0,29.97513771057129,13.670891761779785,-0.7654533386230469,10,301,367,332,118,,,,,,26378.0,,Slide,Debris
LS_26379,1,baseline_inventory_positive,False,27.250889,88.715444,East Sikkim,1225.0,34.57503128051758,74.27325439453125,-0.13133633136749268,10,249,366,385,104,,,,,,26379.0,,Slide,Debris
LS_26380,1,baseline_inventory_positive,False,27.250972,88.659833,East Sikkim,1423.0,25.70551109313965,56.16568374633789,-0.924989640712738,10,261,379,360,101,,,,,,26380.0,,Fall,Rock
LS_26381,1,baseline_inventory_positive,False,27.251417,88.3845,South Sikkim,2054.0,16.567798614501953,225.87823486328125,1.7162342071533203,10,278,410,312,99,,,,,,26381.0,,Slide,Debris
LS_26382,1,baseline_inventory_positive,False,27.251639,88.531361,East Sikkim,523.0,15.250274658203125,270.0,-0.29087796807289124,10,304,372,324,113,,,,,2019,26382.0,Sang,Slide,Rock
LS_26383,1,baseline_inventory_positive,False,27.251722,88.182972,West Sikkim,1438.0,26.723804473876953,141.4832000732422,0.7396775484085083,10,264,358,378,107,,,,,,26383.0,Hee Sapong,Slide,Debris
LS_26384,1,baseline_inventory_positive,False,27.252139,88.176944,West Sikkim,1288.0,32.921913146972656,261.7054748535156,-1.3464024066925049,10,277,367,356,102,,,,,,26384.0,Hee Pool,Slide,Rock
LS_26385,1,baseline_inventory_positive,False,27.252167,88.272778,West Sikkim,1477.0,18.796621322631836,143.0751190185547,0.44880083203315735,10,282,344,374,107,,,,,,26385.0,,Fall,Rock
LS_26386,1,baseline_inventory_positive,False,27.252667,88.694194,East Sikkim,1456.0,29.085250854492188,205.1368408203125,-0.3956142067909241,10,274,387,339,102,,,,,,26386.0,,Slide,Debris
LS_26387,1,baseline_inventory_positive,False,27.253528,88.786111,East Sikkim,3140.0,31.962600708007812,43.200809478759766,0.714763343334198,50,296,320,384,108,,,,,,26387.0,,Slide,Debris
LS_26388,1,baseline_inventory_positive,False,27.253889,88.210028,West Sikkim,1406.0,36.011417388916016,205.15798950195312,-0.8186538219451904,10,266,342,392,99,,,,,,26388.0,Martam Ralong,Slide,Debris
LS_26389,1,baseline_inventory_positive,False,27.254222,88.3005,West Sikkim,566.0,23.630752563476562,204.54627990722656,-1.21342933177948,50,290,374,337,116,,,,,,26389.0,,Slide,Debris
LS_26390,1,baseline_inventory_positive,False,27.254389,88.145306,West Sikkim,1478.0,24.060800552368164,85.8272933959961,-1.1876697540283203,10,260,336,404,101,,,,,,26390.0,Sangkhu,Slide,Debris
LS_26391,1,baseline_inventory_positive,False,27.25475,88.711,East Sikkim,1033.0,50.10149383544922,62.27858352661133,-4.174778461456299,10,277,366,358,118,,,,,,26391.0,,Slide,Debris
LS_26392,1,baseline_inventory_positive,False,27.254778,88.542444,East Sikkim,635.0,40.519832611083984,336.4998474121094,2.0612118244171143,10,306,362,332,116,,,,,,26392.0,,Slide,Debris
LS_26393,1,baseline_inventory_positive,False,27.254917,88.390889,South Sikkim,1800.0,30.91891860961914,250.18247985839844,0.3432551622390747,10,280,408,312,99,,,,,,26393.0,,Slide,Debris
LS_26394,1,baseline_inventory_positive,False,27.255167,88.396944,South Sikkim,1591.0,25.633237838745117,291.8634948730469,0.4488077759742737,10,274,345,380,101,,,,,,26394.0,,Slide,Debris
LS_26395,1,baseline_inventory_positive,False,27.255278,88.543611,East Sikkim,621.0,43.451717376708984,322.47100830078125,1.1885192394256592,10,306,362,332,116,,,,,,26395.0,,Slide,Debris
LS_26396,1,baseline_inventory_positive,False,27.255389,88.388944,South Sikkim,1863.0,27.322263717651367,248.80189514160156,-0.9242154359817505,10,280,408,312,99,,,,,,26396.0,,Slide,Debris
LS_26397,1,baseline_inventory_positive,False,27.255861,88.156139,West Sikkim,1535.0,34.13927459716797,173.844482421875,1.1095750331878662,10,283,350,367,101,,,,,,26397.0,Sangkhu,Slide,Debris
LS_26398,1,baseline_inventory_positive,False,27.256,88.706167,East Sikkim,1161.0,29.70648765563965,250.02175903320312,1.3215385675430298,10,264,376,360,114,,,,,,26398.0,,Slide,Debris
LS_26399,1,baseline_inventory_positive,False,27.256556,88.148722,West Sikkim,1569.0,31.602304458618164,211.6269989013672,-0.36986225843429565,10,285,345,370,102,,,,,,26399.0,,Slide,Debris
LS_26400,1,baseline_inventory_positive,False,27.25675,88.148611,West Sikkim,1569.0,31.602304458618164,211.6269989013672,-0.36986225843429565,10,285,345,370,102,,,,,,26400.0,Sangkhu,Slide,Debris
LS_26401,1,dated_event_positive,True,27.25677,88.55359,East Sikkim,698.0,37.72920227050781,144.4473114013672,-0.8976218700408936,10,308,371,321,113,0.0,55.0367,73.3823,2014-08-16,"June 2014, 16 August 2014",26401.0,Mangthang Landslide,Slide,Debris
LS_26402,1,baseline_inventory_positive,False,27.257083,88.65975,East Sikkim,1642.0,24.18393898010254,341.7187194824219,-0.6865192651748657,10,273,412,315,102,,,,,2014,26402.0,,Slide,Debris
LS_26403,1,baseline_inventory_positive,False,27.257083,88.696583,East Sikkim,1401.0,21.57884407043457,312.6644287109375,-1.1095906496047974,10,271,382,347,106,,,,,,26403.0,,Slide,Debris
LS_26404,1,baseline_inventory_positive,False,27.257139,88.697556,East Sikkim,1390.0,24.60346221923828,335.9914245605469,-1.6382205486297607,10,271,382,347,106,,,,,,26404.0,,Slide,Debris
LS_26405,1,baseline_inventory_positive,False,27.257194,88.305444,West Sikkim,661.0,33.99694061279297,114.5498275756836,-2.667135000228882,10,282,378,340,113,,,,,,26405.0,,Slide,Debris
LS_26406,1,baseline_inventory_positive,False,27.257361,88.165333,West Sikkim,1502.0,27.870641708374023,158.3150634765625,-1.215146541595459,10,265,378,357,103,,,,,,26406.0,,Slide,Debris
LS_26407,1,baseline_inventory_positive,False,27.257417,88.418889,South Sikkim,859.0,35.05224609375,311.29229736328125,0.23770903050899506,10,274,377,349,114,,,,,,26407.0,,Slide,Debris
LS_26408,1,baseline_inventory_positive,False,27.257972,88.548861,East Sikkim,641.0,39.9418830871582,321.78253173828125,1.9016826152801514,10,306,371,323,116,,,,,,26408.0,,Slide,Debris
LS_26409,1,baseline_inventory_positive,False,27.258222,88.704778,East Sikkim,1216.0,13.304947853088379,295.42474365234375,-1.1619476079940796,10,261,381,358,116,,,,,,26409.0,,Slide,Debris
LS_26410,1,baseline_inventory_positive,False,27.258306,88.245306,West Sikkim,1142.0,31.730812072753906,183.3704071044922,0.89762943983078,10,259,359,382,107,,,,,,26410.0,,Slide,Debris
LS_26411,1,baseline_inventory_positive,False,27.258389,88.246611,West Sikkim,1141.0,29.832122802734375,162.95034790039062,-0.21198081970214844,10,259,358,383,108,,,,,,26411.0,,Slide,Debris
LS_26412,1,baseline_inventory_positive,False,27.258556,88.147028,West Sikkim,1548.0,24.38957405090332,230.5099334716797,-0.8186867237091064,10,275,344,380,103,,,,,,26412.0,Sangkhu,Slide,Debris
LS_26413,1,baseline_inventory_positive,False,27.258778,88.202639,West Sikkim,1256.0,31.85774040222168,263.998046875,0.8195710778236389,10,265,348,387,110,,,,,,26413.0,,Slide,Debris
LS_26414,1,baseline_inventory_positive,False,27.258889,88.145611,West Sikkim,1531.0,31.653675079345703,67.129150390625,0.9774576425552368,10,267,349,383,104,,,,,,26414.0,Sangkhu,Fall,Rock
LS_26415,1,baseline_inventory_positive,False,27.259306,88.423028,South Sikkim,828.0,37.7080192565918,335.3338928222656,0.2900455892086029,10,298,368,333,115,,,,,,26415.0,,Slide,Debris
LS_26416,1,baseline_inventory_positive,False,27.259694,88.550417,East Sikkim,643.0,33.18743133544922,318.1656799316406,-0.766363799571991,50,305,370,325,117,,,,,,26416.0,,Slide,Debris
LS_26417,1,baseline_inventory_positive,False,27.259722,88.248972,West Sikkim,1125.0,22.38713264465332,220.60971069335938,1.6897196769714355,10,260,362,378,116,,,,,,26417.0,Rat Mathe,Slide,Debris
LS_26418,1,baseline_inventory_positive,False,27.259833,88.711722,East Sikkim,1109.0,44.32418441772461,109.17687225341797,-1.8511638641357422,10,268,369,363,115,,,,,,26418.0,,Slide,Debris
LS_26419,1,baseline_inventory_positive,False,27.26,88.381361,South Sikkim,1540.0,31.010513305664062,179.13368225097656,-1.6373928785324097,10,263,357,380,100,,,,,,26419.0,,Slide,Debris
LS_26420,1,baseline_inventory_positive,False,27.260167,88.171889,West Sikkim,1312.0,38.30546188354492,205.19610595703125,-1.479516863822937,10,252,362,386,107,,,,,,26420.0,Radhu Basti,Slide,Debris
LS_26421,1,baseline_inventory_positive,False,27.260194,88.302417,West Sikkim,582.0,37.858402252197266,79.1590805053711,0.5286548137664795,10,298,365,337,120,,,,,,26421.0,,Slide,Debris
LS_26422,1,baseline_inventory_positive,False,27.260861,88.233278,West Sikkim,1170.0,27.190086364746094,185.07504272460938,-0.3423675000667572,10,278,338,384,105,,,,,,26422.0,,Slide,Debris
LS_26423,1,baseline_inventory_positive,False,27.2615,88.788778,East Sikkim,3366.0,44.609947204589844,35.805992126464844,-2.9315545558929443,10,276,389,336,111,,,,,,26423.0,,Slide,Debris
LS_26424,1,baseline_inventory_positive,False,27.26175,88.2945,West Sikkim,597.0,35.978118896484375,228.69216918945312,0.39650097489356995,10,301,360,339,114,,,,,,26424.0,,Slide,Debris
LS_26425,1,baseline_inventory_positive,False,27.261778,88.197194,West Sikkim,1368.0,40.879371643066406,177.8939208984375,2.666318416595459,10,249,353,398,107,,,,,,26425.0,,Slide,Debris
LS_26426,1,baseline_inventory_positive,False,27.262056,88.4305,South Sikkim,637.0,29.59101104736328,291.83123779296875,0.07893586903810501,10,305,368,327,116,,,,,,26426.0,,Slide,Debris
LS_26427,1,baseline_inventory_positive,False,27.262583,88.562389,East Sikkim,655.0,29.96445083618164,77.80009460449219,-0.02570009045302868,10,290,364,346,118,,,,,,26427.0,,Slide,Debris
LS_26428,1,baseline_inventory_positive,False,27.263194,88.377139,South Sikkim,1576.0,31.478111267089844,201.78395080566406,-0.924269437789917,10,282,335,383,102,,,,,,26428.0,,Slide,Debris
LS_26429,1,baseline_inventory_positive,False,27.263278,88.786667,East Sikkim,3372.0,45.718509674072266,85.6844482421875,-0.6590043902397156,50,271,385,343,108,,,,,,26429.0,,Slide,Debris
LS_26430,1,baseline_inventory_positive,False,27.264361,88.558389,East Sikkim,636.0,33.67932891845703,338.8118591308594,0.02755768969655037,10,291,354,356,118,,,,,,26430.0,,Slide,Debris
LS_26431,1,baseline_inventory_positive,False,27.264694,88.792667,East Sikkim,3589.0,41.47507095336914,352.91241455078125,-1.1353843212127686,30,284,400,315,109,,,,,,26431.0,,Slide,Debris
LS_26432,1,baseline_inventory_positive,False,27.26525,88.789556,East Sikkim,3567.0,30.88054656982422,34.74578094482422,1.7962658405303955,30,265,388,347,107,,,,,,26432.0,,Slide,Debris
LS_26433,1,baseline_inventory_positive,False,27.265389,88.788278,East Sikkim,3521.0,30.505491256713867,15.203801155090332,-1.0574042797088623,30,281,374,345,109,,,,,,26433.0,,Slide,Debris
LS_26434,1,baseline_inventory_positive,False,27.265944,88.534556,East Sikkim,1166.0,36.028560638427734,28.759212493896484,-1.2409436702728271,10,262,379,360,108,,,,,,26434.0,Martam,Fall,Rock
LS_26435,1,baseline_inventory_positive,False,27.268944,88.2875,West Sikkim,587.0,46.33264923095703,227.88482666015625,-0.6076552867889404,50,264,348,388,116,,,,,,26435.0,,Slide,Debris
LS_26436,1,baseline_inventory_positive,False,27.269556,88.137861,West Sikkim,1523.0,29.243711471557617,336.0550537109375,-0.6875607967376709,10,257,351,392,107,,,,,,26436.0,Liching,Slide,Debris
LS_26437,1,baseline_inventory_positive,False,27.269778,88.144278,West Sikkim,1478.0,36.49195098876953,336.4635314941406,1.3741428852081299,10,244,358,398,108,,,,,,26437.0,Som,Slide,Debris
LS_26438,1,baseline_inventory_positive,False,27.269861,88.178139,West Sikkim,1312.0,39.15657424926758,322.93341064453125,-3.303664445877075,10,234,372,394,113,,,,,,26438.0,Sapong,Slide,Debris
LS_26439,1,baseline_inventory_positive,False,27.269917,88.077111,West Sikkim,2042.0,34.24311447143555,340.4989318847656,-0.6076631546020508,10,239,408,352,102,,,,,,26439.0,,Slide,Debris
LS_26440,1,baseline_inventory_positive,False,27.27,88.179944,West Sikkim,1328.0,36.64134216308594,8.786629676818848,-0.07990555465221405,10,234,375,391,113,,,,,,26440.0,Lungzick,Fall,Rock
LS_26441,1,baseline_inventory_positive,False,27.270056,88.430139,South Sikkim,479.0,35.118255615234375,177.40737915039062,-2.747307062149048,10,283,370,346,118,,,,,,26441.0,,Slide,Debris
LS_26442,1,baseline_inventory_positive,False,27.270056,88.174444,West Sikkim,1337.0,26.728670120239258,-0.0,0.15783266723155975,10,236,382,382,112,,,,,,26442.0,Sapong,Slide,Debris
LS_26443,1,baseline_inventory_positive,False,27.270667,88.142056,West Sikkim,1461.0,40.58429718017578,336.8839111328125,-3.9912824630737305,10,255,351,394,102,,,,,,26443.0,Jhum Khola,Fall,Rock
LS_26444,1,baseline_inventory_positive,False,27.27075,88.167417,West Sikkim,1366.0,30.737619400024414,56.41428756713867,0.05327435955405235,10,228,391,381,112,,,,,,26444.0,Lower Sapong,Slide,Debris
LS_26445,1,baseline_inventory_positive,False,27.271583,88.430389,South Sikkim,505.0,35.53125,328.54278564453125,0.7398654818534851,10,283,370,346,118,,,,,,26445.0,,Slide,Debris
LS_26446,1,baseline_inventory_positive,False,27.272056,88.394139,South Sikkim,1021.0,32.119388580322266,311.78314208984375,0.39657390117645264,10,249,358,393,114,,,,,,26446.0,,Slide,Debris
LS_26447,1,baseline_inventory_positive,False,27.273083,88.389528,South Sikkim,1224.0,40.122962951660156,320.879638671875,1.664217472076416,10,252,364,384,112,,,,,,26447.0,,Slide,Debris
LS_26448,1,baseline_inventory_positive,False,27.27325,88.303417,West Sikkim,1307.0,38.072052001953125,333.0919494628906,0.5554215312004089,10,273,334,393,104,,,,,,26448.0,,Slide,Debris
LS_26449,1,baseline_inventory_positive,False,27.273861,88.398722,South Sikkim,960.0,38.547367095947266,277.0262451171875,1.2409988641738892,10,240,362,398,113,,,,,,26449.0,,Slide,Debris
LS_26450,1,baseline_inventory_positive,False,27.2755,88.308056,West Sikkim,1571.0,39.331886291503906,37.99997329711914,0.1578056961297989,10,275,337,388,98,,,,,,26450.0,,Slide,Debris
LS_26451,1,baseline_inventory_positive,False,27.27575,88.084972,West Sikkim,2074.0,44.28708267211914,316.76910400390625,2.0875136852264404,10,243,397,359,102,,,,,,26451.0,Kachapati,Slide,Debris
LS_26452,1,baseline_inventory_positive,False,27.275917,88.254278,West Sikkim,1100.0,21.649078369140625,25.792865753173828,0.7132555246353149,10,257,345,398,118,,,,,,26452.0,,Slide,Rock
LS_26453,1,baseline_inventory_positive,False,27.276167,88.398722,South Sikkim,894.0,32.80316162109375,255.02883911132812,-0.3966034948825836,10,226,361,413,110,,,,,,26453.0,,Slide,Debris
LS_26454,1,baseline_inventory_positive,False,27.279889,88.436472,South Sikkim,571.0,39.55915069580078,313.8819580078125,-1.7432230710983276,10,278,354,368,118,,,,,,26454.0,,Slide,Debris
LS_26455,1,baseline_inventory_positive,False,27.279972,88.804278,East Sikkim,3691.0,35.7645263671875,332.97808837890625,0.712199330329895,50,233,399,369,111,,,,,,26455.0,Lungthang,Slide,Debris
LS_26456,1,baseline_inventory_positive,False,27.279972,88.186917,West Sikkim,1737.0,30.484512329101562,321.8542175292969,0.23776157200336456,10,274,378,348,103,,,,,,26456.0,Sardong,Slide,Debris
LS_26457,1,baseline_inventory_positive,False,27.280667,88.190861,West Sikkim,1564.0,39.33235168457031,321.9987487792969,1.3999167680740356,30,260,387,353,103,,,,,,26457.0,Lungzick,Slide,Debris
LS_26458,1,baseline_inventory_positive,False,27.280889,88.084333,West Sikkim,2381.0,28.130273818969727,313.7284851074219,1.2954622507095337,10,267,368,365,99,,,,,,26458.0,,Slide,Debris
LS_26459,1,baseline_inventory_positive,False,27.281028,88.227667,West Sikkim,1290.0,22.50568962097168,358.74285888671875,-0.5288519859313965,10,242,359,399,114,,,,,,26459.0,Arigown,Slide,Debris
LS_26460,1,baseline_inventory_positive,False,27.281444,88.187833,West Sikkim,1746.0,33.82814407348633,291.6943664550781,-0.13221365213394165,10,274,380,346,103,,,,,,26460.0,Sardong,Slide,Debris
LS_26461,1,baseline_inventory_positive,False,27.281611,88.229556,West Sikkim,1283.0,39.71500778198242,305.9216613769531,0.5555204153060913,10,241,355,404,116,,,,,,26461.0,Arigown,Slide,Debris
LS_26462,1,baseline_inventory_positive,False,27.282,88.415028,South Sikkim,1380.0,45.4026985168457,4.369562149047852,0.3966449201107025,10,254,338,408,105,,,,,,26462.0,,Slide,Debris
LS_26463,1,baseline_inventory_positive,False,27.282444,88.598917,East Sikkim,828.0,17.84202766418457,98.70828247070312,0.23776742815971375,10,274,372,355,119,,,,,,26463.0,,Slide,Debris
LS_26464,1,baseline_inventory_positive,False,27.282667,88.108278,West Sikkim,1611.0,15.899937629699707,3.6593639850616455,-2.271017551422119,10,222,385,393,104,,,,,,26464.0,Sarkitar,Slide,Debris
LS_26465,1,baseline_inventory_positive,False,27.282917,88.189556,West Sikkim,1752.0,35.156917572021484,306.846923828125,0.07888464629650116,10,281,392,327,105,,,,,,26465.0,Sardong,Slide,Debris
LS_26466,1,baseline_inventory_positive,False,27.283194,88.106667,West Sikkim,1591.0,30.48476791381836,38.146568298339844,-2.4032390117645264,10,222,385,393,104,,,,,,26466.0,,Slide,Debris
LS_26467,1,baseline_inventory_positive,False,27.283444,88.192639,West Sikkim,1686.0,25.549057006835938,340.5617370605469,0.7133080959320068,10,268,404,328,106,,,,,,26467.0,,Slide,Debris
LS_26468,1,baseline_inventory_positive,False,27.283639,88.189944,West Sikkim,1748.0,35.78765106201172,317.0829162597656,-2.6676857471466064,10,281,392,327,105,,,,,,26468.0,Sardong,Slide,Debris
LS_26469,1,dated_event_positive,True,27.28408,88.54611,East Sikkim,1530.0,27.819231033325195,300.527587890625,0.2911095917224884,10,278,358,364,101,0.0,47.2586,80.5151,2013-08-28,28 August 2013,26469.0,Dhankutey dhara Slide,Slide,Earth
LS_26470,1,baseline_inventory_positive,False,27.284139,88.264889,West Sikkim,1049.0,34.34775161743164,311.2721862792969,1.5855172872543335,10,253,357,389,115,,,,,,26470.0,,Slide,Debris
LS_26471,1,baseline_inventory_positive,False,27.28425,88.370056,South Sikkim,1939.0,33.76511764526367,276.9779357910156,0.8455342054367065,10,288,369,343,99,,,,,,26471.0,,Slide,Debris
LS_26472,1,baseline_inventory_positive,False,27.284528,88.195583,West Sikkim,1725.0,34.93678665161133,359.2543640136719,1.505513072013855,10,288,378,333,103,,,,,,26472.0,,Slide,Debris
LS_26473,1,baseline_inventory_positive,False,27.28475,88.106194,West Sikkim,1610.0,14.031941413879395,68.05363464355469,-1.375556468963623,30,229,387,385,105,,,,,,26473.0,,Fall,Rock
LS_26474,1,baseline_inventory_positive,False,27.285,88.197583,West Sikkim,1770.0,27.720748901367188,355.5350646972656,0.8188708424568176,10,292,375,333,103,,,,,,26474.0,Sardong,Slide,Debris
LS_26475,1,baseline_inventory_positive,False,27.287194,88.369444,South Sikkim,1949.0,31.628969192504883,258.97613525390625,-0.8977609276771545,10,289,366,345,100,,,,,,26475.0,,Slide,Debris
LS_26476,1,baseline_inventory_positive,False,27.287361,88.102611,West Sikkim,1710.0,42.52231216430664,74.06407165527344,1.426670789718628,10,279,407,315,102,,,,,,26476.0,,Slide,Debris
LS_26477,1,baseline_inventory_positive,False,27.288167,88.102778,West Sikkim,1751.0,41.10948181152344,61.0537223815918,-1.319968581199646,10,279,407,315,102,,,,,,26477.0,,Fall,Rock
LS_26478,1,baseline_inventory_positive,False,27.288444,88.102667,West Sikkim,1771.0,40.550086975097656,49.437992095947266,1.6122747659683228,10,279,407,315,102,,,,,,26478.0,,Fall,Rock
LS_26479,1,baseline_inventory_positive,False,27.288667,88.816111,East Sikkim,3768.0,16.94179344177246,324.4125061035156,0.05335960537195206,60,265,383,352,113,,,,,,26479.0,,Slide,Debris
LS_26480,1,baseline_inventory_positive,False,27.289861,88.084389,West Sikkim,2079.0,30.362092971801758,246.29164123535156,-0.10555092245340347,10,281,367,352,96,,,,,,26480.0,,Slide,Debris
LS_26481,1,baseline_inventory_positive,False,27.292583,88.820417,East Sikkim,3786.0,7.683980464935303,309.2048034667969,0.633305013179779,30,252,405,343,107,,,,,,26481.0,Nathang Valley,Slide,Debris
LS_26482,1,baseline_inventory_positive,False,27.292944,88.589417,East Sikkim,851.0,11.468594551086426,231.64544677734375,-0.898998498916626,50,277,359,364,117,,,,,,26482.0,,Slide,Debris
LS_26483,1,baseline_inventory_positive,False,27.293417,88.294917,West Sikkim,744.0,45.475364685058594,183.0753936767578,0.5010629296302795,10,270,365,365,109,,,,,,26483.0,,Slide,Debris
LS_26484,1,baseline_inventory_positive,False,27.293556,88.642056,East Sikkim,1454.0,32.66896438598633,6.104100704193115,0.7934556007385254,10,280,351,370,102,,,,,,26484.0,,Slide,Debris
LS_26485,1,baseline_inventory_positive,False,27.294889,88.079944,West Sikkim,2067.0,28.029743194580078,198.93310546875,0.3433474004268646,10,241,450,309,101,,,,,,26485.0,Kumuk,Slide,Debris
LS_26486,1,baseline_inventory_positive,False,27.29525,88.102694,West Sikkim,1952.0,19.445308685302734,241.11024475097656,0.18687058985233307,10,240,420,340,102,,,,,,26486.0,,Slide,Debris
LS_26487,1,baseline_inventory_positive,False,27.295444,88.094583,West Sikkim,2097.0,39.969032287597656,8.734349250793457,1.7701363563537598,10,244,408,348,102,,,,,,26487.0,,Slide,Debris
LS_26488,1,baseline_inventory_positive,False,27.296028,88.10175,West Sikkim,2001.0,19.180517196655273,276.704345703125,-0.4222029149532318,10,240,420,340,102,,,,,,26488.0,,Slide,Debris
LS_26489,1,baseline_inventory_positive,False,27.297139,88.388472,South Sikkim,1511.0,25.000232696533203,62.51142120361328,0.2912027835845947,10,264,351,385,100,,,,,,26489.0,,Slide,Debris
LS_26490,1,baseline_inventory_positive,False,27.29975,88.419778,South Sikkim,1330.0,26.987802505493164,309.04901123046875,-0.7401295900344849,10,266,366,368,105,,,,,,26490.0,,Slide,Debris
LS_26491,1,baseline_inventory_positive,False,27.301972,88.218778,West Sikkim,1798.0,36.101680755615234,210.32679748535156,0.23781290650367737,10,294,328,379,101,,,,,,26491.0,Singdong,Slide,Debris
LS_26492,1,baseline_inventory_positive,False,27.302861,88.373944,South Sikkim,1777.0,34.55852127075195,243.0,-1.004686951637268,10,309,362,329,99,,,,,,26492.0,,Slide,Debris
LS_26493,1,baseline_inventory_positive,False,27.303083,88.433167,South Sikkim,890.0,28.872583389282227,299.0836486816406,0.9512619972229004,10,255,370,376,116,,,,,,26493.0,,Slide,Debris
LS_26494,1,baseline_inventory_positive,False,27.304028,88.178806,West Sikkim,1610.0,20.705535888671875,256.9602355957031,0.5811867117881775,10,268,387,345,101,,,,,,26494.0,,Slide,Debris
LS_26495,1,baseline_inventory_positive,False,27.30675,88.199083,West Sikkim,1632.0,31.52597999572754,225.96217346191406,-0.39682063460350037,10,273,383,344,100,,,,,,26495.0,Singdong,Slide,Rock
LS_26496,1,baseline_inventory_positive,False,27.306806,88.375194,South Sikkim,1607.0,38.610496520996094,256.77130126953125,-0.5010281801223755,10,278,388,334,101,,,,,,26496.0,,Slide,Debris
LS_26497,1,baseline_inventory_positive,False,27.306861,88.368444,South Sikkim,1954.0,25.860794067382812,302.42486572265625,0.872471809387207,10,278,387,335,102,,,,,,26497.0,,Slide,Debris
LS_26498,1,baseline_inventory_positive,False,27.311667,88.418611,South Sikkim,1229.0,25.223661422729492,237.1037139892578,-0.5277512669563293,10,247,378,374,107,,,,,,26498.0,,Subsidence,Debris
LS_26499,1,baseline_inventory_positive,False,27.313722,88.189917,West Sikkim,1294.0,42.811561584472656,197.1254425048828,-0.02673981711268425,10,237,377,386,110,,,,,,26499.0,Rimbi,Slide,Rock
LS_26500,1,baseline_inventory_positive,False,27.313917,88.557583,East Sikkim,1275.0,27.584869384765625,234.8857421875,1.6367337703704834,10,263,366,371,102,,,,,,26500.0,,Slide,Debris
LS_26501,1,baseline_inventory_positive,False,27.3145,88.8365,East Sikkim,4088.0,27.594764709472656,5.991617202758789,-0.47568434476852417,60,180,497,323,100,,,,,,26501.0,Purana Baba Mandir,Slide,Debris
LS_26502,1,baseline_inventory_positive,False,27.314694,88.417917,South Sikkim,1210.0,25.58762550354004,308.8716735839844,0.26458531618118286,10,252,364,384,110,,,,,,26502.0,,Subsidence,Debris
LS_26503,1,baseline_inventory_positive,False,27.315028,88.558139,East Sikkim,1237.0,18.10331916809082,353.61212158203125,-0.289907306432724,10,263,366,371,102,,,,,,26503.0,,Fall,Rock
LS_26504,1,baseline_inventory_positive,False,27.315028,88.558611,East Sikkim,1233.0,26.12478256225586,343.85235595703125,0.13371576368808746,10,271,363,366,103,,,,,,26504.0,,Slide,Debris
LS_26505,1,baseline_inventory_positive,False,27.315083,88.506056,East Sikkim,1476.0,20.468002319335938,254.21621704101562,-1.2173829078674316,10,274,324,402,100,,,,,,26505.0,Khamdong,Slide,Debris
LS_26506,1,baseline_inventory_positive,False,27.315778,88.178944,West Sikkim,1518.0,25.929935455322266,328.4228820800781,-0.44894567131996155,10,239,374,386,104,,,,,,26506.0,,Slide,Debris
LS_26507,1,baseline_inventory_positive,False,27.316,88.559889,East Sikkim,1255.0,21.61604118347168,311.7716979980469,1.1892303228378296,10,267,361,372,109,,,,,,26507.0,Sangmoo,Slide,Rock
LS_26508,1,baseline_inventory_positive,False,27.316583,88.178917,West Sikkim,1559.0,31.240854263305664,315.20660400390625,0.3448359966278076,10,239,374,386,104,,,,,,26508.0,,Slide,Debris
LS_26509,1,baseline_inventory_positive,False,27.316944,88.560056,East Sikkim,1271.0,20.28154182434082,8.490114212036133,-0.9246442914009094,10,267,361,372,109,,,,,,26509.0,Lingdum,Fall,Rock
LS_26510,1,baseline_inventory_positive,False,27.317083,88.178556,West Sikkim,1587.0,36.30641555786133,322.2214660644531,0.07880227267742157,10,239,374,386,104,,,,,,26510.0,,Slide,Debris
LS_26511,1,baseline_inventory_positive,False,27.317417,88.182861,West Sikkim,1390.0,19.83346176147461,343.1462707519531,0.23640276491641998,10,238,360,402,109,,,,,,26511.0,,Slide,Debris
LS_26512,1,dated_event_positive,True,27.31892,88.16222,West Sikkim,1427.0,16.602516174316406,6.127629280090332,-0.7120977640151978,10,238,431,331,105,26.2985,56.0148,85.731,2013-09-01,1 September 2013 at 21:30 hrs.,26512.0,Tamabung slide,Flow,Debris
LS_26513,1,baseline_inventory_positive,False,27.320111,88.177833,West Sikkim,1696.0,23.82495880126953,295.0274658203125,0.9796465635299683,10,259,415,327,104,,,,,,26513.0,,Slide,Debris
LS_26514,1,baseline_inventory_positive,False,27.320611,88.219611,West Sikkim,1199.0,40.71208953857422,331.9488220214844,-0.26461297273635864,10,244,348,408,114,,,,,,26514.0,Lower Melli,Slide,Debris
LS_26515,1,baseline_inventory_positive,False,27.324944,88.213861,West Sikkim,1597.0,45.852291107177734,274.06890869140625,-2.3519017696380615,10,238,351,411,102,,,,,,26515.0,,Slide,Debris
LS_26516,1,baseline_inventory_positive,False,27.326444,88.219,West Sikkim,1289.0,32.247947692871094,241.55401611328125,0.4237315356731415,10,233,350,417,107,,,,,,26516.0,,Slide,Rock
LS_26517,1,baseline_inventory_positive,False,27.329361,88.649278,East Sikkim,1390.0,19.107379913330078,217.14157104492188,-1.4540417194366455,10,258,361,381,100,,,,,,26517.0,,Slide,Debris
LS_26518,1,baseline_inventory_positive,False,27.329472,88.648917,East Sikkim,1400.0,26.547216415405273,215.6253662109375,0.053555745631456375,10,258,361,381,100,,,,,,26518.0,,Slide,Debris
LS_26519,1,baseline_inventory_positive,False,27.3305,88.215639,West Sikkim,1504.0,29.379459381103516,210.0498504638672,-0.18431882560253143,10,254,368,379,99,,,,,,26519.0,,Slide,Debris
LS_26520,1,baseline_inventory_positive,False,27.33075,88.216333,West Sikkim,1456.0,37.17555236816406,211.0411834716797,0.10554967820644379,10,254,368,379,99,,,,,,26520.0,,Slide,Debris
LS_26521,1,baseline_inventory_positive,False,27.330778,88.49225,East Sikkim,873.0,27.17774200439453,105.1302261352539,0.42219871282577515,10,277,351,372,105,,,,,,26521.0,Makha,Slide,Debris
LS_26522,1,baseline_inventory_positive,False,27.330917,88.450528,South Sikkim,1119.0,23.01142120361328,315.03863525390625,0.4237738847732544,10,264,355,381,114,,,,,,26522.0,,Slide,Debris
LS_26523,1,baseline_inventory_positive,False,27.33325,88.213583,West Sikkim,1394.0,27.824249267578125,200.1593780517578,-0.8979712724685669,10,242,374,384,99,,,,,,26523.0,,Slide,Debris
LS_26524,1,baseline_inventory_positive,False,27.333333,88.212972,West Sikkim,1405.0,39.47731018066406,191.14108276367188,-0.051975149661302567,10,242,374,384,99,,,,,,26524.0,Tadong,Slide,Debris
LS_26525,1,baseline_inventory_positive,False,27.335,88.206722,West Sikkim,1453.0,31.036151885986328,257.1311950683594,-0.3166486620903015,10,251,384,365,103,,,,,,26525.0,,Slide,Debris
LS_26526,1,baseline_inventory_positive,False,27.337194,88.621833,East Sikkim,1779.0,16.509109497070312,307.07659912109375,0.26469212770462036,50,264,365,372,106,,,,,,26526.0,,Slide,Debris
LS_26527,1,baseline_inventory_positive,False,27.339806,88.227361,West Sikkim,1192.0,30.42917823791504,298.0433654785156,-1.4006059169769287,10,228,365,407,115,,,,,,26527.0,,Slide,Rock
LS_26528,1,baseline_inventory_positive,False,27.340917,88.628389,East Sikkim,1983.0,23.73924446105957,333.599853515625,-0.712040364742279,50,251,392,358,102,,,,,,26528.0,,Slide,Debris
LS_26529,1,baseline_inventory_positive,False,27.341444,88.626194,East Sikkim,1977.0,28.375173568725586,359.5176086425781,0.792458713054657,50,259,387,354,104,,,,,,26529.0,,Slide,Debris
LS_26530,1,baseline_inventory_positive,False,27.342,88.223722,West Sikkim,1229.0,33.43879318237305,221.38539123535156,-0.4490053057670593,10,238,369,393,107,,,,,,26530.0,13th Mile,Slide,Rock
LS_26531,1,baseline_inventory_positive,False,27.345028,88.246639,West Sikkim,1675.0,34.37077713012695,31.24029541015625,1.2163842916488647,10,248,370,382,103,,,,,,26531.0,,Slide,Debris
LS_26532,1,baseline_inventory_positive,False,27.347278,88.196833,West Sikkim,1827.0,29.273954391479492,273.7383117675781,-2.4042773246765137,10,252,382,366,98,,,,,,26532.0,,Slide,Debris
LS_26533,1,baseline_inventory_positive,False,27.348722,88.600556,East Sikkim,1259.0,29.33380699157715,154.6002197265625,1.0304142236709595,10,265,380,355,105,,,,,,26533.0,Sichey,Slide,Debris
LS_26534,1,baseline_inventory_positive,False,27.351194,88.272417,South Sikkim,1520.0,31.851572036743164,337.1709289550781,0.07871905714273453,30,237,358,405,102,,,,,,26534.0,,Fall,Rock
LS_26535,1,baseline_inventory_positive,False,27.3515,88.273028,West Sikkim,1529.0,27.283418655395508,0.5052324533462524,-1.0304335355758667,10,242,367,390,107,,,,,,26535.0,,Slide,Debris
LS_26536,1,baseline_inventory_positive,False,27.358583,88.840194,East Sikkim,3835.0,40.928768157958984,39.39702606201172,-1.0841798782348633,30,189,454,357,104,,,,,,26536.0,,Slide,Debris
LS_26537,1,baseline_inventory_positive,False,27.361583,88.839306,East Sikkim,3836.0,30.36231803894043,96.36817169189453,-0.7388412356376648,50,192,447,362,104,,,,,,26537.0,,Slide,Debris
LS_26538,1,baseline_inventory_positive,False,27.364583,88.787333,East Sikkim,3863.0,23.585020065307617,350.40411376953125,-0.051824409514665604,50,192,437,372,108,,,,,,26538.0,Yakla,Slide,Debris
LS_26539,1,baseline_inventory_positive,False,27.364722,88.834917,East Sikkim,3862.0,32.637821197509766,324.8818359375,-0.07868585735559464,50,161,467,372,103,,,,,,26539.0,Naya Baba Mandir,Slide,Debris
LS_26540,1,baseline_inventory_positive,False,27.365056,88.655167,East Sikkim,2337.0,37.87653732299805,33.34609603881836,-0.5833753943443298,50,262,386,351,102,,,,,,26540.0,,Slide,Debris
LS_26541,1,baseline_inventory_positive,False,27.366944,88.449806,South Sikkim,1694.0,28.32229995727539,295.43597412109375,0.554611086845398,10,256,367,376,105,,,,,,26541.0,,Slide,Debris
LS_26542,1,baseline_inventory_positive,False,27.367111,88.776028,East Sikkim,3909.0,21.78346824645996,342.78662109375,0.6889558434486389,30,185,435,380,107,,,,,,26542.0,Thengu,Slide,Rock
LS_26543,1,baseline_inventory_positive,False,27.368194,88.711167,East Sikkim,3167.0,18.480587005615234,46.16399002075195,0.1343541443347931,50,309,348,343,100,,,,,,26543.0,,Fall,Rock
LS_26544,1,baseline_inventory_positive,False,27.368278,88.711278,East Sikkim,3182.0,16.871368408203125,39.04535675048828,0.8175168633460999,50,309,348,343,100,,,,,,26544.0,,Slide,Debris
LS_26545,1,baseline_inventory_positive,False,27.368917,88.794611,East Sikkim,3894.0,35.19804000854492,296.31536865234375,-0.024930011481046677,50,187,458,355,105,,,,,,26545.0,,Slide,Debris
LS_26546,1,baseline_inventory_positive,False,27.369306,88.691583,East Sikkim,2802.0,35.15203094482422,295.2625427246094,0.1304744929075241,10,281,390,328,101,,,,,,26546.0,,Slide,Debris
LS_26547,1,baseline_inventory_positive,False,27.369333,88.714917,East Sikkim,3201.0,17.829391479492188,314.99755859375,-0.026874177157878876,50,277,394,329,109,,,,,,26547.0,,Fall,Rock
LS_26548,1,baseline_inventory_positive,False,27.369778,88.456833,South Sikkim,1507.0,27.801834106445312,319.68341064453125,-2.249246120452881,10,275,354,371,107,,,,,,26548.0,,Slide,Debris
LS_26549,1,baseline_inventory_positive,False,27.370083,88.67925,East Sikkim,2569.0,41.61499786376953,54.507408142089844,-2.59472918510437,50,253,397,350,101,,,,,,26549.0,,Slide,Debris
LS_26550,1,baseline_inventory_positive,False,27.370472,88.686417,East Sikkim,2752.0,36.82863235473633,20.256715774536133,0.0845484584569931,30,278,395,327,101,,,,,,26550.0,,Slide,Debris
LS_26551,1,baseline_inventory_positive,False,27.37075,88.679444,East Sikkim,2632.0,32.30295944213867,50.98887252807617,-0.08063257485628128,50,259,401,340,101,,,,,,26551.0,,Slide,Debris
LS_26552,1,baseline_inventory_positive,False,27.370861,88.683167,East Sikkim,2720.0,33.85634994506836,324.8064270019531,-0.36843881011009216,10,272,385,342,101,,,,,,26552.0,,Slide,Debris
LS_26553,1,baseline_inventory_positive,False,27.370972,88.710111,East Sikkim,3154.0,42.19040298461914,70.63805389404297,2.19356369972229,50,268,358,374,101,,,,,,26553.0,,Fall,Rock
LS_26554,1,baseline_inventory_positive,False,27.371472,88.709722,East Sikkim,3133.0,41.12565994262695,61.07215118408203,-3.803678274154663,30,268,358,374,101,,,,,,26554.0,,Slide,Debris
LS_26555,1,baseline_inventory_positive,False,27.371806,88.677167,East Sikkim,2572.0,26.25347900390625,31.0959529876709,-0.8981478810310364,50,267,387,346,101,,,,,,26555.0,,Slide,Debris
LS_26556,1,baseline_inventory_positive,False,27.372278,88.688944,East Sikkim,2990.0,30.82477569580078,54.65571975708008,1.4258912801742554,30,304,382,314,100,,,,,,26556.0,,Slide,Debris
LS_26557,1,baseline_inventory_positive,False,27.372333,88.617556,East Sikkim,1894.0,30.208003997802734,140.73785400390625,0.8463624715805054,10,242,419,339,102,,,,,,26557.0,,Fall,Rock
LS_26558,1,baseline_inventory_positive,False,27.372806,88.739139,East Sikkim,3487.0,33.050498962402344,46.64220428466797,-2.191614866256714,30,200,459,342,108,,,,,,26558.0,,Slide,Debris
LS_26559,1,baseline_inventory_positive,False,27.373083,88.720028,East Sikkim,3269.0,28.063261032104492,303.2608337402344,-0.9270190000534058,50,230,424,345,102,,,,,,26559.0,,Slide,Debris
LS_26560,1,baseline_inventory_positive,False,27.373472,88.721944,East Sikkim,3264.0,34.916404724121094,343.72674560546875,-0.13243193924427032,50,228,429,343,106,,,,,,26560.0,,Slide,Debris
LS_26561,1,baseline_inventory_positive,False,27.373472,88.731722,East Sikkim,3393.0,23.958349227905273,30.787195205688477,-2.2971668243408203,50,248,417,335,103,,,,,,26561.0,,Slide,Debris
LS_26562,1,baseline_inventory_positive,False,27.374583,88.542444,North Sikkim,1809.0,42.432472229003906,275.6085510253906,-1.0843664407730103,10,276,343,381,97,,,,,,26562.0,,Fall,Rock
LS_26563,1,baseline_inventory_positive,False,27.374583,88.542333,North Sikkim,1836.0,41.66024398803711,283.7300109863281,0.3206382095813751,10,267,360,373,99,,,,,,26563.0,,Slide,Debris
LS_26564,1,baseline_inventory_positive,False,27.37475,88.782889,East Sikkim,3896.0,30.870468139648438,294.05450439453125,0.7657253742218018,60,165,446,388,103,,,,,,26564.0,Thengu,Slide,Rock
LS_26565,1,baseline_inventory_positive,False,27.375028,88.728278,East Sikkim,3380.0,28.829723358154297,102.78759002685547,2.0343079566955566,30,236,427,337,104,,,,,,26565.0,,Slide,Debris
LS_26566,1,baseline_inventory_positive,False,27.375139,88.542833,North Sikkim,1818.0,47.76503372192383,310.1803283691406,-1.9576557874679565,10,276,343,381,97,,,,,,26566.0,,Fall,Rock
LS_26567,1,baseline_inventory_positive,False,27.375139,88.708028,East Sikkim,3159.0,38.202178955078125,89.70433807373047,-1.6678990125656128,30,223,436,341,109,,,,,,26567.0,,Slide,Debris
LS_26568,1,baseline_inventory_positive,False,27.375194,88.54275,North Sikkim,1818.0,47.76503372192383,310.1803283691406,-1.9576557874679565,10,276,340,385,97,,,,,,26568.0,,Fall,Rock
LS_26569,1,baseline_inventory_positive,False,27.375806,88.625278,East Sikkim,1850.0,29.99831771850586,182.70982360839844,0.9499348402023315,10,276,384,340,99,,,,,,26569.0,,Fall,Rock
LS_26570,1,baseline_inventory_positive,False,27.375833,88.726722,East Sikkim,3335.0,29.188583374023438,327.4892883300781,0.13243789970874786,50,227,431,343,106,,,,,,26570.0,,Slide,Rock
LS_26571,1,baseline_inventory_positive,False,27.376222,88.799667,East Sikkim,3938.0,36.80207443237305,299.6008605957031,0.23999956250190735,30,148,470,382,102,,,,,,26571.0,Yakla,Slide,Debris
LS_26572,1,baseline_inventory_positive,False,27.376306,88.629583,East Sikkim,1818.0,36.49578094482422,156.44313049316406,0.8174954652786255,10,284,388,328,102,,,,,,26572.0,,Fall,Rock
LS_26573,1,baseline_inventory_positive,False,27.376861,88.766167,East Sikkim,3786.0,25.793703079223633,359.460693359375,0.5835466980934143,30,186,447,367,106,,,,,,26573.0,Changu,Slide,Debris
LS_26574,1,baseline_inventory_positive,False,27.378306,88.770083,East Sikkim,3824.0,19.834156036376953,343.137451171875,-0.42422717809677124,30,185,458,357,104,,,,,,26574.0,Thengu,Slide,Debris
LS_26575,1,baseline_inventory_positive,False,27.378417,88.697222,East Sikkim,3062.0,42.26662826538086,32.382041931152344,-0.34150612354278564,30,285,390,325,104,,,,,,26575.0,,Slide,Debris
LS_26576,1,baseline_inventory_positive,False,27.378444,88.541667,North Sikkim,1767.0,31.28734016418457,169.2139434814453,0.2897491157054901,10,273,336,392,99,,,,,,26576.0,,Fall,Rock
LS_26577,1,baseline_inventory_positive,False,27.378611,88.631083,East Sikkim,1816.0,46.13764953613281,71.57078552246094,-0.02689627930521965,10,275,389,336,102,,,,,,26577.0,,Fall,Rock
LS_26578,1,baseline_inventory_positive,False,27.378667,88.699611,East Sikkim,3088.0,44.55923843383789,303.2635192871094,4.7867512702941895,50,286,387,327,102,,,,,,26578.0,,Topple,Rock
LS_26579,1,baseline_inventory_positive,False,27.379639,88.315361,West Sikkim,1516.0,34.95481491088867,204.2042694091797,1.6659674644470215,10,252,356,392,100,,,,,,26579.0,,Slide,Debris
LS_26580,1,baseline_inventory_positive,False,27.380806,88.726,East Sikkim,3597.0,37.04439926147461,336.93511962890625,2.696624279022217,10,199,432,369,104,,,,,,26580.0,,Slide,Debris
LS_26581,1,baseline_inventory_positive,False,27.380861,88.812361,East Sikkim,3965.0,40.24653244018555,50.70663070678711,0.972718358039856,100,165,480,355,104,,,,,,26581.0,,Slide,Debris
LS_26582,1,baseline_inventory_positive,False,27.381278,88.632611,East Sikkim,1763.0,39.85573196411133,101.22032928466797,-2.932572841644287,10,266,389,345,100,,,,,,26582.0,,Fall,Rock
LS_26583,1,baseline_inventory_positive,False,27.381306,88.690444,East Sikkim,3090.0,32.711029052734375,318.2550048828125,-1.3741897344589233,30,211,438,351,106,,,,,,26583.0,,Slide,Debris
LS_26584,1,baseline_inventory_positive,False,27.381556,88.691806,East Sikkim,3097.0,39.2900505065918,26.055681228637695,-0.8195479512214661,50,211,438,351,106,,,,,,26584.0,,Slide,Debris
LS_26585,1,baseline_inventory_positive,False,27.381917,88.640333,East Sikkim,1689.0,40.43324279785156,106.04740142822266,4.3833513259887695,10,235,412,354,102,,,,,,26585.0,,Fall,Rock
LS_26586,1,baseline_inventory_positive,False,27.383361,88.702611,East Sikkim,3164.0,34.59389877319336,5.678221702575684,-2.3800384998321533,30,217,440,344,110,,,,,,26586.0,,Slide,Debris
LS_26587,1,baseline_inventory_positive,False,27.383611,88.305806,West Sikkim,1632.0,49.42472839355469,196.9889678955078,-2.247588634490967,10,247,404,348,100,,,,,,26587.0,,Topple,Rock
LS_26588,1,baseline_inventory_positive,False,27.38375,88.808694,East Sikkim,3940.0,36.922760009765625,246.0886688232422,-2.3552305698394775,60,160,475,364,104,,,,,,26588.0,Sherethang,Slide,Debris
LS_26589,1,baseline_inventory_positive,False,27.383806,88.633083,East Sikkim,1751.0,11.870500564575195,126.7930679321289,2.6739628314971924,10,258,399,343,98,,,,,,26589.0,,Fall,Rock
LS_26590,1,baseline_inventory_positive,False,27.384444,88.639611,East Sikkim,1635.0,38.33386993408203,153.3350830078125,-6.3971710205078125,10,261,397,342,101,,,,,,26590.0,,Slide,Rock
LS_26591,1,baseline_inventory_positive,False,27.389222,88.310972,West Sikkim,1429.0,43.34718704223633,36.0172119140625,3.6219680309295654,30,246,386,369,112,,,,,,26591.0,,Fall,Rock
LS_26592,1,baseline_inventory_positive,False,27.393139,88.310139,West Sikkim,1537.0,28.562299728393555,73.97695922851562,0.5029845833778381,10,245,418,337,101,,,,,,26592.0,,Slide,Debris
LS_26593,1,baseline_inventory_positive,False,27.394,88.62525,East Sikkim,1577.0,40.74055099487305,1.8161205053329468,0.10554777085781097,10,265,379,356,99,,,,,,26593.0,,Slide,Rock
LS_26594,1,baseline_inventory_positive,False,27.395028,88.307389,West Sikkim,1620.0,39.34306335449219,22.862226486206055,0.8218371868133545,10,244,420,336,103,,,,,,26594.0,,Fall,Rock
LS_26595,1,baseline_inventory_positive,False,27.395444,88.623583,East Sikkim,1618.0,27.63298797607422,31.429397583007812,0.15942205488681793,10,265,375,360,97,,,,,,26595.0,,Slide,Rock
LS_26596,1,baseline_inventory_positive,False,27.3955,88.623556,North Sikkim,1618.0,27.63298797607422,31.429397583007812,0.15942205488681793,10,265,375,360,97,,,,,,26596.0,Kabi,Slide,Debris
LS_26597,1,baseline_inventory_positive,False,27.3955,88.306889,West Sikkim,1646.0,39.51354217529297,44.03554916381836,4.9426093101501465,10,239,424,336,102,,,,,,26597.0,,Slide,Debris
LS_26598,1,baseline_inventory_positive,False,27.395556,88.517528,North Sikkim,739.0,31.615478515625,106.08587646484375,1.0307409763336182,10,284,340,376,105,,,,,,26598.0,,Slide,Rock
LS_26599,1,baseline_inventory_positive,False,27.395639,88.621667,East Sikkim,1592.0,33.48802947998047,27.88153839111328,1.982871413230896,10,265,375,360,97,,,,,,26599.0,,Slide,Debris
LS_26600,1,baseline_inventory_positive,False,27.397083,88.519167,North Sikkim,765.0,33.04890441894531,143.02926635742188,-0.02472611330449581,10,279,337,384,114,,,,,,26600.0,,Slide,Debris
LS_26601,1,baseline_inventory_positive,False,27.397389,88.356139,West Sikkim,1602.0,35.82870864868164,289.04058837890625,0.3705267012119293,10,271,333,396,99,,,,,,26601.0,,Fall,Rock
LS_26602,1,baseline_inventory_positive,False,27.398083,88.614583,East Sikkim,1628.0,41.917686462402344,352.135498046875,1.0038151741027832,10,279,361,360,97,,,,,,26602.0,,Slide,Debris
LS_26603,1,baseline_inventory_positive,False,27.399806,88.329139,West Sikkim,1941.0,28.43389892578125,89.57027435302734,1.349654197692871,60,250,382,367,102,,,,,,26603.0,,Slide,Debris
LS_26604,1,baseline_inventory_positive,False,27.400278,88.356861,West Sikkim,1566.0,20.0427188873291,93.82965087890625,1.2665709257125854,10,267,354,379,102,,,,,,26604.0,,Slide,Debris
LS_26605,1,baseline_inventory_positive,False,27.40825,88.571167,North Sikkim,1662.0,28.95077133178711,285.7607727050781,-0.3952212929725647,10,263,351,386,103,,,,,,26605.0,,Slide,Rock
LS_26606,1,baseline_inventory_positive,False,27.409667,88.543722,North Sikkim,1517.0,39.2828254699707,31.902448654174805,-0.05160452052950859,10,272,325,404,98,,,,,,26606.0,,Fall,Rock
LS_26607,1,dated_event_positive,True,27.4097,88.54371,North Sikkim,1517.0,39.2828254699707,31.902448654174805,-0.05160452052950859,10,272,325,404,98,44.3661,44.3661,44.3661,2014-06-24,24 June 2014,26607.0,Tanek Rockslide,Fall,Rock
LS_26608,1,baseline_inventory_positive,False,27.409861,88.543722,North Sikkim,1517.0,39.2828254699707,31.902448654174805,-0.05160452052950859,10,272,325,404,98,,,,,,26608.0,,Fall,Rock
LS_26609,1,baseline_inventory_positive,False,27.411306,88.516611,North Sikkim,608.0,55.16794967651367,60.91905212402344,-0.6110168695449829,10,301,338,362,115,,,,,,26609.0,,Slide,Rock
LS_26610,1,baseline_inventory_positive,False,27.412111,88.627083,North Sikkim,1402.0,25.625885009765625,134.6432647705078,0.8983325958251953,10,300,364,337,97,,,,,,26610.0,,Slide,Debris
LS_26611,1,baseline_inventory_positive,False,27.412111,88.626944,North Sikkim,1402.0,25.625885009765625,134.6432647705078,0.8983325958251953,10,300,364,337,97,,,,,,26611.0,Kabi,Slide,Debris
LS_26612,1,baseline_inventory_positive,False,27.417306,88.622361,North Sikkim,1381.0,25.567590713500977,23.546756744384766,-0.792808473110199,10,288,373,339,106,,,,,,26612.0,,Slide,Debris
LS_26613,1,baseline_inventory_positive,False,27.417389,88.621222,North Sikkim,1406.0,49.62900161743164,347.7138366699219,1.0063174962997437,10,290,372,338,102,,,,,,26613.0,,Slide,Debris
LS_26614,1,baseline_inventory_positive,False,27.417444,88.621083,North Sikkim,1406.0,49.62900161743164,347.7138366699219,1.0063174962997437,10,290,372,338,102,,,,,,26614.0,,Slide,Debris
LS_26615,1,baseline_inventory_positive,False,27.417778,88.623389,North Sikkim,1396.0,33.180057525634766,281.100341796875,1.6126129627227783,10,288,373,339,106,,,,,,26615.0,,Fall,Rock
LS_26616,1,baseline_inventory_positive,False,27.417972,88.623361,North Sikkim,1396.0,33.443485260009766,267.5331726074219,1.0848809480667114,50,288,373,339,106,,,,,,26616.0,,Fall,Rock
LS_26617,1,baseline_inventory_positive,False,27.418,88.623333,North Sikkim,1396.0,33.443485260009766,267.5331726074219,1.0848809480667114,10,288,373,339,106,,,,,,26617.0,,Slide,Debris
LS_26618,1,baseline_inventory_positive,False,27.418472,88.616083,North Sikkim,1385.0,22.312149047851562,14.120468139648438,-0.3436332941055298,10,265,360,374,103,,,,,,26618.0,,Slide,Debris
LS_26619,1,baseline_inventory_positive,False,27.418667,88.616778,North Sikkim,1403.0,27.966358184814453,9.372145652770996,-0.21109405159950256,10,265,360,374,103,,,,,,26619.0,,Slide,Debris
LS_26620,1,baseline_inventory_positive,False,27.420028,88.515944,North Sikkim,650.0,52.532264709472656,96.25403594970703,-1.4874094724655151,10,300,342,358,104,,,,,,26620.0,,Fall,Rock
LS_26621,1,baseline_inventory_positive,False,27.426,88.514,North Sikkim,669.0,29.50649070739746,59.37025833129883,0.23560737073421478,10,283,349,369,114,,,,,,26621.0,,Slide,Debris
LS_26622,1,baseline_inventory_positive,False,27.426361,88.583028,North Sikkim,1658.0,25.74052619934082,335.4598388671875,-0.23810525238513947,10,269,390,341,98,,,,,,26622.0,,Slide,Debris
LS_26623,1,baseline_inventory_positive,False,27.426361,88.583028,North Sikkim,1658.0,25.74052619934082,335.4598388671875,-0.23810525238513947,10,269,390,341,98,,,,,,26623.0,,Slide,Debris
LS_26624,1,baseline_inventory_positive,False,27.429556,88.611667,North Sikkim,1525.0,29.348228454589844,84.6125259399414,0.662828803062439,10,264,365,371,101,,,,,,26624.0,,Slide,Debris
LS_26625,1,baseline_inventory_positive,False,27.433083,88.514528,North Sikkim,721.0,41.80177688598633,75.26583862304688,-1.0335673093795776,50,305,332,363,109,,,,,,26625.0,,Slide,Debris
LS_26626,1,baseline_inventory_positive,False,27.435944,88.515167,North Sikkim,775.0,50.44472885131836,90.38436889648438,-3.0956578254699707,10,312,333,355,110,,,,,,26626.0,,Slide,Rock
LS_26627,1,baseline_inventory_positive,False,27.436556,88.526639,North Sikkim,1284.0,24.986703872680664,94.99915313720703,0.29480230808258057,10,282,381,337,109,,,,,,26627.0,Sheyam,Slide,Debris
LS_26628,1,baseline_inventory_positive,False,27.437444,88.613972,North Sikkim,1574.0,27.800643920898438,41.659542083740234,-0.8469793796539307,10,258,409,333,97,,,,,,26628.0,,Slide,Debris
LS_26629,1,baseline_inventory_positive,False,27.437889,88.601694,North Sikkim,1788.0,24.39971923828125,254.4204864501953,0.47626423835754395,10,242,442,316,97,,,,,,26629.0,Chawang,Slide,Debris
LS_26630,1,baseline_inventory_positive,False,27.437889,88.601694,North Sikkim,1788.0,24.39971923828125,254.4204864501953,0.47626423835754395,10,242,442,316,97,,,,,,26630.0,,Slide,Debris
LS_26631,1,baseline_inventory_positive,False,27.438139,88.527028,North Sikkim,1280.0,27.49176597595215,121.00096130371094,0.8225579857826233,10,252,358,390,104,,,,,,26631.0,,Slide,Debris
LS_26632,1,baseline_inventory_positive,False,27.438389,88.514389,North Sikkim,776.0,27.35599708557129,70.27444458007812,0.5791974067687988,10,307,333,360,112,,,,,,26632.0,,Slide,Debris
LS_26633,1,baseline_inventory_positive,False,27.438778,88.527444,North Sikkim,1291.0,27.51434898376465,50.260498046875,-0.790287435054779,10,252,358,390,104,,,,,,26633.0,,Slide,Debris
LS_26634,1,baseline_inventory_positive,False,27.441056,88.513694,North Sikkim,802.0,39.15452194213867,95.7245864868164,1.8780726194381714,10,306,333,361,107,,,,,,26634.0,,Slide,Rock
LS_26635,1,baseline_inventory_positive,False,27.448306,88.519667,North Sikkim,875.0,40.63041305541992,129.71336364746094,-2.113635540008545,10,290,337,373,109,,,,,,26635.0,,Slide,Debris
LS_26636,1,baseline_inventory_positive,False,27.461694,88.523472,North Sikkim,930.0,35.55802917480469,83.4758529663086,0.07844861596822739,10,273,341,386,109,,,,,,26636.0,,Slide,Debris
LS_26637,1,baseline_inventory_positive,False,27.4795,88.528472,North Sikkim,884.0,28.42014503479004,54.70191955566406,-0.07840496301651001,10,281,347,373,114,,,,,,26637.0,,Slide,Rock
LS_26638,1,baseline_inventory_positive,False,27.480472,88.531194,North Sikkim,1010.0,40.925559997558594,3.9147732257843018,2.011410713195801,10,270,356,374,112,,,,,,26638.0,,Slide,Rock
LS_26639,1,baseline_inventory_positive,False,27.481083,88.530667,North Sikkim,1031.0,30.90645980834961,57.59451675415039,2.0083892345428467,50,291,339,371,111,,,,,,26639.0,,Slide,Debris
LS_26640,1,baseline_inventory_positive,False,27.482583,88.52875,North Sikkim,916.0,36.94712448120117,104.38133239746094,-0.6393613815307617,10,298,332,370,113,,,,,,26640.0,,Slide,Rock
LS_26641,1,baseline_inventory_positive,False,27.482583,88.529528,North Sikkim,967.0,21.549619674682617,134.3676300048828,-0.1839425414800644,10,291,339,371,111,,,,,,26641.0,,Slide,Debris
LS_26642,1,dated_event_positive,True,27.48603,88.53269,North Sikkim,1059.0,22.90674591064453,49.916568756103516,0.3709477186203003,50,293,339,368,115,15.027,15.027,68.8222,2014-07-08,8 July 2014,26642.0,Ambithang Landslide,Slide,Debris
LS_26643,1,baseline_inventory_positive,False,27.502,88.5375,North Sikkim,1231.0,19.634490966796875,168.21470642089844,-0.2894386351108551,10,255,362,383,109,,,,,,26643.0,Mangan,Slide,Debris
LS_26644,1,dated_event_positive,True,27.5091,88.53848,North Sikkim,1233.0,21.821041107177734,136.0629425048828,-0.02721240371465683,10,258,352,390,108,0.0,46.4246,116.0614,2014-07-01,1 July 2014,26644.0,Pakshek Landslide,Slide,Rock
LS_26645,1,baseline_inventory_positive,False,27.514972,88.565472,North Sikkim,1395.0,24.305208206176758,162.38894653320312,-0.18722385168075562,10,291,365,344,95,,,,,,26645.0,Lanthey Khola,Slide,Debris
LS_26646,1,dated_event_positive,True,27.5152,88.56456,North Sikkim,1393.0,28.848957061767578,204.94081115722656,-0.2110881805419922,10,294,353,353,96,0.0,0.0,58.172,2014-07-08,"1983, 8 July 2014",26646.0,Lanthakhola,Slide,Debris
LS_26647,1,baseline_inventory_positive,False,27.516444,88.587361,North Sikkim,1460.0,19.404865264892578,122.8091049194336,-1.1371304988861084,10,293,358,349,95,,,,,,26647.0,,Slide,Debris
LS_26648,1,baseline_inventory_positive,False,27.517278,88.539667,North Sikkim,1317.0,36.580657958984375,143.02525329589844,1.4299203157424927,10,283,344,373,101,,,,,,26648.0,,Slide,Debris
LS_26649,1,baseline_inventory_positive,False,27.517306,88.542889,North Sikkim,1321.0,34.34529495239258,209.117431640625,1.957640528678894,10,265,344,391,100,,,,,,26649.0,,Slide,Rock
LS_26650,1,baseline_inventory_positive,False,27.527194,88.603222,North Sikkim,1490.0,39.81123733520508,177.18067932128906,-2.015775442123413,10,251,375,374,99,,,,,,26650.0,,Slide,Debris
LS_26651,1,baseline_inventory_positive,False,27.527333,88.590778,North Sikkim,1510.0,41.23915481567383,76.33460235595703,-0.1565748155117035,10,263,359,379,96,,,,,,26651.0,,Slide,Debris
LS_26652,1,baseline_inventory_positive,False,27.527722,88.607972,North Sikkim,1529.0,51.7053108215332,89.26509857177734,-8.604193687438965,10,243,405,352,99,,,,,,26652.0,,Slide,Debris
LS_26653,1,baseline_inventory_positive,False,27.527917,88.60225,North Sikkim,1473.0,41.44109344482422,203.0863800048828,-0.5312082171440125,10,251,375,374,99,,,,,,26653.0,,Slide,Debris
LS_26654,1,baseline_inventory_positive,False,27.528722,88.600833,North Sikkim,1491.0,45.521060943603516,205.14755249023438,0.46970391273498535,10,255,384,360,98,,,,,,26654.0,,Slide,Debris
LS_26655,1,baseline_inventory_positive,False,27.529639,88.598139,North Sikkim,1464.0,24.276535034179688,168.93637084960938,0.3473993241786957,10,259,380,361,96,,,,,,26655.0,,Slide,Debris
LS_26656,1,baseline_inventory_positive,False,27.531667,88.606333,North Sikkim,1458.0,35.05809783935547,91.32643127441406,2.0396454334259033,10,251,385,364,98,,,,,,26656.0,Naga,Slide,Debris
LS_26657,1,baseline_inventory_positive,False,27.533722,88.609278,North Sikkim,1429.0,58.31648254394531,129.35598754882812,-10.556512832641602,10,263,366,371,105,,,,,,26657.0,,Slide,Rock
LS_26658,1,baseline_inventory_positive,False,27.535056,88.610194,North Sikkim,1417.0,30.374399185180664,118.56047058105469,-1.2973546981811523,10,269,382,349,103,,,,,,26658.0,,Slide,Debris
LS_26659,1,dated_event_positive,True,27.535333,88.497972,North Sikkim,911.0,43.92680740356445,192.01087951660156,-0.6878127455711365,10,264,352,384,110,0.0,22.7076,22.7076,2016-08-13,13 August 2016 at 13:30 hrs.,26659.0,Dzongu landslide,Slide/Avalanch e,Rock
LS_26660,1,baseline_inventory_positive,False,27.5435,88.628306,North Sikkim,1289.0,38.784175872802734,212.9755401611328,-1.512184739112854,10,273,369,358,109,,,,,,26660.0,,Slide,Debris
LS_26661,1,baseline_inventory_positive,False,27.54375,88.58475,North Sikkim,1593.0,37.94139099121094,96.58008575439453,-0.289332777261734,10,241,415,344,102,,,,,,26661.0,,Slide,Debris
LS_26662,1,baseline_inventory_positive,False,27.545694,88.636,North Sikkim,1376.0,31.53136444091797,160.02713012695312,0.3475911319255829,10,279,369,353,100,,,,,,26662.0,,Slide,Debris
LS_26663,1,baseline_inventory_positive,False,27.545861,88.585194,North Sikkim,1690.0,43.96255874633789,69.28620147705078,1.7196556329727173,10,235,416,350,104,,,,,,26663.0,,Slide,Debris
LS_26664,1,baseline_inventory_positive,False,27.546333,88.586472,North Sikkim,1770.0,32.48625183105469,42.82429885864258,2.149172306060791,10,230,418,352,98,,,,,,26664.0,,Slide,Debris
LS_26665,1,baseline_inventory_positive,False,27.547111,88.602667,North Sikkim,1718.0,36.088375091552734,288.1793518066406,-2.039978265762329,10,258,404,338,97,,,,,,26665.0,,Slide,Debris
LS_26666,1,baseline_inventory_positive,False,27.548417,88.641944,North Sikkim,1345.0,41.86210250854492,144.2161102294922,-0.37124472856521606,10,256,382,362,99,,,,,,26666.0,,Slide,Debris
LS_26667,1,baseline_inventory_positive,False,27.549194,88.583556,North Sikkim,1811.0,42.98814010620117,30.878984451293945,0.4693998396396637,10,236,416,348,100,,,,,,26667.0,,Slide,Debris
LS_26668,1,baseline_inventory_positive,False,27.549306,88.644889,North Sikkim,1308.0,23.09443473815918,180.61219787597656,-0.9498874545097351,60,260,380,361,99,,,,,,26668.0,Tung,Slide,Debris
LS_26669,1,baseline_inventory_positive,False,27.550917,88.646056,North Sikkim,1363.0,40.372596740722656,13.00671672821045,-0.8480563759803772,10,251,388,361,106,,,,,,26669.0,,Slide,Debris
LS_26670,1,baseline_inventory_positive,False,27.552528,88.653528,North Sikkim,1406.0,47.926849365234375,310.45562744140625,1.5396943092346191,10,266,374,360,112,,,,,,26670.0,,Slide,Rock
LS_26671,1,baseline_inventory_positive,False,27.552861,88.622306,North Sikkim,1739.0,30.24875259399414,29.487192153930664,1.9072357416152954,30,224,424,352,101,,,,,,26671.0,,Slide,Debris
LS_26672,1,baseline_inventory_positive,False,27.553556,88.581222,North Sikkim,1837.0,29.225614547729492,57.0169677734375,-2.4424450397491455,10,240,413,348,98,,,,,,26672.0,,Slide,Debris
LS_26673,1,baseline_inventory_positive,False,27.553583,88.577194,North Sikkim,1873.0,47.078468322753906,297.6783752441406,-1.422959804534912,10,220,402,377,99,,,,,,26673.0,,Slide,Debris
LS_26674,1,baseline_inventory_positive,False,27.554889,88.654444,North Sikkim,1459.0,43.84239959716797,283.4480285644531,1.5284953117370605,10,270,369,361,112,,,,,,26674.0,,Slide,Debris
LS_26675,1,baseline_inventory_positive,False,27.55525,88.647556,North Sikkim,1730.0,36.204952239990234,27.426040649414062,-2.3530237674713135,10,216,429,355,103,,,,,,26675.0,,Slide,Debris
LS_26676,1,baseline_inventory_positive,False,27.575444,88.651417,North Sikkim,1619.0,39.332252502441406,310.8560791015625,1.5402482748031616,10,234,439,327,102,,,,,,26676.0,,Slide,Debris
LS_26677,1,baseline_inventory_positive,False,27.609056,88.652028,North Sikkim,1663.0,33.912384033203125,311.17840576171875,-0.3947087228298187,10,205,446,349,106,,,,,,26677.0,Chungthang,Slide,Debris
LS_26678,1,baseline_inventory_positive,False,27.611333,88.655222,North Sikkim,1673.0,40.333309173583984,317.8451232910156,0.6375524997711182,10,214,437,349,107,,,,,,26678.0,,Slide,Debris
LS_26679,1,baseline_inventory_positive,False,27.613444,88.656528,North Sikkim,1759.0,30.008636474609375,327.53778076171875,1.0365937948226929,10,216,446,339,107,,,,,,26679.0,,Slide,Debris
LS_26680,1,baseline_inventory_positive,False,27.61775,88.623639,North Sikkim,1738.0,16.944324493408203,248.08639526367188,-2.068969488143921,80,211,437,352,99,,,,,,26680.0,,Slide,Debris
LS_26681,1,baseline_inventory_positive,False,27.619722,88.618861,North Sikkim,1779.0,36.41647720336914,239.2068634033203,-0.582668662071228,30,207,442,351,98,,,,,,26681.0,,Slide,Debris
LS_26682,1,baseline_inventory_positive,False,27.621806,88.618694,North Sikkim,1798.0,39.91385269165039,255.95294189453125,-3.0046768188476562,10,207,441,352,99,,,,,,26682.0,,Slide,Debris
LS_26683,1,baseline_inventory_positive,False,27.628083,88.685306,North Sikkim,2036.0,42.67460632324219,352.3266906738281,-0.2385837733745575,10,209,425,365,103,,,,,,26683.0,,Slide,Debris
LS_26684,1,baseline_inventory_positive,False,27.629361,88.695194,North Sikkim,2095.0,37.4560432434082,4.779425621032715,2.569446325302124,10,197,443,359,104,,,,,,26684.0,,Slide,Debris
LS_26685,1,baseline_inventory_positive,False,27.6295,88.692778,North Sikkim,2073.0,46.02227783203125,357.730712890625,1.0554062128067017,10,198,445,357,103,,,,,,26685.0,,Slide,Debris
LS_26686,1,baseline_inventory_positive,False,27.629944,88.619833,North Sikkim,1882.0,45.01519012451172,62.70088577270508,1.4360188245773315,10,204,424,371,104,,,,,,26686.0,,Slide,Debris
LS_26687,1,baseline_inventory_positive,False,27.637167,88.712028,North Sikkim,2255.0,26.84499740600586,312.37451171875,1.2756030559539795,10,197,467,337,102,,,,,,26687.0,,Slide,Debris
LS_26688,1,baseline_inventory_positive,False,27.638694,88.711694,North Sikkim,2280.0,19.321945190429688,308.71282958984375,-1.3261135816574097,10,193,454,353,98,,,,,,26688.0,,Slide,Debris
LS_26689,1,baseline_inventory_positive,False,27.641139,88.612,North Sikkim,1881.0,15.991997718811035,76.0615234375,0.05047140643000603,50,198,424,378,104,,,,,,26689.0,Munshithang,Slide,Debris
LS_26690,1,baseline_inventory_positive,False,27.652861,88.607,North Sikkim,1953.0,42.23509216308594,78.38788604736328,-0.8214684724807739,10,206,417,377,94,,,,,,26690.0,,Slide,Debris
LS_26691,1,baseline_inventory_positive,False,27.662444,88.602556,North Sikkim,2072.0,23.96670913696289,5.298132419586182,0.15590548515319824,30,202,417,382,102,,,,,,26691.0,Rabom,Slide,Debris
LS_26692,1,baseline_inventory_positive,False,27.675778,88.733417,North Sikkim,2603.0,32.965484619140625,297.6031494140625,-1.7863036394119263,30,179,454,367,103,,,,,,26692.0,,Slide,Debris
LS_26693,1,baseline_inventory_positive,False,27.676722,88.597194,North Sikkim,2197.0,33.264774322509766,44.611148834228516,1.0830134153366089,10,174,429,397,96,,,,,,26693.0,,Slide,Debris
LS_26694,1,baseline_inventory_positive,False,27.686389,88.73875,North Sikkim,2658.0,35.6317138671875,272.2728576660156,3.3974173069000244,10,178,476,346,107,,,,,,26694.0,,Slide,Debris
LS_26695,1,baseline_inventory_positive,False,27.697139,88.57025,North Sikkim,2337.0,38.69892501831055,209.3245849609375,2.7819747924804688,30,212,431,357,83,,,,,,26695.0,Bansoi,Slide,Debris
LS_26696,1,baseline_inventory_positive,False,27.700444,88.566083,North Sikkim,2392.0,26.968286514282227,233.80210876464844,-0.1885794997215271,10,176,447,377,86,,,,,,26696.0,,Slide,Debris
LS_26697,1,baseline_inventory_positive,False,27.701333,88.565083,North Sikkim,2390.0,38.5256233215332,218.23538208007812,-0.05017362907528877,10,176,447,377,86,,,,,,26697.0,,Slide,Debris
LS_26698,1,baseline_inventory_positive,False,27.703917,88.562306,North Sikkim,2420.0,28.72227668762207,231.50286865234375,-1.9325947761535645,10,186,439,375,89,,,,,,26698.0,,Slide,Debris
LS_26699,1,baseline_inventory_positive,False,27.704028,88.56175,North Sikkim,2450.0,29.747440338134766,266.3333435058594,0.32183361053466797,50,186,439,375,89,,,,,,26699.0,,Slide,Debris
LS_26700,1,baseline_inventory_positive,False,27.704306,88.560694,North Sikkim,2529.0,35.094966888427734,270.6622314453125,1.1938328742980957,30,186,439,375,89,,,,,,26700.0,,Slide,Debris
LS_26701,1,baseline_inventory_positive,False,27.713944,88.557361,North Sikkim,2610.0,38.17482376098633,301.44439697265625,0.7941926121711731,30,204,424,372,103,,,,,,26701.0,,Slide,Debris
LS_26702,1,baseline_inventory_positive,False,27.723611,88.550472,North Sikkim,2714.0,27.197002410888672,310.9886169433594,0.10553774982690811,30,205,428,366,93,,,,,,26702.0,,Slide,Debris
LS_26703,1,baseline_inventory_positive,False,27.724222,88.552861,North Sikkim,2684.0,33.717716217041016,310.6231384277344,3.8433451652526855,30,192,443,365,101,,,,,,26703.0,,Slide,Debris
LS_26704,1,baseline_inventory_positive,False,27.726083,88.54975,North Sikkim,2702.0,32.75035858154297,175.9316864013672,-3.993558883666992,60,192,443,365,101,,,,,,26704.0,Chaten,Slide,Debris
LS_26705,1,baseline_inventory_positive,False,27.728472,88.551667,North Sikkim,2665.0,33.05801010131836,322.4092102050781,-0.12782905995845795,10,195,444,361,103,,,,,,26705.0,,Slide,Debris
LS_26706,1,baseline_inventory_positive,False,27.735278,88.54925,North Sikkim,2733.0,42.180328369140625,248.7151336669922,-0.37214383482933044,30,178,474,348,101,,,,,,26706.0,Lachen,Slide,Debris
LS_26707,1,baseline_inventory_positive,False,27.74075,88.54525,North Sikkim,2762.0,26.76670265197754,275.54388427734375,-0.7721209526062012,50,177,455,368,101,,,,,,26707.0,,Slide,Debris
LS_26708,1,baseline_inventory_positive,False,27.740944,88.545361,North Sikkim,2762.0,26.76670265197754,275.54388427734375,-0.7721209526062012,30,177,455,368,101,,,,,,26708.0,,Slide,Debris
LS_26709,1,baseline_inventory_positive,False,27.745194,88.544278,North Sikkim,2806.0,27.657033920288086,255.1842803955078,-1.1552832126617432,60,177,457,366,97,,,,,,26709.0,,Slide,Debris
LS_26710,1,baseline_inventory_positive,False,27.749111,88.542972,North Sikkim,2813.0,37.72201156616211,246.15634155273438,-0.44994795322418213,30,165,468,367,95,,,,,,26710.0,,Slide,Debris
LS_26711,1,baseline_inventory_positive,False,27.18822222,88.56238889,East Sikkim,468.0,23.841699600219727,13.066447257995605,0.31666192412376404,10,263,383,355,118,,,,,July 2015,26711.0,3rd Mile Subsidence,Subsidence,Debris
LS_26712,1,dated_event_positive,True,27.179,88.53313889,East Sikkim,370.0,42.39216613769531,305.33355712890625,0.5014694929122925,60,262,370,368,120,0.0,0.0,94.2703,2015-07-08,8 July 2015,26712.0,Kumrek landslide,Slide,Rock
LS_26713,1,dated_event_positive,True,27.46166,88.52341,North Sikkim,930.0,35.55802917480469,83.4758529663086,0.07844861596822739,10,273,341,386,109,6.6679,27.5969,38.0614,2015-06-01,1 June 2015,26713.0,Rangrang Landslide,Debris slide,Debris
LS_26714,1,dated_event_positive,True,27.33208,88.50902,East Sikkim,1534.0,25.51760482788086,97.82333374023438,0.87276691198349,10,266,371,363,104,0.0,54.0212,74.532,2015-07-11,11 July 2015,26714.0,Tumin Landslide,Debris slide,Debris
LS_26715,1,dated_event_positive,True,27.53533333,88.49797222,North Sikkim,911.0,43.92680740356445,192.01087951660156,-0.6878127455711365,10,264,352,384,110,0.0,22.7076,22.7076,2016-08-13,"2006, 13 August 2016 at 13:30 hrs.",26715.0,Dzongu landslide,Slide/Avalanch e,Mainly rock boulders containing mica schist along with boulders of gneiss and quartzite.
LS_26716,1,dated_event_positive,True,27.31583333,88.60666667,East Sikkim,1453.0,30.61368179321289,246.1135711669922,0.23784542083740234,50,280,352,368,117,29.949,29.949,88.6145,2018-08-09,"7 August 2018, 9 August 2018",26716.0,"Upper Syari, Deorali, Gangtok",Bulging and slope failure,Debris
LS_26717,1,baseline_inventory_positive,False,27.37027778,88.67361111,East Sikkim,2508.0,14.990437507629395,331.59814453125,-0.951892614364624,50,256,406,338,101,,,,,August 2018,26717.0,1st BN Sikkim Scouts and the road stretch (JNM axis) ahead of MS-8,Subsidence,Debris
LS_26718,1,dated_event_positive,True,27.39305556,88.63527778,North Sikkim,1570.0,38.145103454589844,356.346435546875,0.7883433699607849,30,267,407,326,101,0.0,0.0,36.0833,2018-08-02,"Mid-July 2018, 2 August 2018",26718.0,Kabi Landslide,Slide,Rock
LS_26719,1,baseline_inventory_positive,False,27.28081944,88.57090278,East Sikkim,1250.0,30.65030288696289,307.09075927734375,-4.465278148651123,10,264,371,365,103,,,,,2017,26719.0,Chubba Khola,Slide,Boulders and debris
LS_26720,1,baseline_inventory_positive,False,27.25941667,88.55038889,East Sikkim,641.0,39.29800796508789,315.60498046875,-0.7140284776687622,10,305,370,325,117,,,,,2017,26720.0,Martam,Debris slide,Boulders and debris
LS_26721,1,dated_event_positive,True,27.36473056,88.23727778,West District,2017.0,34.97105026245117,57.71360778808594,0.13241145014762878,10,256,437,307,103,0.0,0.0,0.0,2019-09-16,16 September 2019,26721.0,Yuksom-Tsong Village landslide,Multiple type of movements includes debris slide / Earth or soil slide / flow / lateral spread,Multiple slide comprising of Earth or soil slide / flow
LS_26722,1,dated_event_positive,True,27.33825,88.60911111,East Sikkim,1579.0,25.835954666137695,61.98611068725586,-1.770836591720581,10,266,367,368,111,0.5427,2.8997,2.8997,2019-04-23,23 April 2019 at 05:00 hrs.,26722.0,"Palzor Stadium road, Gangtok",Slide/Subsidenc e,Debris
LS_26723,1,baseline_inventory_positive,False,27.27352778,88.57783333,East Sikkim,937.0,34.85799026489258,317.7721252441406,-0.3432980477809906,10,270,352,378,115,,,,,July/August 2019,26723.0,Tumlabung,Slide,Debris
LS_26724,1,baseline_inventory_positive,False,27.38107778,88.64063333,East Sikkim (Near Kaabi),1706.0,28.974727630615234,118.47034454345703,-0.898189902305603,10,235,412,354,102,,,,,,26724.0,Kaabi II,Rock Slide,Rock
LS_26725,1,dated_event_positive,True,27.39866667,88.62358333,North Sikkim,1742.0,27.384876251220703,21.10749626159668,0.7410639524459839,10,267,372,361,100,5.014,14.3287,68.6889,2020-05-24,24 May 2020 at 12:30 hrs.,26725.0,"Dhare Slide, Kabi",Slide,Soil
LS_26726,1,dated_event_positive,True,27.39838889,88.62566667,North Sikkim,1758.0,23.017566680908203,44.97902297973633,-0.8735528588294983,10,272,373,355,97,5.014,14.3287,68.6889,2020-05-24,24 May 2020 at 13:50 hrs.,26726.0,"Satala Slide, Kabi",Slide,Debris cum rock
LS_26727,1,dated_event_positive,True,27.39305556,88.63527778,North Sikkim,1570.0,38.145103454589844,356.346435546875,0.7883433699607849,30,267,407,326,101,5.014,14.3287,68.6889,2020-05-24,"Mid-July 2018, 2 August 2018, 24 May 2020",26727.0,Kabi Landslide,Slide,Rock
LS_26728,1,dated_event_positive,True,27.25352778,88.60377778,East Sikkim,1062.0,22.625965118408203,121.74638366699219,2.0071516036987305,30,271,374,356,108,74.8442,99.7923,99.7923,2021-10-19,"September 2020, 18-19 October 2021",26728.0,Ranipool to Pakyong road slide,Slide,Rock cum debris
LS_26729,1,baseline_inventory_positive,False,27.5401,88.56929167,North Sikkim,1966.0,52.3487548828125,50.96769332885742,-0.42938607931137085,30,267,403,330,94,,,,,2019,26729.0,Salim Pakel village,Slide,Rock cum debris
LS_26730,1,baseline_inventory_positive,False,27.55314167,88.62179722,North Sikkim,1734.0,34.80508041381836,2.6296958923339844,-3.626981258392334,10,224,424,352,101,,,,,2012,26730.0,Shipgyre slide right bank of Teesta (Shipgyre Slide II),Slide,Debris
LS_26731,1,baseline_inventory_positive,False,27.54975833,88.57530833,North Sikkim,1888.0,29.262914657592773,298.5765686035156,-0.8753568530082703,10,226,400,375,97,,,,,2020,26731.0,Shipgyer village,Slide,Rock cum debris
LS_26732,1,baseline_inventory_positive,False,27.54810833,88.60807778,North Sikkim,1762.0,42.361083984375,4.011053562164307,-0.07823604345321655,10,270,397,333,102,,,,,2012,26732.0,Shipgyer slide right bank of Teesta (Shipgyer slide III),Slide,Debris
LS_26733,1,baseline_inventory_positive,False,27.55236944,88.58208333,North Sikkim,1842.0,33.3563232421875,72.77594757080078,-3.075660228729248,10,240,413,348,98,,,,,2019,26733.0,West of Shipgyer,Slide,Debris
LS_26734,1,baseline_inventory_positive,False,27.36388889,88.62083333,East Sikkim,1702.0,27.155628204345703,34.57673645019531,0.2379581481218338,10,249,410,341,106,,,,,,26734.0,Bhojagari- I,Slide,Debris
LS_26735,1,baseline_inventory_positive,False,27.23166667,88.5025,East Sikkim,390.0,25.266054153442383,171.6981964111328,0.1586395502090454,10,282,369,348,115,,,,,"July 2020, December 2020",26735.0,Chisopani I Landslide,Slide,Debris
LS_26736,1,dated_event_positive,True,27.27458333,88.55002778,East Sikkim,1171.0,33.447872161865234,239.31849670410156,-1.6109485626220703,10,272,379,348,103,79.263,105.684,105.684,2021-10-19,18-19 October 2021,26736.0,Chuba Landslide,Slide,Debris
LS_26737,1,baseline_inventory_positive,False,27.35694444,88.61833333,East Sikkim,1715.0,24.254478454589844,132.5315704345703,-0.500900387763977,50,266,420,314,107,,,,,,26737.0,Swastik Market Slide,Slide,Soil
LS_26738,1,baseline_inventory_positive,False,27.25858333,88.46166667,East Sikkim,581.0,32.56745910644531,84.89314270019531,0.1587676703929901,10,280,373,346,119,,,,,Between April 2018 and December 2021,26738.0,Deepudada Slide,Slide,Debris
LS_26739,1,dated_event_positive,True,27.33941667,88.60990556,East Sikkim,1646.0,22.53178596496582,62.607933044433594,-0.5026034712791443,50,257,370,373,109,0.0,22.0913,22.0913,2021-06-06,6 June 2021 in the morning,26739.0,Development area- I (Near Little Pixes School),Slide,Soil
LS_26740,1,dated_event_positive,True,27.3699335,88.4859279,East Sikkim,807.0,35.261539459228516,94.2822036743164,1.4527570009231567,10,283,342,375,105,0.0,17.5595,59.0448,2021-08-23,23 August 2021,26740.0,Dikchu-Samdong road,Slide,Debris cum rock
LS_26741,1,baseline_inventory_positive,False,27.28955556,88.37748333,South Sikkim,1496.0,18.737646102905273,318.9587707519531,-1.0033220052719116,10,289,383,328,104,,,,,2020,26741.0,Dojak Landslide,Slide,Debris
LS_26742,1,baseline_inventory_positive,False,27.25333333,88.53194444,East Sikkim,539.0,27.17723274230957,49.56379699707031,-2.1924843788146973,10,293,379,328,116,,,,,July 2020,26742.0,Sang Khola III,Slide,Rock
LS_26743,1,baseline_inventory_positive,False,27.34222222,88.60722222,East Sikkim,1576.0,26.95137596130371,63.43121337890625,2.1914124488830566,50,285,368,347,109,,,,,,26743.0,Tibetian Jhora,Slide,Debris
LS_26744,1,baseline_inventory_positive,False,27.35861111,88.62027778,East Sikkim,1685.0,36.22559356689453,154.63418579101562,0.7656899690628052,10,273,417,311,102,,,,,,26744.0,Lower Burtuk,Slide,Debris
LS_26745,1,dated_event_positive,True,27.2533846,88.5489504,East Sikkim,665.0,34.5976676940918,109.60794830322266,1.7154275178909302,10,306,359,334,108,0.0,0.0,183.5932,2021-08-22,22 August 2021,26745.0,Mangthang,Flows,Debris
LS_26746,1,dated_event_positive,True,27.28666667,88.55347222,East Sikkim,1695.0,53.26412582397461,63.15248107910156,0.16005083918571472,10,269,340,391,98,0.0,0.0,61.9425,2021-08-27,27 August 2021,26746.0,Pagla Bhir,Slide,Rock cum debris
LS_26747,1,baseline_inventory_positive,False,27.24722222,88.60666667,East Sikkim,1281.0,23.22125816345215,95.4314956665039,0.7662164568901062,50,286,370,344,107,,,,,September 2021,26747.0,Pakyong Slide,Slide,Debris
LS_26748,1,baseline_inventory_positive,False,27.17054167,88.38358056,South Sikkim,1528.0,35.642269134521484,83.8224105834961,0.05275927111506462,10,270,347,383,106,,,,,May 2021,26748.0,Phalidhaara Landslide,Slide,Debris
LS_26749,1,baseline_inventory_positive,False,27.26066667,88.53383333,East Sikkim,955.0,28.514930725097656,124.09880065917969,-0.10555180162191391,10,291,361,348,110,,,,,"September 2021, October 2021",26749.0,Sangkhola II,Slide,Rock cum debris
LS_26750,1,dated_event_positive,True,27.31663889,88.45861111,East Sikkim,524.0,13.697375297546387,278.6247253417969,0.37014463543891907,10,295,337,368,118,69.7011,92.9348,92.9348,2021-10-19,18th & 19th October 2021,26750.0,Singbel Slide,Slide,Debris
LS_26751,1,baseline_inventory_positive,False,27.23444444,88.49083333,East Sikkim,361.0,33.66975402832031,74.07758331298828,-1.769787073135376,10,289,367,344,118,,,,,,26751.0,Singtam-Dikchu,Slide,Rock
LS_26752,1,dated_event_positive,True,27.32663889,88.61016667,East Sikkim,1587.0,24.85895538330078,103.68955993652344,-0.10554980486631393,50,275,355,370,111,0.0,0.0,0.0,2021-06-01,1 June 2021 at 10:30 hrs.,26752.0,Sisa Golai Slide I,Subsidence,Debris
LS_26753,1,baseline_inventory_positive,False,27.35333333,88.61666667,East Sikkim,1722.0,25.75792121887207,81.77392578125,-1.6118627786636353,50,264,400,336,104,,,,,,26753.0,Swastik-II,Slide,Debris material (>2mm to cobble size ) to boulder.
LS_26754,1,dated_event_positive,True,27.33972222,88.62055556,East Sikkim,1861.0,27.55552101135254,4.999720573425293,-0.2915066182613373,30,256,381,363,104,0.0,0.0,22.0913,2021-06-08,8 June 2021 at night,26754.0,Tamang Gompa Slide-I,Slide,Debris
LS_26755,1,dated_event_positive,True,27.37055556,88.61611111,East Sikkim,1894.0,11.57763957977295,107.29826354980469,0.20913800597190857,50,245,414,341,101,19.7196,19.7196,19.7196,2021-06-05,5 June 2021 in the midnight,26755.0,Tashi View Point -I,Slide,Debris
LS_26756,1,baseline_inventory_positive,False,27.39472222,88.62361111,North Sikkim,1585.0,18.16803741455078,46.13235855102539,-0.6602216362953186,10,265,375,360,97,,,,,"2018, July 2021",26756.0,Tingda,Slide,Debris
LS_26757,1,dated_event_positive,True,27.3250091,88.4704442,South Sikkim,493.0,25.85744285583496,318.9495849609375,-0.5812836289405823,10,295,341,364,114,0.0,0.0,36.7546,2021-08-23,"2020, 23 August 2021",26757.0,"Tokdey block, Lingmoo",Slide,Debris cum rock
LS_26758,1,baseline_inventory_positive,False,27.25252778,88.52777778,East Sikkim,682.0,35.640342712402344,302.5533447265625,-0.9773827195167542,10,296,370,334,113,,,,,July 2021,26758.0,Tshalumthang Landslide,Slide,Debris
LS_26759,1,baseline_inventory_positive,False,27.35805556,88.62111111,East Sikkim,1734.0,22.985116958618164,128.48556518554688,-1.1915602684020996,10,265,420,315,103,,,,,,26759.0,Upper Burtuk slide,Slide,Debris
LS_26760,1,dated_event_positive,True,27.61936111,88.66131389,North Sikkim,1848.0,47.51226806640625,317.4310607910156,-3.5465824604034424,10,191,447,362,103,0.0,0.0,0.0,2021-06-18,18 June 2021,26760.0,Bop Slide,Slide,Rock
LS_26761,1,baseline_inventory_positive,False,27.25061389,88.46280278,East Sikkim,528.0,44.361629486083984,347.3863525390625,1.189266562461853,50,283,362,356,121,,,,,2021,26761.0,Khamdong Landslide,Slide,Debris
LS_26762,1,baseline_inventory_positive,False,27.69920278,88.56659722,North Sikkim,2449.0,40.046287536621094,210.68096923828125,3.7595396041870117,10,223,421,356,81,,,,,,26762.0,Lachen Slide,Slide,Debris
LS_26763,1,dated_event_positive,True,27.32888889,88.60777778,East Sikkim,1445.0,33.502845764160156,68.02326965332031,-0.8443979024887085,10,264,362,373,109,0.0,0.0,0.0,2021-05-18,18 May 2021,26763.0,Indira Bye Pass -I,Slide,Rock
LS_26764,1,baseline_inventory_positive,False,27.68445278,88.7379,North Sikkim,2674.0,53.40293884277344,280.77557373046875,6.593655109405518,30,178,475,347,103,,,,,2021,26764.0,Lachung Landslide,Slide,Debris
LS_26765,1,dated_event_positive,True,27.22122778,88.735475,East Sikkim,1263.0,27.888954162597656,323.6815185546875,0.26362255215644836,10,282,364,355,103,42.2565,84.513,84.513,2021-10-19,18th-19th October 2021,26765.0,Lingtam Slide,Slide,Debris
LS_26766,1,baseline_inventory_positive,False,27.38155556,88.63883333,East Sikkim,1696.0,25.705808639526367,189.2447967529297,0.18832555413246155,10,265,401,334,98,,,,,September 2021.,26766.0,Shotak slide,Slide,Debris
LS_26767,1,dated_event_positive,True,27.32320833,88.60986944,East Sikkim,1564.0,47.27232360839844,91.71961975097656,-1.6635380983352661,50,273,361,366,110,90.1402,120.1869,120.1869,2021-10-19,19 October 2021 at 20:00 hrs.,26767.0,Paani House slide I,Slide,Debris
LS_26768,1,dated_event_positive,True,27.12344167,88.24483889,South Sikkim,460.0,40.51298522949219,332.13214111328125,0.7647621631622314,10,279,350,370,123,110.98,138.725,166.47,2021-10-19,18th-19th October 2021.,26768.0,Sombaria Landslide,Slide,Debris
LS_26769,1,dated_event_positive,True,27.34027222,88.61273333,East Sikkim,1738.0,25.4620418548584,53.34403991699219,-0.4490014910697937,10,263,361,376,105,90.1402,120.1869,120.1869,2021-10-19,19 October 2021 at 18:00 hrs.,26769.0,CPWD AEQ LANDSLIDE (Asst. Engineer Quarter Slide),Slide,Debris
LS_26770,1,dated_event_positive,True,27.19558889,88.62802778,East Sikkim,584.0,43.04527282714844,185.30111694335938,-0.7653335332870483,10,296,372,332,117,67.2912,100.9367,100.9367,2021-10-19,18th-19th October 2021.,26770.0,Tarpin Landslide,Slide,Debris
LS_26771,1,dated_event_positive,True,27.236,88.75722222,East Sikkim,1649.0,8.729348182678223,32.1817741394043,0.07767101377248764,10,260,398,342,96,0.0,52.4477,209.7909,2021-08-01,1 August 2021 at 16:00 hrs.,26771.0,Que Khola Landslide,Slide,Debris
LS_26772,1,dated_event_positive,True,27.20258333,88.65547222,East Sikkim,721.0,43.02823257446289,172.73194885253906,-3.3519229888916016,10,279,378,343,106,29.9897,59.9794,59.9794,2021-10-19,18th-19th October 2021,26772.0,Taronag Slide,Slide,Rock
LS_26773,1,dated_event_positive,True,27.28577778,88.5535,East Sikkim,1571.0,64.50938415527344,58.870765686035156,-22.110811233520508,10,269,340,391,98,0.0,0.0,61.9425,2021-08-27,27 August 2021,26773.0,Pagla Bhir slide,Slide,Debris
LS_26774,1,baseline_inventory_positive,False,27.51473889,88.57758889,North Sikkim,1415.0,15.784605979919434,123.08622741699219,-0.4494023323059082,10,277,395,328,99,,,,,,26774.0,Manul Slide,Shallow Planar slide,Rock
LS_26775,1,baseline_inventory_positive,False,27.55704444,88.57932222,North Sikkim,1929.0,25.312999725341797,23.264509201049805,0.7190151214599609,10,218,400,382,99,,,,,2019,26775.0,Shipgyer village,Slide,Debris
LS_26776,1,baseline_inventory_positive,False,27.20683333,88.48930556,East Sikkim,348.0,28.702960968017578,127.9956283569336,-0.5807358622550964,10,247,373,380,117,,,,,2021,26776.0,Bardang Tunnel slide,Slide,Debris
LS_26777,1,baseline_inventory_positive,False,27.16993889,88.51481944,South Sikkim,473.0,29.327133178710938,205.36376953125,-0.5541996359825134,10,301,354,344,119,,,,,September 2021,26777.0,Mamring slide,Slide,Debris
LS_26778,1,baseline_inventory_positive,False,27.25225,88.60811111,East Sikkim,1136.0,36.86368179321289,201.3214111328125,-1.610691785812378,10,293,366,341,109,,,,,"May 2017, July-August 2021",26778.0,Pakyong (Near Farm to Table restaurant),slide,Rock cum Debris
LS_26779,1,baseline_inventory_positive,False,27.24777778,88.5975,East Sikkim,1253.0,17.902240753173828,234.66897583007812,0.5285366177558899,50,256,390,354,110,,,,,2021,26779.0,Pakyong road near Central bank of India,Slide,Debris
LS_26780,1,baseline_inventory_positive,False,27.47888889,88.52861111,North Sikkim,877.0,29.747528076171875,32.26315689086914,0.654389500617981,10,281,347,373,114,,,,,September 2021,26780.0,Rang-Rang,Slide,Rock
LS_26781,1,dated_event_positive,True,27.28847,88.30139,Namchi,1135.0,35.029884338378906,194.64857482910156,-0.8188941478729248,10,271,352,377,107,0.0,0.0,50.0336,2022-07-10,10 July 2022 from 8:30 hrs. to 10:00 hrs.,26781.0,7th Mile_ Legship-Ravangla Road,Slide,Debris
LS_26782,1,dated_event_positive,True,27.2535,88.54141667,Gangtok District,601.0,27.25788688659668,315.8321838378906,-0.5801202058792114,10,306,362,332,116,13.5337,13.5337,13.5337,2022-10-08,"August 2022, 7th-8th October 2022",26782.0,14th Mile,Slide,Debris
LS_26783,1,dated_event_positive,True,27.30140833,88.3916,Namchi,1803.0,46.09968948364258,34.05337142944336,-0.6078842282295227,30,248,403,348,103,0.0,0.0,0.0,2022-11-18,18 November 2022,26783.0,Pathing Yang Yang Slide,Slide,Debris cum rock
LS_26784,1,dated_event_positive,True,27.14871944,88.28128889,Soreng,382.0,33.90168762207031,343.92034912109375,-0.5802930593490601,50,259,362,378,120,0.0,0.0,0.0,2022-11-20,20 November 2022,26784.0,01/JR/Baiguney,Slide,Debris
LS_26785,1,baseline_inventory_positive,False,27.11955556,88.32275,Namchi,357.0,26.981369018554688,44.769535064697266,0.7384406328201294,50,288,347,365,120,,,,,August 2022,26785.0,Dorop I Slide,Slide,Debris
LS_26786,1,baseline_inventory_positive,False,27.190191,88.325507,Soreng,522.0,50.794063568115234,265.24920654296875,4.619948863983154,10,281,363,356,121,,,,,November 2022,26786.0,Kamling,Slide,Debris
LS_26787,1,baseline_inventory_positive,False,27.32633333,88.59544444,Gangtok District,1014.0,22.240764617919922,117.18279266357422,-2.4054720401763916,50,271,339,389,110,,,,,June 2022,26787.0,Lumsay Slide,Slide,Debris
LS_26788,1,baseline_inventory_positive,False,27.11236111,88.32455556,Namchi,370.0,42.95562744140625,87.75018310546875,-0.554040253162384,30,281,341,378,117,,,,,August 2022,26788.0,Gom I Slide,Slide,Debris
LS_26789,1,dated_event_positive,True,27.37211111,88.61671944,East Sikkim,1872.0,25.162128448486328,152.92730712890625,0.6083847284317017,10,245,414,341,101,0.0,0.0,0.0,2022-05-29,29 May 2022,26789.0,Tashi view point-II(TVP-II),Slide,Debris
LS_26790,1,dated_event_positive,True,27.28119444,88.58952778,East Sikkim,985.0,29.98581314086914,252.38406372070312,2.8798320293426514,10,294,368,338,115,20.6999,52.309,105.4569,2022-06-12,11th-12th June 2022,26790.0,Marchak,Slide,Debris
LS_26791,1,dated_event_positive,True,27.24883333,88.60191667,Pakyong,1145.0,14.699701309204102,199.2134246826172,0.13213679194450378,10,292,370,339,107,10.2869,30.8606,30.8606,2022-10-10,10 October 2022,26791.0,Basnettgaon Landslide.,Slide,Debris
LS_26792,1,dated_event_positive,True,27.21391667,88.60833333,Pakyong,813.0,24.6075439453125,239.64019775390625,-0.3166596293449402,50,262,350,389,115,0.0,51.9161,123.3549,2022-08-25,25 August 2022,26792.0,Kitgolai Landslide,Slide,Debris
LS_26793,1,baseline_inventory_positive,False,27.2536,88.6043,Pakyong,1067.0,17.139549255371094,127.2827377319336,-0.13214793801307678,50,271,374,356,108,,,,,August 2022,26793.0,Lower Samsing Slide,Slide,Debris
LS_26794,1,dated_event_positive,True,27.39336667,88.52236944,Gangtok District,1043.0,31.04611587524414,133.48214721679688,-0.07861598581075668,10,294,333,373,110,0.0,0.0,0.0,2023-03-26,"2016, 2019, 26 March 2023",26794.0,Sokpay slide,Slide,Debris
LS_26795,1,dated_event_positive,True,27.25066667,88.53144444,East Sikkim,494.0,16.854400634765625,316.3749084472656,-0.23769281804561615,10,301,367,332,118,0.0,0.0,0.0,2022-05-12,"July 2019, 12 May 2022",26795.0,Sang,Slide,Rock
LS_26796,1,baseline_inventory_positive,False,27.26352778,88.19047222,Gyalshing,1048.0,31.25039291381836,158.4720916748047,-0.3432750105857849,10,229,356,415,113,,,,,March 2022,26796.0,Sardong slide,Slide,Debris
LS_26797,1,dated_event_positive,True,27.24297222,88.47055556,East Sikkim,494.0,33.91710662841797,239.11135864257812,-0.34322765469551086,10,287,361,353,113,24.4157,61.0393,160.3699,2022-06-15,15 June 2022,26797.0,Sherwani 02,Slide,Debris
LS_26798,1,dated_event_positive,True,27.19950556,88.32696111,Geyzing,509.0,39.53174591064453,205.77084350585938,2.6656198501586914,10,278,343,379,117,0.0,66.0833,99.1249,2022-08-20,"October 2020, 20 August 2022",26798.0,Sikkip,Slide,Debris
LS_26799,1,baseline_inventory_positive,False,27.238515,88.48812389,East Sikkim,398.0,32.20467758178711,41.028106689453125,0.026560043916106224,10,264,383,354,117,,,,,May 2022.,26799.0,Singtam,Slide,Debris
LS_26800,1,baseline_inventory_positive,False,27.13689,88.276598,Soreng,337.0,56.43495178222656,265.5180358886719,-9.549213409423828,10,276,349,375,122,,,,,2nd week of August 2022,26800.0,01/JR/Sisney Temple,Slide,Rock
LS_26801,1,baseline_inventory_positive,False,27.09725,88.3825,Namchi,282.0,41.33341598510742,17.101608276367188,-2.5844812393188477,60,288,370,342,120,,,,,August 2022,26801.0,Sumbuk,Slide,Debris
LS_26802,1,dated_event_positive,True,27.17748333,88.52165833,Pakyong,320.0,27.677289962768555,10.475107192993164,1.4252389669418335,10,260,372,368,121,0.0,75.9286,112.3504,2023-10-04,"July 2020, 4 October 2023",26802.0,Rangpo Check Post,Slide,Debris
LS_26803,1,baseline_inventory_positive,False,27.10570556,88.35308056,Namchi,489.0,25.560375213623047,43.091732025146484,0.3959820568561554,10,264,364,372,115,,,,,"2018, 1st week of October 2024",26803.0,Kitam Landslide,Slide,Debris
LS_26804,1,baseline_inventory_positive,False,27.36552778,88.61596667,Gangtok District,1672.0,36.42563247680664,24.004531860351562,-0.9806236624717712,10,259,407,334,104,,,,,2nd Week of March 2023,26804.0,Luing Landslide,Slide,Debris
LS_26805,1,baseline_inventory_positive,False,27.54308333,88.62675,Mangan,1364.0,24.56513786315918,174.27989196777344,-0.26567623019218445,10,282,372,346,104,,,,,,26805.0,Naga,Slide,Debris
LS_26806,1,dated_event_positive,True,27.40251944,88.51868056,Mangan,574.0,36.56447219848633,304.7101745605469,-2.304164171218872,10,299,334,366,115,0.0,57.9345,85.7054,2023-10-04,4 October 2023,26806.0,South Dikchu,Slide,Debris
LS_26807,1,dated_event_positive,True,27.27872778,88.12502778,Namchi,1840.0,28.013919830322266,0.489481657743454,-1.241031289100647,10,233,390,377,96,0.0,0.0,0.0,2023-09-23,"2020, 23 September 2023",26807.0,Muyung-02 Landslide,Flow,Debris
LS_26808,1,dated_event_positive,True,27.2525,88.4606,Gangtok District,550.0,34.63139343261719,72.54960632324219,-0.18533186614513397,10,273,373,354,123,3.0118,3.0118,3.0118,2024-08-21,21 August 2024,26808.0,Dipudara landslide,Slide,Rock
LS_26809,1,baseline_inventory_positive,False,27.248882,88.476747,Gangtok District,461.0,28.198261260986328,63.93954849243164,0.5809300541877747,10,303,363,334,120,,,,,"2022, Jun 2024",26809.0,Dochum,Slide,Debris
LS_26810,1,dated_event_positive,True,27.4432,88.6087,Mangan,1570.0,29.918554306030273,33.62043762207031,-1.696733832359314,10,252,434,313,99,0.0,0.0,65.4534,2024-07-21,21 July 2024,26810.0,Phensang Landslide,Slide,Debris
LS_26811,1,baseline_inventory_positive,False,27.327977,88.152281,Gyalshing,1578.0,15.57231330871582,258.2283630371094,1.1090466976165771,10,240,425,335,106,,,,,11 September 2025,26811.0,Rimbi,Slide,Debris
LS_26812,1,baseline_inventory_positive,False,27.372611,88.541022,Gangtok District,1848.0,34.27293395996094,261.08660888671875,-2.7213327884674072,10,231,362,407,103,,,,,19 July 2025,26812.0,Tintek Landslide,Slide,Debris
LS_26813,1,baseline_inventory_positive,False,27.33787,88.609377,Gangtok District,1578.0,25.008407592773438,42.27056884765625,-0.3434463143348694,50,266,367,368,111,,,,,31 July 2025 at 18:30 hrs.,26813.0,Upper Sichey Landslide,Slide,Debris
LS_26814,1,dated_event_positive,True,27.29166667,88.22,West district,1666.0,46.12907028198242,323.5372009277344,-0.8722916841506958,10,273,327,400,104,18.7313,112.3877,157.7465,2011-06-24,24 June 2011 at 23:30 hrs.,26814.0,Tikjuk landslide,,Debris cum rock
LS_26815,1,dated_event_positive,True,27.28777778,88.23277778,West district,1409.0,19.477981567382812,330.76727294921875,-0.8989236950874329,10,245,350,405,108,18.7313,112.3877,157.7465,2011-06-24,24 June 2011 at 23:00 hrs.,26815.0,Pelling landslide,,Debris cum rock
LS_26816,1,dated_event_positive,True,27.26063889,88.71438889,East Sikkim,1294.0,38.55860137939453,32.792236328125,3.4859046936035156,10,273,382,345,105,0.0,4.0493,20.2465,2012-06-07,7 June 2012 at 4:50 hrs.,26816.0,Saketang,Slide,Debris
LS_26817,1,dated_event_positive,True,27.26616667,88.72697222,East Sikkim,1914.0,36.36100387573242,90.0,-0.0,10,253,380,367,100,0.0,4.0493,20.2465,2012-06-07,7 June 2012 at 4:30 hrs.,26817.0,Chopse Slide,Slide,Debris
LS_26818,1,dated_event_positive,True,27.26544444,88.72252778,East Sikkim,1677.0,16.747879028320312,85.35556030273438,-1.4529916048049927,10,267,389,345,99,0.0,4.0493,20.2465,2012-06-07,7 June 2012 at 4:50 hrs.,26818.0,Dharakham Slide,Slide,Debris
LS_26819,1,dated_event_positive,True,27.37441667,88.54505556,East Sikkim,1631.0,34.14341735839844,303.02044677734375,0.18421049416065216,10,267,347,386,98,0.0,21.5686,35.231,2012-07-13,13 July 2012,26819.0,Rockse Slide 1,,Rock
LS_26820,1,dated_event_positive,True,27.36977778,88.54466667,East Sikkim,1735.0,34.19244384765625,247.5083770751953,2.4564414024353027,10,306,325,369,101,0.0,21.5686,35.231,2012-07-13,13 July 2012,26820.0,Rockse Slide 2,,Rock
LS_26821,1,dated_event_positive,True,27.59027778,88.65394444,North Sikkim,1677.0,30.796533584594727,256.20428466796875,1.4501752853393555,10,229,434,337,99,10.3882,40.5667,55.6559,2012-06-26,26 June 2012,26821.0,Pegong Slide,Slide,Debris
LS_26822,1,dated_event_positive,True,27.57502778,88.65402778,North Sikkim,1483.0,41.588008880615234,106.20806121826172,0.07422076910734177,10,241,441,318,98,0.0,15.0892,41.6974,2012-06-22,22 June 2012,26822.0,Theng Slide,Slide,Debris
LS_26823,1,dated_event_positive,True,27.56111111,88.65452778,North Sikkim,1412.0,28.713294982910156,76.71392059326172,1.3758678436279297,10,198,429,373,102,0.0,15.0892,41.6974,2012-06-22,22 June 2012,26823.0,Tung Slide,Slide,Debris
LS_26824,1,dated_event_positive,True,27.52838889,88.59972222,North Sikkim,1557.0,38.5835075378418,183.92874145507812,-0.13280272483825684,10,255,384,360,98,0.0,16.2011,48.5392,2012-06-22,22 June 2012,26824.0,Rubom Slide,Slide,Debris
LS_26825,1,dated_event_positive,True,27.56941667,88.65272222,North Sikkim,1482.0,18.496658325195312,226.2168426513672,1.1648612022399902,10,234,434,332,105,0.0,15.0892,41.6974,2012-06-22,22 June 2012,26825.0,Singik Slide,Slide,Debris
LS_26826,1,dated_event_positive,True,27.51491667,88.56313889,North Sikkim,1416.0,28.251285552978516,169.25267028808594,1.0077123641967773,10,294,353,353,96,0.0,0.0,0.0,2012-07-17,17 July 2012,26826.0,Deodara Slide,Slide,Debris
LS_26827,1,dated_event_positive,True,27.51444444,88.56777778,North Sikkim,1463.0,17.40276527404785,190.0425262451172,-0.7149404287338257,10,287,368,344,97,15.8504,15.8504,36.1599,2009-05-09,9 May 2009 at 14.00 hrs.,26827.0,,Slide,Debris
LS_26828,1,baseline_inventory_positive,False,27.25102,88.460004,South Sikkim,422.0,55.244651794433594,56.66866683959961,-1.0039564371109009,10,273,373,354,123,,,,,2024,26828.0,NHPC TEESTA V POWER HOUSE,slide,Rock
BG_0001,0,background_negative,False,27.154722222217874,88.69583333336894,East Sikkim,1505.0,30.963945388793945,29.96015167236328,-0.8706845641136169,10,276,351,373,108,,,,,,,,,
BG_0002,0,background_negative,False,27.490277777773475,88.46194444448001,North Sikkim,1412.0,30.67881202697754,34.078670501708984,1.7430505752563477,10,220,388,393,112,,,,,,,,,
BG_0003,0,background_negative,False,27.382222222217905,88.74555555559117,East Sikkim,3714.0,43.393001556396484,168.3402557373047,-0.6891705393791199,10,200,434,366,105,,,,,,,,,
BG_0004,0,background_negative,False,27.45527777777347,88.69444444448004,East Sikkim,2408.0,50.528465270996094,53.70606231689453,-10.558095932006836,10,262,408,330,106,,,,,,,,,
BG_0005,0,background_negative,False,27.784999999995737,88.63027777781338,North Sikkim,4214.0,31.773088455200195,167.65591430664062,-0.5058091282844543,10,129,489,382,99,,,,,,,,,
BG_0006,0,background_negative,False,27.18861111110677,88.6686111111467,East Sikkim,1554.0,18.87578582763672,229.20997619628906,0.5806511640548706,10,297,365,338,107,,,,,,,,,
BG_0007,0,background_negative,False,27.5124999999957,88.39555555559112,North Sikkim,2732.0,41.00604248046875,1.8011138439178467,0.5549413561820984,10,335,346,318,105,,,,,,,,,
BG_0008,0,background_negative,False,27.416666666662355,88.67583333336893,East Sikkim,2874.0,29.34742546081543,184.64231872558594,-0.1841059923171997,10,287,334,378,106,,,,,,,,,
BG_0009,0,background_negative,False,27.246111111106778,88.4083333333689,South Sikkim,1122.0,34.88358688354492,208.40875244140625,0.34323468804359436,10,279,335,386,106,,,,,,,,,
BG_0010,0,background_negative,False,27.7716666666624,88.50888888892446,North Sikkim,3231.0,21.04442596435547,249.61720275878906,-1.7780333757400513,10,144,491,365,99,,,,,,,,,
BG_0011,0,background_negative,False,27.09583333332898,88.58166666670225,East Sikkim,1194.0,24.414649963378906,42.04827117919922,0.026220053434371948,10,263,369,368,113,,,,,,,,,
BG_0012,0,background_negative,False,27.05527777777342,88.20027777781331,West Sikkim,1279.0,24.827266693115234,159.93052673339844,-0.9750838875770569,10,264,358,378,121,,,,,,,,,
BG_0013,0,background_negative,False,27.080833333328975,88.53000000003559,South Sikkim,1124.0,19.067598342895508,340.04510498046875,0.6325240731239319,10,263,381,356,114,,,,,,,,,
BG_0014,0,background_negative,False,27.477777777773472,88.51444444448002,North Sikkim,1172.0,39.29206466674805,311.3052062988281,0.027136171236634254,10,270,366,365,113,,,,,,,,,
BG_0015,0,background_negative,False,27.145833333328984,88.67083333336893,East Sikkim,1123.0,36.166263580322266,90.95500183105469,0.6856088638305664,10,282,376,342,107,,,,,,,,,
BG_0016,0,background_negative,False,27.661666666662388,88.61333333336893,North Sikkim,2614.0,35.36441421508789,125.30242919921875,-0.26144924759864807,10,185,422,393,99,,,,,,,,,
BG_0017,0,background_negative,False,27.702777777773502,88.52055555559113,North Sikkim,4373.0,25.827425003051758,261.7999572753906,-0.6886019706726074,100,165,517,318,97,,,,,,,,,
BG_0018,0,background_negative,False,27.275277777773447,88.37694444448,South Sikkim,1825.0,21.352807998657227,268.8095703125,0.7921551465988159,10,289,377,334,103,,,,,,,,,
BG_0019,0,background_negative,False,27.365833333329014,88.40583333336889,South Sikkim,2784.0,22.543590545654297,145.26373291015625,0.10554862022399902,10,273,372,356,108,,,,,,,,,
BG_0020,0,background_negative,False,27.541944444440148,88.36666666670223,North Sikkim,3725.0,18.890554428100586,253.4520721435547,-0.3166298568248749,10,170,463,367,105,,,,,,,,,
BG_0021,0,background_negative,False,27.40972222221791,88.59166666670225,North Sikkim,1509.0,33.243133544921875,271.42010498046875,-1.084782600402832,10,299,376,324,100,,,,,,,,,
BG_0022,0,background_negative,False,27.457777777773472,88.48861111114668,North Sikkim,1484.0,20.082365036010742,215.8195037841797,0.15972118079662323,10,261,383,356,109,,,,,,,,,
BG_0023,0,background_negative,False,27.381111111106794,88.51305555559114,North Sikkim,1223.0,25.71512794494629,168.00558471679688,0.024841226637363434,10,293,353,354,109,,,,,,,,,
BG_0024,0,background_negative,False,27.39444444444013,88.08805555559107,Gyalshing,3815.0,12.325613021850586,314.9307556152344,-0.2649644911289215,30,153,554,293,103,,,,,,,,,
BG_0025,0,background_negative,False,27.05249999999564,88.49722222225779,South Sikkim,638.0,31.38605308532715,202.2833709716797,1.0544923543930054,10,261,379,360,117,,,,,,,,,
BG_0026,0,background_negative,False,27.232222222217885,88.82611111114673,East Sikkim,2073.0,24.173500061035156,259.0472717285156,1.5579979419708252,10,276,379,345,109,,,,,,,,,
BG_0027,0,background_negative,False,27.340555555551234,88.67666666670226,East Sikkim,2068.0,19.85146141052246,33.656761169433594,0.819259524345398,10,264,431,305,101,,,,,,,,,
BG_0028,0,background_negative,False,27.392499999995685,88.67416666670226,East Sikkim,2565.0,48.266021728515625,144.23806762695312,8.175825119018555,10,197,431,372,103,,,,,,,,,
BG_0029,0,background_negative,False,27.787777777773513,88.51611111114669,North Sikkim,4074.0,37.84751510620117,42.97386932373047,0.921926736831665,30,168,512,320,99,,,,,,,,,
BG_0030,0,background_negative,False,27.4974999999957,88.19361111114665,West District,4064.0,9.059073448181152,91.45947265625,0.47654661536216736,30,162,532,306,101,,,,,,,,,
BG_0031,0,background_negative,False,27.24444444444011,88.43694444448,South Sikkim,969.0,17.179750442504883,219.19422912597656,-0.5277614593505859,10,244,374,382,116,,,,,,,,,
BG_0032,0,background_negative,False,27.29499999999567,88.65444444448003,East Sikkim,1349.0,22.441879272460938,340.7205505371094,-1.9545336961746216,10,257,358,385,101,,,,,,,,,
BG_0033,0,background_negative,False,27.52277777777348,88.35722222225778,West Sikkim,4434.0,23.877334594726562,180.58958435058594,-1.9101040363311768,100,206,523,271,102,,,,,,,,,
BG_0034,0,background_negative,False,27.32805555555123,88.84472222225784,East Sikkim,3950.0,26.351078033447266,229.6329345703125,0.7136221528053284,100,174,506,321,103,,,,,,,,,
BG_0035,0,background_negative,False,27.40305555555124,88.65388888892448,North Sikkim,2576.0,42.30084991455078,9.497931480407715,-0.7411060929298401,10,265,390,345,101,,,,,,,,,
BG_0036,0,background_negative,False,27.20249999999566,88.36805555559111,South Sikkim,914.0,42.59392166137695,132.17845153808594,-1.4519590139389038,10,238,352,410,108,,,,,,,,,
BG_0037,0,background_negative,False,27.80638888888463,88.3933333333689,North Sikkim,4360.0,37.182151794433594,187.95933532714844,-0.6332113146781921,100,132,529,339,99,,,,,,,,,
BG_0038,0,background_negative,False,27.3422222222179,88.08722222225774,West Sikkim,3234.0,18.23369026184082,189.5351104736328,-0.634981095790863,10,278,357,365,101,,,,,,,,,
BG_0039,0,background_negative,False,27.590833333329044,88.30722222225778,West Sikkim,3684.0,38.47842025756836,350.4273376464844,-2.940070390701294,10,185,486,329,102,,,,,,,,,
BG_0040,0,background_negative,False,27.46055555555125,88.44361111114668,North Sikkim,2593.0,30.561595916748047,172.02316284179688,0.5548231601715088,10,324,324,351,109,,,,,,,,,
BG_0041,0,background_negative,False,27.241666666662333,88.37166666670223,South Sikkim,2250.0,43.8818359375,300.16632080078125,-1.6902719736099243,10,275,361,363,100,,,,,,,,,
BG_0042,0,background_negative,False,27.143333333328986,88.63083333336893,East Sikkim,759.0,7.601696014404297,155.90968322753906,-1.0024397373199463,10,265,361,373,115,,,,,,,,,
BG_0043,0,background_negative,False,27.42888888888458,88.70111111114672,East Sikkim,3307.0,35.439674377441406,189.1992645263672,-0.23811115324497223,30,241,413,345,106,,,,,,,,,
BG_0044,0,background_negative,False,27.09583333332898,88.10194444447997,West Sikkim,1472.0,34.5908203125,12.155041694641113,0.15867340564727783,10,246,379,375,119,,,,,,,,,
BG_0045,0,background_negative,False,27.794166666662406,88.44833333336891,North Sikkim,4389.0,28.6060848236084,10.6149263381958,-0.4221423864364624,30,115,527,359,99,,,,,,,,,
BG_0046,0,background_negative,False,27.411666666662352,88.7200000000356,East Sikkim,3729.0,12.770225524902344,122.51566314697266,-0.449165016412735,10,188,427,384,106,,,,,,,,,
BG_0047,0,background_negative,False,27.593055555551267,88.38944444448,North Sikkim,2811.0,47.62771224975586,78.8934326171875,4.84813117980957,10,190,459,351,106,,,,,,,,,
BG_0048,0,background_negative,False,27.077222222217866,88.05833333336885,West Sikkim,2225.0,27.524375915527344,259.6740417480469,1.0023677349090576,10,280,379,341,99,,,,,,,,,
BG_0049,0,background_negative,False,27.498333333329033,88.65472222225782,North Sikkim,2999.0,30.330236434936523,178.21578979492188,0.31663382053375244,10,308,306,385,102,,,,,,,,,
BG_0050,0,background_negative,False,27.626111111106827,88.58916666670225,North Sikkim,2781.0,30.66611671447754,235.35935974121094,0.802680492401123,10,264,375,360,100,,,,,,,,,
BG_0051,0,background_negative,False,27.35249999999568,88.32500000003556,West Sikkim,948.0,13.588180541992188,172.4313201904297,-0.31843146681785583,10,265,333,402,103,,,,,,,,,
BG_0052,0,background_negative,False,27.57361111110682,88.55333333336891,North Sikkim,2574.0,38.78745651245117,36.54111099243164,-0.5785151720046997,10,264,431,305,98,,,,,,,,,
BG_0053,0,background_negative,False,27.072222222217864,88.71694444448005,East Sikkim,2187.0,24.93098258972168,14.122191429138184,-1.7926748991012573,10,275,359,366,108,,,,,,,,,
BG_0054,0,background_negative,False,27.50472222221792,88.11861111114663,West Sikkim,4168.0,11.428295135498047,310.0041809082031,-0.10554441064596176,30,162,517,321,103,,,,,,,,,
BG_0055,0,background_negative,False,27.13027777777343,88.48861111114668,South Sikkim,533.0,27.864255905151367,313.1318664550781,0.13185752928256989,10,282,357,361,112,,,,,,,,,
BG_0056,0,background_negative,False,27.693333333329058,88.63777777781337,North Sikkim,4237.0,29.69805908203125,4.587893962860107,-0.7889841794967651,30,176,490,334,100,,,,,,,,,
BG_0057,0,background_negative,False,27.306111111106784,88.84138888892451,East Sikkim,4024.0,32.87408447265625,144.77354431152344,-0.9780124425888062,10,177,469,353,105,,,,,,,,,
BG_0058,0,background_negative,False,27.27888888888456,88.1602777778133,West Sikkim,1965.0,41.48912811279297,317.283203125,-0.4733685553073883,10,275,411,315,110,,,,,,,,,
BG_0059,0,background_negative,False,27.40333333332902,88.28388888892444,West Sikkim,1719.0,24.982505798339844,309.5130615234375,-0.7411087155342102,10,230,461,309,103,,,,,,,,,
BG_0060,0,background_negative,False,27.068055555551197,88.8063888889245,East Sikkim,1847.0,36.52337646484375,142.66844177246094,-0.2624830901622772,10,265,402,333,104,,,,,,,,,
BG_0061,0,background_negative,False,27.55944444444015,88.82722222225784,North Sikkim,4089.0,31.76243782043457,224.36077880859375,1.6962770223617554,10,149,516,335,102,,,,,,,,,
BG_0062,0,background_negative,False,27.092499999995646,88.1327777778133,West Sikkim,1894.0,31.30324935913086,157.16864013671875,0.6850572228431702,10,328,351,321,119,,,,,,,,,
BG_0063,0,background_negative,False,27.462222222217918,88.65888888892448,North Sikkim,2348.0,45.73773956298828,96.36236572265625,-0.6090238690376282,10,245,419,336,103,,,,,,,,,
BG_0064,0,background_negative,False,27.15249999999565,88.24861111114666,West Sikkim,1258.0,23.678848266601562,162.52883911132812,0.7915946841239929,10,275,376,349,110,,,,,,,,,
BG_0065,0,background_negative,False,27.32944444444012,88.69555555559116,East Sikkim,2812.0,28.74087905883789,181.4253387451172,-0.18588334321975708,10,305,318,377,101,,,,,,,,,
BG_0066,0,background_negative,False,27.651388888884608,88.55250000003558,North Sikkim,3596.0,35.53092575073242,278.1731872558594,5.116970062255859,30,227,464,309,89,,,,,,,,,
BG_0067,0,background_negative,False,27.42083333332902,88.64666666670226,North Sikkim,1788.0,45.37112045288086,117.19336700439453,-1.8040822744369507,10,238,423,340,102,,,,,,,,,
BG_0068,0,background_negative,False,27.36388888888457,88.66583333336894,East Sikkim,2259.0,42.95036697387695,29.249675750732422,-0.6851191520690918,10,223,429,349,101,,,,,,,,,
BG_0069,0,background_negative,False,27.568055555551265,88.70833333336894,North Sikkim,3279.0,41.928260803222656,135.96490478515625,-1.938762903213501,10,163,490,347,106,,,,,,,,,
BG_0070,0,background_negative,False,27.628888888884603,88.7725000000356,North Sikkim,3829.0,36.49186325073242,86.85311126708984,-1.0093520879745483,10,166,478,356,103,,,,,,,,,
BG_0071,0,background_negative,False,27.638888888884605,88.5511111111467,North Sikkim,4009.0,8.17781925201416,55.58662033081055,-0.9269096255302429,30,198,492,310,96,,,,,,,,,
BG_0072,0,background_negative,False,27.62305555555127,88.76750000003561,North Sikkim,3594.0,38.974281311035156,240.86431884765625,-1.5688821077346802,10,178,488,334,102,,,,,,,,,
BG_0073,0,background_negative,False,27.498888888884586,88.67972222225782,North Sikkim,3734.0,37.29495620727539,51.01293182373047,1.0586509704589844,30,217,418,365,106,,,,,,,,,
BG_0074,0,background_negative,False,27.09944444444009,88.06972222225774,West Sikkim,2589.0,24.991390228271484,319.2882995605469,-0.21111330389976501,10,305,345,350,99,,,,,,,,,
BG_0075,0,background_negative,False,27.35861111110679,88.08444444447997,West Sikkim,2933.0,20.55391502380371,201.3402099609375,-0.34349459409713745,10,254,383,363,101,,,,,,,,,
BG_0076,0,background_negative,False,27.59249999999571,88.57083333336892,North Sikkim,4178.0,46.1593132019043,284.6839599609375,-1.1500245332717896,30,169,503,328,98,,,,,,,,,
BG_0077,0,background_negative,False,27.47833333332903,88.46416666670224,North Sikkim,1817.0,44.7976188659668,193.2543487548828,-6.534694671630859,10,219,412,368,109,,,,,,,,,
BG_0078,0,background_negative,False,27.20749999999566,88.36166666670222,South Sikkim,1405.0,51.14374542236328,326.2053527832031,-2.824624538421631,10,254,360,386,109,,,,,,,,,
BG_0079,0,background_negative,False,27.205833333328993,88.84361111114673,East Sikkim,1480.0,21.923307418823242,14.37583065032959,-0.5542489886283875,10,277,368,355,109,,,,,,,,,
BG_0080,0,background_negative,False,27.698611111106835,88.71611111114672,North Sikkim,4220.0,7.294347286224365,266.3621826171875,-0.1332140862941742,30,134,512,354,103,,,,,,,,,
BG_0081,0,background_negative,False,27.132777777773427,88.71083333336894,East Sikkim,2032.0,47.60105514526367,213.451904296875,-2.7168405055999756,10,262,366,371,107,,,,,,,,,
BG_0082,0,background_negative,False,27.58499999999571,88.48166666670224,North Sikkim,2641.0,32.77149200439453,342.27618408203125,-0.07814480364322662,10,227,466,307,107,,,,,,,,,
BG_0083,0,background_negative,False,27.43499999999569,88.43111111114668,South Sikkim,3022.0,23.770681381225586,33.91926956176758,3.7585275173187256,10,299,339,361,107,,,,,,,,,
BG_0084,0,background_negative,False,27.63694444444016,88.37750000003555,North Sikkim,3097.0,34.356929779052734,288.7099609375,-3.68461537361145,10,228,439,333,101,,,,,,,,,
BG_0085,0,background_negative,False,27.76027777777351,88.39805555559111,North Sikkim,3932.0,45.150943756103516,194.1941375732422,0.5056289434432983,10,144,527,329,99,,,,,,,,,
BG_0086,0,background_negative,False,27.20527777777344,88.08305555559107,West Sikkim,2484.0,28.096851348876953,335.897705078125,1.795513391494751,10,303,351,346,103,,,,,,,,,
BG_0087,0,background_negative,False,27.345555555551233,88.57166666670226,East Sikkim,1843.0,24.443519592285156,248.51156616210938,0.1842818260192871,10,265,366,369,107,,,,,,,,,
BG_0088,0,background_negative,False,27.73499999999573,88.75527777781339,North Sikkim,3632.0,44.189453125,335.5975341796875,2.8383142948150635,10,160,511,329,103,,,,,,,,,
BG_0089,0,background_negative,False,27.46944444444014,88.28916666670222,West Sikkim,3903.0,26.141849517822266,280.4881286621094,-1.353730320930481,30,179,472,350,104,,,,,,,,,
BG_0090,0,background_negative,False,27.439444444440134,88.6888888889245,East Sikkim,3010.0,35.858768463134766,113.15986633300781,-2.3490638732910156,10,306,356,337,106,,,,,,,,,
BG_0091,0,background_negative,False,27.291944444440116,88.5272222222578,East Sikkim,1780.0,24.218727111816406,304.0392761230469,0.3967159688472748,10,242,379,379,102,,,,,,,,,
BG_0092,0,background_negative,False,27.125833333328984,88.18222222225775,West Sikkim,964.0,19.891090393066406,128.94407653808594,0.5540705323219299,10,239,350,411,117,,,,,,,,,
BG_0093,0,background_negative,False,27.08944444444009,88.07027777781329,West Sikkim,2388.0,29.304563522338867,243.8085479736328,-0.3421384394168854,10,286,354,361,99,,,,,,,,,
BG_0094,0,background_negative,False,27.626111111106827,88.72472222225782,North Sikkim,2944.0,49.92351150512695,148.29507446289062,-10.102816581726074,10,160,497,342,102,,,,,,,,,
BG_0095,0,background_negative,False,27.47305555555125,88.31055555559111,West Sikkim,4030.0,59.23384094238281,316.4914855957031,-0.6845681667327881,30,173,444,383,104,,,,,,,,,
BG_0096,0,background_negative,False,27.403611111106798,88.66666666670227,East Sikkim,2356.0,47.34614944458008,39.58177947998047,-4.179380893707275,10,231,409,360,103,,,,,,,,,
BG_0097,0,background_negative,False,27.53055555555126,88.39361111114667,North Sikkim,3475.0,39.92402648925781,301.2811279296875,0.03077853098511696,10,174,445,381,107,,,,,,,,,
BG_0098,0,background_negative,False,27.12138888888454,88.05805555559107,West Sikkim,2261.0,19.86614418029785,277.10198974609375,0.5803413391113281,10,288,342,370,99,,,,,,,,,
BG_0099,0,background_negative,False,27.064444444440085,88.27722222225776,West Sikkim,1729.0,27.991365432739258,93.06595611572266,-0.7640747427940369,10,310,368,322,122,,,,,,,,,
BG_0100,0,background_negative,False,27.488055555551252,88.82638888892451,East Sikkim,4057.0,30.392410278320312,342.8410339355469,-1.1369324922561646,30,145,543,312,104,,,,,,,,,
BG_0101,0,background_negative,False,27.359722222217904,88.26500000003554,South Sikkim,2272.0,38.37990188598633,359.0128479003906,0.8193938732147217,10,261,426,312,105,,,,,,,,,
BG_0102,0,background_negative,False,27.22638888888455,88.74416666670227,East Sikkim,1523.0,28.356359481811523,342.8662109375,0.7394402623176575,10,275,362,363,102,,,,,,,,,
BG_0103,0,background_negative,False,27.099999999995646,88.70750000003561,East Sikkim,2505.0,31.91509437561035,162.18092346191406,-0.20983947813510895,10,310,348,342,108,,,,,,,,,
BG_0104,0,background_negative,False,27.268333333329,88.49555555559112,Gangtok District,1306.0,23.579349517822266,44.23748779296875,0.60765141248703,10,259,338,403,116,,,,,,,,,
BG_0105,0,background_negative,False,27.60277777777349,88.74277777781339,North Sikkim,4273.0,17.750608444213867,148.20579528808594,1.1145164966583252,100,166,510,324,102,,,,,,,,,
BG_0106,0,background_negative,False,27.799722222217962,88.5836111111467,North Sikkim,4491.0,47.22272491455078,119.98180389404297,-1.6947311162948608,70,137,539,325,99,,,,,,,,,
BG_0107,0,background_negative,False,27.49638888888459,88.61555555559114,North Sikkim,2873.0,22.158613204956055,149.04393005371094,0.5277233123779297,10,336,293,371,98,,,,,,,,,
BG_0108,0,background_negative,False,27.191944444440104,88.14000000003553,West Sikkim,1956.0,31.3292236328125,260.01068115234375,1.0028820037841797,10,226,398,375,101,,,,,,,,,
BG_0109,0,background_negative,False,27.420277777773467,88.14472222225776,West Sikkim,3265.0,39.65672302246094,215.58653259277344,1.5880858898162842,10,212,482,306,103,,,,,,,,,
BG_0110,0,background_negative,False,27.73777777777351,88.52611111114669,North Sikkim,3877.0,32.894386291503906,290.20086669921875,-1.949646234512329,30,208,501,291,99,,,,,,,,,
BG_0111,0,background_negative,False,27.19749999999566,88.80722222225783,East Sikkim,2073.0,41.73131561279297,211.6325225830078,0.05233631655573845,10,263,339,398,106,,,,,,,,,
BG_0112,0,background_negative,False,27.09833333332898,88.79277777781338,East Sikkim,1787.0,28.68303871154785,206.07778930664062,0.7395495772361755,10,247,357,396,104,,,,,,,,,
BG_0113,0,background_negative,False,27.575555555551265,88.29083333336888,West Sikkim,3349.0,36.14112854003906,323.1982421875,-0.24241282045841217,10,254,425,321,102,,,,,,,,,
BG_0114,0,background_negative,False,27.772777777773513,88.82444444448006,North Sikkim,4145.0,33.516300201416016,91.75679016113281,-0.9557233452796936,10,128,534,338,103,,,,,,,,,
BG_0115,0,background_negative,False,27.45916666666236,88.59972222225781,Mangan,2696.0,29.692855834960938,266.3250732421875,-3.4643752574920654,10,283,362,355,98,,,,,,,,,
BG_0116,0,background_negative,False,27.774444444440178,88.58777777781336,North Sikkim,4181.0,44.83147048950195,162.90756225585938,-2.2559499740600586,70,139,538,323,99,,,,,,,,,
BG_0117,0,background_negative,False,27.546111111106818,88.75861111114672,North Sikkim,4374.0,20.507265090942383,80.62713623046875,0.15648168325424194,100,156,523,321,104,,,,,,,,,
BG_0118,0,background_negative,False,27.166666666662323,88.64472222225781,East Sikkim,694.0,23.60272216796875,307.8379211425781,-0.7916591167449951,10,309,368,323,115,,,,,,,,,
BG_0119,0,background_negative,False,27.444722222217912,88.48194444448002,North Sikkim,1933.0,22.403778076171875,256.32464599609375,0.7902577519416809,10,244,396,359,110,,,,,,,,,
BG_0120,0,background_negative,False,27.747499999995732,88.79916666670228,North Sikkim,3498.0,37.72513961791992,56.91188430786133,0.8777389526367188,10,170,507,323,103,,,,,,,,,
BG_0121,0,background_negative,False,27.531111111106814,88.19527777781332,West District,4350.0,23.112375259399414,111.78262329101562,0.5549838542938232,100,155,554,291,104,,,,,,,,,
BG_0122,0,background_negative,False,27.18749999999566,88.12583333336886,West Sikkim,2570.0,39.13266372680664,217.4735870361328,-0.26398399472236633,10,304,343,353,99,,,,,,,,,
BG_0123,0,background_negative,False,27.52527777777348,88.74972222225783,North Sikkim,4242.0,52.57252502441406,228.54859924316406,-4.7633209228515625,60,166,464,370,107,,,,,,,,,
BG_0124,0,background_negative,False,27.219722222217882,88.77472222225784,East Sikkim,1968.0,36.52371597290039,134.1396026611328,1.0040202140808105,10,278,322,400,104,,,,,,,,,
BG_0125,0,background_negative,False,27.109999999995647,88.21500000003553,West Sikkim,900.0,33.731895446777344,272.4400939941406,0.44739559292793274,10,255,353,392,123,,,,,,,,,
BG_0126,0,background_negative,False,27.289722222217893,88.66250000003559,East Sikkim,1679.0,21.68712043762207,79.40818786621094,-0.7667178511619568,10,276,381,343,101,,,,,,,,,
BG_0127,0,background_negative,False,27.446111111106802,88.18472222225776,West District,3065.0,35.48166275024414,294.9349365234375,-2.1433660984039307,10,210,457,333,105,,,,,,,,,
BG_0128,0,background_negative,False,27.53694444444015,88.83416666670229,East Sikkim,4025.0,32.021175384521484,180.0,0.6368371248245239,10,168,491,341,102,,,,,,,,,
BG_0129,0,background_negative,False,27.25972222221789,88.10388888892442,West Sikkim,1994.0,23.421194076538086,237.0602569580078,0.025720130652189255,10,285,356,359,102,,,,,,,,,
BG_0130,0,background_negative,False,27.63083333332905,88.44361111114668,North Sikkim,3516.0,28.2842960357666,291.23828125,-1.5095738172531128,10,144,456,399,99,,,,,,,,,
BG_0131,0,background_negative,False,27.551111111106817,88.28944444448,West Sikkim,3527.0,38.21194839477539,128.62013244628906,2.786292552947998,60,157,528,315,104,,,,,,,,,
BG_0132,0,background_negative,False,27.472499999995694,88.4847222222578,North Sikkim,1766.0,19.061527252197266,81.21149444580078,-0.6875190734863281,10,257,380,363,110,,,,,,,,,
BG_0133,0,background_negative,False,27.336388888884567,88.46250000003558,South Sikkim,1135.0,24.864521026611328,287.8607482910156,0.42382684350013733,10,243,370,388,113,,,,,,,,,
BG_0134,0,background_negative,False,27.14666666666232,88.26972222225777,West Sikkim,864.0,25.133474349975586,245.44851684570312,0.3693472146987915,30,241,362,397,121,,,,,,,,,
BG_0135,0,background_negative,False,27.451111111106805,88.50583333336891,North Sikkim,1109.0,52.16900634765625,327.01800537109375,0.792965292930603,10,279,359,362,109,,,,,,,,,
BG_0136,0,background_negative,False,27.33833333332901,88.83583333336895,East Sikkim,4034.0,10.563769340515137,271.2477722167969,-1.4273889064788818,30,167,516,318,103,,,,,,,,,
BG_0137,0,background_negative,False,27.44416666666236,88.2805555555911,West Sikkim,3275.0,34.3035888671875,-0.0,-1.7184672355651855,10,239,433,329,104,,,,,,,,,
BG_0138,0,background_negative,False,27.274999999995668,88.83055555559118,East Sikkim,2917.0,32.130287170410156,267.03472900390625,-0.3443385660648346,10,326,338,337,109,,,,,,,,,
BG_0139,0,background_negative,False,27.51861111110681,88.80416666670229,East Sikkim,4418.0,11.488943099975586,182.56886291503906,-1.406102180480957,100,149,527,325,103,,,,,,,,,
BG_0140,0,background_negative,False,27.48861111110681,88.26777777781332,West Sikkim,4119.0,22.830881118774414,131.72682189941406,-1.2153187990188599,10,177,543,281,104,,,,,,,,,
BG_0141,0,background_negative,False,27.61333333332905,88.35277777781333,North Sikkim,2751.0,52.830726623535156,277.252197265625,2.8119754791259766,10,171,471,358,106,,,,,,,,,
BG_0142,0,background_negative,False,27.23416666666233,88.69722222225782,East Sikkim,1292.0,40.60017395019531,307.3356018066406,1.7432304620742798,10,296,348,356,105,,,,,,,,,
BG_0143,0,background_negative,False,27.394999999995683,88.74722222225783,East Sikkim,3957.0,30.116424560546875,288.3634948730469,-0.502998411655426,30,179,453,368,105,,,,,,,,,
BG_0144,0,background_negative,False,27.056944444440084,88.41361111114668,South Sikkim,620.0,21.764684677124023,268.83428955078125,-1.0012311935424805,10,249,369,382,118,,,,,,,,,
BG_0145,0,background_negative,False,27.219722222217882,88.81583333336894,East Sikkim,2165.0,34.068275451660156,305.6282653808594,-0.5547866225242615,10,278,373,349,109,,,,,,,,,
BG_0146,0,background_negative,False,27.76277777777351,88.44888888892446,North Sikkim,4425.0,56.71287536621094,203.86715698242188,9.778939247131348,30,156,571,273,99,,,,,,,,,
BG_0147,0,background_negative,False,27.23666666666233,88.10333333336885,West Sikkim,2622.0,32.24087905883789,235.9324493408203,-1.8488417863845825,10,295,373,333,101,,,,,,,,,
BG_0148,0,background_negative,False,27.549444444440148,88.45250000003557,North Sikkim,1259.0,22.107290267944336,211.814208984375,0.6369569897651672,10,228,435,336,107,,,,,,,,,
BG_0149,0,background_negative,False,27.53694444444015,88.5372222222578,North Sikkim,1251.0,34.66062545776367,111.71691131591797,-0.48031020164489746,10,262,343,395,100,,,,,,,,,
BG_0150,0,background_negative,False,27.31944444444012,88.72888888892449,East Sikkim,2203.0,31.56916046142578,92.65167236328125,0.5277501344680786,10,227,374,400,102,,,,,,,,,
BG_0151,0,background_negative,False,27.706666666662393,88.53361111114668,North Sikkim,3660.0,24.96756935119629,203.68846130371094,-0.7664632797241211,10,204,478,318,97,,,,,,,,,
BG_0152,0,background_negative,False,27.771388888884623,88.59972222225781,North Sikkim,4116.0,26.21536636352539,183.7212371826172,-0.12750785052776337,10,148,515,337,99,,,,,,,,,
BG_0153,0,background_negative,False,27.484166666662365,88.35694444448,West Sikkim,3835.0,37.432254791259766,314.4513244628906,2.2435975074768066,10,161,470,369,102,,,,,,,,,
BG_0154,0,background_negative,False,27.059722222217864,88.61083333336892,East Sikkim,1756.0,28.219688415527344,103.56829071044922,0.26338475942611694,10,283,386,331,116,,,,,,,,,
BG_0155,0,background_negative,False,27.524444444440146,88.40694444448,North Sikkim,2576.0,36.75297927856445,229.6780242919922,0.9260991811752319,10,248,424,327,111,,,,,,,,,
BG_0156,0,background_negative,False,27.60555555555127,88.62694444448003,North Sikkim,2064.0,41.71084976196289,176.1877899169922,0.5783532857894897,10,213,420,367,101,,,,,,,,,
BG_0157,0,background_negative,False,27.5174999999957,88.32361111114666,West Sikkim,3856.0,27.850126266479492,270.0,1.4843896627426147,60,205,472,323,102,,,,,,,,,
BG_0158,0,background_negative,False,27.394722222217908,88.19194444447997,West Sikkim,2592.0,27.19415283203125,310.3997497558594,0.6063513159751892,10,218,421,361,102,,,,,,,,,
BG_0159,0,background_negative,False,27.72888888888462,88.63277777781337,North Sikkim,3385.0,23.231353759765625,102.01258850097656,-1.9938523769378662,30,173,485,342,90,,,,,,,,,
BG_0160,0,background_negative,False,27.55444444444015,88.31944444448,West Sikkim,3835.0,52.009185791015625,121.34280395507812,5.945220470428467,30,181,487,332,102,,,,,,,,,
BG_0161,0,background_negative,False,27.796944444440182,88.56388888892447,North Sikkim,3734.0,39.485557556152344,144.41244506835938,0.49362269043922424,10,150,528,322,99,,,,,,,,,
BG_0162,0,background_negative,False,27.653055555551276,88.63111111114671,North Sikkim,3606.0,39.50107192993164,179.68304443359375,-4.433401584625244,10,201,420,379,101,,,,,,,,,
BG_0163,0,background_negative,False,27.364999999995682,88.43972222225779,South Sikkim,2003.0,25.189346313476562,298.3519592285156,0.8731578588485718,10,230,421,349,107,,,,,,,,,
BG_0164,0,background_negative,False,27.6752777777735,88.65805555559115,North Sikkim,3379.0,41.9155158996582,178.5442657470703,0.8946165442466736,10,156,483,362,101,,,,,,,,,
BG_0165,0,background_negative,False,27.716666666662395,88.5722222222578,North Sikkim,2957.0,31.95286750793457,115.86228942871094,-2.493497133255005,10,161,484,355,91,,,,,,,,,
BG_0166,0,background_negative,False,27.05888888888453,88.22333333336887,West Sikkim,1085.0,32.89183044433594,55.1488151550293,-1.2917993068695068,10,256,352,392,124,,,,,,,,,
BG_0167,0,background_negative,False,27.265833333329002,88.73972222225783,East Sikkim,2573.0,35.14380645751953,60.635623931884766,1.4529961347579956,10,264,343,393,103,,,,,,,,,
BG_0168,0,background_negative,False,27.43138888888458,88.45416666670224,North Sikkim,2281.0,37.760101318359375,308.6021728515625,0.7439233660697937,10,301,333,365,110,,,,,,,,,
BG_0169,0,background_negative,False,27.23944444444011,88.21722222225776,West Sikkim,2127.0,28.163148880004883,199.8441925048828,-1.8747732639312744,10,256,386,357,101,,,,,,,,,
BG_0170,0,background_negative,False,27.77694444444018,88.48305555559112,North Sikkim,3356.0,34.04384231567383,172.62319946289062,-0.42214450240135193,60,160,520,320,99,,,,,,,,,
BG_0171,0,background_negative,False,27.683055555551277,88.64750000003559,North Sikkim,3363.0,43.23667526245117,318.3445739746094,-1.221213936805725,10,145,491,364,100,,,,,,,,,
BG_0172,0,background_negative,False,27.61944444444016,88.74555555559117,North Sikkim,4041.0,50.103004455566406,99.18182373046875,1.8535430431365967,30,178,472,350,102,,,,,,,,,
BG_0173,0,background_negative,False,27.637777777773493,88.33611111114666,North Sikkim,3191.0,36.47795104980469,29.157085418701172,5.910122394561768,10,224,447,329,104,,,,,,,,,
BG_0174,0,background_negative,False,27.431944444440134,88.22361111114665,West District,3278.0,32.251956939697266,249.6634979248047,0.7362724542617798,10,213,456,331,103,,,,,,,,,
BG_0175,0,background_negative,False,27.182222222217877,88.3455555555911,South Sikkim,980.0,13.289237976074219,208.72857666015625,0.10555416345596313,30,253,348,399,110,,,,,,,,,
BG_0176,0,background_negative,False,27.324722222217897,88.07361111114663,West Sikkim,2942.0,43.058963775634766,1.6730178594589233,-1.0539823770523071,10,319,358,324,101,,,,,,,,,
BG_0177,0,background_negative,False,27.157499999995654,88.7150000000356,East Sikkim,2309.0,36.870323181152344,87.20669555664062,4.116374969482422,10,267,354,379,106,,,,,,,,,
BG_0178,0,background_negative,False,27.616944444440158,88.27027777781332,West Sikkim,3679.0,42.919376373291016,14.189697265625,-7.6757025718688965,30,166,507,327,104,,,,,,,,,
BG_0179,0,background_negative,False,27.57361111110682,88.68916666670226,North Sikkim,2594.0,35.18168258666992,322.1112060546875,0.21501979231834412,10,240,420,340,101,,,,,,,,,
BG_0180,0,background_negative,False,27.641111111106827,88.72277777781338,North Sikkim,2447.0,37.671592712402344,134.38839721679688,1.431689739227295,10,172,458,370,101,,,,,,,,,
BG_0181,0,background_negative,False,27.599722222217935,88.77111111114672,North Sikkim,3930.0,20.788497924804688,106.14791870117188,0.31662458181381226,10,162,510,328,102,,,,,,,,,
BG_0182,0,background_negative,False,27.309999999995675,88.0652777778133,West Sikkim,2865.0,35.45829391479492,275.2346496582031,0.7923144698143005,10,290,357,353,100,,,,,,,,,
BG_0183,0,background_negative,False,27.141944444440096,88.23694444447999,West Sikkim,1249.0,24.305118560791016,95.6767349243164,0.13188490271568298,10,251,368,381,114,,,,,,,,,
BG_0184,0,background_negative,False,27.508888888884588,88.7475000000356,North Sikkim,4125.0,29.959789276123047,121.42240905761719,-1.0109273195266724,10,163,504,333,107,,,,,,,,,
BG_0185,0,background_negative,False,27.202777777773438,88.56722222225781,East Sikkim,699.0,30.339033126831055,104.05554962158203,-0.5277677178382874,10,300,349,351,114,,,,,,,,,
BG_0186,0,background_negative,False,27.62555555555127,88.26527777781332,West Sikkim,4391.0,47.52322006225586,113.90811920166016,-0.5090965628623962,60,149,511,341,104,,,,,,,,,
BG_0187,0,background_negative,False,27.3447222222179,88.47861111114668,East Sikkim,499.0,11.049342155456543,257.9967956542969,-0.18428388237953186,10,297,332,371,108,,,,,,,,,
BG_0188,0,background_negative,False,27.166944444440098,88.33638888892445,West Sikkim,1121.0,36.30127716064453,174.32452392578125,0.6597152948379517,10,260,367,373,108,,,,,,,,,
BG_0189,0,background_negative,False,27.13638888888454,88.07555555559108,West Sikkim,2037.0,34.27927017211914,5.732977390289307,-0.21111108362674713,10,281,353,366,99,,,,,,,,,
BG_0190,0,background_negative,False,27.600833333329046,88.30194444447999,West Sikkim,3998.0,27.330509185791016,59.80898666381836,-1.1925941705703735,100,192,491,317,105,,,,,,,,,
BG_0191,0,background_negative,False,27.542777777773484,88.33444444448,West Sikkim,4124.0,45.32844543457031,269.0798645019531,12.450385093688965,100,172,495,333,102,,,,,,,,,
BG_0192,0,background_negative,False,27.633611111106827,88.46166666670224,North Sikkim,2360.0,30.51768684387207,248.16017150878906,-0.7433071732521057,10,201,468,331,98,,,,,,,,,
BG_0193,0,background_negative,False,27.074999999995644,88.10000000003552,West Sikkim,1950.0,16.983722686767578,169.73207092285156,0.23728546500205994,10,282,354,365,119,,,,,,,,,
BG_0194,0,background_negative,False,27.73888888888462,88.66777777781337,North Sikkim,4253.0,28.93747901916504,162.71194458007812,-0.5832358598709106,100,127,543,330,102,,,,,,,,,
BG_0195,0,background_negative,False,27.548611111106815,88.71055555559116,North Sikkim,3624.0,26.48223876953125,327.9659729003906,1.9890817403793335,10,179,477,344,106,,,,,,,,,
BG_0196,0,background_negative,False,27.32833333332901,88.80111111114672,East Sikkim,3420.0,28.300195693969727,152.8696746826172,-0.15754909813404083,10,234,407,359,106,,,,,,,,,
BG_0197,0,background_negative,False,27.67166666666239,88.68527777781338,North Sikkim,4145.0,32.71718215942383,65.34187316894531,0.07303182035684586,10,126,533,341,102,,,,,,,,,
BG_0198,0,background_negative,False,27.091388888884534,88.80222222225784,East Sikkim,1861.0,32.54976272583008,162.62841796875,-2.030352830886841,10,254,377,369,104,,,,,,,,,
BG_0199,0,background_negative,False,27.712499999995728,88.65833333336893,North Sikkim,4297.0,24.798419952392578,202.65322875976562,-0.8667135834693909,70,141,530,329,99,,,,,,,,,
BG_0200,0,background_negative,False,27.61277777777349,88.57750000003558,North Sikkim,3839.0,17.302833557128906,197.89732360839844,-2.518479347229004,30,198,471,331,101,,,,,,,,,
BG_0201,0,background_negative,False,27.605833333329045,88.60972222225782,North Sikkim,2784.0,45.35214614868164,189.32879638671875,-1.165205717086792,10,228,400,372,100,,,,,,,,,
BG_0202,0,background_negative,False,27.547222222217925,88.3858333333689,North Sikkim,3025.0,16.78133773803711,249.50514221191406,0.3675624430179596,10,303,351,346,105,,,,,,,,,
BG_0203,0,background_negative,False,27.56861111110682,88.51944444448002,North Sikkim,2472.0,20.59963607788086,83.797607421875,0.18372777104377747,10,222,429,349,104,,,,,,,,,
BG_0204,0,background_negative,False,27.48583333332903,88.74361111114672,East Sikkim,4215.0,33.77465057373047,226.19485473632812,-1.5109412670135498,10,178,486,336,106,,,,,,,,,
BG_0205,0,background_negative,False,27.13027777777343,88.45416666670224,South Sikkim,551.0,19.79671287536621,280.39990234375,0.05260361358523369,10,262,381,357,116,,,,,,,,,
BG_0206,0,background_negative,False,27.205555555551214,88.53333333336892,East Sikkim,1145.0,22.698347091674805,39.03718948364258,-0.5277673006057739,10,265,378,358,120,,,,,,,,,
BG_0207,0,background_negative,False,27.57611111110682,88.52527777781336,North Sikkim,2094.0,34.798011779785156,288.0408935546875,0.05475093796849251,10,228,442,331,102,,,,,,,,,
BG_0208,0,background_negative,False,27.19638888888455,88.77055555559117,East Sikkim,2527.0,41.80720138549805,50.52534484863281,1.9005333185195923,10,302,296,403,104,,,,,,,,,
BG_0209,0,background_negative,False,27.58611111110682,88.67777777781338,North Sikkim,2662.0,45.31847381591797,129.98306274414062,3.0728890895843506,10,227,391,382,102,,,,,,,,,
BG_0210,0,background_negative,False,27.070833333328974,88.49055555559113,South Sikkim,957.0,14.247319221496582,24.263261795043945,-0.7379883527755737,10,266,377,357,116,,,,,,,,,
BG_0211,0,background_negative,False,27.775833333329068,88.67166666670227,North Sikkim,4232.0,20.21571159362793,146.9395751953125,0.6391443610191345,10,162,505,333,99,,,,,,,,,
BG_0212,0,background_negative,False,27.651944444440165,88.38277777781333,North Sikkim,3599.0,39.66806411743164,25.05201530456543,5.98887825012207,30,145,536,319,103,,,,,,,,,
BG_0213,0,background_negative,False,27.781111111106846,88.59722222225781,North Sikkim,3807.0,22.026405334472656,25.394906997680664,-0.7945098280906677,10,139,521,340,99,,,,,,,,,
BG_0214,0,background_negative,False,27.052777777773418,88.75583333336894,East Sikkim,1289.0,33.17140197753906,52.939640045166016,-1.527877688407898,10,264,360,376,106,,,,,,,,,
BG_0215,0,background_negative,False,27.581944444440154,88.3455555555911,North Sikkim,2155.0,42.03213119506836,155.50697326660156,1.1416065692901611,10,199,475,326,105,,,,,,,,,
BG_0216,0,background_negative,False,27.327222222217898,88.08333333336886,West Sikkim,3266.0,51.02329635620117,79.20514678955078,0.7151566743850708,10,306,362,331,101,,,,,,,,,
BG_0217,0,background_negative,False,27.63722222221794,88.43527777781334,North Sikkim,4042.0,2.4320216178894043,40.102073669433594,1.1700626611709595,30,185,499,315,98,,,,,,,,,
BG_0218,0,background_negative,False,27.3522222222179,88.40555555559112,South Sikkim,2903.0,12.793590545654297,169.615234375,-0.0,10,299,341,360,108,,,,,,,,,
BG_0219,0,background_negative,False,27.056666666662306,88.5686111111467,East Sikkim,1261.0,29.465944290161133,76.27816772460938,-0.7117295265197754,10,278,401,320,113,,,,,,,,,
BG_0220,0,background_negative,False,27.321666666662342,88.1013888889244,West Sikkim,3344.0,27.556556701660156,59.61158752441406,-0.1873142272233963,30,292,366,342,102,,,,,,,,,
BG_0221,0,background_negative,False,27.648888888884606,88.67194444448005,North Sikkim,3839.0,33.38899612426758,331.0320129394531,1.0694221258163452,10,186,475,340,104,,,,,,,,,
BG_0222,0,background_negative,False,27.180555555551212,88.80694444448007,East Sikkim,2122.0,32.60104751586914,355.5204162597656,3.2464170455932617,10,282,375,343,105,,,,,,,,,
BG_0223,0,background_negative,False,27.37666666666235,88.24250000003553,West District,2192.0,28.250707626342773,10.734029769897461,-0.18622305989265442,10,236,406,357,104,,,,,,,,,
BG_0224,0,background_negative,False,27.316111111106785,88.25472222225777,West Sikkim,1482.0,21.304180145263672,178.66387939453125,-0.37014201283454895,10,284,346,370,111,,,,,,,,,
BG_0225,0,background_negative,False,27.31944444444012,88.63444444448004,East Sikkim,1327.0,28.73417091369629,109.02108001708984,-0.053507667034864426,10,267,357,376,102,,,,,,,,,
BG_0226,0,background_negative,False,27.18083333332899,88.07916666670218,West Sikkim,2291.0,27.510255813598633,83.73243713378906,-2.216906785964966,10,331,338,331,103,,,,,,,,,
BG_0227,0,background_negative,False,27.198333333328993,88.71333333336894,East Sikkim,1201.0,27.00229263305664,105.72183227539062,-0.5280700325965881,10,290,372,338,106,,,,,,,,,
BG_0228,0,background_negative,False,27.56333333332904,88.53277777781335,North Sikkim,1689.0,26.26350975036621,328.85955810546875,0.2110852599143982,10,207,460,333,102,,,,,,,,,
BG_0229,0,background_negative,False,27.40583333332902,88.69222222225783,East Sikkim,3208.0,31.936037063598633,337.6910400390625,-0.4491516351699829,10,308,344,348,106,,,,,,,,,
BG_0230,0,background_negative,False,27.639999999995716,88.53055555559114,North Sikkim,4462.0,36.81210708618164,329.6229248046875,-2.6797988414764404,100,169,499,332,85,,,,,,,,,
BG_0231,0,background_negative,False,27.453333333329027,88.40666666670222,West Sikkim,3411.0,33.92206573486328,49.296714782714844,-0.7443450689315796,10,246,405,349,103,,,,,,,,,
BG_0232,0,background_negative,False,27.66388888888461,88.48527777781335,North Sikkim,3933.0,46.048973083496094,332.2207336425781,-1.037448525428772,10,169,506,325,91,,,,,,,,,
BG_0233,0,background_negative,False,27.463611111106804,88.36111111114667,West Sikkim,2728.0,30.57929039001465,295.6556396484375,0.37370219826698303,10,266,388,346,101,,,,,,,,,
BG_0234,0,background_negative,False,27.35527777777346,88.52416666670224,Gangtok District,2326.0,21.74241828918457,129.14942932128906,-0.2647779583930969,10,279,340,381,99,,,,,,,,,
BG_0235,0,background_negative,False,27.40055555555124,88.41916666670222,South Sikkim,2256.0,29.855493545532227,235.52809143066406,-0.44689011573791504,10,255,369,376,104,,,,,,,,,
BG_0236,0,background_negative,False,27.556666666662373,88.3455555555911,North Sikkim,3589.0,29.873315811157227,257.3401184082031,-0.07821479439735413,10,156,467,376,105,,,,,,,,,
BG_0237,0,background_negative,False,27.43888888888458,88.81000000003561,East Sikkim,4080.0,14.094709396362305,170.61026000976562,-0.8199506402015686,10,158,485,357,104,,,,,,,,,
BG_0238,0,background_negative,False,27.816944444440185,88.36750000003556,North Sikkim,4497.0,34.511512756347656,33.003299713134766,1.4278888702392578,30,123,533,344,99,,,,,,,,,
BG_0239,0,background_negative,False,27.161111111106766,88.28666666670222,West Sikkim,546.0,31.608816146850586,335.5975646972656,0.10555479675531387,10,247,370,384,115,,,,,,,,,
BG_0240,0,background_negative,False,27.3397222222179,88.5486111111467,East Sikkim,1699.0,46.18136215209961,40.88662338256836,-0.9281250238418579,10,251,368,381,105,,,,,,,,,
BG_0241,0,background_negative,False,27.245277777773442,88.68722222225782,East Sikkim,1832.0,32.217124938964844,255.061279296875,-0.7130415439605713,10,280,357,363,107,,,,,,,,,
BG_0242,0,background_negative,False,27.60555555555127,88.27500000003555,West Sikkim,3274.0,40.07087707519531,357.82611083984375,1.5684175491333008,10,145,547,309,104,,,,,,,,,
BG_0243,0,background_negative,False,27.291111111106783,88.84722222225784,East Sikkim,3786.0,27.781558990478516,15.513880729675293,1.2144312858581543,10,258,394,348,107,,,,,,,,,
BG_0244,0,background_negative,False,27.78555555555129,88.48555555559113,North Sikkim,3518.0,54.15880584716797,312.6534729003906,-0.027889912948012352,10,167,534,299,99,,,,,,,,,
BG_0245,0,background_negative,False,27.597222222217933,88.3305555555911,North Sikkim,3356.0,37.30033874511719,245.43101501464844,-3.0183520317077637,10,225,457,318,105,,,,,,,,,
BG_0246,0,background_negative,False,27.051944444440085,88.44416666670223,South Sikkim,865.0,7.66464900970459,102.1952133178711,-1.687835693359375,10,276,378,346,118,,,,,,,,,
BG_0247,0,background_negative,False,27.625833333329048,88.24444444447998,West Sikkim,4049.0,23.90399742126465,2.948220729827881,-1.133450984954834,30,173,513,314,104,,,,,,,,,
BG_0248,0,background_negative,False,27.43777777777347,88.14583333336886,West Sikkim,3860.0,44.7876091003418,235.62640380859375,1.404363989830017,10,152,507,340,103,,,,,,,,,
BG_0249,0,background_negative,False,27.093333333328978,88.15305555559108,West Sikkim,1350.0,20.272953033447266,303.34906005859375,-0.0,10,259,373,368,118,,,,,,,,,
BG_0250,0,background_negative,False,27.541944444440148,88.68944444448005,North Sikkim,2650.0,46.11686706542969,130.71054077148438,-5.846673965454102,10,233,403,365,107,,,,,,,,,
BG_0251,0,background_negative,False,27.191388888884546,88.17694444447997,West Sikkim,2191.0,30.473939895629883,27.088054656982422,-0.5806639790534973,10,325,330,345,103,,,,,,,,,
BG_0252,0,background_negative,False,27.555555555551262,88.78416666670228,North Sikkim,4436.0,39.30158996582031,41.91136169433594,-1.5322507619857788,100,141,540,319,102,,,,,,,,,
BG_0253,0,background_negative,False,27.531111111106814,88.68416666670227,North Sikkim,2530.0,49.046142578125,343.46197509765625,-2.791626453399658,10,209,389,402,107,,,,,,,,,
BG_0254,0,background_negative,False,27.539999999995704,88.34472222225777,West Sikkim,4443.0,16.864473342895508,221.39462280273438,2.090792179107666,60,170,516,314,102,,,,,,,,,
BG_0255,0,background_negative,False,27.288055555551225,88.45416666670224,South Sikkim,1031.0,31.47412109375,103.42562103271484,1.3222943544387817,10,244,354,403,118,,,,,,,,,
BG_0256,0,background_negative,False,27.45527777777347,88.58638888892447,North Sikkim,2748.0,33.53458786010742,288.5798645019531,0.9256121516227722,10,299,331,369,98,,,,,,,,,
BG_0257,0,background_negative,False,27.359166666662347,88.72055555559116,East Sikkim,3136.0,21.468547821044922,147.859375,2.6729652881622314,10,309,355,336,104,,,,,,,,,
BG_0258,0,background_negative,False,27.46555555555125,88.31388888892444,West Sikkim,3316.0,53.22534942626953,302.08380126953125,4.676874160766602,60,288,389,323,104,,,,,,,,,
BG_0259,0,background_negative,False,27.78555555555129,88.50277777781335,North Sikkim,3727.0,29.464601516723633,39.078834533691406,1.7842910289764404,30,161,512,327,99,,,,,,,,,
BG_0260,0,background_negative,False,27.32833333332901,88.74583333336894,East Sikkim,3354.0,25.65945816040039,148.62831115722656,1.5327980518341064,10,272,381,347,106,,,,,,,,,
BG_0261,0,background_negative,False,27.0855555555512,88.36722222225778,South Sikkim,525.0,19.496870040893555,145.67701721191406,-1.714334487915039,10,268,369,363,120,,,,,,,,,
BG_0262,0,background_negative,False,27.830833333329075,88.79972222225784,North Sikkim,4461.0,26.62413787841797,56.017276763916016,0.2605994641780853,30,139,533,328,103,,,,,,,,,
BG_0263,0,background_negative,False,27.767222222217956,88.81333333336894,North Sikkim,3799.0,21.531932830810547,136.94842529296875,-0.07769179344177246,10,150,529,321,103,,,,,,,,,
BG_0264,0,background_negative,False,27.128055555551207,88.70111111114672,East Sikkim,1995.0,41.51607894897461,108.45458221435547,-1.0025951862335205,10,271,354,375,108,,,,,,,,,
BG_0265,0,background_negative,False,27.270833333329,88.77861111114672,East Sikkim,2903.0,35.12638854980469,141.19769287109375,-0.5820290446281433,10,332,277,391,109,,,,,,,,,
BG_0266,0,background_negative,False,27.723333333329062,88.69277777781338,North Sikkim,4491.0,9.6210298538208,56.56589889526367,-0.555425226688385,60,153,562,285,103,,,,,,,,,
BG_0267,0,background_negative,False,27.484166666662365,88.47638888892446,North Sikkim,1226.0,21.327184677124023,192.1180877685547,-1.0282987356185913,10,279,348,373,112,,,,,,,,,
BG_0268,0,background_negative,False,27.67138888888461,88.81583333336894,North Sikkim,4164.0,11.725543022155762,183.7801055908203,-0.6608447432518005,30,153,516,331,103,,,,,,,,,
BG_0269,0,background_negative,False,27.3347222222179,88.29111111114666,West Sikkim,1568.0,21.10862159729004,357.974853515625,1.2430295944213867,10,267,370,363,105,,,,,,,,,
BG_0270,0,background_negative,False,27.32333333332901,88.34500000003555,South Sikkim,1771.0,39.62145233154297,338.7478332519531,-1.4524383544921875,10,269,338,393,100,,,,,,,,,
BG_0271,0,background_negative,False,27.44277777777347,88.70833333336894,East Sikkim,2633.0,37.72260665893555,184.0492401123047,1.2448222637176514,10,258,417,324,106,,,,,,,,,
BG_0272,0,background_negative,False,27.416111111106797,88.43861111114668,South Sikkim,2437.0,38.48152542114258,13.912457466125488,-2.010195255279541,10,326,328,347,107,,,,,,,,,
BG_0273,0,background_negative,False,27.269166666662336,88.06361111114663,West Sikkim,2216.0,31.20025634765625,66.27576446533203,0.05228516459465027,10,251,402,346,100,,,,,,,,,
BG_0274,0,background_negative,False,27.256111111106776,88.35055555559111,South Sikkim,1912.0,35.016204833984375,125.83350372314453,-0.36985963582992554,10,255,368,377,101,,,,,,,,,
BG_0275,0,background_negative,False,27.49361111110681,88.55333333336891,North Sikkim,1872.0,29.164770126342773,126.11550903320312,0.666750431060791,10,250,357,393,105,,,,,,,,,
BG_0276,0,background_negative,False,27.41722222221791,88.10888888892441,Gyalshing,4014.0,36.23728561401367,285.75433349609375,1.718153476715088,30,173,522,305,103,,,,,,,,,
BG_0277,0,background_negative,False,27.60527777777349,88.25944444447998,West Sikkim,4149.0,30.709766387939453,273.920166015625,3.673018217086792,30,160,520,320,104,,,,,,,,,
BG_0278,0,background_negative,False,27.1794444444401,88.22250000003554,West Sikkim,1198.0,26.322298049926758,82.45269012451172,-0.5278921723365784,10,241,369,390,105,,,,,,,,,
BG_0279,0,background_negative,False,27.360555555551237,88.48555555559113,East Sikkim,946.0,27.219951629638672,108.88690948486328,0.18610705435276031,10,296,331,373,105,,,,,,,,,
BG_0280,0,background_negative,False,27.06249999999564,88.36638888892445,South Sikkim,1467.0,40.23481369018555,201.3813018798828,1.3722509145736694,10,275,362,363,120,,,,,,,,,
BG_0281,0,background_negative,False,27.782222222217957,88.57083333336892,North Sikkim,3731.0,34.56043243408203,184.94317626953125,-1.3779581785202026,60,153,547,300,99,,,,,,,,,
BG_0282,0,background_negative,False,27.106666666662314,88.47000000003557,South Sikkim,400.0,26.737668991088867,46.108612060546875,-0.0,10,262,360,379,115,,,,,,,,,
BG_0283,0,background_negative,False,27.638888888884605,88.56500000003558,North Sikkim,3593.0,38.69955825805664,186.53636169433594,-0.6882999539375305,10,208,466,326,100,,,,,,,,,
BG_0284,0,background_negative,False,27.45305555555125,88.12083333336886,Gyalshing,3870.0,33.97260284423828,192.4851531982422,1.6914945840835571,10,161,497,342,103,,,,,,,,,
BG_0285,0,background_negative,False,27.140277777773427,88.11750000003552,West Sikkim,1998.0,27.563838958740234,51.50697708129883,0.07922984659671783,10,276,408,316,102,,,,,,,,,
BG_0286,0,background_negative,False,27.82749999999574,88.7213888889245,North Sikkim,4147.0,9.599916458129883,20.553302764892578,-0.9282577633857727,30,139,545,315,103,,,,,,,,,
BG_0287,0,background_negative,False,27.45277777777347,88.47527777781335,North Sikkim,2215.0,26.74310874938965,182.07089233398438,1.4317615032196045,10,238,386,375,109,,,,,,,,,
BG_0288,0,background_negative,False,27.11222222221787,88.6725000000356,East Sikkim,1278.0,37.73737335205078,160.8294219970703,1.1348600387573242,10,284,370,346,107,,,,,,,,,
BG_0289,0,background_negative,False,27.68944444444017,88.45500000003557,North Sikkim,3966.0,21.41889190673828,116.43203735351562,-1.0881142616271973,70,170,526,304,99,,,,,,,,,
BG_0290,0,background_negative,False,27.726388888884618,88.64750000003559,North Sikkim,4154.0,28.90456771850586,222.0267333984375,-0.5831761956214905,10,151,539,309,92,,,,,,,,,
BG_0291,0,background_negative,False,27.613611111106824,88.4433333333689,North Sikkim,3261.0,46.21403884887695,227.9728546142578,0.2891561985015869,10,220,478,302,106,,,,,,,,,
BG_0292,0,background_negative,False,27.56361111110682,88.38861111114667,North Sikkim,2580.0,35.7708854675293,281.3780822753906,2.59922456741333,10,194,449,357,106,,,,,,,,,
BG_0293,0,background_negative,False,27.810555555551296,88.38055555559112,North Sikkim,4419.0,30.512208938598633,15.2766695022583,0.5835790038108826,30,111,541,348,99,,,,,,,,,
BG_0294,0,background_negative,False,27.311111111106786,88.32638888892444,Namchi,1041.0,33.3793830871582,158.5482940673828,1.1103553771972656,10,250,322,428,104,,,,,,,,,
BG_0295,0,background_negative,False,27.241388888884554,88.45416666670224,South Sikkim,745.0,50.21443176269531,127.74259185791016,0.5536141991615295,10,270,373,356,120,,,,,,,,,
BG_0296,0,background_negative,False,27.053333333328972,88.33361111114667,South Sikkim,1462.0,21.738798141479492,157.95079040527344,-0.23723548650741577,10,277,354,369,118,,,,,,,,,
BG_0297,0,background_negative,False,27.14527777777343,88.32222222225778,West Sikkim,1105.0,31.595808029174805,341.9424743652344,-1.4775683879852295,10,255,343,401,112,,,,,,,,,
BG_0298,0,background_negative,False,27.287222222217892,88.35666666670222,South Sikkim,2032.0,13.956493377685547,135.9720916748047,0.026676470413804054,30,294,366,340,101,,,,,,,,,
BG_0299,0,background_negative,False,27.289444444440115,88.71583333336893,East Sikkim,1851.0,44.16997146606445,322.19580078125,1.6633093357086182,10,279,415,305,106,,,,,,,,,
BG_0300,0,background_negative,False,27.699722222217947,88.6550000000356,North Sikkim,3975.0,31.63085174560547,324.1858215332031,0.7664476633071899,30,175,507,318,100,,,,,,,,,
BG_0301,0,background_negative,False,27.141944444440096,88.61416666670226,East Sikkim,1251.0,13.425382614135742,294.0996398925781,1.1608718633651733,10,289,398,313,118,,,,,,,,,
BG_0302,0,background_negative,False,27.4186111111068,88.71611111114672,East Sikkim,3345.0,34.33769226074219,340.94805908203125,-0.7388291358947754,10,237,419,344,106,,,,,,,,,
BG_0303,0,background_negative,False,27.731944444440174,88.51555555559113,North Sikkim,4167.0,33.67232131958008,263.349609375,-0.7720130681991577,100,195,506,299,99,,,,,,,,,
BG_0304,0,background_negative,False,27.102777777773422,88.41944444448,South Sikkim,782.0,25.595125198364258,314.72381591796875,-1.3978612422943115,10,281,377,342,116,,,,,,,,,
BG_0305,0,background_negative,False,27.06888888888453,88.47611111114668,South Sikkim,1090.0,9.435286521911621,307.6588134765625,-0.13171379268169403,10,265,360,375,117,,,,,,,,,
BG_0306,0,background_negative,False,27.416666666662355,88.25861111114665,West Sikkim,2298.0,39.57577896118164,274.7911071777344,-0.5349522233009338,10,236,432,332,102,,,,,,,,,
BG_0307,0,background_negative,False,27.23916666666233,88.7150000000356,East Sikkim,1065.0,11.823113441467285,148.60691833496094,-0.4487711489200592,10,274,362,364,111,,,,,,,,,
BG_0308,0,background_negative,False,27.318333333329008,88.79666666670228,East Sikkim,3601.0,10.75587272644043,101.09313201904297,1.0034527778625488,10,255,394,351,108,,,,,,,,,
BG_0309,0,background_negative,False,27.65333333332905,88.65972222225781,North Sikkim,4004.0,56.5516471862793,24.945796966552734,-4.419264316558838,30,183,499,319,104,,,,,,,,,
BG_0310,0,background_negative,False,27.460833333329028,88.32138888892445,West Sikkim,2669.0,57.695926666259766,186.4455108642578,-12.238887786865234,10,265,414,321,102,,,,,,,,,
BG_0311,0,background_negative,False,27.126944444440095,88.64333333336893,East Sikkim,1530.0,30.344587326049805,131.22811889648438,-2.4007296562194824,10,273,370,357,115,,,,,,,,,
BG_0312,0,background_negative,False,27.610833333329047,88.40583333336889,North Sikkim,2966.0,46.102272033691406,325.53753662109375,-3.3121371269226074,10,239,467,295,106,,,,,,,,,
BG_0313,0,background_negative,False,27.483888888884586,88.67138888892448,North Sikkim,2959.0,27.590450286865234,32.108253479003906,0.7961762547492981,10,208,471,320,103,,,,,,,,,
BG_0314,0,background_negative,False,27.062222222217862,88.7788888889245,East Sikkim,2003.0,28.15243911743164,193.73057556152344,-1.476812720298767,10,307,345,348,104,,,,,,,,,
BG_0315,0,background_negative,False,27.117777777773426,88.59527777781337,East Sikkim,1620.0,27.436603546142578,229.51319885253906,-0.39501702785491943,10,285,390,325,118,,,,,,,,,
BG_0316,0,background_negative,False,27.184166666662325,88.23222222225776,West Sikkim,1170.0,23.875749588012695,289.2868957519531,-0.15841421484947205,10,262,383,355,107,,,,,,,,,
BG_0317,0,background_negative,False,27.417499999995687,88.7977777778134,East Sikkim,4481.0,31.373241424560547,177.4335174560547,-0.28965097665786743,100,160,500,341,103,,,,,,,,,
BG_0318,0,background_negative,False,27.134722222217874,88.61583333336893,East Sikkim,1128.0,18.001537322998047,299.9942932128906,0.26373592019081116,10,270,389,342,118,,,,,,,,,
BG_0319,0,background_negative,False,27.157222222217875,88.3605555555911,South Sikkim,1222.0,31.882938385009766,311.2551574707031,-1.0290918350219727,10,271,374,355,109,,,,,,,,,
BG_0320,0,background_negative,False,27.404999999995685,88.26111111114665,West Sikkim,2391.0,10.47482681274414,280.12060546875,3.8897573947906494,10,229,426,345,102,,,,,,,,,
BG_0321,0,background_negative,False,27.407499999995686,88.29777777781332,West Sikkim,1961.0,27.461654663085938,349.9151306152344,1.1903036832809448,10,231,447,322,103,,,,,,,,,
BG_0322,0,background_negative,False,27.138611111106762,88.5447222222578,East Sikkim,772.0,31.96722984313965,44.28916549682617,3.1129448413848877,10,274,352,375,113,,,,,,,,,
BG_0323,0,background_negative,False,27.313888888884563,88.58472222225781,Gangtok District,943.0,24.013063430786133,329.99609375,-1.0034326314926147,10,280,344,376,112,,,,,,,,,
BG_0324,0,background_negative,False,27.687222222217947,88.41250000003556,North Sikkim,3869.0,31.25906753540039,50.043277740478516,-0.41710400581359863,10,163,517,320,99,,,,,,,,,
BG_0325,0,background_negative,False,27.466111111106805,88.67888888892449,North Sikkim,2387.0,27.364166259765625,25.532896041870117,-0.04844391718506813,30,235,425,340,103,,,,,,,,,
BG_0326,0,background_negative,False,27.31444444444012,88.77472222225784,East Sikkim,3420.0,24.561134338378906,14.400940895080566,1.108985424041748,10,276,372,352,109,,,,,,,,,
BG_0327,0,background_negative,False,27.338055555551232,88.63916666670227,East Sikkim,1633.0,17.812240600585938,316.09130859375,0.7924433946609497,10,266,404,331,102,,,,,,,,,
BG_0328,0,background_negative,False,27.29777777777345,88.71972222225783,East Sikkim,1753.0,34.627140045166016,247.16123962402344,2.1414849758148193,10,275,379,347,106,,,,,,,,,
BG_0329,0,background_negative,False,27.20861111110677,88.77083333336894,East Sikkim,2470.0,12.983020782470703,115.00814819335938,0.5811436772346497,10,296,297,408,104,,,,,,,,,
BG_0330,0,background_negative,False,27.358055555551235,88.50638888892446,East Sikkim,1717.0,30.855178833007812,120.65162658691406,-0.26479119062423706,10,235,384,381,105,,,,,,,,,
BG_0331,0,background_negative,False,27.58777777777349,88.59166666670225,North Sikkim,3638.0,27.648969650268555,359.50152587890625,-1.536468267440796,10,207,444,349,99,,,,,,,,,
BG_0332,0,background_negative,False,27.558888888884596,88.47388888892446,North Sikkim,1697.0,47.53499221801758,342.777587890625,0.7152569890022278,10,254,426,320,107,,,,,,,,,
BG_0333,0,background_negative,False,27.202777777773438,88.29583333336888,West Sikkim,1054.0,23.717967987060547,203.7773895263672,1.2934612035751343,10,282,340,378,108,,,,,,,,,
BG_0334,0,background_negative,False,27.503055555551256,88.40166666670223,North Sikkim,2457.0,41.473575592041016,153.03726196289062,-1.7495980262756348,10,334,364,301,105,,,,,,,,,
BG_0335,0,background_negative,False,27.293333333329006,88.77583333336895,East Sikkim,2879.0,28.884113311767578,320.61968994140625,-2.590242862701416,10,298,338,364,109,,,,,,,,,
BG_0336,0,background_negative,False,27.440833333329024,88.30805555559111,West Sikkim,3332.0,13.016854286193848,280.1173400878906,4.316195011138916,10,299,363,338,104,,,,,,,,,
BG_0337,0,background_negative,False,27.11972222221787,88.42638888892445,South Sikkim,1300.0,15.72690200805664,213.22962951660156,0.342944860458374,10,266,389,346,115,,,,,,,,,
BG_0338,0,background_negative,False,27.139722222217873,88.2241666667022,West Sikkim,797.0,26.396238327026367,109.60189819335938,0.026324253529310226,30,254,359,387,116,,,,,,,,,
BG_0339,0,background_negative,False,27.06249999999564,88.10333333336885,West Sikkim,2241.0,22.904926300048828,50.6254997253418,0.1588333249092102,10,305,342,353,119,,,,,,,,,
BG_0340,0,background_negative,False,27.516944444440146,88.30944444448,West Sikkim,3983.0,9.63769245147705,220.07080078125,-0.2655507028102875,30,194,479,327,102,,,,,,,,,
BG_0341,0,background_negative,False,27.609999999995715,88.76500000003561,North Sikkim,3992.0,39.84392166137695,263.8540344238281,-0.9267045259475708,30,153,545,302,102,,,,,,,,,
BG_0342,0,background_negative,False,27.514166666662366,88.46138888892446,North Sikkim,2389.0,31.346376419067383,158.9661407470703,0.8749316930770874,10,292,365,343,111,,,,,,,,,
BG_0343,0,background_negative,False,27.539722222217925,88.67166666670227,North Sikkim,1934.0,42.0527229309082,90.51587677001953,1.610437035560608,10,199,445,356,107,,,,,,,,,
BG_0344,0,background_negative,False,27.7566666666624,88.64750000003559,North Sikkim,4243.0,21.359495162963867,34.8851318359375,-0.4278844892978668,10,167,499,334,86,,,,,,,,,
BG_0345,0,background_negative,False,27.34333333332901,88.10805555559108,Gyalshing,2639.0,39.83030700683594,238.27455139160156,-0.8477860689163208,10,326,327,346,103,,,,,,,,,
BG_0346,0,background_negative,False,27.4361111111068,88.72194444448004,East Sikkim,3202.0,42.85586166381836,158.1103057861328,-0.7117902636528015,10,214,431,355,105,,,,,,,,,
BG_0347,0,background_negative,False,27.77194444444018,88.49250000003558,North Sikkim,3955.0,32.25630569458008,157.90377807617188,0.8442901968955994,10,148,504,348,99,,,,,,,,,
BG_0348,0,background_negative,False,27.616944444440158,88.59166666670225,North Sikkim,3230.0,43.81098937988281,302.23284912109375,-1.5456045866012573,30,196,441,363,101,,,,,,,,,
BG_0349,0,background_negative,False,27.449166666662357,88.59944444448003,Mangan,2008.0,21.89997673034668,279.888671875,0.42490553855895996,10,217,437,346,98,,,,,,,,,
BG_0350,0,background_negative,False,27.375555555551237,88.52138888892446,Gangtok District,1541.0,22.8966007232666,180.0,-0.6352972984313965,10,253,369,378,103,,,,,,,,,
BG_0351,0,background_negative,False,27.399999999995686,88.46138888892446,South Sikkim,1979.0,24.463680267333984,315.5682678222656,-0.07859968394041061,10,296,355,350,107,,,,,,,,,
BG_0352,0,background_negative,False,27.445833333329023,88.63944444448003,North Sikkim,2042.0,40.556522369384766,254.30699157714844,2.1163015365600586,10,202,451,346,102,,,,,,,,,
BG_0353,0,background_negative,False,27.501388888884588,88.17250000003553,West District,3860.0,36.679691314697266,258.0426025390625,2.3284382820129395,30,157,546,297,105,,,,,,,,,
BG_0354,0,background_negative,False,27.210277777773438,88.12500000003553,West Sikkim,2851.0,12.666849136352539,207.69940185546875,-0.9768882393836975,10,320,313,366,102,,,,,,,,,
BG_0355,0,background_negative,False,27.514999999995702,88.70166666670227,North Sikkim,3213.0,22.185501098632812,170.35540771484375,0.9021682143211365,10,187,488,325,106,,,,,,,,,
BG_0356,0,background_negative,False,27.41055555555124,88.10361111114663,Gyalshing,3888.0,42.41351318359375,35.99798583984375,7.772975444793701,30,148,535,316,103,,,,,,,,,
BG_0357,0,background_negative,False,27.314999999995674,88.53388888892447,East Sikkim,1981.0,31.482545852661133,281.47540283203125,0.3180729150772095,10,270,366,364,105,,,,,,,,,
BG_0358,0,background_negative,False,27.77194444444018,88.43222222225779,North Sikkim,3856.0,32.96401596069336,329.0760498046875,0.21696141362190247,10,166,497,336,99,,,,,,,,,
BG_0359,0,background_negative,False,27.459722222217916,88.76333333336895,East Sikkim,4451.0,36.6693000793457,94.69288635253906,2.520125150680542,100,161,529,310,104,,,,,,,,,
BG_0360,0,background_negative,False,27.10222222221787,88.67916666670226,East Sikkim,1752.0,27.529996871948242,141.1828155517578,-0.10494082421064377,10,270,361,369,107,,,,,,,,,
BG_0361,0,background_negative,False,27.792777777773516,88.43361111114667,North Sikkim,4088.0,42.44823455810547,232.53860473632812,-4.829300880432129,10,132,516,352,99,,,,,,,,,
BG_0362,0,background_negative,False,27.07749999999564,88.39083333336889,South Sikkim,868.0,35.88218688964844,177.84347534179688,1.2666877508163452,10,273,375,352,119,,,,,,,,,
BG_0363,0,background_negative,False,27.285555555551227,88.06916666670219,West Sikkim,2556.0,22.214263916015625,228.22036743164062,-0.6333062648773193,10,290,360,351,100,,,,,,,,,
BG_0364,0,background_negative,False,27.72611111110684,88.57916666670225,North Sikkim,3628.0,54.60794448852539,124.23443603515625,2.371880054473877,10,167,459,374,97,,,,,,,,,
BG_0365,0,background_negative,False,27.272777777773445,88.71444444448005,East Sikkim,1174.0,38.37063217163086,297.1614990234375,-0.2654024660587311,10,271,400,329,106,,,,,,,,,
BG_0366,0,background_negative,False,27.312499999995673,88.29833333336889,West Sikkim,1332.0,33.494163513183594,225.60406494140625,1.6381261348724365,10,287,341,372,107,,,,,,,,,
BG_0367,0,background_negative,False,27.45916666666236,88.46166666670224,North Sikkim,2163.0,28.770648956298828,258.0484619140625,-0.7901842594146729,10,282,355,363,109,,,,,,,,,
BG_0368,0,background_negative,False,27.536111111106816,88.73222222225783,North Sikkim,3821.0,21.365097045898438,101.98278045654297,-0.9807374477386475,10,186,458,355,107,,,,,,,,,
BG_0369,0,background_negative,False,27.122777777773425,88.19583333336887,West Sikkim,1047.0,18.66657066345215,207.17990112304688,0.5807676911354065,10,248,355,397,119,,,,,,,,,
BG_0370,0,background_negative,False,27.45305555555125,88.32583333336889,West Sikkim,2738.0,31.147335052490234,208.32839965820312,-0.08398764580488205,10,229,407,363,102,,,,,,,,,
BG_0371,0,background_negative,False,27.629999999995714,88.41638888892446,North Sikkim,3336.0,44.118289947509766,324.3348083496094,-1.6061279773712158,30,155,486,359,99,,,,,,,,,
BG_0372,0,background_negative,False,27.42138888888458,88.68777777781338,East Sikkim,3103.0,37.88998031616211,103.88945770263672,0.61118483543396,10,321,350,328,106,,,,,,,,,
BG_0373,0,background_negative,False,27.491666666662365,88.33250000003555,West Sikkim,2939.0,26.46026611328125,281.769775390625,1.055448055267334,10,280,414,306,102,,,,,,,,,
BG_0374,0,background_negative,False,27.425277777773466,88.38055555559112,West Sikkim,2440.0,37.38389205932617,39.58991241455078,1.8483139276504517,10,223,404,373,102,,,,,,,,,
BG_0375,0,background_negative,False,27.1544444444401,88.64722222225781,East Sikkim,1103.0,32.38310241699219,228.73341369628906,-2.321974039077759,10,278,361,361,115,,,,,,,,,
BG_0376,0,background_negative,False,27.053333333328972,88.05555555559107,West Sikkim,2214.0,35.69443893432617,228.16050720214844,0.36999329924583435,10,303,365,332,107,,,,,,,,,
BG_0377,0,background_negative,False,27.23166666666233,88.45527777781335,East Sikkim,1103.0,24.165952682495117,154.83349609375,0.07963032275438309,10,247,355,397,119,,,,,,,,,
BG_0378,0,background_negative,False,27.46416666666236,88.37138888892444,West Sikkim,2648.0,18.18235969543457,21.97821807861328,-0.5034920573234558,10,267,385,348,101,,,,,,,,,
BG_0379,0,background_negative,False,27.063611111106752,88.33500000003555,Namchi,1057.0,25.549108505249023,147.25424194335938,0.0794139951467514,10,284,353,363,118,,,,,,,,,
BG_0380,0,background_negative,False,27.140833333328985,88.4922222222578,South Sikkim,548.0,33.764503479003906,323.3072204589844,-0.1582091897726059,10,261,371,368,113,,,,,,,,,
BG_0381,0,background_negative,False,27.62805555555127,88.32777777781332,North Sikkim,2473.0,28.454147338867188,205.94424438476562,0.5002008676528931,10,222,470,308,105,,,,,,,,,
BG_0382,0,background_negative,False,27.268333333329,88.64888888892449,East Sikkim,1891.0,22.738008499145508,171.2677764892578,-1.0032265186309814,10,283,346,371,102,,,,,,,,,
BG_0383,0,background_negative,False,27.08944444444009,88.05222222225774,West Sikkim,2840.0,37.571266174316406,339.99603271484375,-0.8167760968208313,10,300,372,327,99,,,,,,,,,
BG_0384,0,background_negative,False,27.425555555551245,88.72111111114671,East Sikkim,3884.0,38.95756912231445,20.08070945739746,0.47620657086372375,100,178,433,389,105,,,,,,,,,
BG_0385,0,background_negative,False,27.775277777773514,88.56666666670225,North Sikkim,4174.0,29.517723083496094,89.17809295654297,-0.5276808738708496,60,170,531,299,99,,,,,,,,,
BG_0386,0,background_negative,False,27.415277777773465,88.48944444448001,North Sikkim,1488.0,30.258888244628906,234.21630859375,-1.345127820968628,10,254,401,344,111,,,,,,,,,
BG_0387,0,background_negative,False,27.169722222217878,88.20250000003554,West Sikkim,1655.0,36.294071197509766,33.38452911376953,-1.8472464084625244,10,283,390,327,104,,,,,,,,,
BG_0388,0,background_negative,False,27.711111111106838,88.59500000003558,North Sikkim,3848.0,58.69893264770508,0.15895944833755493,-10.974695205688477,30,181,470,349,85,,,,,,,,,
BG_0389,0,background_negative,False,27.379999999995682,88.19138888892442,West Sikkim,2612.0,38.30417251586914,346.3414611816406,3.5430405139923096,10,219,425,356,102,,,,,,,,,
BG_0390,0,background_negative,False,27.08833333332898,88.60277777781337,East Sikkim,1409.0,29.38977813720703,345.0612487792969,1.1865812540054321,10,274,387,339,117,,,,,,,,,
BG_0391,0,background_negative,False,27.533611111106815,88.35472222225778,West Sikkim,4253.0,61.01559066772461,277.3670654296875,2.9385788440704346,30,174,506,319,104,,,,,,,,,
BG_0392,0,background_negative,False,27.723888888884616,88.74361111114672,North Sikkim,3130.0,23.744142532348633,257.1995849609375,-1.4051417112350464,60,158,502,340,103,,,,,,,,,
BG_0393,0,background_negative,False,27.06638888888453,88.35388888892444,South Sikkim,1572.0,13.061488151550293,257.8739318847656,-0.8435047268867493,10,271,327,401,120,,,,,,,,,
BG_0394,0,background_negative,False,27.54416666666237,88.43888888892445,North Sikkim,1932.0,56.10213851928711,84.20562744140625,0.32757091522216797,10,224,439,337,108,,,,,,,,,
BG_0395,0,background_negative,False,27.83666666666241,88.53583333336891,North Sikkim,4142.0,38.45558166503906,172.73007202148438,-0.6117208003997803,10,147,516,337,99,,,,,,,,,
BG_0396,0,background_negative,False,27.35611111110679,88.7038888889245,East Sikkim,2939.0,29.728975296020508,171.29627990722656,0.13239096105098724,10,296,352,352,102,,,,,,,,,
BG_0397,0,background_negative,False,27.40194444444013,88.39472222225778,West Sikkim,2698.0,34.05193328857422,346.7672119140625,0.3435951769351959,10,311,347,343,102,,,,,,,,,
BG_0398,0,background_negative,False,27.56222222221793,88.35611111114666,North Sikkim,3209.0,26.542747497558594,179.47732543945312,-0.027341583743691444,10,324,372,304,105,,,,,,,,,
BG_0399,0,background_negative,False,27.273888888884557,88.34055555559111,South Sikkim,2017.0,28.083049774169922,140.9264678955078,-0.4754945933818817,10,261,346,393,100,,,,,,,,,
BG_0400,0,background_negative,False,27.72833333332906,88.7913888889245,North Sikkim,4484.0,33.69357681274414,111.43375396728516,-1.1663709878921509,30,131,552,316,103,,,,,,,,,
BG_0401,0,background_negative,False,27.594444444440157,88.28833333336888,West Sikkim,3590.0,34.72502517700195,225.79351806640625,3.4802911281585693,60,204,440,356,102,,,,,,,,,
BG_0402,0,background_negative,False,27.130555555551204,88.63305555559114,East Sikkim,1177.0,32.683265686035156,146.01950073242188,-0.7388899922370911,10,262,393,345,115,,,,,,,,,
BG_0403,0,background_negative,False,27.52527777777348,88.13611111114663,West Sikkim,4041.0,11.984515190124512,40.072959899902344,0.023789025843143463,100,142,548,310,103,,,,,,,,,
BG_0404,0,background_negative,False,27.223611111106774,88.06611111114663,West Sikkim,2697.0,40.68732452392578,87.02159881591797,0.3962312936782837,10,316,342,342,102,,,,,,,,,
BG_0405,0,background_negative,False,27.05999999999564,88.18361111114665,West Sikkim,897.0,29.326881408691406,287.6751403808594,0.31667351722717285,10,238,350,412,118,,,,,,,,,
BG_0406,0,background_negative,False,27.407222222217907,88.42750000003556,South Sikkim,2025.0,27.56864356994629,298.3254699707031,0.05393068864941597,10,262,376,362,104,,,,,,,,,
BG_0407,0,background_negative,False,27.57861111110682,88.4358333333689,North Sikkim,1495.0,38.15355682373047,291.849853515625,-1.8061691522598267,10,244,416,340,107,,,,,,,,,
BG_0408,0,background_negative,False,27.220833333328994,88.11250000003552,West Sikkim,2762.0,25.571847915649414,154.10702514648438,0.9239766597747803,10,320,333,348,102,,,,,,,,,
BG_0409,0,background_negative,False,27.156111111106764,88.84083333336895,East Sikkim,1126.0,31.264585494995117,260.7623596191406,-1.6095854043960571,10,292,361,348,106,,,,,,,,,
BG_0410,0,background_negative,False,27.615277777773493,88.84666666670229,North Sikkim,4446.0,29.124725341796875,79.07623291015625,1.0597541332244873,60,115,553,332,103,,,,,,,,,
BG_0411,0,background_negative,False,27.49222222221792,88.51638888892447,North Sikkim,904.0,48.61970901489258,356.5499267578125,-2.195549726486206,10,280,335,385,113,,,,,,,,,
BG_0412,0,background_negative,False,27.652777777773498,88.54083333336891,North Sikkim,4136.0,18.96573257446289,284.367919921875,-0.0,30,170,524,306,85,,,,,,,,,
BG_0413,0,background_negative,False,27.306388888884563,88.63527777781337,East Sikkim,1664.0,16.534317016601562,95.4949951171875,-0.7388529181480408,10,269,335,397,105,,,,,,,,,
BG_0414,0,background_negative,False,27.399722222217907,88.77166666670227,East Sikkim,4007.0,19.381816864013672,135.7006378173828,-0.4221903681755066,30,157,473,370,104,,,,,,,,,
BG_0415,0,background_negative,False,27.62833333332905,88.50138888892447,North Sikkim,3879.0,32.67890548706055,125.17557525634766,-0.6102126836776733,10,195,473,332,96,,,,,,,,,
BG_0416,0,background_negative,False,27.533888888884594,88.63888888892448,North Sikkim,2001.0,14.936307907104492,138.23995971679688,0.21108704805374146,30,238,415,347,102,,,,,,,,,
BG_0417,0,background_negative,False,27.252777777773442,88.84722222225784,East Sikkim,2398.0,45.40570831298828,55.07035446166992,1.2150839567184448,10,260,390,350,109,,,,,,,,,
BG_0418,0,background_negative,False,27.492777777773476,88.17694444447997,West District,3655.0,48.710182189941406,252.1391143798828,-6.028634548187256,10,146,530,324,105,,,,,,,,,
BG_0419,0,background_negative,False,27.6038888888846,88.50388888892446,North Sikkim,4019.0,20.578886032104492,283.7655944824219,-1.1377439498901367,10,179,480,341,104,,,,,,,,,
BG_0420,0,background_negative,False,27.27972222221789,88.31777777781333,West Sikkim,1633.0,15.60086727142334,150.76905822753906,0.02665848657488823,10,256,322,422,106,,,,,,,,,
BG_0421,0,background_negative,False,27.124722222217873,88.83444444448007,East Sikkim,1384.0,37.921043395996094,21.892078399658203,0.8173556327819824,10,269,358,372,105,,,,,,,,,
BG_0422,0,background_negative,False,27.376111111106795,88.65444444448003,East Sikkim,2620.0,39.49474334716797,92.54167175292969,1.7196885347366333,10,258,391,351,101,,,,,,,,,
BG_0423,0,background_negative,False,27.274166666662335,88.27083333336888,West Sikkim,640.0,42.50574493408203,351.1571960449219,0.18445761501789093,30,289,362,349,115,,,,,,,,,
BG_0424,0,background_negative,False,27.05499999999564,88.37250000003556,South Sikkim,1694.0,22.71057891845703,181.86325073242188,0.2111159712076187,10,292,356,352,120,,,,,,,,,
BG_0425,0,background_negative,False,27.123888888884537,88.35388888892444,South Sikkim,620.0,24.992551803588867,237.8970489501953,-0.8440379500389099,10,267,362,371,115,,,,,,,,,
BG_0426,0,background_negative,False,27.158055555551208,88.59555555559115,East Sikkim,1510.0,26.2205867767334,64.60951232910156,-0.580510139465332,10,280,368,352,117,,,,,,,,,
BG_0427,0,background_negative,False,27.319722222217898,88.14083333336886,Gyalshing,2214.0,33.248741149902344,200.71356201171875,0.5812590718269348,10,229,395,377,105,,,,,,,,,
BG_0428,0,background_negative,False,27.65499999999572,88.6925000000356,North Sikkim,3980.0,31.293115615844727,309.3956298828125,-1.4318889379501343,10,156,518,326,102,,,,,,,,,
BG_0429,0,background_negative,False,27.6752777777735,88.38666666670223,North Sikkim,3819.0,26.687482833862305,53.862125396728516,-1.5653375387191772,70,175,519,306,99,,,,,,,,,
BG_0430,0,background_negative,False,27.514444444440144,88.64027777781337,North Sikkim,2500.0,16.84163475036621,186.9134979248047,-0.9771223068237305,10,291,313,397,102,,,,,,,,,
BG_0431,0,background_negative,False,27.318611111106787,88.05138888892441,West Sikkim,3320.0,27.453454971313477,278.5410461425781,0.9528650045394897,10,271,383,346,100,,,,,,,,,
BG_0432,0,background_negative,False,27.094722222217868,88.65194444448004,East Sikkim,2301.0,30.595104217529297,266.06158447265625,-0.26354843378067017,10,261,376,363,115,,,,,,,,,
BG_0433,0,background_negative,False,27.649166666662385,88.57027777781336,North Sikkim,2998.0,28.536481857299805,214.76853942871094,-0.6379168033599854,10,177,458,365,96,,,,,,,,,
BG_0434,0,background_negative,False,27.55972222221793,88.5022222222578,North Sikkim,1671.0,36.622047424316406,272.19183349609375,-1.3758548498153687,10,193,441,366,107,,,,,,,,,
BG_0435,0,background_negative,False,27.11861111110676,88.49694444448002,South Sikkim,433.0,26.248172760009766,154.9515380859375,0.10555607825517654,10,263,369,368,114,,,,,,,,,
BG_0436,0,background_negative,False,27.26055555555122,88.80305555559117,East Sikkim,3466.0,9.076549530029297,255.27330017089844,0.5277590155601501,10,277,390,334,109,,,,,,,,,
BG_0437,0,background_negative,False,27.47666666666236,88.57055555559114,North Sikkim,2163.0,48.260215759277344,92.07642364501953,1.7761019468307495,10,234,349,417,97,,,,,,,,,
BG_0438,0,background_negative,False,27.449999999995693,88.39750000003556,West Sikkim,3056.0,49.49735641479492,22.15743637084961,0.027068831026554108,10,303,339,358,103,,,,,,,,,
BG_0439,0,background_negative,False,27.647777777773495,88.64444444448004,North Sikkim,4117.0,31.97915267944336,310.57183837890625,-2.946223020553589,10,186,488,326,103,,,,,,,,,
BG_0440,0,background_negative,False,27.146111111106762,88.68694444448005,East Sikkim,1621.0,26.718446731567383,163.76454162597656,-1.899796962738037,10,290,346,364,108,,,,,,,,,
BG_0441,0,background_negative,False,27.33694444444012,88.56333333336892,East Sikkim,1523.0,28.04751205444336,333.1039123535156,1.772447943687439,10,249,370,381,105,,,,,,,,,
BG_0442,0,background_negative,False,27.058333333328974,88.66222222225782,East Sikkim,1582.0,22.710569381713867,358.1366882324219,0.15782037377357483,10,271,394,335,114,,,,,,,,,
BG_0443,0,background_negative,False,27.350555555551235,88.56527777781336,East Sikkim,2082.0,20.27757453918457,288.5877990722656,-0.23792684078216553,10,290,391,319,100,,,,,,,,,
BG_0444,0,background_negative,False,27.111388888884537,88.13166666670219,West Sikkim,1171.0,49.403167724609375,313.01348876953125,-0.7121086120605469,10,259,356,385,119,,,,,,,,,
BG_0445,0,background_negative,False,27.724999999995728,88.61277777781336,North Sikkim,3871.0,33.67673873901367,325.3591003417969,0.9275231957435608,10,164,531,305,86,,,,,,,,,
BG_0446,0,background_negative,False,27.383333333329016,88.53277777781335,North Sikkim,1558.0,31.40064811706543,199.1427001953125,-0.8733749985694885,10,266,363,371,98,,,,,,,,,
BG_0447,0,background_negative,False,27.639999999995716,88.57833333336892,North Sikkim,3159.0,39.79734802246094,182.19577026367188,-0.39921602606773376,10,185,468,346,100,,,,,,,,,
BG_0448,0,background_negative,False,27.373333333329015,88.38666666670223,West Sikkim,2423.0,38.99752426147461,15.644046783447266,-0.39729583263397217,10,285,372,344,103,,,,,,,,,
BG_0449,0,background_negative,False,27.256388888884555,88.63250000003559,East Sikkim,2110.0,20.201080322265625,81.111083984375,-0.3166557848453522,10,289,321,390,105,,,,,,,,,
BG_0450,0,background_negative,False,27.096388888884533,88.49472222225779,South Sikkim,1263.0,29.893569946289062,58.48177719116211,0.05244274437427521,10,258,380,362,116,,,,,,,,,
BG_0451,0,background_negative,False,27.82666666666241,88.57055555559114,North Sikkim,4000.0,43.23516845703125,28.747461318969727,-4.343951225280762,30,140,532,328,99,,,,,,,,,
BG_0452,0,background_negative,False,27.06249999999564,88.83888888892452,East Sikkim,1650.0,30.181991577148438,293.0193786621094,-2.1604573726654053,10,295,377,328,106,,,,,,,,,
BG_0453,0,background_negative,False,27.132222222217873,88.24250000003553,South Sikkim,1045.0,30.589258193969727,324.8382568359375,0.21078138053417206,10,236,348,416,123,,,,,,,,,
BG_0454,0,background_negative,False,27.417499999995687,88.53305555559113,North Sikkim,1607.0,26.604703903198242,131.05213928222656,-0.05398036912083626,10,280,363,357,102,,,,,,,,,
BG_0455,0,background_negative,False,27.241388888884554,88.70444444448005,East Sikkim,1324.0,21.4215087890625,246.19033813476562,3.169428825378418,30,271,371,358,111,,,,,,,,,
BG_0456,0,background_negative,False,27.45166666666236,88.0713888889244,Gyalshing,4295.0,14.32612419128418,235.07830810546875,0.346456378698349,100,158,529,313,103,,,,,,,,,
BG_0457,0,background_negative,False,27.66388888888461,88.62638888892448,North Sikkim,2763.0,15.384581565856934,171.42059326171875,-0.6656492352485657,10,172,446,381,100,,,,,,,,,
BG_0458,0,background_negative,False,27.10222222221787,88.82611111114673,East Sikkim,1274.0,28.573047637939453,270.85455322265625,-3.059293270111084,10,280,345,374,105,,,,,,,,,
BG_0459,0,background_negative,False,27.494166666662366,88.69694444448004,North Sikkim,4116.0,28.63763999938965,184.78363037109375,0.9290448427200317,30,166,481,353,106,,,,,,,,,
BG_0460,0,background_negative,False,27.51861111110681,88.73416666670228,North Sikkim,3773.0,36.62260818481445,358.94659423828125,0.5038820505142212,10,187,433,379,107,,,,,,,,,
BG_0461,0,background_negative,False,27.349444444440124,88.05972222225773,West Sikkim,3838.0,19.58978843688965,106.57553100585938,2.486546277999878,10,230,392,377,101,,,,,,,,,
BG_0462,0,background_negative,False,27.7566666666624,88.75416666670228,North Sikkim,4251.0,29.29502296447754,2.79803204536438,-1.2942594289779663,10,146,523,331,103,,,,,,,,,
BG_0463,0,background_negative,False,27.774999999995735,88.63777777781337,North Sikkim,4267.0,31.324819564819336,337.0403137207031,0.42214474081993103,10,133,527,340,99,,,,,,,,,
BG_0464,0,background_negative,False,27.540833333329036,88.55861111114669,North Sikkim,1902.0,26.729944229125977,342.08673095703125,-1.9342981576919556,10,266,382,352,97,,,,,,,,,
BG_0465,0,background_negative,False,27.180277777773433,88.81694444448006,East Sikkim,2025.0,38.8500862121582,319.5827331542969,0.8445626497268677,10,261,392,347,106,,,,,,,,,
BG_0466,0,background_negative,False,27.273333333329003,88.51194444448002,East Sikkim,1298.0,20.79561996459961,281.0975646972656,1.0565353631973267,10,252,355,394,112,,,,,,,,,
BG_0467,0,background_negative,False,27.233611111106775,88.06305555559108,West Sikkim,2761.0,8.553706169128418,249.45123291015625,-1.8215821981430054,10,304,357,338,101,,,,,,,,,
BG_0468,0,background_negative,False,27.240833333328997,88.19388888892442,West Sikkim,1874.0,13.995441436767578,133.1834259033203,-1.0562330484390259,10,276,357,367,103,,,,,,,,,
BG_0469,0,background_negative,False,27.38666666666235,88.42527777781335,South Sikkim,1964.0,14.152825355529785,256.9696960449219,0.2380116879940033,10,212,397,391,107,,,,,,,,,
BG_0470,0,background_negative,False,27.49444444444014,88.74444444448005,North Sikkim,3746.0,24.586078643798828,215.2586212158203,0.051191460341215134,30,170,458,372,106,,,,,,,,,
BG_0471,0,background_negative,False,27.69305555555128,88.60416666670226,North Sikkim,2984.0,39.78083419799805,150.81321716308594,1.4549885988235474,10,161,492,347,91,,,,,,,,,
BG_0472,0,background_negative,False,27.646666666662384,88.4408333333689,North Sikkim,3765.0,58.44919204711914,274.5765380859375,-1.486865520477295,10,175,500,325,99,,,,,,,,,
BG_0473,0,background_negative,False,27.749722222217954,88.58250000003558,North Sikkim,4316.0,28.9577693939209,26.451196670532227,0.4998833239078522,30,157,510,334,101,,,,,,,,,
BG_0474,0,background_negative,False,27.319999999995673,88.67694444448004,East Sikkim,2754.0,38.40055465698242,124.3054428100586,-1.1104810237884521,10,262,367,370,101,,,,,,,,,
BG_0475,0,background_negative,False,27.23166666666233,88.6600000000356,East Sikkim,1101.0,25.290048599243164,270.0,-0.18456190824508667,10,283,396,321,107,,,,,,,,,
BG_0476,0,background_negative,False,27.809444444440185,88.52916666670224,North Sikkim,4255.0,39.3440055847168,233.880615234375,-2.8711366653442383,10,148,537,316,99,,,,,,,,,
BG_0477,0,background_negative,False,27.083055555551198,88.22000000003554,West Sikkim,601.0,3.2887749671936035,156.7473907470703,-0.9492162466049194,10,266,341,393,123,,,,,,,,,
BG_0478,0,background_negative,False,27.083611111106755,88.56500000003558,East Sikkim,990.0,39.639732360839844,126.38214874267578,-0.36905354261398315,10,246,364,389,113,,,,,,,,,
BG_0479,0,background_negative,False,27.305833333329005,88.69722222225782,East Sikkim,2686.0,16.858081817626953,43.63949203491211,0.633302628993988,10,301,338,362,108,,,,,,,,,
BG_0480,0,background_negative,False,27.053055555551197,88.40388888892446,South Sikkim,1057.0,43.11695098876953,295.7047119140625,-2.5823814868927,10,260,364,376,118,,,,,,,,,
BG_0481,0,background_negative,False,27.24944444444011,88.50805555559113,East Sikkim,1072.0,31.04262924194336,291.78399658203125,-3.275283098220825,10,237,388,375,117,,,,,,,,,
BG_0482,0,background_negative,False,27.586666666662378,88.69388888892449,North Sikkim,3247.0,40.19594955444336,146.24884033203125,-0.6880540251731873,30,173,492,335,101,,,,,,,,,
BG_0483,0,background_negative,False,27.44527777777347,88.32944444448,West Sikkim,2765.0,26.49359703063965,186.29144287109375,1.799652338027954,10,277,379,344,102,,,,,,,,,
BG_0484,0,background_negative,False,27.53833333332904,88.65583333336893,North Sikkim,2134.0,40.44798278808594,120.64340209960938,-3.204355239868164,10,218,407,375,106,,,,,,,,,
BG_0485,0,background_negative,False,27.30555555555123,88.74277777781339,East Sikkim,2764.0,51.5542106628418,36.2918815612793,3.5392684936523438,10,256,374,370,106,,,,,,,,,
BG_0486,0,background_negative,False,27.541666666662373,88.13250000003552,West Sikkim,4246.0,7.9414825439453125,316.6995544433594,0.7424256801605225,100,149,524,327,103,,,,,,,,,
BG_0487,0,background_negative,False,27.13749999999565,88.13583333336886,West Sikkim,1922.0,25.039783477783203,15.210040092468262,1.6359705924987793,10,257,411,333,112,,,,,,,,,
BG_0488,0,background_negative,False,27.496944444440143,88.15583333336886,West Sikkim,4401.0,20.753263473510742,325.6086120605469,2.171630620956421,100,162,529,309,103,,,,,,,,,
BG_0489,0,background_negative,False,27.200277777773437,88.50555555559113,East Sikkim,644.0,21.8588924407959,149.37107849121094,0.0003202826192136854,10,276,347,377,118,,,,,,,,,
BG_0490,0,background_negative,False,27.262777777773444,88.33027777781334,West Sikkim,1612.0,15.206463813781738,99.45930480957031,0.8453336358070374,10,263,343,394,103,,,,,,,,,
BG_0491,0,background_negative,False,27.426944444440135,88.83694444448007,East Sikkim,4173.0,31.61514663696289,345.8784484863281,0.8468794822692871,30,166,485,349,103,,,,,,,,,
BG_0492,0,background_negative,False,27.648333333329052,88.48944444448001,North Sikkim,3492.0,22.81048011779785,164.9164581298828,1.2711490392684937,10,175,500,325,87,,,,,,,,,
BG_0493,0,background_negative,False,27.341944444440124,88.7677777778134,East Sikkim,3608.0,28.671836853027344,147.84375,-0.7656533122062683,100,254,394,352,106,,,,,,,,,
BG_0494,0,background_negative,False,27.80638888888463,88.40777777781334,North Sikkim,4195.0,26.738544464111328,14.7034912109375,-0.2110704481601715,30,131,528,341,99,,,,,,,,,
BG_0495,0,background_negative,False,27.06999999999564,88.31472222225777,Namchi,613.0,27.12318992614746,82.71216583251953,0.5277876853942871,10,252,379,369,117,,,,,,,,,
BG_0496,0,background_negative,False,27.0880555555512,88.39361111114667,South Sikkim,403.0,34.0608024597168,200.4259796142578,0.44842958450317383,10,274,380,346,118,,,,,,,,,
BG_0497,0,background_negative,False,27.44555555555125,88.81555555559117,East Sikkim,4086.0,20.750551223754883,325.6212158203125,-0.21109241247177124,30,184,486,330,104,,,,,,,,,
BG_0498,0,background_negative,False,27.38944444444013,88.28111111114666,West Sikkim,2074.0,32.06965255737305,286.5697937011719,2.115241527557373,10,193,438,369,103,,,,,,,,,
BG_0499,0,background_negative,False,27.12083333332898,88.45472222225779,South Sikkim,618.0,27.70229148864746,260.2027587890625,2.0309665203094482,10,258,361,381,117,,,,,,,,,
BG_0500,0,background_negative,False,27.190277777773435,88.43472222225779,South Sikkim,960.0,27.7518367767334,326.4683837890625,-0.7126573920249939,10,254,351,396,102,,,,,,,,,
BG_0501,0,background_negative,False,27.17583333332899,88.25611111114665,West Sikkim,1100.0,27.307897567749023,291.2120361328125,2.401512861251831,10,272,362,366,111,,,,,,,,,
BG_0502,0,background_negative,False,27.193055555551215,88.30833333336888,West Sikkim,1291.0,45.52314376831055,321.0404052734375,1.266897201538086,10,254,363,383,121,,,,,,,,,
BG_0503,0,background_negative,False,27.34583333332901,88.49277777781334,East Sikkim,1119.0,27.040508270263672,46.19540786743164,0.6081980466842651,10,262,365,373,105,,,,,,,,,
BG_0504,0,background_negative,False,27.393888888884575,88.29250000003555,West Sikkim,1626.0,35.82100296020508,248.89434814453125,-0.13029611110687256,10,241,434,326,103,,,,,,,,,
BG_0505,0,background_negative,False,27.127777777773428,88.81444444448006,East Sikkim,1172.0,25.84194564819336,3.7614123821258545,0.2640756666660309,10,276,371,353,105,,,,,,,,,
BG_0506,0,background_negative,False,27.63972222221794,88.7875000000356,North Sikkim,4143.0,23.452333450317383,160.9836883544922,-0.5001705288887024,10,136,540,323,103,,,,,,,,,
BG_0507,0,background_negative,False,27.055833333328973,88.62277777781337,East Sikkim,1825.0,12.77794361114502,327.3144836425781,0.7117237448692322,10,299,378,322,117,,,,,,,,,
BG_0508,0,background_negative,False,27.71833333332906,88.58472222225781,North Sikkim,3837.0,41.53754806518555,63.01204299926758,4.959350109100342,10,194,474,331,85,,,,,,,,,
BG_0509,0,background_negative,False,27.442222222217914,88.43388888892446,South Sikkim,2858.0,22.17721176147461,286.197509765625,1.242159366607666,10,301,345,353,108,,,,,,,,,
BG_0510,0,background_negative,False,27.241388888884554,88.28361111114666,West Sikkim,1043.0,46.11520004272461,236.58168029785156,-0.23767144978046417,10,257,359,384,107,,,,,,,,,
BG_0511,0,background_negative,False,27.50361111110681,88.19944444447998,West District,4402.0,19.008575439453125,148.07542419433594,3.2816312313079834,100,163,549,288,101,,,,,,,,,
BG_0512,0,background_negative,False,27.426666666662356,88.78250000003561,East Sikkim,4013.0,35.57023620605469,65.50993347167969,-1.0309580564498901,30,163,485,352,104,,,,,,,,,
BG_0513,0,background_negative,False,27.724166666662395,88.80111111114672,North Sikkim,4462.0,48.34075927734375,162.51596069335938,0.17250484228134155,30,133,547,320,103,,,,,,,,,
BG_0514,0,background_negative,False,27.748611111106843,88.60222222225781,North Sikkim,4380.0,51.761749267578125,57.697540283203125,-4.466500282287598,70,149,506,345,102,,,,,,,,,
BG_0515,0,background_negative,False,27.447222222217913,88.67055555559115,North Sikkim,1907.0,22.99070930480957,42.52375030517578,-0.28957635164260864,10,193,442,365,102,,,,,,,,,
BG_0516,0,background_negative,False,27.237499999995663,88.57972222225781,East Sikkim,1707.0,19.202754974365234,325.8802490234375,0.31665748357772827,10,285,339,376,112,,,,,,,,,
BG_0517,0,background_negative,False,27.132777777773427,88.80444444448005,East Sikkim,1352.0,24.353759765625,295.50927734375,1.3715741634368896,10,283,367,350,105,,,,,,,,,
BG_0518,0,background_negative,False,27.450555555551247,88.06333333336885,Gyalshing,4316.0,35.84804153442383,30.686246871948242,-0.027070175856351852,60,156,544,300,103,,,,,,,,,
BG_0519,0,background_negative,False,27.281944444440114,88.32861111114666,West Sikkim,1652.0,22.420927047729492,162.6965789794922,-0.7388581037521362,10,278,316,406,107,,,,,,,,,
BG_0520,0,background_negative,False,27.588333333329043,88.83083333336896,North Sikkim,4053.0,34.674171447753906,81.220703125,-0.9813615083694458,30,156,503,342,103,,,,,,,,,
BG_0521,0,background_negative,False,27.157222222217875,88.75583333336894,East Sikkim,2686.0,38.639617919921875,49.05501937866211,2.2692935466766357,10,315,334,350,103,,,,,,,,,
BG_0522,0,background_negative,False,27.502777777773478,88.43000000003556,North Sikkim,2873.0,27.7713623046875,146.39312744140625,0.0783475935459137,10,301,333,366,112,,,,,,,,,
BG_0523,0,background_negative,False,27.769999999995733,88.45694444448002,North Sikkim,3664.0,40.61673355102539,171.73635864257812,2.2778356075286865,10,165,529,305,99,,,,,,,,,
BG_0524,0,background_negative,False,27.805833333329073,88.71583333336893,North Sikkim,4045.0,21.196273803710938,81.57014465332031,-0.5835563540458679,10,130,542,328,103,,,,,,,,,
BG_0525,0,background_negative,False,27.438333333329023,88.55527777781336,North Sikkim,2285.0,16.254980087280273,79.56817626953125,-0.002615897683426738,10,289,331,381,103,,,,,,,,,
BG_0526,0,background_negative,False,27.563055555551262,88.74055555559116,North Sikkim,3832.0,18.49901580810547,284.76690673828125,-0.8011493682861328,10,155,498,347,102,,,,,,,,,
BG_0527,0,background_negative,False,27.12999999999565,88.59000000003559,East Sikkim,1747.0,14.91389274597168,318.3447265625,0.7648401260375977,10,285,394,321,118,,,,,,,,,
BG_0528,0,background_negative,False,27.61555555555127,88.29111111114666,West Sikkim,4435.0,30.778549194335938,293.2936706542969,1.0322849750518799,100,181,500,319,105,,,,,,,,,
BG_0529,0,background_negative,False,27.567499999995707,88.57972222225781,North Sikkim,2280.0,24.301380157470703,30.303876876831055,-2.384394645690918,30,253,400,346,98,,,,,,,,,
BG_0530,0,background_negative,False,27.31194444444012,88.70694444448004,East Sikkim,2655.0,36.950557708740234,297.3165588378906,0.2645721137523651,10,288,353,359,107,,,,,,,,,
BG_0531,0,background_negative,False,27.683055555551277,88.5222222222578,North Sikkim,4413.0,12.900976181030273,173.1370849609375,-1.1433122158050537,30,164,520,316,91,,,,,,,,,
BG_0532,0,background_negative,False,27.569166666662376,88.49333333336891,North Sikkim,2450.0,43.13650894165039,313.5599670410156,2.1498825550079346,10,234,432,334,107,,,,,,,,,
BG_0533,0,background_negative,False,27.323611111106786,88.11583333336885,West Sikkim,2634.0,46.693572998046875,279.6961669921875,-1.0554989576339722,10,299,363,338,103,,,,,,,,,
BG_0534,0,background_negative,False,27.13888888888454,88.67305555559115,East Sikkim,1139.0,30.369239807128906,34.43764114379883,0.6859773397445679,10,288,373,339,107,,,,,,,,,
BG_0535,0,background_negative,False,27.15305555555121,88.56750000003558,East Sikkim,1298.0,16.984310150146484,175.7378387451172,-0.6860421895980835,10,248,374,378,118,,,,,,,,,
BG_0536,0,background_negative,False,27.671944444440165,88.58305555559114,North Sikkim,2564.0,26.56350326538086,276.0611267089844,-1.0099749565124512,10,226,432,342,93,,,,,,,,,
BG_0537,0,background_negative,False,27.286666666662338,88.15888888892442,West Sikkim,2374.0,30.738126754760742,355.6162109375,0.3178025782108307,10,308,382,310,109,,,,,,,,,
BG_0538,0,background_negative,False,27.733888888884618,88.65694444448005,North Sikkim,4483.0,41.18203353881836,145.7102508544922,-0.3166123032569885,60,151,538,311,98,,,,,,,,,
BG_0539,0,background_negative,False,27.79749999999574,88.5522222222578,North Sikkim,3220.0,15.921300888061523,318.97955322265625,-1.2228716611862183,30,168,518,313,99,,,,,,,,,
BG_0540,0,background_negative,False,27.622222222217935,88.48388888892445,North Sikkim,3090.0,23.833040237426758,113.2843246459961,0.4265752136707306,10,136,528,335,97,,,,,,,,,
BG_0541,0,background_negative,False,27.082777777773423,88.50583333336891,South Sikkim,1475.0,19.258424758911133,358.51171875,0.7650891542434692,10,283,392,325,116,,,,,,,,,
BG_0542,0,background_negative,False,27.57833333332904,88.47388888892446,North Sikkim,2313.0,50.447654724121094,293.3125915527344,-3.995166063308716,10,217,466,317,107,,,,,,,,,
BG_0543,0,background_negative,False,27.326111111106787,88.2855555555911,West Sikkim,1271.0,25.969335556030273,47.51826858520508,1.057027816772461,10,272,371,356,106,,,,,,,,,
BG_0544,0,background_negative,False,27.592777777773488,88.52944444448002,North Sikkim,2553.0,10.448047637939453,14.310357093811035,-1.6187881231307983,10,170,485,346,101,,,,,,,,,
BG_0545,0,background_negative,False,27.425833333329024,88.12083333336886,Gyalshing,4277.0,25.3966007232666,155.0528564453125,3.485538959503174,100,168,530,302,103,,,,,,,,,
BG_0546,0,background_negative,False,27.476388888884586,88.55777777781336,North Sikkim,1624.0,23.814760208129883,146.85537719726562,-0.07841246575117111,10,266,377,357,113,,,,,,,,,
BG_0547,0,background_negative,False,27.44388888888458,88.84388888892451,East Sikkim,4402.0,31.864675521850586,151.0984649658203,-1.9566105604171753,30,154,528,319,103,,,,,,,,,
BG_0548,0,background_negative,False,27.188055555551212,88.5322222222578,East Sikkim,685.0,30.52666664123535,13.812572479248047,1.2404117584228516,10,285,345,370,120,,,,,,,,,
BG_0549,0,background_negative,False,27.084722222217867,88.11333333336886,West Sikkim,1720.0,24.002534866333008,201.5196990966797,-1.212733268737793,10,273,352,375,119,,,,,,,,,
BG_0550,0,background_negative,False,27.21888888888455,88.7938888889245,East Sikkim,2487.0,20.590639114379883,123.45618438720703,0.07904014736413956,10,292,321,387,106,,,,,,,,,
BG_0551,0,background_negative,False,27.563888888884595,88.66694444448004,North Sikkim,2159.0,31.29180335998535,123.67892456054688,-0.1055426150560379,10,220,379,401,106,,,,,,,,,
BG_0552,0,background_negative,False,27.457777777773472,88.67416666670226,North Sikkim,2214.0,42.165489196777344,125.97354888916016,-2.7740843296051025,10,205,453,342,102,,,,,,,,,
BG_0553,0,background_negative,False,27.0705555555512,88.55611111114669,East Sikkim,981.0,17.92292594909668,151.5169219970703,0.23727519810199738,10,265,374,362,113,,,,,,,,,
BG_0554,0,background_negative,False,27.065277777773417,88.52888888892447,South Sikkim,702.0,16.90007209777832,312.97772216796875,-0.8434944152832031,10,273,364,363,116,,,,,,,,,
BG_0555,0,background_negative,False,27.420277777773467,88.78861111114672,East Sikkim,4230.0,18.675661087036133,152.75706481933594,0.7928225994110107,30,151,492,357,103,,,,,,,,,
BG_0556,0,background_negative,False,27.472222222217916,88.65722222225781,North Sikkim,2436.0,36.47732162475586,281.7257385253906,1.3266808986663818,10,296,374,330,102,,,,,,,,,
BG_0557,0,background_negative,False,27.403611111106798,88.07861111114663,Gyalshing,3837.0,16.259937286376953,86.8072738647461,0.4491465389728546,30,140,533,327,103,,,,,,,,,
BG_0558,0,background_negative,False,27.41999999999569,88.45416666670224,South Sikkim,2706.0,27.066984176635742,81.3153305053711,-0.3436371684074402,10,312,344,344,108,,,,,,,,,
BG_0559,0,background_negative,False,27.467222222217917,88.4383333333689,North Sikkim,2290.0,30.860750198364258,206.22503662109375,-0.6332733035087585,10,301,343,356,109,,,,,,,,,
BG_0560,0,background_negative,False,27.75249999999573,88.73944444448006,North Sikkim,3629.0,38.525657653808594,82.67420959472656,2.0165929794311523,10,143,532,325,103,,,,,,,,,
BG_0561,0,background_negative,False,27.324999999995676,88.66361111114671,East Sikkim,2116.0,21.424196243286133,85.25060272216797,1.05701744556427,10,259,416,324,101,,,,,,,,,
BG_0562,0,background_negative,False,27.33083333332901,88.3280555555911,South Sikkim,1780.0,21.462724685668945,95.92881774902344,-0.448979914188385,10,288,364,349,104,,,,,,,,,
BG_0563,0,background_negative,False,27.07916666666231,88.07555555559108,West Sikkim,1860.0,39.792724609375,312.66546630859375,-1.397589921951294,10,255,397,349,111,,,,,,,,,
BG_0564,0,background_negative,False,27.424999999995688,88.74138888892449,East Sikkim,3792.0,21.30672836303711,35.6925163269043,-1.3770816326141357,30,197,414,389,105,,,,,,,,,
BG_0565,0,background_negative,False,27.084722222217867,88.15277777781331,West Sikkim,1520.0,34.35920715332031,200.18785095214844,-0.10555709153413773,10,244,379,376,118,,,,,,,,,
BG_0566,0,background_negative,False,27.177499999995657,88.30000000003555,West Sikkim,637.0,37.34124755859375,317.2718811035156,-0.1847967952489853,10,276,348,376,115,,,,,,,,,
BG_0567,0,background_negative,False,27.41472222221791,88.55777777781336,North Sikkim,1769.0,26.078990936279297,354.6651916503906,-0.7658134698867798,10,291,320,389,99,,,,,,,,,
BG_0568,0,background_negative,False,27.3422222222179,88.44611111114668,South Sikkim,1591.0,20.220155715942383,231.0633544921875,-0.051932111382484436,10,272,401,327,112,,,,,,,,,
BG_0569,0,background_negative,False,27.45666666666236,88.12805555559108,West Sikkim,3693.0,14.366650581359863,240.5609130859375,-0.08125494420528412,10,169,500,331,103,,,,,,,,,
BG_0570,0,background_negative,False,27.089999999995644,88.29666666670221,Namchi,872.0,39.45244216918945,172.71450805664062,-1.1873325109481812,10,259,360,380,119,,,,,,,,,
BG_0571,0,background_negative,False,27.682222222217945,88.61472222225781,North Sikkim,3219.0,47.024169921875,80.41687774658203,-4.985344409942627,10,135,500,365,97,,,,,,,,,
BG_0572,0,background_negative,False,27.32194444444012,88.81972222225784,East Sikkim,3769.0,12.460453033447266,13.081774711608887,-1.214569091796875,30,279,370,351,105,,,,,,,,,
BG_0573,0,background_negative,False,27.549722222217927,88.78972222225784,North Sikkim,4267.0,41.005897521972656,358.1982727050781,-4.181905269622803,30,140,524,335,102,,,,,,,,,
BG_0574,0,background_negative,False,27.366944444440126,88.16777777781331,West Sikkim,2870.0,35.172847747802734,300.855712890625,-0.001924020703881979,10,288,370,342,103,,,,,,,,,
BG_0575,0,background_negative,False,27.285277777773448,88.17611111114664,West Sikkim,2185.0,31.687637329101562,350.6777648925781,0.6077706813812256,10,290,381,330,105,,,,,,,,,
BG_0576,0,background_negative,False,27.427777777773468,88.76611111114673,East Sikkim,4106.0,6.968882083892822,248.5643310546875,-0.9794491529464722,30,172,480,347,105,,,,,,,,,
BG_0577,0,background_negative,False,27.696388888884613,88.73222222225783,North Sikkim,3692.0,56.23318099975586,11.435842514038086,9.207565307617188,10,179,506,314,104,,,,,,,,,
BG_0578,0,background_negative,False,27.37138888888457,88.22444444447999,West District,1743.0,6.262695789337158,357.6243896484375,-0.15930618345737457,10,261,423,316,105,,,,,,,,,
BG_0579,0,background_negative,False,27.22027777777344,88.82500000003562,East Sikkim,2120.0,12.110336303710938,283.12762451171875,-0.13206924498081207,10,257,382,361,109,,,,,,,,,
BG_0580,0,background_negative,False,27.766111111106845,88.5747222222578,North Sikkim,4319.0,37.48399353027344,46.07862091064453,-0.8222808241844177,30,167,521,312,99,,,,,,,,,
BG_0581,0,background_negative,False,27.574444444440154,88.33027777781334,North Sikkim,2743.0,19.83641242980957,196.89117431640625,-2.122675895690918,30,244,438,318,105,,,,,,,,,
BG_0582,0,background_negative,False,27.082499999995644,88.28861111114666,West Sikkim,1518.0,27.901397705078125,194.89552307128906,0.2896796762943268,10,285,371,345,119,,,,,,,,,
BG_0583,0,background_negative,False,27.06249999999564,88.24500000003555,West Sikkim,1752.0,47.44690704345703,138.2165069580078,1.2928342819213867,10,289,364,347,124,,,,,,,,,
BG_0584,0,background_negative,False,27.410277777773466,88.47805555559113,North Sikkim,2089.0,23.872148513793945,231.39242553710938,0.4491618275642395,10,221,417,362,111,,,,,,,,,
BG_0585,0,background_negative,False,27.47666666666236,88.2666666667022,West Sikkim,3753.0,44.18975830078125,76.9627914428711,-3.226602077484131,60,150,533,317,104,,,,,,,,,
BG_0586,0,background_negative,False,27.071944444440085,88.33527777781333,Namchi,957.0,26.076427459716797,105.39990997314453,-0.9752770662307739,10,257,383,361,118,,,,,,,,,
BG_0587,0,background_negative,False,27.227222222217886,88.13611111114663,West Sikkim,2237.0,35.66001510620117,254.23583984375,-0.4487440288066864,10,315,350,335,101,,,,,,,,,
BG_0588,0,background_negative,False,27.274999999995668,88.77111111114672,East Sikkim,2517.0,39.45880126953125,244.89369201660156,-3.3828301429748535,10,274,330,396,109,,,,,,,,,
BG_0589,0,background_negative,False,27.622222222217935,88.40277777781334,North Sikkim,3763.0,43.96952438354492,228.3081817626953,-2.064664125442505,10,156,479,365,106,,,,,,,,,
BG_0590,0,background_negative,False,27.349722222217903,88.75555555559116,East Sikkim,3263.0,23.198564529418945,350.2243957519531,0.5026764273643494,10,282,371,347,106,,,,,,,,,
BG_0591,0,background_negative,False,27.491944444440144,88.60138888892448,North Sikkim,2866.0,15.718168258666992,229.50823974609375,-0.370975524187088,10,322,310,368,98,,,,,,,,,
BG_0592,0,background_negative,False,27.124999999995648,88.1705555555911,West Sikkim,716.0,32.096946716308594,282.33746337890625,-0.23740103840827942,10,241,341,418,116,,,,,,,,,
BG_0593,0,background_negative,False,27.306388888884563,88.11722222225775,West Sikkim,2395.0,33.19005584716797,80.71089935302734,-0.3179907202720642,10,285,364,351,102,,,,,,,,,
BG_0594,0,background_negative,False,27.37666666666235,88.15833333336886,West Sikkim,3375.0,14.648818016052246,289.98638916015625,0.8464044332504272,10,285,358,357,103,,,,,,,,,
BG_0595,0,background_negative,False,27.701111111106837,88.58861111114669,North Sikkim,2982.0,33.531883239746094,357.2376708984375,-0.9048593640327454,10,181,432,387,86,,,,,,,,,
BG_0596,0,background_negative,False,27.464722222217915,88.56388888892447,North Sikkim,1603.0,23.03394317626953,80.10031127929688,-3.2476823329925537,10,239,377,385,113,,,,,,,,,
BG_0597,0,background_negative,False,27.399999999995686,88.06361111114663,West Sikkim,3480.0,7.78640079498291,273.40521240234375,-0.07635567337274551,30,219,496,285,101,,,,,,,,,
BG_0598,0,background_negative,False,27.622777777773493,88.84916666670229,North Sikkim,4491.0,6.603935241699219,79.89920806884766,-0.6882240176200867,30,123,537,340,103,,,,,,,,,
BG_0599,0,background_negative,False,27.34611111110679,88.33527777781333,West Sikkim,1516.0,14.31596851348877,93.64958953857422,-0.23791640996932983,10,256,362,382,103,,,,,,,,,
BG_0600,0,background_negative,False,27.388611111106794,88.79305555559117,East Sikkim,4272.0,26.87007713317871,233.04908752441406,-2.326321840286255,100,149,484,367,103,,,,,,,,,
BG_0601,0,background_negative,False,27.35611111110679,88.57805555559113,East Sikkim,1614.0,25.74983787536621,337.84100341796875,1.2165414094924927,10,252,366,382,108,,,,,,,,,
BG_0602,0,background_negative,False,27.084999999995645,88.51916666670225,South Sikkim,1407.0,24.574254989624023,340.2848815917969,-0.0261943768709898,10,285,379,336,114,,,,,,,,,
BG_0603,0,background_negative,False,27.22527777777344,88.78250000003561,East Sikkim,2084.0,31.317171096801758,51.628273010253906,3.9872796535491943,10,279,350,371,106,,,,,,,,,
BG_0604,0,background_negative,False,27.3347222222179,88.41388888892445,South Sikkim,2562.0,60.22584533691406,45.25313949584961,4.625453472137451,10,232,381,387,110,,,,,,,,,
BG_0605,0,background_negative,False,27.18333333332899,88.61833333336892,East Sikkim,492.0,5.221368789672852,131.80604553222656,-1.5570420026779175,80,289,371,341,117,,,,,,,,,
BG_0606,0,background_negative,False,27.565555555551263,88.34361111114667,North Sikkim,3250.0,33.022117614746094,213.15133666992188,-0.1837354153394699,10,278,416,306,105,,,,,,,,,
BG_0607,0,background_negative,False,27.125555555551205,88.55416666670224,East Sikkim,968.0,22.94071388244629,194.27902221679688,0.10555586963891983,10,254,381,365,113,,,,,,,,,
BG_0608,0,background_negative,False,27.40194444444013,88.10416666670218,Gyalshing,3221.0,29.085182189941406,301.71173095703125,-2.9935977458953857,30,226,470,304,104,,,,,,,,,
BG_0609,0,background_negative,False,27.35861111110679,88.31166666670222,West Sikkim,1275.0,37.66090774536133,208.511962890625,0.5295876264572144,10,253,353,394,103,,,,,,,,,
BG_0610,0,background_negative,False,27.484999999995697,88.19027777781331,West District,3741.0,36.209842681884766,131.72776794433594,2.1954309940338135,10,155,519,326,103,,,,,,,,,
BG_0611,0,background_negative,False,27.603611111106822,88.70333333336893,North Sikkim,3490.0,49.986183166503906,48.59498977661133,-2.3176817893981934,10,161,486,353,102,,,,,,,,,
BG_0612,0,background_negative,False,27.4261111111068,88.44444444448001,South Sikkim,2416.0,25.42477035522461,187.70274353027344,0.3706623911857605,10,290,333,377,108,,,,,,,,,
BG_0613,0,background_negative,False,27.761111111106846,88.37527777781334,North Sikkim,4356.0,5.298001289367676,259.911865234375,1.2664393186569214,30,140,516,344,99,,,,,,,,,
BG_0614,0,background_negative,False,27.284166666662337,88.6236111111467,East Sikkim,1322.0,18.402751922607422,160.0296173095703,1.031092643737793,60,271,366,363,112,,,,,,,,,
BG_0615,0,background_negative,False,27.309444444440118,88.4447222222578,South Sikkim,632.0,17.334692001342773,27.78095817565918,0.7388522624969482,10,282,343,375,113,,,,,,,,,
BG_0616,0,background_negative,False,27.416111111106797,88.64027777781337,North Sikkim,1671.0,23.52861213684082,147.0792694091797,0.127733513712883,10,257,406,338,102,,,,,,,,,
BG_0617,0,background_negative,False,27.73138888888462,88.68027777781337,North Sikkim,4466.0,39.76116180419922,315.84503173828125,0.9275688529014587,30,154,542,305,103,,,,,,,,,
BG_0618,0,background_negative,False,27.107777777773425,88.70611111114671,East Sikkim,2497.0,30.237876892089844,133.61061096191406,2.637221336364746,10,296,343,361,108,,,,,,,,,
BG_0619,0,background_negative,False,27.801388888884627,88.49527777781336,North Sikkim,4112.0,32.777984619140625,30.233747482299805,-0.012361794710159302,30,150,514,336,99,,,,,,,,,
BG_0620,0,background_negative,False,27.674722222217945,88.56555555559113,North Sikkim,3583.0,5.780366897583008,195.685302734375,0.9449249505996704,10,212,422,366,85,,,,,,,,,
BG_0621,0,background_negative,False,27.618888888884605,88.46194444448001,North Sikkim,2137.0,25.917139053344727,295.7565612792969,1.6149733066558838,10,207,481,313,103,,,,,,,,,
BG_0622,0,background_negative,False,27.53166666666237,88.81166666670228,North Sikkim,4483.0,54.85109329223633,259.9554138183594,4.985223770141602,30,144,540,317,102,,,,,,,,,
BG_0623,0,background_negative,False,27.22777777777344,88.57555555559114,East Sikkim,1651.0,23.463424682617188,333.9223937988281,0.6604346632957458,10,297,346,357,105,,,,,,,,,
BG_0624,0,background_negative,False,27.280555555551224,88.64527777781338,East Sikkim,1494.0,9.681305885314941,154.7684326171875,0.10555119812488556,10,276,370,355,102,,,,,,,,,
BG_0625,0,background_negative,False,27.179166666662322,88.2905555555911,West Sikkim,716.0,26.426498413085938,84.84284973144531,-0.3694990277290344,10,271,350,379,112,,,,,,,,,
BG_0626,0,background_negative,False,27.729444444440173,88.44694444448001,North Sikkim,4266.0,14.301284790039062,40.126163482666016,0.7442312240600586,30,154,539,307,99,,,,,,,,,
BG_0627,0,background_negative,False,27.766111111106845,88.76611111114673,North Sikkim,3488.0,12.01156997680664,45.07609558105469,-1.78377103805542,10,154,529,316,103,,,,,,,,,
BG_0628,0,background_negative,False,27.097777777773423,88.08583333336885,West Sikkim,2230.0,36.73320007324219,314.1520690917969,0.10555670410394669,10,296,370,334,111,,,,,,,,,
BG_0629,0,background_negative,False,27.12111111110676,88.28138888892444,West Sikkim,394.0,30.71446990966797,303.6215515136719,-1.4506322145462036,10,285,343,372,123,,,,,,,,,
BG_0630,0,background_negative,False,27.564999999995706,88.67888888892449,North Sikkim,2054.0,32.14071273803711,198.17164611816406,-6.375306606292725,10,214,409,377,106,,,,,,,,,
BG_0631,0,background_negative,False,27.21888888888455,88.05916666670218,West Sikkim,2789.0,15.317129135131836,243.5878143310547,0.2636333703994751,10,311,354,334,103,,,,,,,,,
BG_0632,0,background_negative,False,27.57722222221793,88.50388888892446,North Sikkim,2615.0,35.46810531616211,57.60251235961914,-0.1916472613811493,10,202,430,368,105,,,,,,,,,
BG_0633,0,background_negative,False,27.07527777777342,88.6125000000356,East Sikkim,2077.0,21.31821060180664,271.1925964355469,0.5530862212181091,10,293,383,324,118,,,,,,,,,
BG_0634,0,background_negative,False,27.398611111106796,88.24888888892443,West District,2787.0,22.72559928894043,241.6339111328125,1.479897379875183,10,289,346,365,103,,,,,,,,,
BG_0635,0,background_negative,False,27.70583333332906,88.77305555559117,North Sikkim,3785.0,24.52880859375,91.01978302001953,-0.9999962449073792,10,140,536,324,103,,,,,,,,,
BG_0636,0,background_negative,False,27.773611111106845,88.70472222225783,North Sikkim,3864.0,34.62994384765625,231.87442016601562,-0.1553516536951065,30,142,524,334,103,,,,,,,,,
BG_0637,0,background_negative,False,27.55166666666237,88.72888888892449,North Sikkim,3505.0,38.3742790222168,11.617907524108887,-2.407613754272461,30,171,484,345,106,,,,,,,,,
BG_0638,0,background_negative,False,27.276388888884558,88.75777777781339,East Sikkim,2154.0,22.975080490112305,221.65557861328125,-1.1098648309707642,10,262,333,405,107,,,,,,,,,
BG_0639,0,background_negative,False,27.34638888888457,88.26361111114666,South Sikkim,1477.0,59.63095474243164,300.2972412109375,-8.911931037902832,10,227,394,379,105,,,,,,,,,
BG_0640,0,background_negative,False,27.459444444440138,88.6486111111467,North Sikkim,1944.0,34.901580810546875,320.7310791015625,-1.0311871767044067,10,217,427,355,102,,,,,,,,,
BG_0641,0,background_negative,False,27.264444444440112,88.74777777781338,East Sikkim,2898.0,36.69645690917969,23.731101989746094,0.6066882014274597,10,261,352,387,101,,,,,,,,,
BG_0642,0,background_negative,False,27.259999999995667,88.12555555559108,West Sikkim,1474.0,4.75781774520874,192.6147003173828,-1.0306931734085083,30,246,371,383,102,,,,,,,,,
BG_0643,0,background_negative,False,27.524166666662367,88.10972222225774,West Sikkim,4369.0,43.11604690551758,242.90908813476562,-0.15658988058567047,30,165,528,306,103,,,,,,,,,
BG_0644,0,background_negative,False,27.218333333328996,88.22138888892442,West Sikkim,1408.0,25.206188201904297,310.32269287109375,0.6073001027107239,10,271,358,372,106,,,,,,,,,
BG_0645,0,background_negative,False,27.461111111106806,88.17111111114664,West Sikkim,3756.0,35.49383544921875,4.76043176651001,-1.247964859008789,30,193,485,322,105,,,,,,,,,
BG_0646,0,background_negative,False,27.494166666662366,88.39083333336889,West Sikkim,3078.0,32.766048431396484,314.96484375,-1.7942605018615723,10,322,359,319,104,,,,,,,,,
BG_0647,0,background_negative,False,27.843333333329078,88.70666666670226,North Sikkim,4305.0,33.022945404052734,358.38897705078125,0.9630024433135986,30,133,549,318,101,,,,,,,,,
BG_0648,0,background_negative,False,27.39055555555124,88.77472222225784,East Sikkim,3896.0,34.49483108520508,353.15533447265625,-0.316643625497818,30,173,444,383,104,,,,,,,,,
BG_0649,0,background_negative,False,27.5713888888846,88.74277777781339,North Sikkim,4227.0,41.417823791503906,2.664719581604004,-1.2156941890716553,100,142,531,327,102,,,,,,,,,
BG_0650,0,background_negative,False,27.138611111106762,88.05416666670219,West Sikkim,2696.0,24.503337860107422,284.974609375,0.052643224596977234,10,302,344,354,100,,,,,,,,,
BG_0651,0,background_negative,False,27.757222222217955,88.51416666670224,North Sikkim,3597.0,48.83186721801758,276.3199462890625,-2.2948832511901855,30,169,519,313,99,,,,,,,,,
BG_0652,0,background_negative,False,27.07638888888453,88.57305555559114,East Sikkim,1124.0,27.97846031188965,310.5279846191406,0.7642139792442322,10,255,376,369,113,,,,,,,,,
BG_0653,0,background_negative,False,27.10833333332898,88.78305555559116,East Sikkim,2297.0,32.340065002441406,173.82803344726562,-0.26416975259780884,10,265,338,396,104,,,,,,,,,
BG_0654,0,background_negative,False,27.648888888884606,88.30750000003555,North Sikkim,2852.0,23.933761596679688,279.4790954589844,2.0743894577026367,10,216,467,318,105,,,,,,,,,
BG_0655,0,background_negative,False,27.735277777773508,88.6875000000356,North Sikkim,4449.0,5.982095241546631,328.4908142089844,0.23884060978889465,30,164,565,271,103,,,,,,,,,
BG_0656,0,background_negative,False,27.466944444440138,88.41194444448001,West Sikkim,3300.0,20.900968551635742,220.9728240966797,0.3979663550853729,10,299,370,331,104,,,,,,,,,
BG_0657,0,background_negative,False,27.67888888888461,88.58055555559115,North Sikkim,2900.0,40.73981475830078,297.8228759765625,3.0755422115325928,10,177,454,369,87,,,,,,,,,
BG_0658,0,background_negative,False,27.18972222221788,88.4208333333689,South Sikkim,1133.0,18.70928382873535,307.70361328125,-0.2902185022830963,10,245,368,386,100,,,,,,,,,
BG_0659,0,background_negative,False,27.076111111106755,88.28138888892444,West Sikkim,1643.0,16.88191032409668,150.44015502929688,0.4222294092178345,50,276,363,360,122,,,,,,,,,
BG_0660,0,background_negative,False,27.457499999995694,88.72972222225783,East Sikkim,3431.0,29.22669219970703,6.071840286254883,-0.6388793587684631,10,237,435,328,105,,,,,,,,,
BG_0661,0,background_negative,False,27.394722222217908,88.44055555559112,South Sikkim,1606.0,20.381607055664062,63.374977111816406,-0.13248290121555328,10,280,380,341,108,,,,,,,,,
BG_0662,0,background_negative,False,27.065277777773417,88.56694444448003,East Sikkim,1339.0,26.69404411315918,245.67437744140625,-0.1317053586244583,10,298,372,330,113,,,,,,,,,
BG_0663,0,background_negative,False,27.205833333328993,88.09944444447997,West Sikkim,2964.0,27.807016372680664,120.54541778564453,-0.39610555768013,10,310,351,339,103,,,,,,,,,
BG_0664,0,background_negative,False,27.80333333332907,88.75305555559116,North Sikkim,4329.0,53.33232498168945,286.5101318359375,9.265308380126953,30,129,509,362,103,,,,,,,,,
BG_0665,0,background_negative,False,27.056666666662306,88.70416666670226,East Sikkim,1529.0,30.166187286376953,262.37091064453125,-0.8172874450683594,10,295,351,354,108,,,,,,,,,
BG_0666,0,background_negative,False,27.784722222217958,88.71527777781338,North Sikkim,3656.0,26.05500030517578,64.93883514404297,-0.505807101726532,10,132,534,334,103,,,,,,,,,
BG_0667,0,background_negative,False,27.57361111110682,88.41833333336889,North Sikkim,1607.0,51.34514236450195,44.12343215942383,-3.2015092372894287,10,266,382,352,107,,,,,,,,,
BG_0668,0,background_negative,False,27.327499999995677,88.41111111114667,South Sikkim,1876.0,36.7222900390625,300.0555114746094,2.0903944969177246,10,259,406,336,108,,,,,,,,,
BG_0669,0,background_negative,False,27.31444444444012,88.08944444447997,West Sikkim,2430.0,36.15163803100586,287.80157470703125,2.538872480392456,10,319,359,322,101,,,,,,,,,
BG_0670,0,background_negative,False,27.22055555555122,88.55277777781336,East Sikkim,1756.0,12.195743560791016,300.4864196777344,-0.2906566858291626,10,285,351,364,115,,,,,,,,,
BG_0671,0,background_negative,False,27.618888888884605,88.55888888892447,North Sikkim,4100.0,48.36190414428711,253.85975646972656,3.3848631381988525,10,204,468,328,99,,,,,,,,,
BG_0672,0,background_negative,False,27.65361111110683,88.72444444448004,North Sikkim,2379.0,36.322044372558594,314.9944763183594,-1.2940436601638794,10,185,428,387,102,,,,,,,,,
BG_0673,0,background_negative,False,27.442222222217914,88.12444444447996,Gyalshing,3880.0,32.0169677734375,146.90963745117188,-0.18669629096984863,10,153,533,314,103,,,,,,,,,
BG_0674,0,background_negative,False,27.438333333329023,88.05111111114662,West Sikkim,4371.0,23.093578338623047,35.95054244995117,1.2962136268615723,100,166,527,306,103,,,,,,,,,
BG_0675,0,background_negative,False,27.05111111110675,88.45444444448002,South Sikkim,1136.0,13.160832405090332,121.40298461914062,-0.8172491788864136,10,254,373,373,118,,,,,,,,,
BG_0676,0,background_negative,False,27.453611111106802,88.54166666670224,North Sikkim,1879.0,24.50782585144043,168.48028564453125,1.5345629453659058,10,269,371,360,107,,,,,,,,,
BG_0677,0,background_negative,False,27.491944444440144,88.16388888892442,West District,4045.0,9.593770027160645,332.74176025390625,-0.1839190423488617,30,148,547,305,103,,,,,,,,,
BG_0678,0,background_negative,False,27.285277777773448,88.24944444447999,West Sikkim,1204.0,20.518470764160156,9.084185600280762,0.5277552604675293,10,250,346,404,115,,,,,,,,,
BG_0679,0,background_negative,False,27.43638888888458,88.58444444448003,North Sikkim,1922.0,12.852222442626953,274.082763671875,-0.37071120738983154,10,239,409,353,98,,,,,,,,,
BG_0680,0,background_negative,False,27.676111111106835,88.55277777781336,North Sikkim,3535.0,28.592687606811523,294.1904602050781,-0.13315948843955994,10,203,485,312,85,,,,,,,,,
BG_0681,0,background_negative,False,27.52777777777348,88.45444444448002,North Sikkim,1879.0,49.76348114013672,179.3374481201172,-1.4335575103759766,10,227,480,293,108,,,,,,,,,
BG_0682,0,background_negative,False,27.0780555555512,88.35611111114666,South Sikkim,1110.0,27.82379150390625,125.24858093261719,0.6586760878562927,10,249,372,378,120,,,,,,,,,
BG_0683,0,background_negative,False,27.51277777777348,88.3005555555911,West Sikkim,4301.0,45.280174255371094,250.5017547607422,-0.9737781286239624,100,172,544,284,104,,,,,,,,,
BG_0684,0,background_negative,False,27.520833333329033,88.48777777781335,North Sikkim,1585.0,30.876440048217773,118.82976531982422,-0.6877450942993164,10,231,449,319,109,,,,,,,,,
BG_0685,0,background_negative,False,27.508888888884588,88.38388888892445,West Sikkim,3546.0,44.24330520629883,341.1755065917969,-2.4168200492858887,30,272,400,329,105,,,,,,,,,
BG_0686,0,background_negative,False,27.32333333332901,88.31861111114667,West Sikkim,1591.0,30.302227020263672,51.79587936401367,-0.9514519572257996,10,278,348,374,104,,,,,,,,,
BG_0687,0,background_negative,False,27.068333333328976,88.45666666670223,South Sikkim,1051.0,28.321563720703125,260.0190734863281,-0.0,10,290,374,337,117,,,,,,,,,
BG_0688,0,background_negative,False,27.135555555551207,88.76805555559116,East Sikkim,2118.0,33.824974060058594,190.9340362548828,-0.10525739192962646,10,235,401,365,103,,,,,,,,,
BG_0689,0,background_negative,False,27.19749999999566,88.53638888892446,East Sikkim,888.0,9.99300479888916,334.0115051269531,0.23756925761699677,10,283,364,353,120,,,,,,,,,
BG_0690,0,background_negative,False,27.406388888884575,88.55833333336892,North Sikkim,1501.0,28.559988021850586,279.4471435546875,-0.316642165184021,10,269,331,400,99,,,,,,,,,
BG_0691,0,background_negative,False,27.133055555551206,88.19555555559108,West Sikkim,521.0,23.62319564819336,217.00872802734375,-0.791506290435791,10,264,351,385,118,,,,,,,,,
BG_0692,0,background_negative,False,27.337777777773454,88.35833333336889,South Sikkim,2278.0,11.63875961303711,138.5223388671875,-1.1090905666351318,10,257,385,358,101,,,,,,,,,
BG_0693,0,background_negative,False,27.251388888884556,88.08055555559108,West Sikkim,2613.0,28.00081443786621,238.7111053466797,-0.05237084627151489,10,316,365,319,101,,,,,,,,,
BG_0694,0,background_negative,False,27.5174999999957,88.37972222225778,West Sikkim,3749.0,4.922546863555908,328.0721435546875,0.2383207082748413,30,184,463,353,105,,,,,,,,,
BG_0695,0,background_negative,False,27.068333333328976,88.21916666670221,West Sikkim,800.0,15.23372745513916,138.2150115966797,-1.3451557159423828,10,267,350,383,123,,,,,,,,,
BG_0696,0,background_negative,False,27.41083333332902,88.34833333336888,West Sikkim,1819.0,49.56794357299805,323.06182861328125,8.31482219696045,30,238,407,356,102,,,,,,,,,
BG_0697,0,background_negative,False,27.350833333329014,88.45500000003557,South Sikkim,1043.0,58.7119140625,1.742239236831665,2.137810707092285,10,253,370,377,110,,,,,,,,,
BG_0698,0,background_negative,False,27.72888888888462,88.53166666670225,North Sikkim,3502.0,32.08192825317383,322.8254699707031,0.5831881165504456,10,186,485,329,99,,,,,,,,,
BG_0699,0,background_negative,False,27.342499999995677,88.14138888892441,Gyalshing,1724.0,45.8448486328125,10.944908142089844,-5.9426350593566895,10,225,449,326,105,,,,,,,,,
BG_0700,0,background_negative,False,27.580555555551264,88.68527777781338,North Sikkim,3261.0,15.064502716064453,56.06589126586914,1.0554211139678955,10,178,506,316,101,,,,,,,,,
BG_0701,0,background_negative,False,27.66749999999572,88.5283333333689,North Sikkim,4456.0,52.45646667480469,147.08993530273438,4.034785270690918,100,151,546,302,87,,,,,,,,,
BG_0702,0,background_negative,False,27.71861111110684,88.4747222222578,North Sikkim,4491.0,23.375736236572266,24.31328773498535,-0.34433847665786743,100,139,540,321,99,,,,,,,,,
BG_0703,0,background_negative,False,27.401111111106797,88.81444444448006,East Sikkim,4422.0,40.10139465332031,81.40243530273438,-1.479920506477356,100,167,507,326,104,,,,,,,,,
BG_0704,0,background_negative,False,27.12611111110676,88.75055555559116,East Sikkim,2862.0,20.703292846679688,182.06475830078125,1.0288783311843872,10,338,334,328,104,,,,,,,,,
BG_0705,0,background_negative,False,27.06638888888453,88.57805555559113,East Sikkim,1308.0,38.2502555847168,181.97860717773438,3.164816379547119,10,277,381,342,113,,,,,,,,,
BG_0706,0,background_negative,False,27.64749999999572,88.46250000003558,North Sikkim,2465.0,20.361875534057617,53.001861572265625,1.266480803489685,60,191,490,318,91,,,,,,,,,
BG_0707,0,background_negative,False,27.1619444444401,88.77361111114672,East Sikkim,2132.0,45.7110595703125,301.2629699707031,-1.4512507915496826,10,300,344,356,103,,,,,,,,,
BG_0708,0,background_negative,False,27.115833333328982,88.6300000000356,East Sikkim,1440.0,28.208330154418945,178.0604705810547,3.8248307704925537,10,288,340,372,115,,,,,,,,,
BG_0709,0,background_negative,False,27.13249999999565,88.51111111114669,South Sikkim,356.0,30.48557472229004,84.06057739257812,-0.9230391979217529,10,277,349,374,114,,,,,,,,,
BG_0710,0,background_negative,False,27.606388888884602,88.36333333336889,North Sikkim,2442.0,77.11800384521484,7.307135105133057,-1.7520729303359985,10,201,466,333,106,,,,,,,,,
BG_0711,0,background_negative,False,27.073333333328975,88.29361111114666,Namchi,1366.0,27.8214054107666,237.4044952392578,0.5530634522438049,10,281,369,349,119,,,,,,,,,
BG_0712,0,background_negative,False,27.599722222217935,88.66388888892449,North Sikkim,2339.0,39.24440002441406,26.513383865356445,0.31662458181381226,10,240,383,377,104,,,,,,,,,
BG_0713,0,background_negative,False,27.13499999999565,88.0941666667022,West Sikkim,1698.0,30.695737838745117,258.1571350097656,-0.05262605845928192,10,284,391,325,97,,,,,,,,,
BG_0714,0,background_negative,False,27.124444444440094,88.12444444447996,West Sikkim,1268.0,29.670883178710938,347.5784912109375,-0.0792679488658905,10,254,349,398,118,,,,,,,,,
BG_0715,0,background_negative,False,27.210833333328992,88.05833333336885,West Sikkim,2716.0,11.63464641571045,157.973876953125,-0.3166598975658417,10,304,353,343,103,,,,,,,,,
BG_0716,0,background_negative,False,27.481666666662363,88.28833333336888,West Sikkim,4325.0,41.004364013671875,344.19671630859375,3.1724278926849365,100,171,473,356,104,,,,,,,,,
BG_0717,0,background_negative,False,27.181944444440102,88.48111111114669,South Sikkim,882.0,25.910486221313477,242.6269073486328,1.0029819011688232,10,250,362,389,113,,,,,,,,,
BG_0718,0,background_negative,False,27.283888888884558,88.4683333333689,East Sikkim,1609.0,23.15160369873047,77.93965911865234,0.8988685607910156,10,274,322,404,121,,,,,,,,,
BG_0719,0,background_negative,False,27.12749999999565,88.10111111114664,West Sikkim,1754.0,33.31211471557617,215.9490203857422,-1.793698787689209,10,339,356,305,99,,,,,,,,,
BG_0720,0,background_negative,False,27.41472222221791,88.0627777778133,West Sikkim,4185.0,17.520549774169922,247.29957580566406,3.0704140663146973,30,174,517,308,103,,,,,,,,,
BG_0721,0,background_negative,False,27.472499999995694,88.06194444447996,Gyalshing,4155.0,8.93278980255127,302.85791015625,-1.163947343826294,30,134,548,318,103,,,,,,,,,
BG_0722,0,background_negative,False,27.31944444444012,88.69361111114671,East Sikkim,2564.0,43.25503158569336,84.55110168457031,-3.0950310230255127,10,293,324,384,100,,,,,,,,,
BG_0723,0,background_negative,False,27.327499999995677,88.27166666670222,South Sikkim,791.0,39.39167404174805,30.625869750976562,-1.427236557006836,10,253,357,389,106,,,,,,,,,
BG_0724,0,background_negative,False,27.164722222217875,88.57194444448002,East Sikkim,924.0,23.386859893798828,77.52665710449219,0.5541374087333679,10,267,373,360,117,,,,,,,,,
BG_0725,0,background_negative,False,27.38166666666235,88.40583333336889,South Sikkim,2831.0,24.612089157104492,229.003173828125,0.4242590367794037,10,304,359,337,105,,,,,,,,,
BG_0726,0,background_negative,False,27.534444444440147,88.5222222222578,North Sikkim,1316.0,31.38381004333496,7.293605327606201,0.609539270401001,10,278,372,350,106,,,,,,,,,
BG_0727,0,background_negative,False,27.57222222221793,88.39944444448001,North Sikkim,2089.0,36.85202407836914,287.3371276855469,1.137521505355835,10,231,452,317,106,,,,,,,,,
BG_0728,0,background_negative,False,27.42972222221791,88.06000000003552,West Sikkim,4190.0,22.69686508178711,51.5804557800293,-0.18660591542720795,30,168,522,311,103,,,,,,,,,
BG_0729,0,background_negative,False,27.4286111111068,88.30750000003555,West Sikkim,2622.0,45.28650665283203,46.882328033447266,-2.361652374267578,10,268,370,361,104,,,,,,,,,
BG_0730,0,background_negative,False,27.167222222217877,88.18138888892442,West Sikkim,1839.0,41.7334098815918,293.6184997558594,-1.6097129583358765,10,227,386,387,109,,,,,,,,,
BG_0731,0,background_negative,False,27.175277777773434,88.5911111111467,East Sikkim,1127.0,27.692764282226562,183.47206115722656,-0.10555437207221985,10,291,368,341,117,,,,,,,,,
BG_0732,0,background_negative,False,27.448611111106803,88.75777777781339,East Sikkim,4350.0,30.227174758911133,12.635733604431152,0.05413093417882919,100,164,523,314,105,,,,,,,,,
BG_0733,0,background_negative,False,27.509444444440145,88.49861111114669,North Sikkim,1971.0,28.1404972076416,198.36480712890625,-2.1480226516723633,10,261,361,378,110,,,,,,,,,
BG_0734,0,background_negative,False,27.17972222221788,88.57500000003559,East Sikkim,692.0,31.263280868530273,109.53926086425781,2.3750321865081787,10,300,341,359,117,,,,,,,,,
BG_0735,0,background_negative,False,27.6852777777735,88.77111111114672,North Sikkim,3373.0,43.7691535949707,35.51912307739258,0.6382657885551453,30,153,481,366,103,,,,,,,,,
BG_0736,0,background_negative,False,27.500277777773476,88.40944444448,North Sikkim,2729.0,16.0660400390625,119.5728759765625,-0.1055445447564125,10,345,349,306,106,,,,,,,,,
BG_0737,0,background_negative,False,27.491666666662365,88.75861111114672,East Sikkim,3946.0,41.99351501464844,58.74919128417969,1.6406465768814087,30,183,475,342,104,,,,,,,,,
BG_0738,0,background_negative,False,27.107499999995646,88.84361111114673,East Sikkim,898.0,26.52712059020996,299.2190246582031,-1.1868027448654175,10,266,370,365,105,,,,,,,,,
BG_0739,0,background_negative,False,27.481944444440142,88.60722222225782,Mangan,3404.0,4.432331562042236,273.00311279296875,0.4734329581260681,10,294,369,337,97,,,,,,,,,
BG_0740,0,background_negative,False,27.055555555551194,88.1391666667022,West Sikkim,1753.0,38.07646942138672,233.03514099121094,-1.6073756217956543,10,260,430,310,119,,,,,,,,,
BG_0741,0,background_negative,False,27.073611111106754,88.42000000003556,South Sikkim,512.0,24.6125545501709,6.82518196105957,1.2125786542892456,10,254,378,368,118,,,,,,,,,
BG_0742,0,background_negative,False,27.298333333329005,88.68944444448005,East Sikkim,2373.0,38.00304412841797,138.00669860839844,-1.5578186511993408,10,264,363,373,110,,,,,,,,,
BG_0743,0,background_negative,False,27.551111111106817,88.84055555559118,North Sikkim,3634.0,13.933367729187012,3.1582913398742676,-1.0318305492401123,30,152,456,391,102,,,,,,,,,
BG_0744,0,background_negative,False,27.093611111106757,88.56194444448003,East Sikkim,1128.0,12.627596855163574,316.4778137207031,-0.21111364662647247,10,242,382,376,113,,,,,,,,,
BG_0745,0,background_negative,False,27.543888888884595,88.80694444448007,North Sikkim,4045.0,22.10577392578125,335.47979736328125,0.42581725120544434,30,150,525,325,102,,,,,,,,,
BG_0746,0,background_negative,False,27.53777777777348,88.80250000003562,North Sikkim,4387.0,39.334449768066406,192.5214385986328,-0.300102174282074,10,131,545,324,102,,,,,,,,,
BG_0747,0,background_negative,False,27.804444444440183,88.6900000000356,North Sikkim,4475.0,32.81937789916992,300.2459411621094,-0.0496620237827301,100,140,533,327,102,,,,,,,,,
BG_0748,0,background_negative,False,27.24555555555122,88.13805555559108,West Sikkim,1683.0,37.01002883911133,253.40965270996094,0.5543379187583923,10,298,363,339,102,,,,,,,,,
BG_0749,0,background_negative,False,27.156388888884543,88.5522222222578,East Sikkim,908.0,33.30906295776367,27.12987518310547,1.319287657737732,10,255,370,376,116,,,,,,,,,
BG_0750,0,background_negative,False,27.596944444440155,88.54638888892447,North Sikkim,3673.0,27.39162254333496,174.4472198486328,0.2850346863269806,30,197,441,361,98,,,,,,,,,
BG_0751,0,background_negative,False,27.22944444444011,88.1013888889244,West Sikkim,2814.0,24.43528175354004,198.66041564941406,-0.3431963324546814,10,302,357,342,101,,,,,,,,,
BG_0752,0,background_negative,False,27.53416666666237,88.74166666670227,North Sikkim,4001.0,49.33987808227539,234.86349487304688,-0.8170748949050903,30,180,440,380,107,,,,,,,,,
BG_0753,0,background_negative,False,27.197777777773435,88.06055555559107,West Sikkim,2946.0,14.055828094482422,22.39278221130371,0.7388758659362793,10,315,367,318,103,,,,,,,,,
BG_0754,0,background_negative,False,27.37166666666235,88.11333333336886,Gyalshing,2543.0,45.165000915527344,317.9822692871094,2.669529914855957,10,234,430,337,104,,,,,,,,,
BG_0755,0,background_negative,False,27.473611111106806,88.12194444447996,West Sikkim,3937.0,37.936317443847656,5.6986494064331055,1.269503116607666,60,146,532,321,103,,,,,,,,,
BG_0756,0,background_negative,False,27.240833333328997,88.29277777781333,West Sikkim,697.0,32.77457046508789,217.3658905029297,-0.0,10,278,375,347,114,,,,,,,,,
BG_0757,0,background_negative,False,27.45416666666236,88.74222222225782,East Sikkim,3816.0,33.0841064453125,82.8385238647461,-0.5548086762428284,100,164,459,377,105,,,,,,,,,
BG_0758,0,background_negative,False,27.636666666662382,88.42305555559112,North Sikkim,3370.0,41.32350540161133,311.6880187988281,-0.5918565988540649,10,169,502,329,99,,,,,,,,,
BG_0759,0,background_negative,False,27.551388888884595,88.47305555559113,North Sikkim,1395.0,14.9516019821167,39.14472198486328,0.9262894988059998,10,259,356,386,107,,,,,,,,,
BG_0760,0,background_negative,False,27.42999999999569,88.08750000003552,Gyalshing,4428.0,26.475629806518555,212.00599670410156,-1.6397759914398193,100,170,488,341,103,,,,,,,,,
BG_0761,0,background_negative,False,27.243888888884555,88.41694444448001,South Sikkim,1406.0,36.24249267578125,175.73434448242188,0.7388661503791809,10,275,327,398,113,,,,,,,,,
BG_0762,0,background_negative,False,27.635277777773496,88.34777777781333,North Sikkim,3667.0,50.428070068359375,322.37646484375,6.653308391571045,30,148,499,353,104,,,,,,,,,
BG_0763,0,background_negative,False,27.367222222217904,88.41472222225778,South Sikkim,2843.0,27.357704162597656,251.70269775390625,0.08060646057128906,10,278,362,360,108,,,,,,,,,
BG_0764,0,background_negative,False,27.352777777773458,88.82972222225784,East Sikkim,3609.0,18.044214248657227,327.9599914550781,-1.084111213684082,10,198,436,366,104,,,,,,,,,
BG_0765,0,background_negative,False,27.37166666666235,88.21055555559109,West District,1583.0,24.473752975463867,92.0451889038086,-0.5585611462593079,10,240,411,349,105,,,,,,,,,
BG_0766,0,background_negative,False,27.268888888884558,88.09555555559108,West Sikkim,2019.0,13.437565803527832,114.0750732421875,-0.47547122836112976,10,239,387,373,102,,,,,,,,,
BG_0767,0,background_negative,False,27.456388888884582,88.26194444448,West Sikkim,3227.0,46.01322555541992,276.7533264160156,3.5969338417053223,30,218,445,337,104,,,,,,,,,
BG_0768,0,background_negative,False,27.654444444440163,88.73861111114672,North Sikkim,3206.0,47.69545364379883,50.531150817871094,1.7485005855560303,10,158,487,354,103,,,,,,,,,
BG_0769,0,background_negative,False,27.53555555555126,88.42416666670223,North Sikkim,2123.0,42.88833236694336,284.9478759765625,0.7388043403625488,10,200,434,366,109,,,,,,,,,
BG_0770,0,background_negative,False,27.118888888884538,88.51777777781335,East Sikkim,836.0,29.309696197509766,116.1854248046875,0.5803298354148865,10,252,372,376,114,,,,,,,,,
BG_0771,0,background_negative,False,27.46416666666236,88.53666666670225,North Sikkim,1390.0,33.071380615234375,111.58882904052734,1.5076091289520264,10,272,368,360,111,,,,,,,,,
BG_0772,0,background_negative,False,27.717499999995727,88.60777777781337,North Sikkim,3571.0,47.45669174194336,338.11767578125,-1.7547515630722046,30,188,477,334,86,,,,,,,,,
BG_0773,0,background_negative,False,27.748611111106843,88.66944444448004,North Sikkim,4286.0,34.728599548339844,78.8531723022461,1.5887125730514526,30,154,505,341,102,,,,,,,,,
BG_0774,0,background_negative,False,27.34638888888457,88.51194444448002,East Sikkim,1896.0,29.690183639526367,44.58090591430664,-0.0,10,290,380,330,104,,,,,,,,,
BG_0775,0,background_negative,False,27.365277777773457,88.57000000003558,East Sikkim,2022.0,19.699478149414062,141.50125122070312,0.5027869343757629,10,278,368,355,98,,,,,,,,,
BG_0776,0,background_negative,False,27.743055555551287,88.56916666670224,North Sikkim,3879.0,40.985565185546875,38.691280364990234,2.4941303730010986,10,183,489,328,101,,,,,,,,,
BG_0777,0,background_negative,False,27.144444444440097,88.69555555559116,East Sikkim,1439.0,35.69028091430664,201.11416625976562,-0.2901170253753662,10,297,335,368,108,,,,,,,,,
