alert_id,alert_type,location,station_id,district,latitude,longitude,forecast_horizon,risk_score,risk_tier,alert_severity,susceptibility,rainfall_trigger_index,forecast_rainfall_mm,timestamp,status,risk_mode,disclaimer
ALT-HOTSPOT-0001,HOTSPOT_CORRIDOR,Gangtok - Lumsay Corridor (NH10),STN_01_GANGTOK,Gangtok District,27.3263,88.5954,+6h,0.7468,High,HIGH,0.892,0.6287,24.0,2026-09-08T18:05:43Z,ACTIVE,forecast_composite,SIMULATED / PROTOTYPE ALERT
ALT-HOTSPOT-0002,HOTSPOT_CORRIDOR,Gangtok - Lumsay Corridor (NH10),STN_01_GANGTOK,Gangtok District,27.3263,88.5954,+12h,0.8493,Very High,VERY HIGH,0.892,0.8429,48.0,2026-09-08T18:05:43Z,ACTIVE,forecast_composite,SIMULATED / PROTOTYPE ALERT
ALT-HOTSPOT-0003,HOTSPOT_CORRIDOR,Gangtok - Lumsay Corridor (NH10),STN_01_GANGTOK,Gangtok District,27.3263,88.5954,+24h,0.9167,Very High,VERY HIGH,0.892,0.984,72.0,2026-09-08T18:05:43Z,ACTIVE,forecast_composite,SIMULATED / PROTOTYPE ALERT
ALT-HOTSPOT-0004,HOTSPOT_CORRIDOR,Gangtok - Lumsay Corridor (NH10),STN_01_GANGTOK,Gangtok District,27.3263,88.5954,+48h,0.83,Very High,VERY HIGH,0.892,0.8027,110.0,2026-09-08T18:05:43Z,ACTIVE,forecast_composite,SIMULATED / PROTOTYPE ALERT
ALT-HOTSPOT-0005,HOTSPOT_CORRIDOR,Rongli - Rolep Hotspot Corridor,STN_02_RONGLI,Pakyong District,27.185,88.692,+6h,0.7772,Very High,VERY HIGH,0.865,0.7288,28.0,2026-09-08T18:05:43Z,ACTIVE,forecast_composite,SIMULATED / PROTOTYPE ALERT
ALT-HOTSPOT-0006,HOTSPOT_CORRIDOR,Rongli - Rolep Hotspot Corridor,STN_02_RONGLI,Pakyong District,27.185,88.692,+12h,0.88,Very High,VERY HIGH,0.865,0.9462,55.0,2026-09-08T18:05:43Z,ACTIVE,forecast_composite,SIMULATED / PROTOTYPE ALERT
ALT-HOTSPOT-0007,HOTSPOT_CORRIDOR,Rongli - Rolep Hotspot Corridor,STN_02_RONGLI,Pakyong District,27.185,88.692,+24h,0.9055,Very High,VERY HIGH,0.865,1.0,85.0,2026-09-08T18:05:43Z,ACTIVE,forecast_composite,SIMULATED / PROTOTYPE ALERT
ALT-HOTSPOT-0008,HOTSPOT_CORRIDOR,Rongli - Rolep Hotspot Corridor,STN_02_RONGLI,Pakyong District,27.185,88.692,+48h,0.8298,Very High,VERY HIGH,0.865,0.84,130.0,2026-09-08T18:05:43Z,ACTIVE,forecast_composite,SIMULATED / PROTOTYPE ALERT
ALT-HOTSPOT-0009,HOTSPOT_CORRIDOR,Pakyong Airport / Pachey Slide Zone,STN_03_PAKYONG,Pakyong District,27.234,88.586,+6h,0.6537,High,HIGH,0.82,0.5252,20.0,2026-09-08T18:05:43Z,ACTIVE,forecast_composite,SIMULATED / PROTOTYPE ALERT
ALT-HOTSPOT-0010,HOTSPOT_CORRIDOR,Pakyong Airport / Pachey Slide Zone,STN_03_PAKYONG,Pakyong District,27.234,88.586,+12h,0.7367,High,HIGH,0.82,0.7042,40.0,2026-09-08T18:05:43Z,ACTIVE,forecast_composite,SIMULATED / PROTOTYPE ALERT
ALT-HOTSPOT-0011,HOTSPOT_CORRIDOR,Pakyong Airport / Pachey Slide Zone,STN_03_PAKYONG,Pakyong District,27.234,88.586,+24h,0.8208,Very High,VERY HIGH,0.82,0.8855,65.0,2026-09-08T18:05:43Z,ACTIVE,forecast_composite,SIMULATED / PROTOTYPE ALERT
ALT-HOTSPOT-0012,HOTSPOT_CORRIDOR,Pakyong Airport / Pachey Slide Zone,STN_03_PAKYONG,Pakyong District,27.234,88.586,+48h,0.7626,Very High,VERY HIGH,0.82,0.76,95.0,2026-09-08T18:05:43Z,ACTIVE,forecast_composite,SIMULATED / PROTOTYPE ALERT
ALT-HOTSPOT-0013,HOTSPOT_CORRIDOR,Mangan - Chungthang Highway,STN_04_MANGAN,Mangan (North Sikkim),27.502,88.534,+6h,0.7835,Very High,VERY HIGH,0.785,0.8557,35.0,2026-09-08T18:05:43Z,ACTIVE,forecast_composite,SIMULATED / PROTOTYPE ALERT
ALT-HOTSPOT-0014,HOTSPOT_CORRIDOR,Mangan - Chungthang Highway,STN_04_MANGAN,Mangan (North Sikkim),27.502,88.534,+12h,0.8495,Very High,VERY HIGH,0.785,1.0,68.0,2026-09-08T18:05:43Z,ACTIVE,forecast_composite,SIMULATED / PROTOTYPE ALERT
ALT-HOTSPOT-0015,HOTSPOT_CORRIDOR,Mangan - Chungthang Highway,STN_04_MANGAN,Mangan (North Sikkim),27.502,88.534,+24h,0.8495,Very High,VERY HIGH,0.785,1.0,98.0,2026-09-08T18:05:43Z,ACTIVE,forecast_composite,SIMULATED / PROTOTYPE ALERT
ALT-HOTSPOT-0016,HOTSPOT_CORRIDOR,Mangan - Chungthang Highway,STN_04_MANGAN,Mangan (North Sikkim),27.502,88.534,+48h,0.7813,Very High,VERY HIGH,0.785,0.8507,145.0,2026-09-08T18:05:43Z,ACTIVE,forecast_composite,SIMULATED / PROTOTYPE ALERT
ALT-HOTSPOT-0017,HOTSPOT_CORRIDOR,Namchi - Jorethang Corridor,STN_05_NAMCHI,Namchi (South Sikkim),27.168,88.352,+24h,0.5763,High,HIGH,0.64,0.5989,44.0,2026-09-08T18:05:43Z,ACTIVE,forecast_composite,SIMULATED / PROTOTYPE ALERT
ALT-HOTSPOT-0018,HOTSPOT_CORRIDOR,Namchi - Jorethang Corridor,STN_05_NAMCHI,Namchi (South Sikkim),27.168,88.352,+48h,0.5771,High,HIGH,0.64,0.6008,70.0,2026-09-08T18:05:43Z,ACTIVE,forecast_composite,SIMULATED / PROTOTYPE ALERT
ALT-HOTSPOT-0019,HOTSPOT_CORRIDOR,Upper Lachen Remote Sensor Node (Telemetry Offline),STN_08_OFFLINE,Mangan (North Sikkim),27.712,88.552,+6h,0.71,High,HIGH,0.71,,,2026-09-08T18:05:43Z,ACTIVE,static_baseline_only,SIMULATED / PROTOTYPE ALERT
ALT-HOTSPOT-0020,HOTSPOT_CORRIDOR,Upper Lachen Remote Sensor Node (Telemetry Offline),STN_08_OFFLINE,Mangan (North Sikkim),27.712,88.552,+12h,0.71,High,HIGH,0.71,,,2026-09-08T18:05:43Z,ACTIVE,static_baseline_only,SIMULATED / PROTOTYPE ALERT
ALT-HOTSPOT-0021,HOTSPOT_CORRIDOR,Upper Lachen Remote Sensor Node (Telemetry Offline),STN_08_OFFLINE,Mangan (North Sikkim),27.712,88.552,+24h,0.71,High,HIGH,0.71,,,2026-09-08T18:05:43Z,ACTIVE,static_baseline_only,SIMULATED / PROTOTYPE ALERT
ALT-HOTSPOT-0022,HOTSPOT_CORRIDOR,Upper Lachen Remote Sensor Node (Telemetry Offline),STN_08_OFFLINE,Mangan (North Sikkim),27.712,88.552,+48h,0.71,High,HIGH,0.71,,,2026-09-08T18:05:43Z,ACTIVE,static_baseline_only,SIMULATED / PROTOTYPE ALERT
ALT-GRID-00023,REGIONAL_GRID_CELL,"Cell COARSE_C00010 (27.180N, 88.589E)",COARSE_C00010,East Sikkim,27.18,88.589,+6h,0.5641,High,HIGH,0.8806,0.26,18.0,2026-09-08T18:05:43Z,ACTIVE,forecast_composite,SIMULATED / PROTOTYPE ALERT
ALT-GRID-00024,REGIONAL_GRID_CELL,"Cell COARSE_C00016 (27.180N, 88.595E)",COARSE_C00016,East Sikkim,27.18,88.595,+6h,0.5799,High,HIGH,0.9092,0.26,18.0,2026-09-08T18:05:43Z,ACTIVE,forecast_composite,SIMULATED / PROTOTYPE ALERT
ALT-GRID-00025,REGIONAL_GRID_CELL,"Cell COARSE_C00017 (27.180N, 88.596E)",COARSE_C00017,East Sikkim,27.18,88.596,+6h,0.5793,High,HIGH,0.9082,0.26,18.0,2026-09-08T18:05:43Z,ACTIVE,forecast_composite,SIMULATED / PROTOTYPE ALERT
ALT-GRID-00026,REGIONAL_GRID_CELL,"Cell COARSE_C00018 (27.180N, 88.597E)",COARSE_C00018,East Sikkim,27.18,88.597,+6h,0.5679,High,HIGH,0.8874,0.26,18.0,2026-09-08T18:05:43Z,ACTIVE,forecast_composite,SIMULATED / PROTOTYPE ALERT
ALT-GRID-00027,REGIONAL_GRID_CELL,"Cell COARSE_C00044 (27.180N, 88.623E)",COARSE_C00044,East Sikkim,27.18,88.623,+6h,0.6024,High,HIGH,0.95,0.26,18.1,2026-09-08T18:05:43Z,ACTIVE,forecast_composite,SIMULATED / PROTOTYPE ALERT
ALT-GRID-00028,REGIONAL_GRID_CELL,"Cell COARSE_C00045 (27.180N, 88.624E)",COARSE_C00045,East Sikkim,27.18,88.624,+6h,0.6015,High,HIGH,0.9483,0.26,18.1,2026-09-08T18:05:43Z,ACTIVE,forecast_composite,SIMULATED / PROTOTYPE ALERT
ALT-GRID-00029,REGIONAL_GRID_CELL,"Cell COARSE_C00046 (27.180N, 88.625E)",COARSE_C00046,East Sikkim,27.18,88.625,+6h,0.6021,High,HIGH,0.9494,0.26,18.1,2026-09-08T18:05:43Z,ACTIVE,forecast_composite,SIMULATED / PROTOTYPE ALERT
ALT-GRID-00030,REGIONAL_GRID_CELL,"Cell COARSE_C00047 (27.180N, 88.626E)",COARSE_C00047,East Sikkim,27.18,88.626,+6h,0.6141,High,HIGH,0.9711,0.26,18.1,2026-09-08T18:05:43Z,ACTIVE,forecast_composite,SIMULATED / PROTOTYPE ALERT
ALT-GRID-00031,REGIONAL_GRID_CELL,"Cell COARSE_C00049 (27.180N, 88.628E)",COARSE_C00049,East Sikkim,27.18,88.628,+6h,0.5906,High,HIGH,0.9286,0.26,18.1,2026-09-08T18:05:43Z,ACTIVE,forecast_composite,SIMULATED / PROTOTYPE ALERT
ALT-GRID-00032,REGIONAL_GRID_CELL,"Cell COARSE_C00052 (27.180N, 88.631E)",COARSE_C00052,East Sikkim,27.18,88.631,+6h,0.5782,High,HIGH,0.9061,0.26,18.1,2026-09-08T18:05:43Z,ACTIVE,forecast_composite,SIMULATED / PROTOTYPE ALERT
ALT-GRID-00033,REGIONAL_GRID_CELL,"Cell COARSE_C00059 (27.180N, 88.638E)",COARSE_C00059,East Sikkim,27.18,88.638,+6h,0.6256,High,HIGH,0.9921,0.26,18.1,2026-09-08T18:05:43Z,ACTIVE,forecast_composite,SIMULATED / PROTOTYPE ALERT
ALT-GRID-00034,REGIONAL_GRID_CELL,"Cell COARSE_C00234 (27.181N, 88.612E)",COARSE_C00234,East Sikkim,27.181,88.612,+6h,0.5856,High,HIGH,0.9196,0.26,18.1,2026-09-08T18:05:43Z,ACTIVE,forecast_composite,SIMULATED / PROTOTYPE ALERT
ALT-GRID-00035,REGIONAL_GRID_CELL,"Cell COARSE_C00245 (27.181N, 88.623E)",COARSE_C00245,East Sikkim,27.181,88.623,+6h,0.602,High,HIGH,0.9492,0.26,18.1,2026-09-08T18:05:43Z,ACTIVE,forecast_composite,SIMULATED / PROTOTYPE ALERT
ALT-GRID-00036,REGIONAL_GRID_CELL,"Cell COARSE_C00250 (27.181N, 88.628E)",COARSE_C00250,East Sikkim,27.181,88.628,+6h,0.5863,High,HIGH,0.9208,0.26,18.1,2026-09-08T18:05:43Z,ACTIVE,forecast_composite,SIMULATED / PROTOTYPE ALERT
ALT-GRID-00037,REGIONAL_GRID_CELL,"Cell COARSE_C00253 (27.181N, 88.631E)",COARSE_C00253,East Sikkim,27.181,88.631,+6h,0.5682,High,HIGH,0.888,0.26,18.1,2026-09-08T18:05:43Z,ACTIVE,forecast_composite,SIMULATED / PROTOTYPE ALERT
ALT-GRID-00038,REGIONAL_GRID_CELL,"Cell COARSE_C00259 (27.181N, 88.637E)",COARSE_C00259,East Sikkim,27.181,88.637,+6h,0.6263,High,HIGH,0.9933,0.26,18.1,2026-09-08T18:05:43Z,ACTIVE,forecast_composite,SIMULATED / PROTOTYPE ALERT
ALT-GRID-00039,REGIONAL_GRID_CELL,"Cell COARSE_C00264 (27.181N, 88.642E)",COARSE_C00264,East Sikkim,27.181,88.642,+6h,0.625,High,HIGH,0.991,0.26,18.1,2026-09-08T18:05:43Z,ACTIVE,forecast_composite,SIMULATED / PROTOTYPE ALERT
ALT-GRID-00040,REGIONAL_GRID_CELL,"Cell COARSE_C00438 (27.182N, 88.615E)",COARSE_C00438,East Sikkim,27.182,88.615,+6h,0.6089,High,HIGH,0.9617,0.26,18.1,2026-09-08T18:05:43Z,ACTIVE,forecast_composite,SIMULATED / PROTOTYPE ALERT
ALT-GRID-00041,REGIONAL_GRID_CELL,"Cell COARSE_C00443 (27.182N, 88.620E)",COARSE_C00443,East Sikkim,27.182,88.62,+6h,0.6008,High,HIGH,0.9471,0.26,18.1,2026-09-08T18:05:43Z,ACTIVE,forecast_composite,SIMULATED / PROTOTYPE ALERT
ALT-GRID-00042,REGIONAL_GRID_CELL,"Cell COARSE_C00444 (27.182N, 88.621E)",COARSE_C00444,East Sikkim,27.182,88.621,+6h,0.5698,High,HIGH,0.8909,0.26,18.1,2026-09-08T18:05:43Z,ACTIVE,forecast_composite,SIMULATED / PROTOTYPE ALERT
ALT-GRID-00043,REGIONAL_GRID_CELL,"Cell COARSE_C00445 (27.182N, 88.622E)",COARSE_C00445,East Sikkim,27.182,88.622,+6h,0.5757,High,HIGH,0.9017,0.26,18.1,2026-09-08T18:05:43Z,ACTIVE,forecast_composite,SIMULATED / PROTOTYPE ALERT
ALT-GRID-00044,REGIONAL_GRID_CELL,"Cell COARSE_C00467 (27.182N, 88.644E)",COARSE_C00467,East Sikkim,27.182,88.644,+6h,0.5566,High,HIGH,0.867,0.26,18.1,2026-09-08T18:05:43Z,ACTIVE,forecast_composite,SIMULATED / PROTOTYPE ALERT
ALT-GRID-00045,REGIONAL_GRID_CELL,"Cell COARSE_C00604 (27.183N, 88.580E)",COARSE_C00604,East Sikkim,27.183,88.58,+6h,0.5862,High,HIGH,0.9206,0.26,18.0,2026-09-08T18:05:43Z,ACTIVE,forecast_composite,SIMULATED / PROTOTYPE ALERT
ALT-GRID-00046,REGIONAL_GRID_CELL,"Cell COARSE_C00642 (27.183N, 88.618E)",COARSE_C00642,East Sikkim,27.183,88.618,+6h,0.554,High,HIGH,0.8623,0.26,18.1,2026-09-08T18:05:43Z,ACTIVE,forecast_composite,SIMULATED / PROTOTYPE ALERT
ALT-GRID-00047,REGIONAL_GRID_CELL,"Cell COARSE_C00658 (27.183N, 88.634E)",COARSE_C00658,East Sikkim,27.183,88.634,+6h,0.6253,High,HIGH,0.9915,0.26,18.1,2026-09-08T18:05:43Z,ACTIVE,forecast_composite,SIMULATED / PROTOTYPE ALERT
ALT-GRID-00048,REGIONAL_GRID_CELL,"Cell COARSE_C00660 (27.183N, 88.636E)",COARSE_C00660,East Sikkim,27.183,88.636,+6h,0.5738,High,HIGH,0.8981,0.26,18.1,2026-09-08T18:05:43Z,ACTIVE,forecast_composite,SIMULATED / PROTOTYPE ALERT
ALT-GRID-00049,REGIONAL_GRID_CELL,"Cell COARSE_C01014 (27.185N, 88.588E)",COARSE_C01014,East Sikkim,27.185,88.588,+6h,0.5646,High,HIGH,0.8815,0.26,18.0,2026-09-08T18:05:43Z,ACTIVE,forecast_composite,SIMULATED / PROTOTYPE ALERT
ALT-GRID-00050,REGIONAL_GRID_CELL,"Cell COARSE_C01016 (27.185N, 88.590E)",COARSE_C01016,East Sikkim,27.185,88.59,+6h,0.5692,High,HIGH,0.8898,0.26,18.0,2026-09-08T18:05:43Z,ACTIVE,forecast_composite,SIMULATED / PROTOTYPE ALERT
ALT-GRID-00051,REGIONAL_GRID_CELL,"Cell COARSE_C01057 (27.185N, 88.631E)",COARSE_C01057,East Sikkim,27.185,88.631,+6h,0.6249,High,HIGH,0.9908,0.26,18.1,2026-09-08T18:05:43Z,ACTIVE,forecast_composite,SIMULATED / PROTOTYPE ALERT
ALT-GRID-00052,REGIONAL_GRID_CELL,"Cell COARSE_C01212 (27.186N, 88.585E)",COARSE_C01212,East Sikkim,27.186,88.585,+6h,0.5918,High,HIGH,0.9308,0.26,18.0,2026-09-08T18:05:43Z,ACTIVE,forecast_composite,SIMULATED / PROTOTYPE ALERT
ALT-GRID-00053,REGIONAL_GRID_CELL,"Cell COARSE_C01213 (27.186N, 88.586E)",COARSE_C01213,East Sikkim,27.186,88.586,+6h,0.5707,High,HIGH,0.8925,0.26,18.0,2026-09-08T18:05:43Z,ACTIVE,forecast_composite,SIMULATED / PROTOTYPE ALERT
ALT-GRID-00054,REGIONAL_GRID_CELL,"Cell COARSE_C01216 (27.186N, 88.589E)",COARSE_C01216,East Sikkim,27.186,88.589,+6h,0.5885,High,HIGH,0.9248,0.26,18.0,2026-09-08T18:05:43Z,ACTIVE,forecast_composite,SIMULATED / PROTOTYPE ALERT
ALT-GRID-00055,REGIONAL_GRID_CELL,"Cell COARSE_C01217 (27.186N, 88.590E)",COARSE_C01217,East Sikkim,27.186,88.59,+6h,0.5512,High,HIGH,0.8573,0.26,18.0,2026-09-08T18:05:43Z,ACTIVE,forecast_composite,SIMULATED / PROTOTYPE ALERT
ALT-GRID-00056,REGIONAL_GRID_CELL,"Cell COARSE_C01218 (27.186N, 88.591E)",COARSE_C01218,East Sikkim,27.186,88.591,+6h,0.5744,High,HIGH,0.8993,0.26,18.0,2026-09-08T18:05:43Z,ACTIVE,forecast_composite,SIMULATED / PROTOTYPE ALERT
ALT-GRID-00057,REGIONAL_GRID_CELL,"Cell COARSE_C01255 (27.186N, 88.628E)",COARSE_C01255,East Sikkim,27.186,88.628,+6h,0.6261,High,HIGH,0.9929,0.26,18.1,2026-09-08T18:05:43Z,ACTIVE,forecast_composite,SIMULATED / PROTOTYPE ALERT
ALT-GRID-00058,REGIONAL_GRID_CELL,"Cell COARSE_C01411 (27.187N, 88.583E)",COARSE_C01411,East Sikkim,27.187,88.583,+6h,0.5749,High,HIGH,0.9002,0.26,18.0,2026-09-08T18:05:43Z,ACTIVE,forecast_composite,SIMULATED / PROTOTYPE ALERT
ALT-GRID-00059,REGIONAL_GRID_CELL,"Cell COARSE_C01412 (27.187N, 88.584E)",COARSE_C01412,East Sikkim,27.187,88.584,+6h,0.5552,High,HIGH,0.8645,0.26,18.0,2026-09-08T18:05:43Z,ACTIVE,forecast_composite,SIMULATED / PROTOTYPE ALERT
ALT-GRID-00060,REGIONAL_GRID_CELL,"Cell COARSE_C01419 (27.187N, 88.591E)",COARSE_C01419,East Sikkim,27.187,88.591,+6h,0.5883,High,HIGH,0.9245,0.26,18.0,2026-09-08T18:05:43Z,ACTIVE,forecast_composite,SIMULATED / PROTOTYPE ALERT
ALT-GRID-00061,REGIONAL_GRID_CELL,"Cell COARSE_C01423 (27.187N, 88.595E)",COARSE_C01423,East Sikkim,27.187,88.595,+6h,0.5715,High,HIGH,0.894,0.26,18.0,2026-09-08T18:05:43Z,ACTIVE,forecast_composite,SIMULATED / PROTOTYPE ALERT
ALT-GRID-00062,REGIONAL_GRID_CELL,"Cell COARSE_C01428 (27.187N, 88.600E)",COARSE_C01428,East Sikkim,27.187,88.6,+6h,0.5945,High,HIGH,0.9357,0.26,18.0,2026-09-08T18:05:43Z,ACTIVE,forecast_composite,SIMULATED / PROTOTYPE ALERT
ALT-GRID-00063,REGIONAL_GRID_CELL,"Cell COARSE_C01611 (27.188N, 88.582E)",COARSE_C01611,East Sikkim,27.188,88.582,+6h,0.6165,High,HIGH,0.9755,0.26,18.0,2026-09-08T18:05:43Z,ACTIVE,forecast_composite,SIMULATED / PROTOTYPE ALERT
ALT-GRID-00064,REGIONAL_GRID_CELL,"Cell COARSE_C01623 (27.188N, 88.594E)",COARSE_C01623,East Sikkim,27.188,88.594,+6h,0.5877,High,HIGH,0.9234,0.26,18.0,2026-09-08T18:05:43Z,ACTIVE,forecast_composite,SIMULATED / PROTOTYPE ALERT
ALT-GRID-00065,REGIONAL_GRID_CELL,"Cell COARSE_C01654 (27.188N, 88.625E)",COARSE_C01654,East Sikkim,27.188,88.625,+6h,0.6251,High,HIGH,0.9912,0.26,18.1,2026-09-08T18:05:43Z,ACTIVE,forecast_composite,SIMULATED / PROTOTYPE ALERT
ALT-GRID-00066,REGIONAL_GRID_CELL,"Cell COARSE_C01820 (27.189N, 88.590E)",COARSE_C01820,East Sikkim,27.189,88.59,+6h,0.5721,High,HIGH,0.8951,0.26,18.0,2026-09-08T18:05:43Z,ACTIVE,forecast_composite,SIMULATED / PROTOTYPE ALERT
ALT-GRID-00067,REGIONAL_GRID_CELL,"Cell COARSE_C01827 (27.189N, 88.597E)",COARSE_C01827,East Sikkim,27.189,88.597,+6h,0.5769,High,HIGH,0.9038,0.26,18.0,2026-09-08T18:05:43Z,ACTIVE,forecast_composite,SIMULATED / PROTOTYPE ALERT
ALT-GRID-00068,REGIONAL_GRID_CELL,"Cell COARSE_C01828 (27.189N, 88.598E)",COARSE_C01828,East Sikkim,27.189,88.598,+6h,0.577,High,HIGH,0.904,0.26,18.0,2026-09-08T18:05:43Z,ACTIVE,forecast_composite,SIMULATED / PROTOTYPE ALERT
ALT-GRID-00069,REGIONAL_GRID_CELL,"Cell COARSE_C01840 (27.189N, 88.610E)",COARSE_C01840,East Sikkim,27.189,88.61,+6h,0.5807,High,HIGH,0.9106,0.26,18.1,2026-09-08T18:05:43Z,ACTIVE,forecast_composite,SIMULATED / PROTOTYPE ALERT
ALT-GRID-00070,REGIONAL_GRID_CELL,"Cell COARSE_C01841 (27.189N, 88.611E)",COARSE_C01841,East Sikkim,27.189,88.611,+6h,0.5669,High,HIGH,0.8856,0.26,18.1,2026-09-08T18:05:43Z,ACTIVE,forecast_composite,SIMULATED / PROTOTYPE ALERT
ALT-GRID-00071,REGIONAL_GRID_CELL,"Cell COARSE_C01844 (27.189N, 88.614E)",COARSE_C01844,East Sikkim,27.189,88.614,+6h,0.5999,High,HIGH,0.9454,0.26,18.1,2026-09-08T18:05:43Z,ACTIVE,forecast_composite,SIMULATED / PROTOTYPE ALERT
ALT-GRID-00072,REGIONAL_GRID_CELL,"Cell COARSE_C01845 (27.189N, 88.615E)",COARSE_C01845,East Sikkim,27.189,88.615,+6h,0.5932,High,HIGH,0.9333,0.26,18.1,2026-09-08T18:05:43Z,ACTIVE,forecast_composite,SIMULATED / PROTOTYPE ALERT
ALT-GRID-00073,REGIONAL_GRID_CELL,"Cell COARSE_C02015 (27.190N, 88.584E)",COARSE_C02015,East Sikkim,27.19,88.584,+6h,0.5581,High,HIGH,0.8697,0.26,18.0,2026-09-08T18:05:43Z,ACTIVE,forecast_composite,SIMULATED / PROTOTYPE ALERT
ALT-GRID-00074,REGIONAL_GRID_CELL,"Cell COARSE_C02016 (27.190N, 88.585E)",COARSE_C02016,East Sikkim,27.19,88.585,+6h,0.6209,High,HIGH,0.9835,0.26,18.0,2026-09-08T18:05:43Z,ACTIVE,forecast_composite,SIMULATED / PROTOTYPE ALERT
ALT-GRID-00075,REGIONAL_GRID_CELL,"Cell COARSE_C02021 (27.190N, 88.590E)",COARSE_C02021,East Sikkim,27.19,88.59,+6h,0.5691,High,HIGH,0.8897,0.26,18.0,2026-09-08T18:05:43Z,ACTIVE,forecast_composite,SIMULATED / PROTOTYPE ALERT
ALT-GRID-00076,REGIONAL_GRID_CELL,"Cell COARSE_C02024 (27.190N, 88.593E)",COARSE_C02024,East Sikkim,27.19,88.593,+6h,0.5842,High,HIGH,0.917,0.26,18.0,2026-09-08T18:05:43Z,ACTIVE,forecast_composite,SIMULATED / PROTOTYPE ALERT
ALT-GRID-00077,REGIONAL_GRID_CELL,"Cell COARSE_C02025 (27.190N, 88.594E)",COARSE_C02025,East Sikkim,27.19,88.594,+6h,0.615,High,HIGH,0.9728,0.26,18.0,2026-09-08T18:05:43Z,ACTIVE,forecast_composite,SIMULATED / PROTOTYPE ALERT
ALT-GRID-00078,REGIONAL_GRID_CELL,"Cell COARSE_C02027 (27.190N, 88.596E)",COARSE_C02027,East Sikkim,27.19,88.596,+6h,0.6179,High,HIGH,0.978,0.26,18.0,2026-09-08T18:05:43Z,ACTIVE,forecast_composite,SIMULATED / PROTOTYPE ALERT
ALT-GRID-00079,REGIONAL_GRID_CELL,"Cell COARSE_C02028 (27.190N, 88.597E)",COARSE_C02028,East Sikkim,27.19,88.597,+6h,0.5998,High,HIGH,0.9452,0.26,18.0,2026-09-08T18:05:43Z,ACTIVE,forecast_composite,SIMULATED / PROTOTYPE ALERT
ALT-GRID-00080,REGIONAL_GRID_CELL,"Cell COARSE_C02070 (27.190N, 88.639E)",COARSE_C02070,East Sikkim,27.19,88.639,+6h,0.6027,High,HIGH,0.9506,0.26,18.1,2026-09-08T18:05:43Z,ACTIVE,forecast_composite,SIMULATED / PROTOTYPE ALERT
ALT-GRID-00081,REGIONAL_GRID_CELL,"Cell COARSE_C02071 (27.190N, 88.640E)",COARSE_C02071,East Sikkim,27.19,88.64,+6h,0.6161,High,HIGH,0.9748,0.26,18.1,2026-09-08T18:05:43Z,ACTIVE,forecast_composite,SIMULATED / PROTOTYPE ALERT
ALT-GRID-00082,REGIONAL_GRID_CELL,"Cell COARSE_C02072 (27.190N, 88.641E)",COARSE_C02072,East Sikkim,27.19,88.641,+6h,0.6074,High,HIGH,0.959,0.26,18.1,2026-09-08T18:05:43Z,ACTIVE,forecast_composite,SIMULATED / PROTOTYPE ALERT
ALT-GRID-00083,REGIONAL_GRID_CELL,"Cell COARSE_C02217 (27.191N, 88.585E)",COARSE_C02217,East Sikkim,27.191,88.585,+6h,0.5885,High,HIGH,0.9248,0.26,18.0,2026-09-08T18:05:43Z,ACTIVE,forecast_composite,SIMULATED / PROTOTYPE ALERT
ALT-GRID-00084,REGIONAL_GRID_CELL,"Cell COARSE_C02218 (27.191N, 88.586E)",COARSE_C02218,East Sikkim,27.191,88.586,+6h,0.5584,High,HIGH,0.8703,0.26,18.0,2026-09-08T18:05:43Z,ACTIVE,forecast_composite,SIMULATED / PROTOTYPE ALERT
ALT-GRID-00085,REGIONAL_GRID_CELL,"Cell COARSE_C02223 (27.191N, 88.591E)",COARSE_C02223,East Sikkim,27.191,88.591,+6h,0.5952,High,HIGH,0.9369,0.26,18.0,2026-09-08T18:05:43Z,ACTIVE,forecast_composite,SIMULATED / PROTOTYPE ALERT
ALT-GRID-00086,REGIONAL_GRID_CELL,"Cell COARSE_C02225 (27.191N, 88.593E)",COARSE_C02225,East Sikkim,27.191,88.593,+6h,0.6133,High,HIGH,0.9697,0.26,18.0,2026-09-08T18:05:43Z,ACTIVE,forecast_composite,SIMULATED / PROTOTYPE ALERT
ALT-GRID-00087,REGIONAL_GRID_CELL,"Cell COARSE_C02234 (27.191N, 88.602E)",COARSE_C02234,East Sikkim,27.191,88.602,+6h,0.5612,High,HIGH,0.8754,0.26,18.1,2026-09-08T18:05:43Z,ACTIVE,forecast_composite,SIMULATED / PROTOTYPE ALERT
ALT-GRID-00088,REGIONAL_GRID_CELL,"Cell COARSE_C02235 (27.191N, 88.603E)",COARSE_C02235,East Sikkim,27.191,88.603,+6h,0.5773,High,HIGH,0.9045,0.26,18.1,2026-09-08T18:05:43Z,ACTIVE,forecast_composite,SIMULATED / PROTOTYPE ALERT
ALT-GRID-00089,REGIONAL_GRID_CELL,"Cell COARSE_C02257 (27.191N, 88.625E)",COARSE_C02257,East Sikkim,27.191,88.625,+6h,0.6275,High,HIGH,0.9954,0.26,18.1,2026-09-08T18:05:43Z,ACTIVE,forecast_composite,SIMULATED / PROTOTYPE ALERT
ALT-GRID-00090,REGIONAL_GRID_CELL,"Cell COARSE_C02270 (27.191N, 88.638E)",COARSE_C02270,East Sikkim,27.191,88.638,+6h,0.6153,High,HIGH,0.9734,0.26,18.1,2026-09-08T18:05:43Z,ACTIVE,forecast_composite,SIMULATED / PROTOTYPE ALERT
ALT-GRID-00091,REGIONAL_GRID_CELL,"Cell COARSE_C02271 (27.191N, 88.639E)",COARSE_C02271,East Sikkim,27.191,88.639,+6h,0.6198,High,HIGH,0.9815,0.26,18.1,2026-09-08T18:05:43Z,ACTIVE,forecast_composite,SIMULATED / PROTOTYPE ALERT
ALT-GRID-00092,REGIONAL_GRID_CELL,"Cell COARSE_C02274 (27.191N, 88.642E)",COARSE_C02274,East Sikkim,27.191,88.642,+6h,0.6132,High,HIGH,0.9695,0.26,18.1,2026-09-08T18:05:43Z,ACTIVE,forecast_composite,SIMULATED / PROTOTYPE ALERT
ALT-GRID-00093,REGIONAL_GRID_CELL,"Cell COARSE_C02275 (27.191N, 88.643E)",COARSE_C02275,East Sikkim,27.191,88.643,+6h,0.6113,High,HIGH,0.9661,0.26,18.1,2026-09-08T18:05:43Z,ACTIVE,forecast_composite,SIMULATED / PROTOTYPE ALERT
ALT-GRID-00094,REGIONAL_GRID_CELL,"Cell COARSE_C02419 (27.192N, 88.586E)",COARSE_C02419,East Sikkim,27.192,88.586,+6h,0.574,High,HIGH,0.8986,0.26,18.0,2026-09-08T18:05:43Z,ACTIVE,forecast_composite,SIMULATED / PROTOTYPE ALERT
ALT-GRID-00095,REGIONAL_GRID_CELL,"Cell COARSE_C02423 (27.192N, 88.590E)",COARSE_C02423,East Sikkim,27.192,88.59,+6h,0.5692,High,HIGH,0.8899,0.26,18.0,2026-09-08T18:05:43Z,ACTIVE,forecast_composite,SIMULATED / PROTOTYPE ALERT
ALT-GRID-00096,REGIONAL_GRID_CELL,"Cell COARSE_C02431 (27.192N, 88.598E)",COARSE_C02431,East Sikkim,27.192,88.598,+6h,0.5542,High,HIGH,0.8626,0.26,18.0,2026-09-08T18:05:43Z,ACTIVE,forecast_composite,SIMULATED / PROTOTYPE ALERT
ALT-GRID-00097,REGIONAL_GRID_CELL,"Cell COARSE_C02455 (27.192N, 88.622E)",COARSE_C02455,East Sikkim,27.192,88.622,+6h,0.6277,High,HIGH,0.9959,0.26,18.1,2026-09-08T18:05:43Z,ACTIVE,forecast_composite,SIMULATED / PROTOTYPE ALERT
ALT-GRID-00098,REGIONAL_GRID_CELL,"Cell COARSE_C02456 (27.192N, 88.623E)",COARSE_C02456,East Sikkim,27.192,88.623,+6h,0.6274,High,HIGH,0.9952,0.26,18.1,2026-09-08T18:05:43Z,ACTIVE,forecast_composite,SIMULATED / PROTOTYPE ALERT
ALT-GRID-00099,REGIONAL_GRID_CELL,"Cell COARSE_C02460 (27.192N, 88.627E)",COARSE_C02460,East Sikkim,27.192,88.627,+6h,0.5882,High,HIGH,0.9243,0.26,18.1,2026-09-08T18:05:43Z,ACTIVE,forecast_composite,SIMULATED / PROTOTYPE ALERT
ALT-GRID-00100,REGIONAL_GRID_CELL,"Cell COARSE_C02462 (27.192N, 88.629E)",COARSE_C02462,East Sikkim,27.192,88.629,+6h,0.6274,High,HIGH,0.9952,0.26,18.1,2026-09-08T18:05:43Z,ACTIVE,forecast_composite,SIMULATED / PROTOTYPE ALERT
ALT-GRID-00101,REGIONAL_GRID_CELL,"Cell COARSE_C02472 (27.192N, 88.639E)",COARSE_C02472,East Sikkim,27.192,88.639,+6h,0.5877,High,HIGH,0.9234,0.26,18.1,2026-09-08T18:05:43Z,ACTIVE,forecast_composite,SIMULATED / PROTOTYPE ALERT
ALT-GRID-00102,REGIONAL_GRID_CELL,"Cell COARSE_C02473 (27.192N, 88.640E)",COARSE_C02473,East Sikkim,27.192,88.64,+6h,0.592,High,HIGH,0.9311,0.26,18.1,2026-09-08T18:05:43Z,ACTIVE,forecast_composite,SIMULATED / PROTOTYPE ALERT
ALT-GRID-00103,REGIONAL_GRID_CELL,"Cell COARSE_C02474 (27.192N, 88.641E)",COARSE_C02474,East Sikkim,27.192,88.641,+6h,0.587,High,HIGH,0.9221,0.26,18.1,2026-09-08T18:05:43Z,ACTIVE,forecast_composite,SIMULATED / PROTOTYPE ALERT
ALT-GRID-00104,REGIONAL_GRID_CELL,"Cell COARSE_C02475 (27.192N, 88.642E)",COARSE_C02475,East Sikkim,27.192,88.642,+6h,0.597,High,HIGH,0.9402,0.26,18.1,2026-09-08T18:05:43Z,ACTIVE,forecast_composite,SIMULATED / PROTOTYPE ALERT
ALT-GRID-00105,REGIONAL_GRID_CELL,"Cell COARSE_C02625 (27.193N, 88.591E)",COARSE_C02625,East Sikkim,27.193,88.591,+6h,0.5552,High,HIGH,0.8644,0.26,18.0,2026-09-08T18:05:43Z,ACTIVE,forecast_composite,SIMULATED / PROTOTYPE ALERT
ALT-GRID-00106,REGIONAL_GRID_CELL,"Cell COARSE_C02639 (27.193N, 88.605E)",COARSE_C02639,East Sikkim,27.193,88.605,+6h,0.5634,High,HIGH,0.8793,0.26,18.1,2026-09-08T18:05:43Z,ACTIVE,forecast_composite,SIMULATED / PROTOTYPE ALERT
ALT-GRID-00107,REGIONAL_GRID_CELL,"Cell COARSE_C02656 (27.193N, 88.622E)",COARSE_C02656,East Sikkim,27.193,88.622,+6h,0.5897,High,HIGH,0.9269,0.26,18.1,2026-09-08T18:05:43Z,ACTIVE,forecast_composite,SIMULATED / PROTOTYPE ALERT
ALT-GRID-00108,REGIONAL_GRID_CELL,"Cell COARSE_C02661 (27.193N, 88.627E)",COARSE_C02661,East Sikkim,27.193,88.627,+6h,0.6268,High,HIGH,0.9942,0.26,18.1,2026-09-08T18:05:43Z,ACTIVE,forecast_composite,SIMULATED / PROTOTYPE ALERT
ALT-GRID-00109,REGIONAL_GRID_CELL,"Cell COARSE_C02845 (27.194N, 88.610E)",COARSE_C02845,East Sikkim,27.194,88.61,+6h,0.6191,High,HIGH,0.9803,0.26,18.1,2026-09-08T18:05:43Z,ACTIVE,forecast_composite,SIMULATED / PROTOTYPE ALERT
ALT-GRID-00110,REGIONAL_GRID_CELL,"Cell COARSE_C02846 (27.194N, 88.611E)",COARSE_C02846,East Sikkim,27.194,88.611,+6h,0.6176,High,HIGH,0.9775,0.26,18.1,2026-09-08T18:05:43Z,ACTIVE,forecast_composite,SIMULATED / PROTOTYPE ALERT
ALT-GRID-00111,REGIONAL_GRID_CELL,"Cell COARSE_C02847 (27.194N, 88.612E)",COARSE_C02847,East Sikkim,27.194,88.612,+6h,0.6172,High,HIGH,0.9768,0.26,18.1,2026-09-08T18:05:43Z,ACTIVE,forecast_composite,SIMULATED / PROTOTYPE ALERT
ALT-GRID-00112,REGIONAL_GRID_CELL,"Cell COARSE_C02858 (27.194N, 88.623E)",COARSE_C02858,East Sikkim,27.194,88.623,+6h,0.6276,High,HIGH,0.9956,0.26,18.1,2026-09-08T18:05:43Z,ACTIVE,forecast_composite,SIMULATED / PROTOTYPE ALERT
ALT-GRID-00113,REGIONAL_GRID_CELL,"Cell COARSE_C02860 (27.194N, 88.625E)",COARSE_C02860,East Sikkim,27.194,88.625,+6h,0.5931,High,HIGH,0.9332,0.26,18.1,2026-09-08T18:05:43Z,ACTIVE,forecast_composite,SIMULATED / PROTOTYPE ALERT
ALT-GRID-00114,REGIONAL_GRID_CELL,"Cell COARSE_C02870 (27.194N, 88.635E)",COARSE_C02870,East Sikkim,27.194,88.635,+6h,0.6033,High,HIGH,0.9516,0.26,18.1,2026-09-08T18:05:43Z,ACTIVE,forecast_composite,SIMULATED / PROTOTYPE ALERT
ALT-GRID-00115,REGIONAL_GRID_CELL,"Cell COARSE_C03049 (27.195N, 88.613E)",COARSE_C03049,East Sikkim,27.195,88.613,+6h,0.5901,High,HIGH,0.9277,0.26,18.1,2026-09-08T18:05:43Z,ACTIVE,forecast_composite,SIMULATED / PROTOTYPE ALERT
ALT-GRID-00116,REGIONAL_GRID_CELL,"Cell COARSE_C03050 (27.195N, 88.614E)",COARSE_C03050,East Sikkim,27.195,88.614,+6h,0.5854,High,HIGH,0.9191,0.26,18.1,2026-09-08T18:05:43Z,ACTIVE,forecast_composite,SIMULATED / PROTOTYPE ALERT
ALT-GRID-00117,REGIONAL_GRID_CELL,"Cell COARSE_C03051 (27.195N, 88.615E)",COARSE_C03051,East Sikkim,27.195,88.615,+6h,0.5751,High,HIGH,0.9005,0.26,18.1,2026-09-08T18:05:43Z,ACTIVE,forecast_composite,SIMULATED / PROTOTYPE ALERT
ALT-GRID-00118,REGIONAL_GRID_CELL,"Cell COARSE_C03056 (27.195N, 88.620E)",COARSE_C03056,East Sikkim,27.195,88.62,+6h,0.6268,High,HIGH,0.9941,0.26,18.1,2026-09-08T18:05:43Z,ACTIVE,forecast_composite,SIMULATED / PROTOTYPE ALERT
ALT-GRID-00119,REGIONAL_GRID_CELL,"Cell COARSE_C03057 (27.195N, 88.621E)",COARSE_C03057,East Sikkim,27.195,88.621,+6h,0.6257,High,HIGH,0.9922,0.26,18.1,2026-09-08T18:05:43Z,ACTIVE,forecast_composite,SIMULATED / PROTOTYPE ALERT
ALT-GRID-00120,REGIONAL_GRID_CELL,"Cell COARSE_C03058 (27.195N, 88.622E)",COARSE_C03058,East Sikkim,27.195,88.622,+6h,0.6263,High,HIGH,0.9932,0.26,18.1,2026-09-08T18:05:43Z,ACTIVE,forecast_composite,SIMULATED / PROTOTYPE ALERT
ALT-GRID-00121,REGIONAL_GRID_CELL,"Cell COARSE_C03061 (27.195N, 88.625E)",COARSE_C03061,East Sikkim,27.195,88.625,+6h,0.6285,High,HIGH,0.9972,0.26,18.1,2026-09-08T18:05:43Z,ACTIVE,forecast_composite,SIMULATED / PROTOTYPE ALERT
ALT-GRID-00122,REGIONAL_GRID_CELL,"Cell COARSE_C03248 (27.196N, 88.611E)",COARSE_C03248,East Sikkim,27.196,88.611,+6h,0.6269,High,HIGH,0.9943,0.26,18.1,2026-09-08T18:05:43Z,ACTIVE,forecast_composite,SIMULATED / PROTOTYPE ALERT
ALT-GRID-00123,REGIONAL_GRID_CELL,"Cell COARSE_C03250 (27.196N, 88.613E)",COARSE_C03250,East Sikkim,27.196,88.613,+6h,0.6066,High,HIGH,0.9576,0.26,18.1,2026-09-08T18:05:43Z,ACTIVE,forecast_composite,SIMULATED / PROTOTYPE ALERT
ALT-GRID-00124,REGIONAL_GRID_CELL,"Cell COARSE_C03251 (27.196N, 88.614E)",COARSE_C03251,East Sikkim,27.196,88.614,+6h,0.6081,High,HIGH,0.9604,0.26,18.1,2026-09-08T18:05:43Z,ACTIVE,forecast_composite,SIMULATED / PROTOTYPE ALERT
ALT-GRID-00125,REGIONAL_GRID_CELL,"Cell COARSE_C03252 (27.196N, 88.615E)",COARSE_C03252,East Sikkim,27.196,88.615,+6h,0.6269,High,HIGH,0.9943,0.26,18.1,2026-09-08T18:05:43Z,ACTIVE,forecast_composite,SIMULATED / PROTOTYPE ALERT
ALT-GRID-00126,REGIONAL_GRID_CELL,"Cell COARSE_C03253 (27.196N, 88.616E)",COARSE_C03253,East Sikkim,27.196,88.616,+6h,0.5839,High,HIGH,0.9165,0.26,18.1,2026-09-08T18:05:43Z,ACTIVE,forecast_composite,SIMULATED / PROTOTYPE ALERT
ALT-GRID-00127,REGIONAL_GRID_CELL,"Cell COARSE_C03254 (27.196N, 88.617E)",COARSE_C03254,East Sikkim,27.196,88.617,+6h,0.5798,High,HIGH,0.9091,0.26,18.1,2026-09-08T18:05:43Z,ACTIVE,forecast_composite,SIMULATED / PROTOTYPE ALERT
ALT-GRID-00128,REGIONAL_GRID_CELL,"Cell COARSE_C03255 (27.196N, 88.618E)",COARSE_C03255,East Sikkim,27.196,88.618,+6h,0.6043,High,HIGH,0.9534,0.26,18.1,2026-09-08T18:05:43Z,ACTIVE,forecast_composite,SIMULATED / PROTOTYPE ALERT
ALT-GRID-00129,REGIONAL_GRID_CELL,"Cell COARSE_C03268 (27.196N, 88.631E)",COARSE_C03268,East Sikkim,27.196,88.631,+6h,0.6281,High,HIGH,0.9965,0.26,18.1,2026-09-08T18:05:43Z,ACTIVE,forecast_composite,SIMULATED / PROTOTYPE ALERT
ALT-GRID-00130,REGIONAL_GRID_CELL,"Cell COARSE_C03269 (27.196N, 88.632E)",COARSE_C03269,East Sikkim,27.196,88.632,+6h,0.5926,High,HIGH,0.9322,0.26,18.1,2026-09-08T18:05:43Z,ACTIVE,forecast_composite,SIMULATED / PROTOTYPE ALERT
ALT-GRID-00131,REGIONAL_GRID_CELL,"Cell COARSE_C03270 (27.196N, 88.633E)",COARSE_C03270,East Sikkim,27.196,88.633,+6h,0.6123,High,HIGH,0.9679,0.26,18.1,2026-09-08T18:05:43Z,ACTIVE,forecast_composite,SIMULATED / PROTOTYPE ALERT
ALT-GRID-00132,REGIONAL_GRID_CELL,"Cell COARSE_C03418 (27.197N, 88.580E)",COARSE_C03418,East Sikkim,27.197,88.58,+6h,0.5513,High,HIGH,0.8574,0.26,18.0,2026-09-08T18:05:43Z,ACTIVE,forecast_composite,SIMULATED / PROTOTYPE ALERT
ALT-GRID-00133,REGIONAL_GRID_CELL,"Cell COARSE_C03422 (27.197N, 88.584E)",COARSE_C03422,East Sikkim,27.197,88.584,+6h,0.6019,High,HIGH,0.949,0.26,18.0,2026-09-08T18:05:43Z,ACTIVE,forecast_composite,SIMULATED / PROTOTYPE ALERT
ALT-GRID-00134,REGIONAL_GRID_CELL,"Cell COARSE_C03449 (27.197N, 88.611E)",COARSE_C03449,East Sikkim,27.197,88.611,+6h,0.6278,High,HIGH,0.996,0.26,18.1,2026-09-08T18:05:43Z,ACTIVE,forecast_composite,SIMULATED / PROTOTYPE ALERT
ALT-GRID-00135,REGIONAL_GRID_CELL,"Cell COARSE_C03450 (27.197N, 88.612E)",COARSE_C03450,East Sikkim,27.197,88.612,+6h,0.6269,High,HIGH,0.9943,0.26,18.1,2026-09-08T18:05:43Z,ACTIVE,forecast_composite,SIMULATED / PROTOTYPE ALERT
ALT-GRID-00136,REGIONAL_GRID_CELL,"Cell COARSE_C03455 (27.197N, 88.617E)",COARSE_C03455,East Sikkim,27.197,88.617,+6h,0.5803,High,HIGH,0.9099,0.26,18.1,2026-09-08T18:05:43Z,ACTIVE,forecast_composite,SIMULATED / PROTOTYPE ALERT
ALT-GRID-00137,REGIONAL_GRID_CELL,"Cell COARSE_C03456 (27.197N, 88.618E)",COARSE_C03456,East Sikkim,27.197,88.618,+6h,0.5796,High,HIGH,0.9087,0.26,18.1,2026-09-08T18:05:43Z,ACTIVE,forecast_composite,SIMULATED / PROTOTYPE ALERT
ALT-GRID-00138,REGIONAL_GRID_CELL,"Cell COARSE_C03457 (27.197N, 88.619E)",COARSE_C03457,East Sikkim,27.197,88.619,+6h,0.5783,High,HIGH,0.9064,0.26,18.1,2026-09-08T18:05:43Z,ACTIVE,forecast_composite,SIMULATED / PROTOTYPE ALERT
ALT-GRID-00139,REGIONAL_GRID_CELL,"Cell COARSE_C03458 (27.197N, 88.620E)",COARSE_C03458,East Sikkim,27.197,88.62,+6h,0.5867,High,HIGH,0.9215,0.26,18.1,2026-09-08T18:05:43Z,ACTIVE,forecast_composite,SIMULATED / PROTOTYPE ALERT
ALT-GRID-00140,REGIONAL_GRID_CELL,"Cell COARSE_C03461 (27.197N, 88.623E)",COARSE_C03461,East Sikkim,27.197,88.623,+6h,0.5775,High,HIGH,0.9048,0.26,18.1,2026-09-08T18:05:43Z,ACTIVE,forecast_composite,SIMULATED / PROTOTYPE ALERT
ALT-GRID-00141,REGIONAL_GRID_CELL,"Cell COARSE_C03462 (27.197N, 88.624E)",COARSE_C03462,East Sikkim,27.197,88.624,+6h,0.6051,High,HIGH,0.9549,0.26,18.1,2026-09-08T18:05:43Z,ACTIVE,forecast_composite,SIMULATED / PROTOTYPE ALERT
ALT-GRID-00142,REGIONAL_GRID_CELL,"Cell COARSE_C03464 (27.197N, 88.626E)",COARSE_C03464,East Sikkim,27.197,88.626,+6h,0.5757,High,HIGH,0.9017,0.26,18.1,2026-09-08T18:05:43Z,ACTIVE,forecast_composite,SIMULATED / PROTOTYPE ALERT
ALT-GRID-00143,REGIONAL_GRID_CELL,"Cell COARSE_C03465 (27.197N, 88.627E)",COARSE_C03465,East Sikkim,27.197,88.627,+6h,0.5812,High,HIGH,0.9115,0.26,18.1,2026-09-08T18:05:43Z,ACTIVE,forecast_composite,SIMULATED / PROTOTYPE ALERT
ALT-GRID-00144,REGIONAL_GRID_CELL,"Cell COARSE_C03469 (27.197N, 88.631E)",COARSE_C03469,East Sikkim,27.197,88.631,+6h,0.6042,High,HIGH,0.9532,0.26,18.1,2026-09-08T18:05:43Z,ACTIVE,forecast_composite,SIMULATED / PROTOTYPE ALERT
ALT-GRID-00145,REGIONAL_GRID_CELL,"Cell COARSE_C03470 (27.197N, 88.632E)",COARSE_C03470,East Sikkim,27.197,88.632,+6h,0.5749,High,HIGH,0.9002,0.26,18.1,2026-09-08T18:05:43Z,ACTIVE,forecast_composite,SIMULATED / PROTOTYPE ALERT
ALT-GRID-00146,REGIONAL_GRID_CELL,"Cell COARSE_C03471 (27.197N, 88.633E)",COARSE_C03471,East Sikkim,27.197,88.633,+6h,0.6049,High,HIGH,0.9545,0.26,18.1,2026-09-08T18:05:43Z,ACTIVE,forecast_composite,SIMULATED / PROTOTYPE ALERT
ALT-GRID-00147,REGIONAL_GRID_CELL,"Cell COARSE_C03649 (27.198N, 88.610E)",COARSE_C03649,East Sikkim,27.198,88.61,+6h,0.6281,High,HIGH,0.9965,0.26,18.1,2026-09-08T18:05:43Z,ACTIVE,forecast_composite,SIMULATED / PROTOTYPE ALERT
ALT-GRID-00148,REGIONAL_GRID_CELL,"Cell COARSE_C03668 (27.198N, 88.629E)",COARSE_C03668,East Sikkim,27.198,88.629,+6h,0.5699,High,HIGH,0.8911,0.26,18.1,2026-09-08T18:05:43Z,ACTIVE,forecast_composite,SIMULATED / PROTOTYPE ALERT
ALT-GRID-00149,REGIONAL_GRID_CELL,"Cell COARSE_C03669 (27.198N, 88.630E)",COARSE_C03669,East Sikkim,27.198,88.63,+6h,0.5871,High,HIGH,0.9222,0.26,18.1,2026-09-08T18:05:43Z,ACTIVE,forecast_composite,SIMULATED / PROTOTYPE ALERT
ALT-GRID-00150,REGIONAL_GRID_CELL,"Cell COARSE_C03673 (27.198N, 88.634E)",COARSE_C03673,East Sikkim,27.198,88.634,+6h,0.6005,High,HIGH,0.9465,0.26,18.1,2026-09-08T18:05:43Z,ACTIVE,forecast_composite,SIMULATED / PROTOTYPE ALERT
ALT-GRID-00151,REGIONAL_GRID_CELL,"Cell COARSE_C03674 (27.198N, 88.635E)",COARSE_C03674,East Sikkim,27.198,88.635,+6h,0.5728,High,HIGH,0.8963,0.26,18.1,2026-09-08T18:05:43Z,ACTIVE,forecast_composite,SIMULATED / PROTOTYPE ALERT
ALT-GRID-00152,REGIONAL_GRID_CELL,"Cell COARSE_C03876 (27.199N, 88.636E)",COARSE_C03876,East Sikkim,27.199,88.636,+6h,0.574,High,HIGH,0.8986,0.26,18.1,2026-09-08T18:05:43Z,ACTIVE,forecast_composite,SIMULATED / PROTOTYPE ALERT
ALT-GRID-00153,REGIONAL_GRID_CELL,"Cell COARSE_C04024 (27.200N, 88.583E)",COARSE_C04024,East Sikkim,27.2,88.583,+6h,0.6094,High,HIGH,0.9631,0.2594,17.8,2026-09-08T18:05:43Z,ACTIVE,forecast_composite,SIMULATED / PROTOTYPE ALERT
ALT-GRID-00154,REGIONAL_GRID_CELL,"Cell COARSE_C04025 (27.200N, 88.584E)",COARSE_C04025,East Sikkim,27.2,88.584,+6h,0.6101,High,HIGH,0.9644,0.2594,17.8,2026-09-08T18:05:43Z,ACTIVE,forecast_composite,SIMULATED / PROTOTYPE ALERT
ALT-GRID-00155,REGIONAL_GRID_CELL,"Cell COARSE_C04027 (27.200N, 88.586E)",COARSE_C04027,East Sikkim,27.2,88.586,+6h,0.5509,High,HIGH,0.8572,0.2594,17.8,2026-09-08T18:05:43Z,ACTIVE,forecast_composite,SIMULATED / PROTOTYPE ALERT
ALT-GRID-00156,REGIONAL_GRID_CELL,"Cell COARSE_C04030 (27.200N, 88.589E)",COARSE_C04030,East Sikkim,27.2,88.589,+6h,0.5966,High,HIGH,0.9399,0.2594,17.8,2026-09-08T18:05:43Z,ACTIVE,forecast_composite,SIMULATED / PROTOTYPE ALERT
ALT-GRID-00157,REGIONAL_GRID_CELL,"Cell COARSE_C04050 (27.200N, 88.609E)",COARSE_C04050,East Sikkim,27.2,88.609,+6h,0.6216,High,HIGH,0.9955,0.2481,17.1,2026-09-08T18:05:43Z,ACTIVE,forecast_composite,SIMULATED / PROTOTYPE ALERT
ALT-GRID-00158,REGIONAL_GRID_CELL,"Cell COARSE_C04061 (27.200N, 88.620E)",COARSE_C04061,East Sikkim,27.2,88.62,+6h,0.5984,High,HIGH,0.9533,0.2481,17.1,2026-09-08T18:05:43Z,ACTIVE,forecast_composite,SIMULATED / PROTOTYPE ALERT
ALT-GRID-00159,REGIONAL_GRID_CELL,"Cell COARSE_C04249 (27.201N, 88.607E)",COARSE_C04249,East Sikkim,27.201,88.607,+6h,0.6214,High,HIGH,0.9952,0.2481,17.1,2026-09-08T18:05:43Z,ACTIVE,forecast_composite,SIMULATED / PROTOTYPE ALERT
ALT-GRID-00160,REGIONAL_GRID_CELL,"Cell COARSE_C04450 (27.202N, 88.607E)",COARSE_C04450,East Sikkim,27.202,88.607,+6h,0.6217,High,HIGH,0.9958,0.2481,17.1,2026-09-08T18:05:43Z,ACTIVE,forecast_composite,SIMULATED / PROTOTYPE ALERT
ALT-GRID-00161,REGIONAL_GRID_CELL,"Cell COARSE_C04476 (27.202N, 88.633E)",COARSE_C04476,East Sikkim,27.202,88.633,+6h,0.5657,High,HIGH,0.8939,0.2481,17.1,2026-09-08T18:05:43Z,ACTIVE,forecast_composite,SIMULATED / PROTOTYPE ALERT
ALT-GRID-00162,REGIONAL_GRID_CELL,"Cell COARSE_C04639 (27.203N, 88.595E)",COARSE_C04639,East Sikkim,27.203,88.595,+6h,0.5759,High,HIGH,0.9024,0.2594,17.8,2026-09-08T18:05:43Z,ACTIVE,forecast_composite,SIMULATED / PROTOTYPE ALERT
ALT-GRID-00163,REGIONAL_GRID_CELL,"Cell COARSE_C04653 (27.203N, 88.609E)",COARSE_C04653,East Sikkim,27.203,88.609,+6h,0.598,High,HIGH,0.9526,0.2481,17.1,2026-09-08T18:05:43Z,ACTIVE,forecast_composite,SIMULATED / PROTOTYPE ALERT
ALT-GRID-00164,REGIONAL_GRID_CELL,"Cell COARSE_C04685 (27.203N, 88.641E)",COARSE_C04685,East Sikkim,27.203,88.641,+6h,0.5712,High,HIGH,0.9038,0.2481,17.1,2026-09-08T18:05:43Z,ACTIVE,forecast_composite,SIMULATED / PROTOTYPE ALERT
ALT-GRID-00165,REGIONAL_GRID_CELL,"Cell COARSE_C04688 (27.203N, 88.644E)",COARSE_C04688,East Sikkim,27.203,88.644,+6h,0.5559,High,HIGH,0.876,0.2481,17.1,2026-09-08T18:05:43Z,ACTIVE,forecast_composite,SIMULATED / PROTOTYPE ALERT
ALT-GRID-00166,REGIONAL_GRID_CELL,"Cell COARSE_C04690 (27.203N, 88.646E)",COARSE_C04690,East Sikkim,27.203,88.646,+6h,0.5508,High,HIGH,0.8667,0.2481,17.1,2026-09-08T18:05:43Z,ACTIVE,forecast_composite,SIMULATED / PROTOTYPE ALERT
ALT-GRID-00167,REGIONAL_GRID_CELL,"Cell COARSE_C04692 (27.203N, 88.648E)",COARSE_C04692,East Sikkim,27.203,88.648,+6h,0.6102,High,HIGH,0.9748,0.2481,17.1,2026-09-08T18:05:43Z,ACTIVE,forecast_composite,SIMULATED / PROTOTYPE ALERT
ALT-GRID-00168,REGIONAL_GRID_CELL,"Cell COARSE_C04846 (27.204N, 88.601E)",COARSE_C04846,East Sikkim,27.204,88.601,+6h,0.6201,High,HIGH,0.9929,0.2481,17.1,2026-09-08T18:05:43Z,ACTIVE,forecast_composite,SIMULATED / PROTOTYPE ALERT
ALT-GRID-00169,REGIONAL_GRID_CELL,"Cell COARSE_C04849 (27.204N, 88.604E)",COARSE_C04849,East Sikkim,27.204,88.604,+6h,0.6211,High,HIGH,0.9947,0.2481,17.1,2026-09-08T18:05:43Z,ACTIVE,forecast_composite,SIMULATED / PROTOTYPE ALERT
ALT-GRID-00170,REGIONAL_GRID_CELL,"Cell COARSE_C04887 (27.204N, 88.642E)",COARSE_C04887,East Sikkim,27.204,88.642,+6h,0.5892,High,HIGH,0.9367,0.2481,17.1,2026-09-08T18:05:43Z,ACTIVE,forecast_composite,SIMULATED / PROTOTYPE ALERT
ALT-GRID-00171,REGIONAL_GRID_CELL,"Cell COARSE_C04890 (27.204N, 88.645E)",COARSE_C04890,East Sikkim,27.204,88.645,+6h,0.554,High,HIGH,0.8725,0.2481,17.1,2026-09-08T18:05:43Z,ACTIVE,forecast_composite,SIMULATED / PROTOTYPE ALERT
ALT-GRID-00172,REGIONAL_GRID_CELL,"Cell COARSE_C04891 (27.204N, 88.646E)",COARSE_C04891,East Sikkim,27.204,88.646,+6h,0.5669,High,HIGH,0.8961,0.2481,17.1,2026-09-08T18:05:43Z,ACTIVE,forecast_composite,SIMULATED / PROTOTYPE ALERT
ALT-GRID-00173,REGIONAL_GRID_CELL,"Cell COARSE_C04892 (27.204N, 88.647E)",COARSE_C04892,East Sikkim,27.204,88.647,+6h,0.5772,High,HIGH,0.9148,0.2481,17.1,2026-09-08T18:05:43Z,ACTIVE,forecast_composite,SIMULATED / PROTOTYPE ALERT
ALT-GRID-00174,REGIONAL_GRID_CELL,"Cell COARSE_C05028 (27.205N, 88.582E)",COARSE_C05028,East Sikkim,27.205,88.582,+6h,0.6035,High,HIGH,0.9524,0.2594,17.8,2026-09-08T18:05:43Z,ACTIVE,forecast_composite,SIMULATED / PROTOTYPE ALERT
ALT-GRID-00175,REGIONAL_GRID_CELL,"Cell COARSE_C05048 (27.205N, 88.602E)",COARSE_C05048,East Sikkim,27.205,88.602,+6h,0.6189,High,HIGH,0.9906,0.2481,17.1,2026-09-08T18:05:43Z,ACTIVE,forecast_composite,SIMULATED / PROTOTYPE ALERT
ALT-GRID-00176,REGIONAL_GRID_CELL,"Cell COARSE_C05088 (27.205N, 88.642E)",COARSE_C05088,East Sikkim,27.205,88.642,+6h,0.5926,High,HIGH,0.9429,0.2481,17.1,2026-09-08T18:05:43Z,ACTIVE,forecast_composite,SIMULATED / PROTOTYPE ALERT
ALT-GRID-00177,REGIONAL_GRID_CELL,"Cell COARSE_C05089 (27.205N, 88.643E)",COARSE_C05089,East Sikkim,27.205,88.643,+6h,0.5545,High,HIGH,0.8735,0.2481,17.1,2026-09-08T18:05:43Z,ACTIVE,forecast_composite,SIMULATED / PROTOTYPE ALERT
ALT-GRID-00178,REGIONAL_GRID_CELL,"Cell COARSE_C05092 (27.205N, 88.646E)",COARSE_C05092,East Sikkim,27.205,88.646,+6h,0.5569,High,HIGH,0.8778,0.2481,17.1,2026-09-08T18:05:43Z,ACTIVE,forecast_composite,SIMULATED / PROTOTYPE ALERT
ALT-GRID-00179,REGIONAL_GRID_CELL,"Cell COARSE_C05096 (27.205N, 88.650E)",COARSE_C05096,East Sikkim,27.205,88.65,+6h,0.5566,High,HIGH,0.8774,0.2481,17.1,2026-09-08T18:05:43Z,ACTIVE,forecast_composite,SIMULATED / PROTOTYPE ALERT
ALT-GRID-00180,REGIONAL_GRID_CELL,"Cell COARSE_C05255 (27.206N, 88.608E)",COARSE_C05255,Pakyong,27.206,88.608,+6h,0.622,High,HIGH,0.9964,0.2481,17.1,2026-09-08T18:05:43Z,ACTIVE,forecast_composite,SIMULATED / PROTOTYPE ALERT
ALT-GRID-00181,REGIONAL_GRID_CELL,"Cell COARSE_C05257 (27.206N, 88.610E)",COARSE_C05257,Pakyong,27.206,88.61,+6h,0.6224,High,HIGH,0.9971,0.2481,17.1,2026-09-08T18:05:43Z,ACTIVE,forecast_composite,SIMULATED / PROTOTYPE ALERT
ALT-GRID-00182,REGIONAL_GRID_CELL,"Cell COARSE_C05291 (27.206N, 88.644E)",COARSE_C05291,East Sikkim,27.206,88.644,+6h,0.5946,High,HIGH,0.9465,0.2481,17.1,2026-09-08T18:05:43Z,ACTIVE,forecast_composite,SIMULATED / PROTOTYPE ALERT
ALT-GRID-00183,REGIONAL_GRID_CELL,"Cell COARSE_C05295 (27.206N, 88.648E)",COARSE_C05295,East Sikkim,27.206,88.648,+6h,0.564,High,HIGH,0.8908,0.2481,17.1,2026-09-08T18:05:43Z,ACTIVE,forecast_composite,SIMULATED / PROTOTYPE ALERT
ALT-GRID-00184,REGIONAL_GRID_CELL,"Cell COARSE_C05297 (27.206N, 88.650E)",COARSE_C05297,East Sikkim,27.206,88.65,+6h,0.5515,High,HIGH,0.868,0.2481,17.1,2026-09-08T18:05:43Z,ACTIVE,forecast_composite,SIMULATED / PROTOTYPE ALERT
ALT-GRID-00185,REGIONAL_GRID_CELL,"Cell COARSE_C05452 (27.207N, 88.604E)",COARSE_C05452,East Sikkim,27.207,88.604,+6h,0.6211,High,HIGH,0.9946,0.2481,17.1,2026-09-08T18:05:43Z,ACTIVE,forecast_composite,SIMULATED / PROTOTYPE ALERT
ALT-GRID-00186,REGIONAL_GRID_CELL,"Cell COARSE_C05458 (27.207N, 88.610E)",COARSE_C05458,Pakyong,27.207,88.61,+6h,0.6005,High,HIGH,0.9572,0.2481,17.1,2026-09-08T18:05:43Z,ACTIVE,forecast_composite,SIMULATED / PROTOTYPE ALERT
ALT-GRID-00187,REGIONAL_GRID_CELL,"Cell COARSE_C05491 (27.207N, 88.643E)",COARSE_C05491,East Sikkim,27.207,88.643,+6h,0.5607,High,HIGH,0.8847,0.2481,17.1,2026-09-08T18:05:43Z,ACTIVE,forecast_composite,SIMULATED / PROTOTYPE ALERT
ALT-GRID-00188,REGIONAL_GRID_CELL,"Cell COARSE_C05496 (27.207N, 88.648E)",COARSE_C05496,East Sikkim,27.207,88.648,+6h,0.5575,High,HIGH,0.879,0.2481,17.1,2026-09-08T18:05:43Z,ACTIVE,forecast_composite,SIMULATED / PROTOTYPE ALERT
ALT-GRID-00189,REGIONAL_GRID_CELL,"Cell COARSE_C05498 (27.207N, 88.650E)",COARSE_C05498,East Sikkim,27.207,88.65,+6h,0.5524,High,HIGH,0.8696,0.2481,17.1,2026-09-08T18:05:43Z,ACTIVE,forecast_composite,SIMULATED / PROTOTYPE ALERT
ALT-GRID-00190,REGIONAL_GRID_CELL,"Cell COARSE_C05654 (27.208N, 88.605E)",COARSE_C05654,East Sikkim,27.208,88.605,+6h,0.6206,High,HIGH,0.9938,0.2481,17.1,2026-09-08T18:05:43Z,ACTIVE,forecast_composite,SIMULATED / PROTOTYPE ALERT
ALT-GRID-00191,REGIONAL_GRID_CELL,"Cell COARSE_C05655 (27.208N, 88.606E)",COARSE_C05655,Pakyong,27.208,88.606,+6h,0.6204,High,HIGH,0.9934,0.2481,17.1,2026-09-08T18:05:43Z,ACTIVE,forecast_composite,SIMULATED / PROTOTYPE ALERT
ALT-GRID-00192,REGIONAL_GRID_CELL,"Cell COARSE_C05693 (27.208N, 88.644E)",COARSE_C05693,East Sikkim,27.208,88.644,+6h,0.5542,High,HIGH,0.873,0.2481,17.1,2026-09-08T18:05:43Z,ACTIVE,forecast_composite,SIMULATED / PROTOTYPE ALERT
ALT-GRID-00193,REGIONAL_GRID_CELL,"Cell COARSE_C05843 (27.209N, 88.593E)",COARSE_C05843,East Sikkim,27.209,88.593,+6h,0.5972,High,HIGH,0.9411,0.2594,17.8,2026-09-08T18:05:43Z,ACTIVE,forecast_composite,SIMULATED / PROTOTYPE ALERT
ALT-GRID-00194,REGIONAL_GRID_CELL,"Cell COARSE_C05877 (27.209N, 88.627E)",COARSE_C05877,East Sikkim,27.209,88.627,+6h,0.5706,High,HIGH,0.9027,0.2481,17.1,2026-09-08T18:05:43Z,ACTIVE,forecast_composite,SIMULATED / PROTOTYPE ALERT
ALT-GRID-00195,REGIONAL_GRID_CELL,"Cell COARSE_C05893 (27.209N, 88.643E)",COARSE_C05893,East Sikkim,27.209,88.643,+6h,0.5568,High,HIGH,0.8777,0.2481,17.1,2026-09-08T18:05:43Z,ACTIVE,forecast_composite,SIMULATED / PROTOTYPE ALERT
ALT-GRID-00196,REGIONAL_GRID_CELL,"Cell COARSE_C05895 (27.209N, 88.645E)",COARSE_C05895,East Sikkim,27.209,88.645,+6h,0.5512,High,HIGH,0.8675,0.2481,17.1,2026-09-08T18:05:43Z,ACTIVE,forecast_composite,SIMULATED / PROTOTYPE ALERT
ALT-GRID-00197,REGIONAL_GRID_CELL,"Cell COARSE_C05897 (27.209N, 88.647E)",COARSE_C05897,East Sikkim,27.209,88.647,+6h,0.6049,High,HIGH,0.9652,0.2481,17.1,2026-09-08T18:05:43Z,ACTIVE,forecast_composite,SIMULATED / PROTOTYPE ALERT
ALT-GRID-00198,REGIONAL_GRID_CELL,"Cell COARSE_C06058 (27.210N, 88.607E)",COARSE_C06058,Pakyong,27.21,88.607,+6h,0.6216,High,HIGH,0.9955,0.2481,17.1,2026-09-08T18:05:43Z,ACTIVE,forecast_composite,SIMULATED / PROTOTYPE ALERT
ALT-GRID-00199,REGIONAL_GRID_CELL,"Cell COARSE_C06079 (27.210N, 88.628E)",COARSE_C06079,East Sikkim,27.21,88.628,+6h,0.5584,High,HIGH,0.8806,0.2481,17.1,2026-09-08T18:05:43Z,ACTIVE,forecast_composite,SIMULATED / PROTOTYPE ALERT
ALT-GRID-00200,REGIONAL_GRID_CELL,"Cell COARSE_C06097 (27.210N, 88.646E)",COARSE_C06097,East Sikkim,27.21,88.646,+6h,0.5637,High,HIGH,0.8902,0.2481,17.1,2026-09-08T18:05:43Z,ACTIVE,forecast_composite,SIMULATED / PROTOTYPE ALERT
ALT-GRID-00201,REGIONAL_GRID_CELL,"Cell COARSE_C06101 (27.210N, 88.650E)",COARSE_C06101,East Sikkim,27.21,88.65,+6h,0.6045,High,HIGH,0.9644,0.2481,17.1,2026-09-08T18:05:43Z,ACTIVE,forecast_composite,SIMULATED / PROTOTYPE ALERT
ALT-GRID-00202,REGIONAL_GRID_CELL,"Cell COARSE_C06260 (27.211N, 88.608E)",COARSE_C06260,Pakyong,27.211,88.608,+6h,0.62,High,HIGH,0.9927,0.2481,17.1,2026-09-08T18:05:43Z,ACTIVE,forecast_composite,SIMULATED / PROTOTYPE ALERT
ALT-GRID-00203,REGIONAL_GRID_CELL,"Cell COARSE_C06299 (27.211N, 88.647E)",COARSE_C06299,East Sikkim,27.211,88.647,+6h,0.5594,High,HIGH,0.8824,0.2481,17.1,2026-09-08T18:05:43Z,ACTIVE,forecast_composite,SIMULATED / PROTOTYPE ALERT
ALT-GRID-00204,REGIONAL_GRID_CELL,"Cell COARSE_C06300 (27.211N, 88.648E)",COARSE_C06300,East Sikkim,27.211,88.648,+6h,0.551,High,HIGH,0.8672,0.2481,17.1,2026-09-08T18:05:43Z,ACTIVE,forecast_composite,SIMULATED / PROTOTYPE ALERT
ALT-GRID-00205,REGIONAL_GRID_CELL,"Cell COARSE_C06455 (27.212N, 88.602E)",COARSE_C06455,Pakyong,27.212,88.602,+6h,0.5782,High,HIGH,0.9166,0.2481,17.1,2026-09-08T18:05:43Z,ACTIVE,forecast_composite,SIMULATED / PROTOTYPE ALERT
ALT-GRID-00206,REGIONAL_GRID_CELL,"Cell COARSE_C06458 (27.212N, 88.605E)",COARSE_C06458,Pakyong,27.212,88.605,+6h,0.6211,High,HIGH,0.9946,0.2481,17.1,2026-09-08T18:05:43Z,ACTIVE,forecast_composite,SIMULATED / PROTOTYPE ALERT
ALT-GRID-00207,REGIONAL_GRID_CELL,"Cell COARSE_C06461 (27.212N, 88.608E)",COARSE_C06461,Pakyong,27.212,88.608,+6h,0.6209,High,HIGH,0.9943,0.2481,17.1,2026-09-08T18:05:43Z,ACTIVE,forecast_composite,SIMULATED / PROTOTYPE ALERT
ALT-GRID-00208,REGIONAL_GRID_CELL,"Cell COARSE_C06503 (27.212N, 88.650E)",COARSE_C06503,East Sikkim,27.212,88.65,+6h,0.562,High,HIGH,0.8872,0.2481,17.1,2026-09-08T18:05:43Z,ACTIVE,forecast_composite,SIMULATED / PROTOTYPE ALERT
ALT-GRID-00209,REGIONAL_GRID_CELL,"Cell COARSE_C06634 (27.213N, 88.580E)",COARSE_C06634,East Sikkim,27.213,88.58,+6h,0.5546,High,HIGH,0.8639,0.2594,17.8,2026-09-08T18:05:43Z,ACTIVE,forecast_composite,SIMULATED / PROTOTYPE ALERT
ALT-GRID-00210,REGIONAL_GRID_CELL,"Cell COARSE_C06647 (27.213N, 88.593E)",COARSE_C06647,East Sikkim,27.213,88.593,+6h,0.5975,High,HIGH,0.9416,0.2594,17.8,2026-09-08T18:05:43Z,ACTIVE,forecast_composite,SIMULATED / PROTOTYPE ALERT
ALT-GRID-00211,REGIONAL_GRID_CELL,"Cell COARSE_C06663 (27.213N, 88.609E)",COARSE_C06663,Pakyong,27.213,88.609,+6h,0.6214,High,HIGH,0.9953,0.2481,17.1,2026-09-08T18:05:43Z,ACTIVE,forecast_composite,SIMULATED / PROTOTYPE ALERT
ALT-GRID-00212,REGIONAL_GRID_CELL,"Cell COARSE_C06687 (27.213N, 88.633E)",COARSE_C06687,East Sikkim,27.213,88.633,+6h,0.6215,High,HIGH,0.9954,0.2481,17.1,2026-09-08T18:05:43Z,ACTIVE,forecast_composite,SIMULATED / PROTOTYPE ALERT
ALT-GRID-00213,REGIONAL_GRID_CELL,"Cell COARSE_C06863 (27.214N, 88.608E)",COARSE_C06863,Pakyong,27.214,88.608,+6h,0.5933,High,HIGH,0.9441,0.2481,17.1,2026-09-08T18:05:43Z,ACTIVE,forecast_composite,SIMULATED / PROTOTYPE ALERT
ALT-GRID-00214,REGIONAL_GRID_CELL,"Cell COARSE_C06873 (27.214N, 88.618E)",COARSE_C06873,East Sikkim,27.214,88.618,+6h,0.5719,High,HIGH,0.9052,0.2481,17.1,2026-09-08T18:05:43Z,ACTIVE,forecast_composite,SIMULATED / PROTOTYPE ALERT
ALT-GRID-00215,REGIONAL_GRID_CELL,"Cell COARSE_C06890 (27.214N, 88.635E)",COARSE_C06890,East Sikkim,27.214,88.635,+6h,0.6191,High,HIGH,0.991,0.2481,17.1,2026-09-08T18:05:43Z,ACTIVE,forecast_composite,SIMULATED / PROTOTYPE ALERT
ALT-GRID-00216,REGIONAL_GRID_CELL,"Cell COARSE_C06904 (27.214N, 88.649E)",COARSE_C06904,East Sikkim,27.214,88.649,+6h,0.5543,High,HIGH,0.8732,0.2481,17.1,2026-09-08T18:05:43Z,ACTIVE,forecast_composite,SIMULATED / PROTOTYPE ALERT
ALT-GRID-00217,REGIONAL_GRID_CELL,"Cell COARSE_C07064 (27.215N, 88.608E)",COARSE_C07064,East Sikkim,27.215,88.608,+6h,0.6111,High,HIGH,0.9765,0.2481,17.1,2026-09-08T18:05:43Z,ACTIVE,forecast_composite,SIMULATED / PROTOTYPE ALERT
ALT-GRID-00218,REGIONAL_GRID_CELL,"Cell COARSE_C07065 (27.215N, 88.609E)",COARSE_C07065,East Sikkim,27.215,88.609,+6h,0.5962,High,HIGH,0.9493,0.2481,17.1,2026-09-08T18:05:43Z,ACTIVE,forecast_composite,SIMULATED / PROTOTYPE ALERT
ALT-GRID-00219,REGIONAL_GRID_CELL,"Cell COARSE_C07105 (27.215N, 88.649E)",COARSE_C07105,East Sikkim,27.215,88.649,+6h,0.573,High,HIGH,0.9072,0.2481,17.1,2026-09-08T18:05:43Z,ACTIVE,forecast_composite,SIMULATED / PROTOTYPE ALERT
ALT-GRID-00220,REGIONAL_GRID_CELL,"Cell COARSE_C07306 (27.216N, 88.649E)",COARSE_C07306,East Sikkim,27.216,88.649,+6h,0.5648,High,HIGH,0.8923,0.2481,17.1,2026-09-08T18:05:43Z,ACTIVE,forecast_composite,SIMULATED / PROTOTYPE ALERT
ALT-GRID-00221,REGIONAL_GRID_CELL,"Cell COARSE_C07458 (27.217N, 88.600E)",COARSE_C07458,East Sikkim,27.217,88.6,+6h,0.597,High,HIGH,0.9408,0.2594,17.8,2026-09-08T18:05:43Z,ACTIVE,forecast_composite,SIMULATED / PROTOTYPE ALERT
ALT-GRID-00222,REGIONAL_GRID_CELL,"Cell COARSE_C07460 (27.217N, 88.602E)",COARSE_C07460,East Sikkim,27.217,88.602,+6h,0.6206,High,HIGH,0.9938,0.2481,17.1,2026-09-08T18:05:43Z,ACTIVE,forecast_composite,SIMULATED / PROTOTYPE ALERT
ALT-GRID-00223,REGIONAL_GRID_CELL,"Cell COARSE_C07461 (27.217N, 88.603E)",COARSE_C07461,East Sikkim,27.217,88.603,+6h,0.6207,High,HIGH,0.994,0.2481,17.1,2026-09-08T18:05:43Z,ACTIVE,forecast_composite,SIMULATED / PROTOTYPE ALERT
ALT-GRID-00224,REGIONAL_GRID_CELL,"Cell COARSE_C07462 (27.217N, 88.604E)",COARSE_C07462,East Sikkim,27.217,88.604,+6h,0.5782,High,HIGH,0.9167,0.2481,17.1,2026-09-08T18:05:43Z,ACTIVE,forecast_composite,SIMULATED / PROTOTYPE ALERT
ALT-GRID-00225,REGIONAL_GRID_CELL,"Cell COARSE_C07506 (27.217N, 88.648E)",COARSE_C07506,East Sikkim,27.217,88.648,+6h,0.5765,High,HIGH,0.9136,0.2481,17.1,2026-09-08T18:05:43Z,ACTIVE,forecast_composite,SIMULATED / PROTOTYPE ALERT
ALT-GRID-00226,REGIONAL_GRID_CELL,"Cell COARSE_C07639 (27.218N, 88.580E)",COARSE_C07639,East Sikkim,27.218,88.58,+6h,0.6037,High,HIGH,0.9528,0.2594,17.8,2026-09-08T18:05:43Z,ACTIVE,forecast_composite,SIMULATED / PROTOTYPE ALERT
ALT-GRID-00227,REGIONAL_GRID_CELL,"Cell COARSE_C07693 (27.218N, 88.634E)",COARSE_C07693,East Sikkim,27.218,88.634,+6h,0.5876,High,HIGH,0.9337,0.2481,17.1,2026-09-08T18:05:43Z,ACTIVE,forecast_composite,SIMULATED / PROTOTYPE ALERT
ALT-GRID-00228,REGIONAL_GRID_CELL,"Cell COARSE_C07709 (27.218N, 88.650E)",COARSE_C07709,East Sikkim,27.218,88.65,+6h,0.6087,High,HIGH,0.9722,0.2481,17.1,2026-09-08T18:05:43Z,ACTIVE,forecast_composite,SIMULATED / PROTOTYPE ALERT
ALT-GRID-00229,REGIONAL_GRID_CELL,"Cell COARSE_C07858 (27.219N, 88.598E)",COARSE_C07858,East Sikkim,27.219,88.598,+6h,0.5984,High,HIGH,0.9433,0.2594,17.8,2026-09-08T18:05:43Z,ACTIVE,forecast_composite,SIMULATED / PROTOTYPE ALERT
ALT-GRID-00230,REGIONAL_GRID_CELL,"Cell COARSE_C07860 (27.219N, 88.600E)",COARSE_C07860,East Sikkim,27.219,88.6,+6h,0.627,High,HIGH,0.995,0.2594,17.8,2026-09-08T18:05:43Z,ACTIVE,forecast_composite,SIMULATED / PROTOTYPE ALERT
ALT-GRID-00231,REGIONAL_GRID_CELL,"Cell COARSE_C07861 (27.219N, 88.601E)",COARSE_C07861,East Sikkim,27.219,88.601,+6h,0.5931,High,HIGH,0.9438,0.2481,17.1,2026-09-08T18:05:43Z,ACTIVE,forecast_composite,SIMULATED / PROTOTYPE ALERT
ALT-GRID-00232,REGIONAL_GRID_CELL,"Cell COARSE_C07898 (27.219N, 88.638E)",COARSE_C07898,East Sikkim,27.219,88.638,+6h,0.5993,High,HIGH,0.955,0.2481,17.1,2026-09-08T18:05:43Z,ACTIVE,forecast_composite,SIMULATED / PROTOTYPE ALERT
ALT-GRID-00233,REGIONAL_GRID_CELL,"Cell COARSE_C08044 (27.220N, 88.583E)",COARSE_C08044,East Sikkim,27.22,88.583,+6h,0.5988,High,HIGH,0.9439,0.2594,17.8,2026-09-08T18:05:43Z,ACTIVE,forecast_composite,SIMULATED / PROTOTYPE ALERT
ALT-GRID-00234,REGIONAL_GRID_CELL,"Cell COARSE_C08055 (27.220N, 88.594E)",COARSE_C08055,East Sikkim,27.22,88.594,+6h,0.6272,High,HIGH,0.9955,0.2594,17.8,2026-09-08T18:05:43Z,ACTIVE,forecast_composite,SIMULATED / PROTOTYPE ALERT
ALT-GRID-00235,REGIONAL_GRID_CELL,"Cell COARSE_C08058 (27.220N, 88.597E)",COARSE_C08058,East Sikkim,27.22,88.597,+6h,0.6282,High,HIGH,0.9973,0.2594,17.8,2026-09-08T18:05:43Z,ACTIVE,forecast_composite,SIMULATED / PROTOTYPE ALERT
ALT-GRID-00236,REGIONAL_GRID_CELL,"Cell COARSE_C08062 (27.220N, 88.601E)",COARSE_C08062,East Sikkim,27.22,88.601,+6h,0.5973,High,HIGH,0.9513,0.2481,17.1,2026-09-08T18:05:43Z,ACTIVE,forecast_composite,SIMULATED / PROTOTYPE ALERT
ALT-GRID-00237,REGIONAL_GRID_CELL,"Cell COARSE_C08245 (27.221N, 88.583E)",COARSE_C08245,East Sikkim,27.221,88.583,+6h,0.5978,High,HIGH,0.9421,0.2594,17.8,2026-09-08T18:05:43Z,ACTIVE,forecast_composite,SIMULATED / PROTOTYPE ALERT
ALT-GRID-00238,REGIONAL_GRID_CELL,"Cell COARSE_C08246 (27.221N, 88.584E)",COARSE_C08246,East Sikkim,27.221,88.584,+6h,0.5874,High,HIGH,0.9233,0.2594,17.8,2026-09-08T18:05:43Z,ACTIVE,forecast_composite,SIMULATED / PROTOTYPE ALERT
ALT-GRID-00239,REGIONAL_GRID_CELL,"Cell COARSE_C08255 (27.221N, 88.593E)",COARSE_C08255,East Sikkim,27.221,88.593,+6h,0.5925,High,HIGH,0.9325,0.2594,17.8,2026-09-08T18:05:43Z,ACTIVE,forecast_composite,SIMULATED / PROTOTYPE ALERT
ALT-GRID-00240,REGIONAL_GRID_CELL,"Cell COARSE_C08265 (27.221N, 88.603E)",COARSE_C08265,East Sikkim,27.221,88.603,+6h,0.576,High,HIGH,0.9127,0.2481,17.1,2026-09-08T18:05:43Z,ACTIVE,forecast_composite,SIMULATED / PROTOTYPE ALERT
ALT-GRID-00241,REGIONAL_GRID_CELL,"Cell COARSE_C08288 (27.221N, 88.626E)",COARSE_C08288,East Sikkim,27.221,88.626,+6h,0.5837,High,HIGH,0.9267,0.2481,17.1,2026-09-08T18:05:43Z,ACTIVE,forecast_composite,SIMULATED / PROTOTYPE ALERT
ALT-GRID-00242,REGIONAL_GRID_CELL,"Cell COARSE_C08303 (27.221N, 88.641E)",COARSE_C08303,East Sikkim,27.221,88.641,+6h,0.5975,High,HIGH,0.9518,0.2481,17.1,2026-09-08T18:05:43Z,ACTIVE,forecast_composite,SIMULATED / PROTOTYPE ALERT
ALT-GRID-00243,REGIONAL_GRID_CELL,"Cell COARSE_C08307 (27.221N, 88.645E)",COARSE_C08307,East Sikkim,27.221,88.645,+6h,0.6013,High,HIGH,0.9586,0.2481,17.1,2026-09-08T18:05:43Z,ACTIVE,forecast_composite,SIMULATED / PROTOTYPE ALERT
ALT-GRID-00244,REGIONAL_GRID_CELL,"Cell COARSE_C08447 (27.222N, 88.584E)",COARSE_C08447,East Sikkim,27.222,88.584,+6h,0.6003,High,HIGH,0.9467,0.2594,17.8,2026-09-08T18:05:43Z,ACTIVE,forecast_composite,SIMULATED / PROTOTYPE ALERT
ALT-GRID-00245,REGIONAL_GRID_CELL,"Cell COARSE_C08455 (27.222N, 88.592E)",COARSE_C08455,East Sikkim,27.222,88.592,+6h,0.6278,High,HIGH,0.9965,0.2594,17.8,2026-09-08T18:05:43Z,ACTIVE,forecast_composite,SIMULATED / PROTOTYPE ALERT
ALT-GRID-00246,REGIONAL_GRID_CELL,"Cell COARSE_C08460 (27.222N, 88.597E)",COARSE_C08460,East Sikkim,27.222,88.597,+6h,0.608,High,HIGH,0.9606,0.2594,17.8,2026-09-08T18:05:43Z,ACTIVE,forecast_composite,SIMULATED / PROTOTYPE ALERT
ALT-GRID-00247,REGIONAL_GRID_CELL,"Cell COARSE_C08468 (27.222N, 88.605E)",COARSE_C08468,East Sikkim,27.222,88.605,+6h,0.5746,High,HIGH,0.9101,0.2481,17.1,2026-09-08T18:05:43Z,ACTIVE,forecast_composite,SIMULATED / PROTOTYPE ALERT
ALT-GRID-00248,REGIONAL_GRID_CELL,"Cell COARSE_C08508 (27.222N, 88.645E)",COARSE_C08508,East Sikkim,27.222,88.645,+6h,0.5986,High,HIGH,0.9538,0.2481,17.1,2026-09-08T18:05:43Z,ACTIVE,forecast_composite,SIMULATED / PROTOTYPE ALERT
ALT-GRID-00249,REGIONAL_GRID_CELL,"Cell COARSE_C08655 (27.223N, 88.591E)",COARSE_C08655,East Sikkim,27.223,88.591,+6h,0.6015,High,HIGH,0.9489,0.2594,17.8,2026-09-08T18:05:43Z,ACTIVE,forecast_composite,SIMULATED / PROTOTYPE ALERT
ALT-GRID-00250,REGIONAL_GRID_CELL,"Cell COARSE_C08670 (27.223N, 88.606E)",COARSE_C08670,East Sikkim,27.223,88.606,+6h,0.5767,High,HIGH,0.9138,0.2481,17.1,2026-09-08T18:05:43Z,ACTIVE,forecast_composite,SIMULATED / PROTOTYPE ALERT
ALT-GRID-00251,REGIONAL_GRID_CELL,"Cell COARSE_C08848 (27.224N, 88.583E)",COARSE_C08848,East Sikkim,27.224,88.583,+6h,0.6187,High,HIGH,0.9801,0.2594,17.8,2026-09-08T18:05:43Z,ACTIVE,forecast_composite,SIMULATED / PROTOTYPE ALERT
ALT-GRID-00252,REGIONAL_GRID_CELL,"Cell COARSE_C08849 (27.224N, 88.584E)",COARSE_C08849,East Sikkim,27.224,88.584,+6h,0.6175,High,HIGH,0.9779,0.2594,17.8,2026-09-08T18:05:43Z,ACTIVE,forecast_composite,SIMULATED / PROTOTYPE ALERT
ALT-GRID-00253,REGIONAL_GRID_CELL,"Cell COARSE_C08850 (27.224N, 88.585E)",COARSE_C08850,East Sikkim,27.224,88.585,+6h,0.5982,High,HIGH,0.9429,0.2594,17.8,2026-09-08T18:05:43Z,ACTIVE,forecast_composite,SIMULATED / PROTOTYPE ALERT
ALT-GRID-00254,REGIONAL_GRID_CELL,"Cell COARSE_C08851 (27.224N, 88.586E)",COARSE_C08851,East Sikkim,27.224,88.586,+6h,0.5798,High,HIGH,0.9095,0.2594,17.8,2026-09-08T18:05:43Z,ACTIVE,forecast_composite,SIMULATED / PROTOTYPE ALERT
ALT-GRID-00255,REGIONAL_GRID_CELL,"Cell COARSE_C08865 (27.224N, 88.600E)",COARSE_C08865,East Sikkim,27.224,88.6,+6h,0.5613,High,HIGH,0.8761,0.2594,17.8,2026-09-08T18:05:43Z,ACTIVE,forecast_composite,SIMULATED / PROTOTYPE ALERT
ALT-GRID-00256,REGIONAL_GRID_CELL,"Cell COARSE_C08869 (27.224N, 88.604E)",COARSE_C08869,East Sikkim,27.224,88.604,+6h,0.5586,High,HIGH,0.8809,0.2481,17.1,2026-09-08T18:05:43Z,ACTIVE,forecast_composite,SIMULATED / PROTOTYPE ALERT
ALT-GRID-00257,REGIONAL_GRID_CELL,"Cell COARSE_C08870 (27.224N, 88.605E)",COARSE_C08870,East Sikkim,27.224,88.605,+6h,0.5729,High,HIGH,0.9069,0.2481,17.1,2026-09-08T18:05:43Z,ACTIVE,forecast_composite,SIMULATED / PROTOTYPE ALERT
ALT-GRID-00258,REGIONAL_GRID_CELL,"Cell COARSE_C08899 (27.224N, 88.634E)",COARSE_C08899,East Sikkim,27.224,88.634,+6h,0.6025,High,HIGH,0.9609,0.2481,17.1,2026-09-08T18:05:43Z,ACTIVE,forecast_composite,SIMULATED / PROTOTYPE ALERT
ALT-GRID-00259,REGIONAL_GRID_CELL,"Cell COARSE_C08900 (27.224N, 88.635E)",COARSE_C08900,East Sikkim,27.224,88.635,+6h,0.5915,High,HIGH,0.9408,0.2481,17.1,2026-09-08T18:05:43Z,ACTIVE,forecast_composite,SIMULATED / PROTOTYPE ALERT
ALT-GRID-00260,REGIONAL_GRID_CELL,"Cell COARSE_C08901 (27.224N, 88.636E)",COARSE_C08901,East Sikkim,27.224,88.636,+6h,0.594,High,HIGH,0.9454,0.2481,17.1,2026-09-08T18:05:43Z,ACTIVE,forecast_composite,SIMULATED / PROTOTYPE ALERT
ALT-GRID-00261,REGIONAL_GRID_CELL,"Cell COARSE_C08910 (27.224N, 88.645E)",COARSE_C08910,East Sikkim,27.224,88.645,+6h,0.601,High,HIGH,0.9581,0.2481,17.1,2026-09-08T18:05:43Z,ACTIVE,forecast_composite,SIMULATED / PROTOTYPE ALERT
ALT-GRID-00262,REGIONAL_GRID_CELL,"Cell COARSE_C09049 (27.225N, 88.583E)",COARSE_C09049,East Sikkim,27.225,88.583,+6h,0.5988,High,HIGH,0.944,0.2594,17.8,2026-09-08T18:05:43Z,ACTIVE,forecast_composite,SIMULATED / PROTOTYPE ALERT
ALT-GRID-00263,REGIONAL_GRID_CELL,"Cell COARSE_C09050 (27.225N, 88.584E)",COARSE_C09050,East Sikkim,27.225,88.584,+6h,0.6102,High,HIGH,0.9647,0.2594,17.8,2026-09-08T18:05:43Z,ACTIVE,forecast_composite,SIMULATED / PROTOTYPE ALERT
ALT-GRID-00264,REGIONAL_GRID_CELL,"Cell COARSE_C09051 (27.225N, 88.585E)",COARSE_C09051,East Sikkim,27.225,88.585,+6h,0.6059,High,HIGH,0.9568,0.2594,17.8,2026-09-08T18:05:43Z,ACTIVE,forecast_composite,SIMULATED / PROTOTYPE ALERT
ALT-GRID-00265,REGIONAL_GRID_CELL,"Cell COARSE_C09052 (27.225N, 88.586E)",COARSE_C09052,East Sikkim,27.225,88.586,+6h,0.6272,High,HIGH,0.9954,0.2594,17.8,2026-09-08T18:05:43Z,ACTIVE,forecast_composite,SIMULATED / PROTOTYPE ALERT
ALT-GRID-00266,REGIONAL_GRID_CELL,"Cell COARSE_C09053 (27.225N, 88.587E)",COARSE_C09053,East Sikkim,27.225,88.587,+6h,0.5861,High,HIGH,0.9209,0.2594,17.8,2026-09-08T18:05:43Z,ACTIVE,forecast_composite,SIMULATED / PROTOTYPE ALERT
ALT-GRID-00267,REGIONAL_GRID_CELL,"Cell COARSE_C09092 (27.225N, 88.626E)",COARSE_C09092,East Sikkim,27.225,88.626,+6h,0.5782,High,HIGH,0.9167,0.2481,17.1,2026-09-08T18:05:43Z,ACTIVE,forecast_composite,SIMULATED / PROTOTYPE ALERT
ALT-GRID-00268,REGIONAL_GRID_CELL,"Cell COARSE_C09095 (27.225N, 88.629E)",COARSE_C09095,East Sikkim,27.225,88.629,+6h,0.6211,High,HIGH,0.9946,0.2481,17.1,2026-09-08T18:05:43Z,ACTIVE,forecast_composite,SIMULATED / PROTOTYPE ALERT
ALT-GRID-00269,REGIONAL_GRID_CELL,"Cell COARSE_C09096 (27.225N, 88.630E)",COARSE_C09096,East Sikkim,27.225,88.63,+6h,0.6217,High,HIGH,0.9957,0.2481,17.1,2026-09-08T18:05:43Z,ACTIVE,forecast_composite,SIMULATED / PROTOTYPE ALERT
ALT-GRID-00270,REGIONAL_GRID_CELL,"Cell COARSE_C09101 (27.225N, 88.635E)",COARSE_C09101,East Sikkim,27.225,88.635,+6h,0.5907,High,HIGH,0.9393,0.2481,17.1,2026-09-08T18:05:43Z,ACTIVE,forecast_composite,SIMULATED / PROTOTYPE ALERT
ALT-GRID-00271,REGIONAL_GRID_CELL,"Cell COARSE_C09102 (27.225N, 88.636E)",COARSE_C09102,East Sikkim,27.225,88.636,+6h,0.5995,High,HIGH,0.9553,0.2481,17.1,2026-09-08T18:05:43Z,ACTIVE,forecast_composite,SIMULATED / PROTOTYPE ALERT
ALT-GRID-00272,REGIONAL_GRID_CELL,"Cell COARSE_C09111 (27.225N, 88.645E)",COARSE_C09111,East Sikkim,27.225,88.645,+6h,0.6006,High,HIGH,0.9573,0.2481,17.1,2026-09-08T18:05:43Z,ACTIVE,forecast_composite,SIMULATED / PROTOTYPE ALERT
ALT-GRID-00273,REGIONAL_GRID_CELL,"Cell COARSE_C09113 (27.225N, 88.647E)",COARSE_C09113,East Sikkim,27.225,88.647,+6h,0.6001,High,HIGH,0.9565,0.2481,17.1,2026-09-08T18:05:43Z,ACTIVE,forecast_composite,SIMULATED / PROTOTYPE ALERT
ALT-GRID-00274,REGIONAL_GRID_CELL,"Cell COARSE_C09249 (27.226N, 88.582E)",COARSE_C09249,East Sikkim,27.226,88.582,+6h,0.5821,High,HIGH,0.9137,0.2594,17.8,2026-09-08T18:05:43Z,ACTIVE,forecast_composite,SIMULATED / PROTOTYPE ALERT
ALT-GRID-00275,REGIONAL_GRID_CELL,"Cell COARSE_C09250 (27.226N, 88.583E)",COARSE_C09250,East Sikkim,27.226,88.583,+6h,0.6131,High,HIGH,0.9698,0.2594,17.8,2026-09-08T18:05:43Z,ACTIVE,forecast_composite,SIMULATED / PROTOTYPE ALERT
ALT-GRID-00276,REGIONAL_GRID_CELL,"Cell COARSE_C09251 (27.226N, 88.584E)",COARSE_C09251,East Sikkim,27.226,88.584,+6h,0.6262,High,HIGH,0.9937,0.2594,17.8,2026-09-08T18:05:43Z,ACTIVE,forecast_composite,SIMULATED / PROTOTYPE ALERT
ALT-GRID-00277,REGIONAL_GRID_CELL,"Cell COARSE_C09252 (27.226N, 88.585E)",COARSE_C09252,East Sikkim,27.226,88.585,+6h,0.6252,High,HIGH,0.9919,0.2594,17.8,2026-09-08T18:05:43Z,ACTIVE,forecast_composite,SIMULATED / PROTOTYPE ALERT
ALT-GRID-00278,REGIONAL_GRID_CELL,"Cell COARSE_C09253 (27.226N, 88.586E)",COARSE_C09253,East Sikkim,27.226,88.586,+6h,0.596,High,HIGH,0.9389,0.2594,17.8,2026-09-08T18:05:43Z,ACTIVE,forecast_composite,SIMULATED / PROTOTYPE ALERT
ALT-GRID-00279,REGIONAL_GRID_CELL,"Cell COARSE_C09254 (27.226N, 88.587E)",COARSE_C09254,East Sikkim,27.226,88.587,+6h,0.6266,High,HIGH,0.9944,0.2594,17.8,2026-09-08T18:05:43Z,ACTIVE,forecast_composite,SIMULATED / PROTOTYPE ALERT
ALT-GRID-00280,REGIONAL_GRID_CELL,"Cell COARSE_C09255 (27.226N, 88.588E)",COARSE_C09255,East Sikkim,27.226,88.588,+6h,0.5762,High,HIGH,0.903,0.2594,17.8,2026-09-08T18:05:43Z,ACTIVE,forecast_composite,SIMULATED / PROTOTYPE ALERT
ALT-GRID-00281,REGIONAL_GRID_CELL,"Cell COARSE_C09256 (27.226N, 88.589E)",COARSE_C09256,East Sikkim,27.226,88.589,+6h,0.6266,High,HIGH,0.9944,0.2594,17.8,2026-09-08T18:05:43Z,ACTIVE,forecast_composite,SIMULATED / PROTOTYPE ALERT
ALT-GRID-00282,REGIONAL_GRID_CELL,"Cell COARSE_C09259 (27.226N, 88.592E)",COARSE_C09259,East Sikkim,27.226,88.592,+6h,0.6249,High,HIGH,0.9913,0.2594,17.8,2026-09-08T18:05:43Z,ACTIVE,forecast_composite,SIMULATED / PROTOTYPE ALERT
ALT-GRID-00283,REGIONAL_GRID_CELL,"Cell COARSE_C09281 (27.226N, 88.614E)",COARSE_C09281,East Sikkim,27.226,88.614,+6h,0.5688,High,HIGH,0.8996,0.2481,17.1,2026-09-08T18:05:43Z,ACTIVE,forecast_composite,SIMULATED / PROTOTYPE ALERT
ALT-GRID-00284,REGIONAL_GRID_CELL,"Cell COARSE_C09293 (27.226N, 88.626E)",COARSE_C09293,East Sikkim,27.226,88.626,+6h,0.5897,High,HIGH,0.9376,0.2481,17.1,2026-09-08T18:05:43Z,ACTIVE,forecast_composite,SIMULATED / PROTOTYPE ALERT
ALT-GRID-00285,REGIONAL_GRID_CELL,"Cell COARSE_C09299 (27.226N, 88.632E)",COARSE_C09299,East Sikkim,27.226,88.632,+6h,0.5912,High,HIGH,0.9402,0.2481,17.1,2026-09-08T18:05:43Z,ACTIVE,forecast_composite,SIMULATED / PROTOTYPE ALERT
ALT-GRID-00286,REGIONAL_GRID_CELL,"Cell COARSE_C09301 (27.226N, 88.634E)",COARSE_C09301,East Sikkim,27.226,88.634,+6h,0.5976,High,HIGH,0.9519,0.2481,17.1,2026-09-08T18:05:43Z,ACTIVE,forecast_composite,SIMULATED / PROTOTYPE ALERT
ALT-GRID-00287,REGIONAL_GRID_CELL,"Cell COARSE_C09450 (27.227N, 88.582E)",COARSE_C09450,East Sikkim,27.227,88.582,+6h,0.5729,High,HIGH,0.897,0.2594,17.8,2026-09-08T18:05:43Z,ACTIVE,forecast_composite,SIMULATED / PROTOTYPE ALERT
ALT-GRID-00288,REGIONAL_GRID_CELL,"Cell COARSE_C09451 (27.227N, 88.583E)",COARSE_C09451,East Sikkim,27.227,88.583,+6h,0.5725,High,HIGH,0.8964,0.2594,17.8,2026-09-08T18:05:43Z,ACTIVE,forecast_composite,SIMULATED / PROTOTYPE ALERT
ALT-GRID-00289,REGIONAL_GRID_CELL,"Cell COARSE_C09452 (27.227N, 88.584E)",COARSE_C09452,East Sikkim,27.227,88.584,+6h,0.574,High,HIGH,0.899,0.2594,17.8,2026-09-08T18:05:43Z,ACTIVE,forecast_composite,SIMULATED / PROTOTYPE ALERT
ALT-GRID-00290,REGIONAL_GRID_CELL,"Cell COARSE_C09453 (27.227N, 88.585E)",COARSE_C09453,East Sikkim,27.227,88.585,+6h,0.6255,High,HIGH,0.9924,0.2594,17.8,2026-09-08T18:05:43Z,ACTIVE,forecast_composite,SIMULATED / PROTOTYPE ALERT
ALT-GRID-00291,REGIONAL_GRID_CELL,"Cell COARSE_C09454 (27.227N, 88.586E)",COARSE_C09454,East Sikkim,27.227,88.586,+6h,0.6261,High,HIGH,0.9935,0.2594,17.8,2026-09-08T18:05:43Z,ACTIVE,forecast_composite,SIMULATED / PROTOTYPE ALERT
ALT-GRID-00292,REGIONAL_GRID_CELL,"Cell COARSE_C09455 (27.227N, 88.587E)",COARSE_C09455,East Sikkim,27.227,88.587,+6h,0.6073,High,HIGH,0.9593,0.2594,17.8,2026-09-08T18:05:43Z,ACTIVE,forecast_composite,SIMULATED / PROTOTYPE ALERT
ALT-GRID-00293,REGIONAL_GRID_CELL,"Cell COARSE_C09456 (27.227N, 88.588E)",COARSE_C09456,East Sikkim,27.227,88.588,+6h,0.625,High,HIGH,0.9915,0.2594,17.8,2026-09-08T18:05:43Z,ACTIVE,forecast_composite,SIMULATED / PROTOTYPE ALERT
ALT-GRID-00294,REGIONAL_GRID_CELL,"Cell COARSE_C09460 (27.227N, 88.592E)",COARSE_C09460,East Sikkim,27.227,88.592,+6h,0.6261,High,HIGH,0.9935,0.2594,17.8,2026-09-08T18:05:43Z,ACTIVE,forecast_composite,SIMULATED / PROTOTYPE ALERT
ALT-GRID-00295,REGIONAL_GRID_CELL,"Cell COARSE_C09480 (27.227N, 88.612E)",COARSE_C09480,East Sikkim,27.227,88.612,+6h,0.5619,High,HIGH,0.8869,0.2481,17.1,2026-09-08T18:05:43Z,ACTIVE,forecast_composite,SIMULATED / PROTOTYPE ALERT
ALT-GRID-00296,REGIONAL_GRID_CELL,"Cell COARSE_C09488 (27.227N, 88.620E)",COARSE_C09488,East Sikkim,27.227,88.62,+6h,0.5901,High,HIGH,0.9382,0.2481,17.1,2026-09-08T18:05:43Z,ACTIVE,forecast_composite,SIMULATED / PROTOTYPE ALERT
ALT-GRID-00297,REGIONAL_GRID_CELL,"Cell COARSE_C09493 (27.227N, 88.625E)",COARSE_C09493,East Sikkim,27.227,88.625,+6h,0.5919,High,HIGH,0.9415,0.2481,17.1,2026-09-08T18:05:43Z,ACTIVE,forecast_composite,SIMULATED / PROTOTYPE ALERT
ALT-GRID-00298,REGIONAL_GRID_CELL,"Cell COARSE_C09494 (27.227N, 88.626E)",COARSE_C09494,East Sikkim,27.227,88.626,+6h,0.5934,High,HIGH,0.9443,0.2481,17.1,2026-09-08T18:05:43Z,ACTIVE,forecast_composite,SIMULATED / PROTOTYPE ALERT
ALT-GRID-00299,REGIONAL_GRID_CELL,"Cell COARSE_C09496 (27.227N, 88.628E)",COARSE_C09496,East Sikkim,27.227,88.628,+6h,0.5815,High,HIGH,0.9226,0.2481,17.1,2026-09-08T18:05:43Z,ACTIVE,forecast_composite,SIMULATED / PROTOTYPE ALERT
ALT-GRID-00300,REGIONAL_GRID_CELL,"Cell COARSE_C09497 (27.227N, 88.629E)",COARSE_C09497,East Sikkim,27.227,88.629,+6h,0.5815,High,HIGH,0.9227,0.2481,17.1,2026-09-08T18:05:43Z,ACTIVE,forecast_composite,SIMULATED / PROTOTYPE ALERT
ALT-GRID-00301,REGIONAL_GRID_CELL,"Cell COARSE_C09499 (27.227N, 88.631E)",COARSE_C09499,East Sikkim,27.227,88.631,+6h,0.5938,High,HIGH,0.945,0.2481,17.1,2026-09-08T18:05:43Z,ACTIVE,forecast_composite,SIMULATED / PROTOTYPE ALERT
ALT-GRID-00302,REGIONAL_GRID_CELL,"Cell COARSE_C09500 (27.227N, 88.632E)",COARSE_C09500,East Sikkim,27.227,88.632,+6h,0.5932,High,HIGH,0.944,0.2481,17.1,2026-09-08T18:05:43Z,ACTIVE,forecast_composite,SIMULATED / PROTOTYPE ALERT
ALT-GRID-00303,REGIONAL_GRID_CELL,"Cell COARSE_C09650 (27.228N, 88.581E)",COARSE_C09650,East Sikkim,27.228,88.581,+6h,0.5759,High,HIGH,0.9024,0.2594,17.8,2026-09-08T18:05:43Z,ACTIVE,forecast_composite,SIMULATED / PROTOTYPE ALERT
ALT-GRID-00304,REGIONAL_GRID_CELL,"Cell COARSE_C09651 (27.228N, 88.582E)",COARSE_C09651,East Sikkim,27.228,88.582,+6h,0.5735,High,HIGH,0.8981,0.2594,17.8,2026-09-08T18:05:43Z,ACTIVE,forecast_composite,SIMULATED / PROTOTYPE ALERT
ALT-GRID-00305,REGIONAL_GRID_CELL,"Cell COARSE_C09652 (27.228N, 88.583E)",COARSE_C09652,East Sikkim,27.228,88.583,+6h,0.564,High,HIGH,0.8809,0.2594,17.8,2026-09-08T18:05:43Z,ACTIVE,forecast_composite,SIMULATED / PROTOTYPE ALERT
ALT-GRID-00306,REGIONAL_GRID_CELL,"Cell COARSE_C09653 (27.228N, 88.584E)",COARSE_C09653,East Sikkim,27.228,88.584,+6h,0.6262,High,HIGH,0.9936,0.2594,17.8,2026-09-08T18:05:43Z,ACTIVE,forecast_composite,SIMULATED / PROTOTYPE ALERT
ALT-GRID-00307,REGIONAL_GRID_CELL,"Cell COARSE_C09654 (27.228N, 88.585E)",COARSE_C09654,East Sikkim,27.228,88.585,+6h,0.6268,High,HIGH,0.9947,0.2594,17.8,2026-09-08T18:05:43Z,ACTIVE,forecast_composite,SIMULATED / PROTOTYPE ALERT
ALT-GRID-00308,REGIONAL_GRID_CELL,"Cell COARSE_C09655 (27.228N, 88.586E)",COARSE_C09655,East Sikkim,27.228,88.586,+6h,0.624,High,HIGH,0.9897,0.2594,17.8,2026-09-08T18:05:43Z,ACTIVE,forecast_composite,SIMULATED / PROTOTYPE ALERT
ALT-GRID-00309,REGIONAL_GRID_CELL,"Cell COARSE_C09656 (27.228N, 88.587E)",COARSE_C09656,East Sikkim,27.228,88.587,+6h,0.581,High,HIGH,0.9118,0.2594,17.8,2026-09-08T18:05:43Z,ACTIVE,forecast_composite,SIMULATED / PROTOTYPE ALERT
ALT-GRID-00310,REGIONAL_GRID_CELL,"Cell COARSE_C09657 (27.228N, 88.588E)",COARSE_C09657,East Sikkim,27.228,88.588,+6h,0.624,High,HIGH,0.9896,0.2594,17.8,2026-09-08T18:05:43Z,ACTIVE,forecast_composite,SIMULATED / PROTOTYPE ALERT
ALT-GRID-00311,REGIONAL_GRID_CELL,"Cell COARSE_C09661 (27.228N, 88.592E)",COARSE_C09661,East Sikkim,27.228,88.592,+6h,0.6259,High,HIGH,0.993,0.2594,17.8,2026-09-08T18:05:43Z,ACTIVE,forecast_composite,SIMULATED / PROTOTYPE ALERT
ALT-GRID-00312,REGIONAL_GRID_CELL,"Cell COARSE_C09695 (27.228N, 88.626E)",COARSE_C09695,East Sikkim,27.228,88.626,+6h,0.5873,High,HIGH,0.9332,0.2481,17.1,2026-09-08T18:05:43Z,ACTIVE,forecast_composite,SIMULATED / PROTOTYPE ALERT
ALT-GRID-00313,REGIONAL_GRID_CELL,"Cell COARSE_C09698 (27.228N, 88.629E)",COARSE_C09698,East Sikkim,27.228,88.629,+6h,0.5732,High,HIGH,0.9075,0.2481,17.1,2026-09-08T18:05:43Z,ACTIVE,forecast_composite,SIMULATED / PROTOTYPE ALERT
ALT-GRID-00314,REGIONAL_GRID_CELL,"Cell COARSE_C09854 (27.229N, 88.584E)",COARSE_C09854,East Sikkim,27.229,88.584,+6h,0.55,Moderate,HIGH,0.8555,0.2594,17.8,2026-09-08T18:05:43Z,ACTIVE,forecast_composite,SIMULATED / PROTOTYPE ALERT
ALT-GRID-00315,REGIONAL_GRID_CELL,"Cell COARSE_C09855 (27.229N, 88.585E)",COARSE_C09855,East Sikkim,27.229,88.585,+6h,0.5954,High,HIGH,0.9379,0.2594,17.8,2026-09-08T18:05:43Z,ACTIVE,forecast_composite,SIMULATED / PROTOTYPE ALERT
ALT-GRID-00316,REGIONAL_GRID_CELL,"Cell COARSE_C09856 (27.229N, 88.586E)",COARSE_C09856,East Sikkim,27.229,88.586,+6h,0.6245,High,HIGH,0.9905,0.2594,17.8,2026-09-08T18:05:43Z,ACTIVE,forecast_composite,SIMULATED / PROTOTYPE ALERT
ALT-GRID-00317,REGIONAL_GRID_CELL,"Cell COARSE_C09857 (27.229N, 88.587E)",COARSE_C09857,East Sikkim,27.229,88.587,+6h,0.5573,High,HIGH,0.8687,0.2594,17.8,2026-09-08T18:05:43Z,ACTIVE,forecast_composite,SIMULATED / PROTOTYPE ALERT
ALT-GRID-00318,REGIONAL_GRID_CELL,"Cell COARSE_C09858 (27.229N, 88.588E)",COARSE_C09858,East Sikkim,27.229,88.588,+6h,0.6212,High,HIGH,0.9846,0.2594,17.8,2026-09-08T18:05:43Z,ACTIVE,forecast_composite,SIMULATED / PROTOTYPE ALERT
ALT-GRID-00319,REGIONAL_GRID_CELL,"Cell COARSE_C09887 (27.229N, 88.617E)",COARSE_C09887,East Sikkim,27.229,88.617,+6h,0.5666,High,HIGH,0.8956,0.2481,17.1,2026-09-08T18:05:43Z,ACTIVE,forecast_composite,SIMULATED / PROTOTYPE ALERT
ALT-GRID-00320,REGIONAL_GRID_CELL,"Cell COARSE_C10056 (27.230N, 88.585E)",COARSE_C10056,East Sikkim,27.23,88.585,+6h,0.5596,High,HIGH,0.873,0.2594,17.8,2026-09-08T18:05:43Z,ACTIVE,forecast_composite,SIMULATED / PROTOTYPE ALERT
ALT-GRID-00321,REGIONAL_GRID_CELL,"Cell COARSE_C10057 (27.230N, 88.586E)",COARSE_C10057,East Sikkim,27.23,88.586,+6h,0.552,High,HIGH,0.8591,0.2594,17.8,2026-09-08T18:05:43Z,ACTIVE,forecast_composite,SIMULATED / PROTOTYPE ALERT
ALT-GRID-00322,REGIONAL_GRID_CELL,"Cell COARSE_C10058 (27.230N, 88.587E)",COARSE_C10058,East Sikkim,27.23,88.587,+6h,0.5836,High,HIGH,0.9165,0.2594,17.8,2026-09-08T18:05:43Z,ACTIVE,forecast_composite,SIMULATED / PROTOTYPE ALERT
ALT-GRID-00323,REGIONAL_GRID_CELL,"Cell COARSE_C10060 (27.230N, 88.589E)",COARSE_C10060,East Sikkim,27.23,88.589,+6h,0.6228,High,HIGH,0.9875,0.2594,17.8,2026-09-08T18:05:43Z,ACTIVE,forecast_composite,SIMULATED / PROTOTYPE ALERT
ALT-GRID-00324,REGIONAL_GRID_CELL,"Cell COARSE_C10067 (27.230N, 88.596E)",COARSE_C10067,East Sikkim,27.23,88.596,+6h,0.6256,High,HIGH,0.9925,0.2594,17.8,2026-09-08T18:05:43Z,ACTIVE,forecast_composite,SIMULATED / PROTOTYPE ALERT
ALT-GRID-00325,REGIONAL_GRID_CELL,"Cell COARSE_C10068 (27.230N, 88.597E)",COARSE_C10068,East Sikkim,27.23,88.597,+6h,0.5706,High,HIGH,0.8929,0.2594,17.8,2026-09-08T18:05:43Z,ACTIVE,forecast_composite,SIMULATED / PROTOTYPE ALERT
ALT-GRID-00326,REGIONAL_GRID_CELL,"Cell COARSE_C10069 (27.230N, 88.598E)",COARSE_C10069,East Sikkim,27.23,88.598,+6h,0.5719,High,HIGH,0.8953,0.2594,17.8,2026-09-08T18:05:43Z,ACTIVE,forecast_composite,SIMULATED / PROTOTYPE ALERT
ALT-GRID-00327,REGIONAL_GRID_CELL,"Cell COARSE_C10108 (27.230N, 88.637E)",COARSE_C10108,East Sikkim,27.23,88.637,+6h,0.5901,High,HIGH,0.9383,0.2481,17.1,2026-09-08T18:05:43Z,ACTIVE,forecast_composite,SIMULATED / PROTOTYPE ALERT
ALT-GRID-00328,REGIONAL_GRID_CELL,"Cell COARSE_C10258 (27.231N, 88.586E)",COARSE_C10258,East Sikkim,27.231,88.586,+6h,0.5601,High,HIGH,0.8738,0.2594,17.8,2026-09-08T18:05:43Z,ACTIVE,forecast_composite,SIMULATED / PROTOTYPE ALERT
ALT-GRID-00329,REGIONAL_GRID_CELL,"Cell COARSE_C10269 (27.231N, 88.597E)",COARSE_C10269,East Sikkim,27.231,88.597,+6h,0.5609,High,HIGH,0.8753,0.2594,17.8,2026-09-08T18:05:43Z,ACTIVE,forecast_composite,SIMULATED / PROTOTYPE ALERT
ALT-GRID-00330,REGIONAL_GRID_CELL,"Cell COARSE_C10461 (27.232N, 88.588E)",COARSE_C10461,East Sikkim,27.232,88.588,+6h,0.6223,High,HIGH,0.9865,0.2594,17.8,2026-09-08T18:05:43Z,ACTIVE,forecast_composite,SIMULATED / PROTOTYPE ALERT
ALT-GRID-00331,REGIONAL_GRID_CELL,"Cell COARSE_C10491 (27.232N, 88.618E)",COARSE_C10491,East Sikkim,27.232,88.618,+6h,0.5543,High,HIGH,0.8732,0.2481,17.1,2026-09-08T18:05:43Z,ACTIVE,forecast_composite,SIMULATED / PROTOTYPE ALERT
ALT-GRID-00332,REGIONAL_GRID_CELL,"Cell COARSE_C10493 (27.232N, 88.620E)",COARSE_C10493,East Sikkim,27.232,88.62,+6h,0.5555,High,HIGH,0.8753,0.2481,17.1,2026-09-08T18:05:43Z,ACTIVE,forecast_composite,SIMULATED / PROTOTYPE ALERT
ALT-GRID-00333,REGIONAL_GRID_CELL,"Cell COARSE_C10662 (27.233N, 88.588E)",COARSE_C10662,East Sikkim,27.233,88.588,+6h,0.6223,High,HIGH,0.9865,0.2594,17.8,2026-09-08T18:05:43Z,ACTIVE,forecast_composite,SIMULATED / PROTOTYPE ALERT
ALT-GRID-00334,REGIONAL_GRID_CELL,"Cell COARSE_C10663 (27.233N, 88.589E)",COARSE_C10663,East Sikkim,27.233,88.589,+6h,0.6238,High,HIGH,0.9893,0.2594,17.8,2026-09-08T18:05:43Z,ACTIVE,forecast_composite,SIMULATED / PROTOTYPE ALERT
ALT-GRID-00335,REGIONAL_GRID_CELL,"Cell COARSE_C10691 (27.233N, 88.617E)",COARSE_C10691,East Sikkim,27.233,88.617,+6h,0.5765,High,HIGH,0.9135,0.2481,17.1,2026-09-08T18:05:43Z,ACTIVE,forecast_composite,SIMULATED / PROTOTYPE ALERT
ALT-GRID-00336,REGIONAL_GRID_CELL,"Cell COARSE_C10864 (27.234N, 88.589E)",COARSE_C10864,East Sikkim,27.234,88.589,+6h,0.6233,High,HIGH,0.9884,0.2594,17.8,2026-09-08T18:05:43Z,ACTIVE,forecast_composite,SIMULATED / PROTOTYPE ALERT
ALT-GRID-00337,REGIONAL_GRID_CELL,"Cell COARSE_C10883 (27.234N, 88.608E)",COARSE_C10883,East Sikkim,27.234,88.608,+6h,0.5619,High,HIGH,0.8869,0.2481,17.1,2026-09-08T18:05:43Z,ACTIVE,forecast_composite,SIMULATED / PROTOTYPE ALERT
ALT-GRID-00338,REGIONAL_GRID_CELL,"Cell COARSE_C10884 (27.234N, 88.609E)",COARSE_C10884,East Sikkim,27.234,88.609,+6h,0.5631,High,HIGH,0.8892,0.2481,17.1,2026-09-08T18:05:43Z,ACTIVE,forecast_composite,SIMULATED / PROTOTYPE ALERT
ALT-GRID-00339,REGIONAL_GRID_CELL,"Cell COARSE_C11065 (27.235N, 88.589E)",COARSE_C11065,East Sikkim,27.235,88.589,+6h,0.6247,High,HIGH,0.9909,0.2594,17.8,2026-09-08T18:05:43Z,ACTIVE,forecast_composite,SIMULATED / PROTOTYPE ALERT
ALT-GRID-00340,REGIONAL_GRID_CELL,"Cell COARSE_C11066 (27.235N, 88.590E)",COARSE_C11066,East Sikkim,27.235,88.59,+6h,0.6227,High,HIGH,0.9872,0.2594,17.8,2026-09-08T18:05:43Z,ACTIVE,forecast_composite,SIMULATED / PROTOTYPE ALERT
ALT-GRID-00341,REGIONAL_GRID_CELL,"Cell COARSE_C11266 (27.236N, 88.589E)",COARSE_C11266,East Sikkim,27.236,88.589,+6h,0.6249,High,HIGH,0.9913,0.2594,17.8,2026-09-08T18:05:43Z,ACTIVE,forecast_composite,SIMULATED / PROTOTYPE ALERT
ALT-GRID-00342,REGIONAL_GRID_CELL,"Cell COARSE_C11267 (27.236N, 88.590E)",COARSE_C11267,East Sikkim,27.236,88.59,+6h,0.6231,High,HIGH,0.988,0.2594,17.8,2026-09-08T18:05:43Z,ACTIVE,forecast_composite,SIMULATED / PROTOTYPE ALERT
ALT-GRID-00343,REGIONAL_GRID_CELL,"Cell COARSE_C11270 (27.236N, 88.593E)",COARSE_C11270,East Sikkim,27.236,88.593,+6h,0.6219,High,HIGH,0.9858,0.2594,17.8,2026-09-08T18:05:43Z,ACTIVE,forecast_composite,SIMULATED / PROTOTYPE ALERT
ALT-GRID-00344,REGIONAL_GRID_CELL,"Cell COARSE_C11292 (27.236N, 88.615E)",COARSE_C11292,East Sikkim,27.236,88.615,+6h,0.5778,High,HIGH,0.9159,0.2481,17.1,2026-09-08T18:05:43Z,ACTIVE,forecast_composite,SIMULATED / PROTOTYPE ALERT
ALT-GRID-00345,REGIONAL_GRID_CELL,"Cell COARSE_C11294 (27.236N, 88.617E)",COARSE_C11294,East Sikkim,27.236,88.617,+6h,0.5747,High,HIGH,0.9102,0.2481,17.1,2026-09-08T18:05:43Z,ACTIVE,forecast_composite,SIMULATED / PROTOTYPE ALERT
ALT-GRID-00346,REGIONAL_GRID_CELL,"Cell COARSE_C11468 (27.237N, 88.590E)",COARSE_C11468,East Sikkim,27.237,88.59,+6h,0.6246,High,HIGH,0.9908,0.2594,17.8,2026-09-08T18:05:43Z,ACTIVE,forecast_composite,SIMULATED / PROTOTYPE ALERT
ALT-GRID-00347,REGIONAL_GRID_CELL,"Cell COARSE_C11469 (27.237N, 88.591E)",COARSE_C11469,East Sikkim,27.237,88.591,+6h,0.6249,High,HIGH,0.9912,0.2594,17.8,2026-09-08T18:05:43Z,ACTIVE,forecast_composite,SIMULATED / PROTOTYPE ALERT
ALT-GRID-00348,REGIONAL_GRID_CELL,"Cell COARSE_C11471 (27.237N, 88.593E)",COARSE_C11471,East Sikkim,27.237,88.593,+6h,0.6243,High,HIGH,0.9902,0.2594,17.8,2026-09-08T18:05:43Z,ACTIVE,forecast_composite,SIMULATED / PROTOTYPE ALERT
ALT-GRID-00349,REGIONAL_GRID_CELL,"Cell COARSE_C11473 (27.237N, 88.595E)",COARSE_C11473,East Sikkim,27.237,88.595,+6h,0.5517,High,HIGH,0.8587,0.2594,17.8,2026-09-08T18:05:43Z,ACTIVE,forecast_composite,SIMULATED / PROTOTYPE ALERT
ALT-GRID-00350,REGIONAL_GRID_CELL,"Cell COARSE_C11670 (27.238N, 88.591E)",COARSE_C11670,East Sikkim,27.238,88.591,+6h,0.6246,High,HIGH,0.9907,0.2594,17.8,2026-09-08T18:05:43Z,ACTIVE,forecast_composite,SIMULATED / PROTOTYPE ALERT
ALT-GRID-00351,REGIONAL_GRID_CELL,"Cell COARSE_C11671 (27.238N, 88.592E)",COARSE_C11671,East Sikkim,27.238,88.592,+6h,0.6233,High,HIGH,0.9883,0.2594,17.8,2026-09-08T18:05:43Z,ACTIVE,forecast_composite,SIMULATED / PROTOTYPE ALERT
ALT-GRID-00352,REGIONAL_GRID_CELL,"Cell COARSE_C11672 (27.238N, 88.593E)",COARSE_C11672,East Sikkim,27.238,88.593,+6h,0.625,High,HIGH,0.9915,0.2594,17.8,2026-09-08T18:05:43Z,ACTIVE,forecast_composite,SIMULATED / PROTOTYPE ALERT
ALT-GRID-00353,REGIONAL_GRID_CELL,"Cell COARSE_C11675 (27.238N, 88.596E)",COARSE_C11675,East Sikkim,27.238,88.596,+6h,0.5617,High,HIGH,0.8768,0.2594,17.8,2026-09-08T18:05:43Z,ACTIVE,forecast_composite,SIMULATED / PROTOTYPE ALERT
ALT-GRID-00354,REGIONAL_GRID_CELL,"Cell COARSE_C11872 (27.239N, 88.592E)",COARSE_C11872,East Sikkim,27.239,88.592,+6h,0.6246,High,HIGH,0.9908,0.2594,17.8,2026-09-08T18:05:43Z,ACTIVE,forecast_composite,SIMULATED / PROTOTYPE ALERT
ALT-GRID-00355,REGIONAL_GRID_CELL,"Cell COARSE_C11873 (27.239N, 88.593E)",COARSE_C11873,East Sikkim,27.239,88.593,+6h,0.5692,High,HIGH,0.8903,0.2594,17.8,2026-09-08T18:05:43Z,ACTIVE,forecast_composite,SIMULATED / PROTOTYPE ALERT
ALT-GRID-00356,REGIONAL_GRID_CELL,"Cell COARSE_C11875 (27.239N, 88.595E)",COARSE_C11875,East Sikkim,27.239,88.595,+6h,0.562,High,HIGH,0.8773,0.2594,17.8,2026-09-08T18:05:43Z,ACTIVE,forecast_composite,SIMULATED / PROTOTYPE ALERT
ALT-GRID-00357,REGIONAL_GRID_CELL,"Cell COARSE_C11877 (27.239N, 88.597E)",COARSE_C11877,East Sikkim,27.239,88.597,+6h,0.5542,High,HIGH,0.8631,0.2594,17.8,2026-09-08T18:05:43Z,ACTIVE,forecast_composite,SIMULATED / PROTOTYPE ALERT
ALT-GRID-00358,REGIONAL_GRID_CELL,"Cell COARSE_C11885 (27.239N, 88.605E)",COARSE_C11885,East Sikkim,27.239,88.605,+6h,0.5597,High,HIGH,0.8829,0.2481,17.1,2026-09-08T18:05:43Z,ACTIVE,forecast_composite,SIMULATED / PROTOTYPE ALERT
ALT-GRID-00359,REGIONAL_GRID_CELL,"Cell COARSE_C11905 (27.239N, 88.625E)",COARSE_C11905,East Sikkim,27.239,88.625,+6h,0.5884,High,HIGH,0.9352,0.2481,17.1,2026-09-08T18:05:43Z,ACTIVE,forecast_composite,SIMULATED / PROTOTYPE ALERT
ALT-GRID-00360,REGIONAL_GRID_CELL,"Cell COARSE_C12073 (27.240N, 88.592E)",COARSE_C12073,East Sikkim,27.24,88.592,+6h,0.6247,High,HIGH,0.9909,0.2594,17.8,2026-09-08T18:05:43Z,ACTIVE,forecast_composite,SIMULATED / PROTOTYPE ALERT
ALT-GRID-00361,REGIONAL_GRID_CELL,"Cell COARSE_C12074 (27.240N, 88.593E)",COARSE_C12074,East Sikkim,27.24,88.593,+6h,0.6234,High,HIGH,0.9886,0.2594,17.8,2026-09-08T18:05:43Z,ACTIVE,forecast_composite,SIMULATED / PROTOTYPE ALERT
ALT-GRID-00362,REGIONAL_GRID_CELL,"Cell COARSE_C12093 (27.240N, 88.612E)",COARSE_C12093,East Sikkim,27.24,88.612,+6h,0.5793,High,HIGH,0.9186,0.2481,17.1,2026-09-08T18:05:43Z,ACTIVE,forecast_composite,SIMULATED / PROTOTYPE ALERT
ALT-GRID-00363,REGIONAL_GRID_CELL,"Cell COARSE_C12275 (27.241N, 88.593E)",COARSE_C12275,East Sikkim,27.241,88.593,+6h,0.559,High,HIGH,0.8718,0.2594,17.8,2026-09-08T18:05:43Z,ACTIVE,forecast_composite,SIMULATED / PROTOTYPE ALERT
ALT-GRID-00364,REGIONAL_GRID_CELL,"Cell COARSE_C12276 (27.241N, 88.594E)",COARSE_C12276,East Sikkim,27.241,88.594,+6h,0.6246,High,HIGH,0.9908,0.2594,17.8,2026-09-08T18:05:43Z,ACTIVE,forecast_composite,SIMULATED / PROTOTYPE ALERT
ALT-GRID-00365,REGIONAL_GRID_CELL,"Cell COARSE_C12284 (27.241N, 88.602E)",COARSE_C12284,East Sikkim,27.241,88.602,+6h,0.6156,High,HIGH,0.9846,0.2481,17.1,2026-09-08T18:05:43Z,ACTIVE,forecast_composite,SIMULATED / PROTOTYPE ALERT
ALT-GRID-00366,REGIONAL_GRID_CELL,"Cell COARSE_C12285 (27.241N, 88.603E)",COARSE_C12285,East Sikkim,27.241,88.603,+6h,0.6179,High,HIGH,0.9888,0.2481,17.1,2026-09-08T18:05:43Z,ACTIVE,forecast_composite,SIMULATED / PROTOTYPE ALERT
ALT-GRID-00367,REGIONAL_GRID_CELL,"Cell COARSE_C12479 (27.242N, 88.596E)",COARSE_C12479,East Sikkim,27.242,88.596,+6h,0.6251,High,HIGH,0.9916,0.2594,17.8,2026-09-08T18:05:43Z,ACTIVE,forecast_composite,SIMULATED / PROTOTYPE ALERT
ALT-GRID-00368,REGIONAL_GRID_CELL,"Cell COARSE_C12486 (27.242N, 88.603E)",COARSE_C12486,East Sikkim,27.242,88.603,+6h,0.6158,High,HIGH,0.985,0.2481,17.1,2026-09-08T18:05:43Z,ACTIVE,forecast_composite,SIMULATED / PROTOTYPE ALERT
ALT-GRID-00369,REGIONAL_GRID_CELL,"Cell COARSE_C12490 (27.242N, 88.607E)",COARSE_C12490,East Sikkim,27.242,88.607,+6h,0.5708,High,HIGH,0.9031,0.2481,17.1,2026-09-08T18:05:43Z,ACTIVE,forecast_composite,SIMULATED / PROTOTYPE ALERT
ALT-GRID-00370,REGIONAL_GRID_CELL,"Cell COARSE_C12493 (27.242N, 88.610E)",COARSE_C12493,East Sikkim,27.242,88.61,+6h,0.5742,High,HIGH,0.9093,0.2481,17.1,2026-09-08T18:05:43Z,ACTIVE,forecast_composite,SIMULATED / PROTOTYPE ALERT
ALT-GRID-00371,REGIONAL_GRID_CELL,"Cell COARSE_C12681 (27.243N, 88.597E)",COARSE_C12681,East Sikkim,27.243,88.597,+6h,0.6245,High,HIGH,0.9906,0.2594,17.8,2026-09-08T18:05:43Z,ACTIVE,forecast_composite,SIMULATED / PROTOTYPE ALERT
ALT-GRID-00372,REGIONAL_GRID_CELL,"Cell COARSE_C12683 (27.243N, 88.599E)",COARSE_C12683,East Sikkim,27.243,88.599,+6h,0.6206,High,HIGH,0.9834,0.2594,17.8,2026-09-08T18:05:43Z,ACTIVE,forecast_composite,SIMULATED / PROTOTYPE ALERT
ALT-GRID-00373,REGIONAL_GRID_CELL,"Cell COARSE_C12693 (27.243N, 88.609E)",COARSE_C12693,East Sikkim,27.243,88.609,+6h,0.6208,High,HIGH,0.9942,0.2481,17.1,2026-09-08T18:05:43Z,ACTIVE,forecast_composite,SIMULATED / PROTOTYPE ALERT
ALT-GRID-00374,REGIONAL_GRID_CELL,"Cell COARSE_C12880 (27.244N, 88.595E)",COARSE_C12880,East Sikkim,27.244,88.595,+6h,0.5766,High,HIGH,0.9037,0.2594,17.8,2026-09-08T18:05:43Z,ACTIVE,forecast_composite,SIMULATED / PROTOTYPE ALERT
ALT-GRID-00375,REGIONAL_GRID_CELL,"Cell COARSE_C12887 (27.244N, 88.602E)",COARSE_C12887,Pakyong,27.244,88.602,+6h,0.6195,High,HIGH,0.9918,0.2481,17.1,2026-09-08T18:05:43Z,ACTIVE,forecast_composite,SIMULATED / PROTOTYPE ALERT
ALT-GRID-00376,REGIONAL_GRID_CELL,"Cell COARSE_C12894 (27.244N, 88.609E)",COARSE_C12894,East Sikkim,27.244,88.609,+6h,0.6167,High,HIGH,0.9866,0.2481,17.1,2026-09-08T18:05:43Z,ACTIVE,forecast_composite,SIMULATED / PROTOTYPE ALERT
ALT-GRID-00377,REGIONAL_GRID_CELL,"Cell COARSE_C12895 (27.244N, 88.610E)",COARSE_C12895,East Sikkim,27.244,88.61,+6h,0.579,High,HIGH,0.918,0.2481,17.1,2026-09-08T18:05:43Z,ACTIVE,forecast_composite,SIMULATED / PROTOTYPE ALERT
ALT-GRID-00378,REGIONAL_GRID_CELL,"Cell COARSE_C12896 (27.244N, 88.611E)",COARSE_C12896,East Sikkim,27.244,88.611,+6h,0.6203,High,HIGH,0.9932,0.2481,17.1,2026-09-08T18:05:43Z,ACTIVE,forecast_composite,SIMULATED / PROTOTYPE ALERT
ALT-GRID-00379,REGIONAL_GRID_CELL,"Cell COARSE_C13091 (27.245N, 88.605E)",COARSE_C13091,East Sikkim,27.245,88.605,+6h,0.5697,High,HIGH,0.9012,0.2481,17.1,2026-09-08T18:05:43Z,ACTIVE,forecast_composite,SIMULATED / PROTOTYPE ALERT
ALT-GRID-00380,REGIONAL_GRID_CELL,"Cell COARSE_C13276 (27.246N, 88.589E)",COARSE_C13276,East Sikkim,27.246,88.589,+6h,0.5717,High,HIGH,0.8949,0.2594,17.8,2026-09-08T18:05:43Z,ACTIVE,forecast_composite,SIMULATED / PROTOTYPE ALERT
ALT-GRID-00381,REGIONAL_GRID_CELL,"Cell COARSE_C13281 (27.246N, 88.594E)",COARSE_C13281,East Sikkim,27.246,88.594,+6h,0.6255,High,HIGH,0.9923,0.2594,17.8,2026-09-08T18:05:43Z,ACTIVE,forecast_composite,SIMULATED / PROTOTYPE ALERT
ALT-GRID-00382,REGIONAL_GRID_CELL,"Cell COARSE_C13285 (27.246N, 88.598E)",COARSE_C13285,East Sikkim,27.246,88.598,+6h,0.5756,High,HIGH,0.9019,0.2594,17.8,2026-09-08T18:05:43Z,ACTIVE,forecast_composite,SIMULATED / PROTOTYPE ALERT
ALT-GRID-00383,REGIONAL_GRID_CELL,"Cell COARSE_C13300 (27.246N, 88.613E)",COARSE_C13300,East Sikkim,27.246,88.613,+6h,0.5605,High,HIGH,0.8845,0.2481,17.1,2026-09-08T18:05:43Z,ACTIVE,forecast_composite,SIMULATED / PROTOTYPE ALERT
ALT-GRID-00384,REGIONAL_GRID_CELL,"Cell COARSE_C13495 (27.247N, 88.607E)",COARSE_C13495,East Sikkim,27.247,88.607,+6h,0.5806,High,HIGH,0.921,0.2481,17.1,2026-09-08T18:05:43Z,ACTIVE,forecast_composite,SIMULATED / PROTOTYPE ALERT
ALT-GRID-00385,REGIONAL_GRID_CELL,"Cell COARSE_C13687 (27.248N, 88.598E)",COARSE_C13687,East Sikkim,27.248,88.598,+6h,0.6265,High,HIGH,0.9941,0.2594,17.8,2026-09-08T18:05:43Z,ACTIVE,forecast_composite,SIMULATED / PROTOTYPE ALERT
ALT-GRID-00386,REGIONAL_GRID_CELL,"Cell COARSE_C13694 (27.248N, 88.605E)",COARSE_C13694,East Sikkim,27.248,88.605,+6h,0.6217,High,HIGH,0.9957,0.2481,17.1,2026-09-08T18:05:43Z,ACTIVE,forecast_composite,SIMULATED / PROTOTYPE ALERT
ALT-GRID-00387,REGIONAL_GRID_CELL,"Cell COARSE_C13874 (27.249N, 88.584E)",COARSE_C13874,East Sikkim,27.249,88.584,+6h,0.6034,High,HIGH,0.9523,0.2594,17.8,2026-09-08T18:05:43Z,ACTIVE,forecast_composite,SIMULATED / PROTOTYPE ALERT
ALT-GRID-00388,REGIONAL_GRID_CELL,"Cell COARSE_C13887 (27.249N, 88.597E)",COARSE_C13887,East Sikkim,27.249,88.597,+6h,0.6262,High,HIGH,0.9936,0.2594,17.8,2026-09-08T18:05:43Z,ACTIVE,forecast_composite,SIMULATED / PROTOTYPE ALERT
ALT-GRID-00389,REGIONAL_GRID_CELL,"Cell COARSE_C13895 (27.249N, 88.605E)",COARSE_C13895,East Sikkim,27.249,88.605,+6h,0.6216,High,HIGH,0.9955,0.2481,17.1,2026-09-08T18:05:43Z,ACTIVE,forecast_composite,SIMULATED / PROTOTYPE ALERT
ALT-GRID-00390,REGIONAL_GRID_CELL,"Cell COARSE_C13898 (27.249N, 88.608E)",COARSE_C13898,East Sikkim,27.249,88.608,+6h,0.6194,High,HIGH,0.9915,0.2481,17.1,2026-09-08T18:05:43Z,ACTIVE,forecast_composite,SIMULATED / PROTOTYPE ALERT
ALT-GRID-00391,REGIONAL_GRID_CELL,"Cell COARSE_C14075 (27.250N, 88.584E)",COARSE_C14075,East Sikkim,27.25,88.584,+6h,0.6012,High,HIGH,0.9939,0.209,14.1,2026-09-08T18:05:43Z,ACTIVE,forecast_composite,SIMULATED / PROTOTYPE ALERT
ALT-GRID-00392,REGIONAL_GRID_CELL,"Cell COARSE_C14290 (27.251N, 88.598E)",COARSE_C14290,East Sikkim,27.251,88.598,+6h,0.6019,High,HIGH,0.9953,0.209,14.1,2026-09-08T18:05:43Z,ACTIVE,forecast_composite,SIMULATED / PROTOTYPE ALERT
ALT-GRID-00393,REGIONAL_GRID_CELL,"Cell COARSE_C15288 (27.256N, 88.591E)",COARSE_C15288,East Sikkim,27.256,88.591,+6h,0.5681,High,HIGH,0.9328,0.209,14.1,2026-09-08T18:05:43Z,ACTIVE,forecast_composite,SIMULATED / PROTOTYPE ALERT
ALT-GRID-00394,REGIONAL_GRID_CELL,"Cell COARSE_C15492 (27.257N, 88.594E)",COARSE_C15492,East Sikkim,27.257,88.594,+6h,0.5616,High,HIGH,0.9208,0.209,14.1,2026-09-08T18:05:43Z,ACTIVE,forecast_composite,SIMULATED / PROTOTYPE ALERT
ALT-GRID-00395,REGIONAL_GRID_CELL,"Cell COARSE_C16704 (27.263N, 88.600E)",COARSE_C16704,East Sikkim,27.263,88.6,+6h,0.5922,High,HIGH,0.9773,0.209,14.1,2026-09-08T18:05:43Z,ACTIVE,forecast_composite,SIMULATED / PROTOTYPE ALERT
ALT-GRID-00396,REGIONAL_GRID_CELL,"Cell COARSE_C17105 (27.265N, 88.599E)",COARSE_C17105,East Sikkim,27.265,88.599,+6h,0.5867,High,HIGH,0.9671,0.209,14.1,2026-09-08T18:05:43Z,ACTIVE,forecast_composite,SIMULATED / PROTOTYPE ALERT
ALT-GRID-00397,REGIONAL_GRID_CELL,"Cell COARSE_C17301 (27.266N, 88.594E)",COARSE_C17301,East Sikkim,27.266,88.594,+6h,0.5753,High,HIGH,0.9461,0.209,14.1,2026-09-08T18:05:43Z,ACTIVE,forecast_composite,SIMULATED / PROTOTYPE ALERT
ALT-GRID-00398,REGIONAL_GRID_CELL,"Cell COARSE_C17488 (27.267N, 88.580E)",COARSE_C17488,East Sikkim,27.267,88.58,+6h,0.5599,High,HIGH,0.9177,0.209,14.1,2026-09-08T18:05:43Z,ACTIVE,forecast_composite,SIMULATED / PROTOTYPE ALERT
ALT-GRID-00399,REGIONAL_GRID_CELL,"Cell COARSE_C17489 (27.267N, 88.581E)",COARSE_C17489,East Sikkim,27.267,88.581,+6h,0.5625,High,HIGH,0.9226,0.209,14.1,2026-09-08T18:05:43Z,ACTIVE,forecast_composite,SIMULATED / PROTOTYPE ALERT
ALT-GRID-00400,REGIONAL_GRID_CELL,"Cell COARSE_C17497 (27.267N, 88.589E)",COARSE_C17497,East Sikkim,27.267,88.589,+6h,0.5603,High,HIGH,0.9184,0.209,14.1,2026-09-08T18:05:43Z,ACTIVE,forecast_composite,SIMULATED / PROTOTYPE ALERT
ALT-GRID-00401,REGIONAL_GRID_CELL,"Cell COARSE_C17690 (27.268N, 88.581E)",COARSE_C17690,East Sikkim,27.268,88.581,+6h,0.5749,High,HIGH,0.9454,0.209,14.1,2026-09-08T18:05:43Z,ACTIVE,forecast_composite,SIMULATED / PROTOTYPE ALERT
ALT-GRID-00402,REGIONAL_GRID_CELL,"Cell COARSE_C17898 (27.269N, 88.588E)",COARSE_C17898,East Sikkim,27.269,88.588,+6h,0.6025,High,HIGH,0.9964,0.209,14.1,2026-09-08T18:05:43Z,ACTIVE,forecast_composite,SIMULATED / PROTOTYPE ALERT
ALT-GRID-00403,REGIONAL_GRID_CELL,"Cell COARSE_C17899 (27.269N, 88.589E)",COARSE_C17899,East Sikkim,27.269,88.589,+6h,0.5649,High,HIGH,0.9269,0.209,14.1,2026-09-08T18:05:43Z,ACTIVE,forecast_composite,SIMULATED / PROTOTYPE ALERT
ALT-GRID-00404,REGIONAL_GRID_CELL,"Cell COARSE_C18091 (27.270N, 88.580E)",COARSE_C18091,East Sikkim,27.27,88.58,+6h,0.602,High,HIGH,0.9954,0.209,14.1,2026-09-08T18:05:43Z,ACTIVE,forecast_composite,SIMULATED / PROTOTYPE ALERT
ALT-GRID-00405,REGIONAL_GRID_CELL,"Cell COARSE_C18105 (27.270N, 88.594E)",COARSE_C18105,East Sikkim,27.27,88.594,+6h,0.6027,High,HIGH,0.9968,0.209,14.1,2026-09-08T18:05:43Z,ACTIVE,forecast_composite,SIMULATED / PROTOTYPE ALERT
ALT-GRID-00406,REGIONAL_GRID_CELL,"Cell COARSE_C18302 (27.271N, 88.590E)",COARSE_C18302,East Sikkim,27.271,88.59,+6h,0.6008,High,HIGH,0.9932,0.209,14.1,2026-09-08T18:05:43Z,ACTIVE,forecast_composite,SIMULATED / PROTOTYPE ALERT
ALT-GRID-00407,REGIONAL_GRID_CELL,"Cell COARSE_C18304 (27.271N, 88.592E)",COARSE_C18304,East Sikkim,27.271,88.592,+6h,0.558,High,HIGH,0.9143,0.209,14.1,2026-09-08T18:05:43Z,ACTIVE,forecast_composite,SIMULATED / PROTOTYPE ALERT
ALT-GRID-00408,REGIONAL_GRID_CELL,"Cell COARSE_C18305 (27.271N, 88.593E)",COARSE_C18305,East Sikkim,27.271,88.593,+6h,0.5636,High,HIGH,0.9246,0.209,14.1,2026-09-08T18:05:43Z,ACTIVE,forecast_composite,SIMULATED / PROTOTYPE ALERT
ALT-GRID-00409,REGIONAL_GRID_CELL,"Cell COARSE_C18306 (27.271N, 88.594E)",COARSE_C18306,East Sikkim,27.271,88.594,+6h,0.5646,High,HIGH,0.9264,0.209,14.1,2026-09-08T18:05:43Z,ACTIVE,forecast_composite,SIMULATED / PROTOTYPE ALERT
ALT-GRID-00410,REGIONAL_GRID_CELL,"Cell COARSE_C18509 (27.272N, 88.596E)",COARSE_C18509,East Sikkim,27.272,88.596,+6h,0.6016,High,HIGH,0.9947,0.209,14.1,2026-09-08T18:05:43Z,ACTIVE,forecast_composite,SIMULATED / PROTOTYPE ALERT
ALT-GRID-00411,REGIONAL_GRID_CELL,"Cell COARSE_C18714 (27.273N, 88.600E)",COARSE_C18714,East Sikkim,27.273,88.6,+6h,0.5753,High,HIGH,0.9462,0.209,14.1,2026-09-08T18:05:43Z,ACTIVE,forecast_composite,SIMULATED / PROTOTYPE ALERT
ALT-GRID-00412,REGIONAL_GRID_CELL,"Cell COARSE_C19100 (27.275N, 88.584E)",COARSE_C19100,East Sikkim,27.275,88.584,+6h,0.6019,High,HIGH,0.9952,0.209,14.1,2026-09-08T18:05:43Z,ACTIVE,forecast_composite,SIMULATED / PROTOTYPE ALERT
ALT-GRID-00413,REGIONAL_GRID_CELL,"Cell COARSE_C19108 (27.275N, 88.592E)",COARSE_C19108,East Sikkim,27.275,88.592,+6h,0.6006,High,HIGH,0.9928,0.209,14.1,2026-09-08T18:05:43Z,ACTIVE,forecast_composite,SIMULATED / PROTOTYPE ALERT
ALT-GRID-00414,REGIONAL_GRID_CELL,"Cell COARSE_C19515 (27.277N, 88.597E)",COARSE_C19515,East Sikkim,27.277,88.597,+6h,0.5569,High,HIGH,0.9121,0.209,14.1,2026-09-08T18:05:43Z,ACTIVE,forecast_composite,SIMULATED / PROTOTYPE ALERT
ALT-GRID-00415,REGIONAL_GRID_CELL,"Cell COARSE_C19517 (27.277N, 88.599E)",COARSE_C19517,East Sikkim,27.277,88.599,+6h,0.5556,High,HIGH,0.9097,0.209,14.1,2026-09-08T18:05:43Z,ACTIVE,forecast_composite,SIMULATED / PROTOTYPE ALERT
ALT-GRID-00416,REGIONAL_GRID_CELL,"Cell COARSE_C19705 (27.278N, 88.586E)",COARSE_C19705,East Sikkim,27.278,88.586,+6h,0.6019,High,HIGH,0.9953,0.209,14.1,2026-09-08T18:05:43Z,ACTIVE,forecast_composite,SIMULATED / PROTOTYPE ALERT
ALT-GRID-00417,REGIONAL_GRID_CELL,"Cell COARSE_C19711 (27.278N, 88.592E)",COARSE_C19711,East Sikkim,27.278,88.592,+6h,0.6017,High,HIGH,0.9948,0.209,14.1,2026-09-08T18:05:43Z,ACTIVE,forecast_composite,SIMULATED / PROTOTYPE ALERT
ALT-GRID-00418,REGIONAL_GRID_CELL,"Cell COARSE_C19912 (27.279N, 88.592E)",COARSE_C19912,East Sikkim,27.279,88.592,+6h,0.6006,High,HIGH,0.9928,0.209,14.1,2026-09-08T18:05:43Z,ACTIVE,forecast_composite,SIMULATED / PROTOTYPE ALERT
ALT-GRID-00419,REGIONAL_GRID_CELL,"Cell COARSE_C19913 (27.279N, 88.593E)",COARSE_C19913,East Sikkim,27.279,88.593,+6h,0.5999,High,HIGH,0.9916,0.209,14.1,2026-09-08T18:05:43Z,ACTIVE,forecast_composite,SIMULATED / PROTOTYPE ALERT
ALT-GRID-00420,REGIONAL_GRID_CELL,"Cell COARSE_C19914 (27.279N, 88.594E)",COARSE_C19914,East Sikkim,27.279,88.594,+6h,0.5982,High,HIGH,0.9885,0.209,14.1,2026-09-08T18:05:43Z,ACTIVE,forecast_composite,SIMULATED / PROTOTYPE ALERT
ALT-GRID-00421,REGIONAL_GRID_CELL,"Cell COARSE_C19915 (27.279N, 88.595E)",COARSE_C19915,East Sikkim,27.279,88.595,+6h,0.5817,High,HIGH,0.958,0.209,14.1,2026-09-08T18:05:43Z,ACTIVE,forecast_composite,SIMULATED / PROTOTYPE ALERT
ALT-GRID-00422,REGIONAL_GRID_CELL,"Cell COARSE_C19916 (27.279N, 88.596E)",COARSE_C19916,East Sikkim,27.279,88.596,+6h,0.5771,High,HIGH,0.9494,0.209,14.1,2026-09-08T18:05:43Z,ACTIVE,forecast_composite,SIMULATED / PROTOTYPE ALERT
ALT-GRID-00423,REGIONAL_GRID_CELL,"Cell COARSE_C20114 (27.280N, 88.593E)",COARSE_C20114,East Sikkim,27.28,88.593,+6h,0.6023,High,HIGH,0.996,0.209,14.1,2026-09-08T18:05:43Z,ACTIVE,forecast_composite,SIMULATED / PROTOTYPE ALERT
ALT-GRID-00424,REGIONAL_GRID_CELL,"Cell COARSE_C20117 (27.280N, 88.596E)",COARSE_C20117,East Sikkim,27.28,88.596,+6h,0.5978,High,HIGH,0.9876,0.209,14.1,2026-09-08T18:05:43Z,ACTIVE,forecast_composite,SIMULATED / PROTOTYPE ALERT
ALT-GRID-00425,REGIONAL_GRID_CELL,"Cell COARSE_C20118 (27.280N, 88.597E)",COARSE_C20118,East Sikkim,27.28,88.597,+6h,0.6016,High,HIGH,0.9946,0.209,14.1,2026-09-08T18:05:43Z,ACTIVE,forecast_composite,SIMULATED / PROTOTYPE ALERT
ALT-GRID-00426,REGIONAL_GRID_CELL,"Cell COARSE_C20318 (27.281N, 88.596E)",COARSE_C20318,East Sikkim,27.281,88.596,+6h,0.5997,High,HIGH,0.9912,0.209,14.1,2026-09-08T18:05:43Z,ACTIVE,forecast_composite,SIMULATED / PROTOTYPE ALERT
ALT-GRID-00427,REGIONAL_GRID_CELL,"Cell COARSE_C20319 (27.281N, 88.597E)",COARSE_C20319,East Sikkim,27.281,88.597,+6h,0.5992,High,HIGH,0.9903,0.209,14.1,2026-09-08T18:05:43Z,ACTIVE,forecast_composite,SIMULATED / PROTOTYPE ALERT
ALT-GRID-00428,REGIONAL_GRID_CELL,"Cell COARSE_C20513 (27.282N, 88.590E)",COARSE_C20513,East Sikkim,27.282,88.59,+6h,0.5636,High,HIGH,0.9246,0.209,14.1,2026-09-08T18:05:43Z,ACTIVE,forecast_composite,SIMULATED / PROTOTYPE ALERT
ALT-GRID-00429,REGIONAL_GRID_CELL,"Cell COARSE_C20515 (27.282N, 88.592E)",COARSE_C20515,East Sikkim,27.282,88.592,+6h,0.5783,High,HIGH,0.9516,0.209,14.1,2026-09-08T18:05:43Z,ACTIVE,forecast_composite,SIMULATED / PROTOTYPE ALERT
ALT-GRID-00430,REGIONAL_GRID_CELL,"Cell COARSE_C20518 (27.282N, 88.595E)",COARSE_C20518,East Sikkim,27.282,88.595,+6h,0.5997,High,HIGH,0.9911,0.209,14.1,2026-09-08T18:05:43Z,ACTIVE,forecast_composite,SIMULATED / PROTOTYPE ALERT
ALT-GRID-00431,REGIONAL_GRID_CELL,"Cell COARSE_C20718 (27.283N, 88.594E)",COARSE_C20718,East Sikkim,27.283,88.594,+6h,0.6004,High,HIGH,0.9925,0.209,14.1,2026-09-08T18:05:43Z,ACTIVE,forecast_composite,SIMULATED / PROTOTYPE ALERT
ALT-GRID-00432,REGIONAL_GRID_CELL,"Cell COARSE_C20919 (27.284N, 88.594E)",COARSE_C20919,East Sikkim,27.284,88.594,+6h,0.6012,High,HIGH,0.994,0.209,14.1,2026-09-08T18:05:43Z,ACTIVE,forecast_composite,SIMULATED / PROTOTYPE ALERT
ALT-GRID-00433,REGIONAL_GRID_CELL,"Cell COARSE_C20923 (27.284N, 88.598E)",COARSE_C20923,East Sikkim,27.284,88.598,+6h,0.6007,High,HIGH,0.9931,0.209,14.1,2026-09-08T18:05:43Z,ACTIVE,forecast_composite,SIMULATED / PROTOTYPE ALERT
ALT-GRID-00434,REGIONAL_GRID_CELL,"Cell COARSE_C21118 (27.285N, 88.592E)",COARSE_C21118,East Sikkim,27.285,88.592,+6h,0.5596,High,HIGH,0.9172,0.209,14.1,2026-09-08T18:05:43Z,ACTIVE,forecast_composite,SIMULATED / PROTOTYPE ALERT
ALT-GRID-00435,REGIONAL_GRID_CELL,"Cell COARSE_C21723 (27.288N, 88.594E)",COARSE_C21723,East Sikkim,27.288,88.594,+6h,0.5998,High,HIGH,0.9914,0.209,14.1,2026-09-08T18:05:43Z,ACTIVE,forecast_composite,SIMULATED / PROTOTYPE ALERT
ALT-GRID-00436,REGIONAL_GRID_CELL,"Cell COARSE_C21923 (27.289N, 88.593E)",COARSE_C21923,East Sikkim,27.289,88.593,+6h,0.5999,High,HIGH,0.9916,0.209,14.1,2026-09-08T18:05:43Z,ACTIVE,forecast_composite,SIMULATED / PROTOTYPE ALERT
ALT-GRID-00437,REGIONAL_GRID_CELL,"Cell COARSE_C21930 (27.289N, 88.600E)",COARSE_C21930,East Sikkim,27.289,88.6,+6h,0.599,High,HIGH,0.9899,0.209,14.1,2026-09-08T18:05:43Z,ACTIVE,forecast_composite,SIMULATED / PROTOTYPE ALERT
ALT-GRID-00438,REGIONAL_GRID_CELL,"Cell COARSE_C22120 (27.290N, 88.589E)",COARSE_C22120,East Sikkim,27.29,88.589,+6h,0.5998,High,HIGH,0.9913,0.209,14.1,2026-09-08T18:05:43Z,ACTIVE,forecast_composite,SIMULATED / PROTOTYPE ALERT
ALT-GRID-00439,REGIONAL_GRID_CELL,"Cell COARSE_C22122 (27.290N, 88.591E)",COARSE_C22122,East Sikkim,27.29,88.591,+6h,0.6008,High,HIGH,0.9932,0.209,14.1,2026-09-08T18:05:43Z,ACTIVE,forecast_composite,SIMULATED / PROTOTYPE ALERT
ALT-GRID-00440,REGIONAL_GRID_CELL,"Cell COARSE_C22123 (27.290N, 88.592E)",COARSE_C22123,East Sikkim,27.29,88.592,+6h,0.6,High,HIGH,0.9918,0.209,14.1,2026-09-08T18:05:43Z,ACTIVE,forecast_composite,SIMULATED / PROTOTYPE ALERT
ALT-GRID-00441,REGIONAL_GRID_CELL,"Cell COARSE_C22127 (27.290N, 88.596E)",COARSE_C22127,East Sikkim,27.29,88.596,+6h,0.5993,High,HIGH,0.9905,0.209,14.1,2026-09-08T18:05:43Z,ACTIVE,forecast_composite,SIMULATED / PROTOTYPE ALERT
ALT-GRID-00442,REGIONAL_GRID_CELL,"Cell COARSE_C22128 (27.290N, 88.597E)",COARSE_C22128,East Sikkim,27.29,88.597,+6h,0.597,High,HIGH,0.9862,0.209,14.1,2026-09-08T18:05:43Z,ACTIVE,forecast_composite,SIMULATED / PROTOTYPE ALERT
ALT-GRID-00443,REGIONAL_GRID_CELL,"Cell COARSE_C22323 (27.291N, 88.591E)",COARSE_C22323,East Sikkim,27.291,88.591,+6h,0.6011,High,HIGH,0.9937,0.209,14.1,2026-09-08T18:05:43Z,ACTIVE,forecast_composite,SIMULATED / PROTOTYPE ALERT
ALT-GRID-00444,REGIONAL_GRID_CELL,"Cell COARSE_C22326 (27.291N, 88.594E)",COARSE_C22326,East Sikkim,27.291,88.594,+6h,0.6003,High,HIGH,0.9923,0.209,14.1,2026-09-08T18:05:43Z,ACTIVE,forecast_composite,SIMULATED / PROTOTYPE ALERT
ALT-GRID-00445,REGIONAL_GRID_CELL,"Cell COARSE_C22331 (27.291N, 88.599E)",COARSE_C22331,East Sikkim,27.291,88.599,+6h,0.6019,High,HIGH,0.9953,0.209,14.1,2026-09-08T18:05:43Z,ACTIVE,forecast_composite,SIMULATED / PROTOTYPE ALERT
ALT-GRID-00446,REGIONAL_GRID_CELL,"Cell COARSE_C22522 (27.292N, 88.589E)",COARSE_C22522,East Sikkim,27.292,88.589,+6h,0.5544,High,HIGH,0.9075,0.209,14.1,2026-09-08T18:05:43Z,ACTIVE,forecast_composite,SIMULATED / PROTOTYPE ALERT
ALT-GRID-00447,REGIONAL_GRID_CELL,"Cell COARSE_C22523 (27.292N, 88.590E)",COARSE_C22523,East Sikkim,27.292,88.59,+6h,0.6015,High,HIGH,0.9945,0.209,14.1,2026-09-08T18:05:43Z,ACTIVE,forecast_composite,SIMULATED / PROTOTYPE ALERT
ALT-GRID-00448,REGIONAL_GRID_CELL,"Cell COARSE_C22525 (27.292N, 88.592E)",COARSE_C22525,East Sikkim,27.292,88.592,+6h,0.6012,High,HIGH,0.994,0.209,14.1,2026-09-08T18:05:43Z,ACTIVE,forecast_composite,SIMULATED / PROTOTYPE ALERT
ALT-GRID-00449,REGIONAL_GRID_CELL,"Cell COARSE_C22528 (27.292N, 88.595E)",COARSE_C22528,East Sikkim,27.292,88.595,+6h,0.599,High,HIGH,0.9899,0.209,14.1,2026-09-08T18:05:43Z,ACTIVE,forecast_composite,SIMULATED / PROTOTYPE ALERT
ALT-GRID-00450,REGIONAL_GRID_CELL,"Cell COARSE_C22725 (27.293N, 88.591E)",COARSE_C22725,East Sikkim,27.293,88.591,+6h,0.5987,High,HIGH,0.9893,0.209,14.1,2026-09-08T18:05:43Z,ACTIVE,forecast_composite,SIMULATED / PROTOTYPE ALERT
ALT-GRID-00451,REGIONAL_GRID_CELL,"Cell COARSE_C22726 (27.293N, 88.592E)",COARSE_C22726,East Sikkim,27.293,88.592,+6h,0.6004,High,HIGH,0.9924,0.209,14.1,2026-09-08T18:05:43Z,ACTIVE,forecast_composite,SIMULATED / PROTOTYPE ALERT
ALT-GRID-00452,REGIONAL_GRID_CELL,"Cell COARSE_C22924 (27.294N, 88.589E)",COARSE_C22924,East Sikkim,27.294,88.589,+6h,0.5985,High,HIGH,0.989,0.209,14.1,2026-09-08T18:05:43Z,ACTIVE,forecast_composite,SIMULATED / PROTOTYPE ALERT
ALT-GRID-00453,REGIONAL_GRID_CELL,"Cell COARSE_C22925 (27.294N, 88.590E)",COARSE_C22925,East Sikkim,27.294,88.59,+6h,0.5997,High,HIGH,0.9911,0.209,14.1,2026-09-08T18:05:43Z,ACTIVE,forecast_composite,SIMULATED / PROTOTYPE ALERT
ALT-GRID-00454,REGIONAL_GRID_CELL,"Cell COARSE_C22926 (27.294N, 88.591E)",COARSE_C22926,East Sikkim,27.294,88.591,+6h,0.5995,High,HIGH,0.9909,0.209,14.1,2026-09-08T18:05:43Z,ACTIVE,forecast_composite,SIMULATED / PROTOTYPE ALERT
ALT-GRID-00455,REGIONAL_GRID_CELL,"Cell COARSE_C22927 (27.294N, 88.592E)",COARSE_C22927,East Sikkim,27.294,88.592,+6h,0.6006,High,HIGH,0.9929,0.209,14.1,2026-09-08T18:05:43Z,ACTIVE,forecast_composite,SIMULATED / PROTOTYPE ALERT
ALT-GRID-00456,REGIONAL_GRID_CELL,"Cell COARSE_C23337 (27.296N, 88.600E)",COARSE_C23337,East Sikkim,27.296,88.6,+6h,0.5998,High,HIGH,0.9913,0.209,14.1,2026-09-08T18:05:43Z,ACTIVE,forecast_composite,SIMULATED / PROTOTYPE ALERT
ALT-GRID-00457,REGIONAL_GRID_CELL,"Cell COARSE_C23939 (27.299N, 88.599E)",COARSE_C23939,East Sikkim,27.299,88.599,+6h,0.5988,High,HIGH,0.9895,0.209,14.1,2026-09-08T18:05:43Z,ACTIVE,forecast_composite,SIMULATED / PROTOTYPE ALERT
ALT-GRID-00458,REGIONAL_GRID_CELL,"Cell COARSE_C24926 (27.304N, 88.581E)",COARSE_C24926,East Sikkim,27.304,88.581,+6h,0.6007,High,HIGH,0.997,0.2047,13.3,2026-09-08T18:05:43Z,ACTIVE,forecast_composite,SIMULATED / PROTOTYPE ALERT
ALT-GRID-00459,REGIONAL_GRID_CELL,"Cell COARSE_C24942 (27.304N, 88.597E)",COARSE_C24942,East Sikkim,27.304,88.597,+6h,0.5945,High,HIGH,0.9855,0.2047,13.3,2026-09-08T18:05:43Z,ACTIVE,forecast_composite,SIMULATED / PROTOTYPE ALERT
ALT-GRID-00460,REGIONAL_GRID_CELL,"Cell COARSE_C24944 (27.304N, 88.599E)",COARSE_C24944,East Sikkim,27.304,88.599,+6h,0.5966,High,HIGH,0.9894,0.2047,13.3,2026-09-08T18:05:43Z,ACTIVE,forecast_composite,SIMULATED / PROTOTYPE ALERT
ALT-GRID-00461,REGIONAL_GRID_CELL,"Cell COARSE_C25141 (27.305N, 88.595E)",COARSE_C25141,East Sikkim,27.305,88.595,+6h,0.5941,High,HIGH,0.9847,0.2047,13.3,2026-09-08T18:05:43Z,ACTIVE,forecast_composite,SIMULATED / PROTOTYPE ALERT
ALT-GRID-00462,REGIONAL_GRID_CELL,"Cell COARSE_C25145 (27.305N, 88.599E)",COARSE_C25145,East Sikkim,27.305,88.599,+6h,0.5948,High,HIGH,0.9861,0.2047,13.3,2026-09-08T18:05:43Z,ACTIVE,forecast_composite,SIMULATED / PROTOTYPE ALERT
ALT-GRID-00463,REGIONAL_GRID_CELL,"Cell COARSE_C25333 (27.306N, 88.586E)",COARSE_C25333,East Sikkim,27.306,88.586,+6h,0.5505,High,HIGH,0.9041,0.2047,13.3,2026-09-08T18:05:43Z,ACTIVE,forecast_composite,SIMULATED / PROTOTYPE ALERT
ALT-GRID-00464,REGIONAL_GRID_CELL,"Cell COARSE_C25532 (27.307N, 88.584E)",COARSE_C25532,East Sikkim,27.307,88.584,+6h,0.5973,High,HIGH,0.9907,0.2047,13.3,2026-09-08T18:05:43Z,ACTIVE,forecast_composite,SIMULATED / PROTOTYPE ALERT
ALT-GRID-00465,REGIONAL_GRID_CELL,"Cell COARSE_C25545 (27.307N, 88.597E)",COARSE_C25545,East Sikkim,27.307,88.597,+6h,0.5945,High,HIGH,0.9855,0.2047,13.3,2026-09-08T18:05:43Z,ACTIVE,forecast_composite,SIMULATED / PROTOTYPE ALERT
ALT-GRID-00466,REGIONAL_GRID_CELL,"Cell COARSE_C25547 (27.307N, 88.599E)",COARSE_C25547,East Sikkim,27.307,88.599,+6h,0.5877,High,HIGH,0.9729,0.2047,13.3,2026-09-08T18:05:43Z,ACTIVE,forecast_composite,SIMULATED / PROTOTYPE ALERT
ALT-GRID-00467,REGIONAL_GRID_CELL,"Cell COARSE_C25731 (27.308N, 88.582E)",COARSE_C25731,East Sikkim,27.308,88.582,+6h,0.6011,High,HIGH,0.9976,0.2047,13.3,2026-09-08T18:05:43Z,ACTIVE,forecast_composite,SIMULATED / PROTOTYPE ALERT
ALT-GRID-00468,REGIONAL_GRID_CELL,"Cell COARSE_C25744 (27.308N, 88.595E)",COARSE_C25744,East Sikkim,27.308,88.595,+6h,0.5958,High,HIGH,0.9879,0.2047,13.3,2026-09-08T18:05:43Z,ACTIVE,forecast_composite,SIMULATED / PROTOTYPE ALERT
ALT-GRID-00469,REGIONAL_GRID_CELL,"Cell COARSE_C25934 (27.309N, 88.584E)",COARSE_C25934,East Sikkim,27.309,88.584,+6h,0.5985,High,HIGH,0.9928,0.2047,13.3,2026-09-08T18:05:43Z,ACTIVE,forecast_composite,SIMULATED / PROTOTYPE ALERT
ALT-GRID-00470,REGIONAL_GRID_CELL,"Cell COARSE_C25938 (27.309N, 88.588E)",COARSE_C25938,East Sikkim,27.309,88.588,+6h,0.5987,High,HIGH,0.9932,0.2047,13.3,2026-09-08T18:05:43Z,ACTIVE,forecast_composite,SIMULATED / PROTOTYPE ALERT
ALT-GRID-00471,REGIONAL_GRID_CELL,"Cell COARSE_C25940 (27.309N, 88.590E)",COARSE_C25940,East Sikkim,27.309,88.59,+6h,0.598,High,HIGH,0.992,0.2047,13.3,2026-09-08T18:05:43Z,ACTIVE,forecast_composite,SIMULATED / PROTOTYPE ALERT
ALT-GRID-00472,REGIONAL_GRID_CELL,"Cell COARSE_C25941 (27.309N, 88.591E)",COARSE_C25941,East Sikkim,27.309,88.591,+6h,0.5977,High,HIGH,0.9914,0.2047,13.3,2026-09-08T18:05:43Z,ACTIVE,forecast_composite,SIMULATED / PROTOTYPE ALERT
ALT-GRID-00473,REGIONAL_GRID_CELL,"Cell COARSE_C25944 (27.309N, 88.594E)",COARSE_C25944,East Sikkim,27.309,88.594,+6h,0.5983,High,HIGH,0.9926,0.2047,13.3,2026-09-08T18:05:43Z,ACTIVE,forecast_composite,SIMULATED / PROTOTYPE ALERT
ALT-GRID-00474,REGIONAL_GRID_CELL,"Cell COARSE_C25945 (27.309N, 88.595E)",COARSE_C25945,East Sikkim,27.309,88.595,+6h,0.5966,High,HIGH,0.9894,0.2047,13.3,2026-09-08T18:05:43Z,ACTIVE,forecast_composite,SIMULATED / PROTOTYPE ALERT
ALT-GRID-00475,REGIONAL_GRID_CELL,"Cell COARSE_C25946 (27.309N, 88.596E)",COARSE_C25946,East Sikkim,27.309,88.596,+6h,0.5961,High,HIGH,0.9884,0.2047,13.3,2026-09-08T18:05:43Z,ACTIVE,forecast_composite,SIMULATED / PROTOTYPE ALERT
ALT-GRID-00476,REGIONAL_GRID_CELL,"Cell COARSE_C26131 (27.310N, 88.580E)",COARSE_C26131,East Sikkim,27.31,88.58,+6h,0.583,High,HIGH,0.9642,0.2047,13.3,2026-09-08T18:05:43Z,ACTIVE,forecast_composite,SIMULATED / PROTOTYPE ALERT
ALT-GRID-00477,REGIONAL_GRID_CELL,"Cell COARSE_C26135 (27.310N, 88.584E)",COARSE_C26135,East Sikkim,27.31,88.584,+6h,0.5979,High,HIGH,0.9917,0.2047,13.3,2026-09-08T18:05:43Z,ACTIVE,forecast_composite,SIMULATED / PROTOTYPE ALERT
ALT-GRID-00478,REGIONAL_GRID_CELL,"Cell COARSE_C26141 (27.310N, 88.590E)",COARSE_C26141,East Sikkim,27.31,88.59,+6h,0.5981,High,HIGH,0.9922,0.2047,13.3,2026-09-08T18:05:43Z,ACTIVE,forecast_composite,SIMULATED / PROTOTYPE ALERT
ALT-GRID-00479,REGIONAL_GRID_CELL,"Cell COARSE_C26144 (27.310N, 88.593E)",COARSE_C26144,East Sikkim,27.31,88.593,+6h,0.5965,High,HIGH,0.9892,0.2047,13.3,2026-09-08T18:05:43Z,ACTIVE,forecast_composite,SIMULATED / PROTOTYPE ALERT
ALT-GRID-00480,REGIONAL_GRID_CELL,"Cell COARSE_C26146 (27.310N, 88.595E)",COARSE_C26146,East Sikkim,27.31,88.595,+6h,0.596,High,HIGH,0.9882,0.2047,13.3,2026-09-08T18:05:43Z,ACTIVE,forecast_composite,SIMULATED / PROTOTYPE ALERT
ALT-GRID-00481,REGIONAL_GRID_CELL,"Cell COARSE_C26147 (27.310N, 88.596E)",COARSE_C26147,East Sikkim,27.31,88.596,+6h,0.596,High,HIGH,0.9882,0.2047,13.3,2026-09-08T18:05:43Z,ACTIVE,forecast_composite,SIMULATED / PROTOTYPE ALERT
ALT-GRID-00482,REGIONAL_GRID_CELL,"Cell COARSE_C26148 (27.310N, 88.597E)",COARSE_C26148,East Sikkim,27.31,88.597,+6h,0.5966,High,HIGH,0.9894,0.2047,13.3,2026-09-08T18:05:43Z,ACTIVE,forecast_composite,SIMULATED / PROTOTYPE ALERT
ALT-GRID-00483,REGIONAL_GRID_CELL,"Cell COARSE_C26341 (27.311N, 88.589E)",COARSE_C26341,Gangtok District,27.311,88.589,+6h,0.6,High,HIGH,0.9957,0.2047,13.3,2026-09-08T18:05:43Z,ACTIVE,forecast_composite,SIMULATED / PROTOTYPE ALERT
ALT-GRID-00484,REGIONAL_GRID_CELL,"Cell COARSE_C26342 (27.311N, 88.590E)",COARSE_C26342,Gangtok District,27.311,88.59,+6h,0.5978,High,HIGH,0.9916,0.2047,13.3,2026-09-08T18:05:43Z,ACTIVE,forecast_composite,SIMULATED / PROTOTYPE ALERT
ALT-GRID-00485,REGIONAL_GRID_CELL,"Cell COARSE_C26343 (27.311N, 88.591E)",COARSE_C26343,Gangtok District,27.311,88.591,+6h,0.5958,High,HIGH,0.9879,0.2047,13.3,2026-09-08T18:05:43Z,ACTIVE,forecast_composite,SIMULATED / PROTOTYPE ALERT
ALT-GRID-00486,REGIONAL_GRID_CELL,"Cell COARSE_C26347 (27.311N, 88.595E)",COARSE_C26347,East Sikkim,27.311,88.595,+6h,0.5979,High,HIGH,0.9917,0.2047,13.3,2026-09-08T18:05:43Z,ACTIVE,forecast_composite,SIMULATED / PROTOTYPE ALERT
ALT-GRID-00487,REGIONAL_GRID_CELL,"Cell COARSE_C26348 (27.311N, 88.596E)",COARSE_C26348,East Sikkim,27.311,88.596,+6h,0.5967,High,HIGH,0.9896,0.2047,13.3,2026-09-08T18:05:43Z,ACTIVE,forecast_composite,SIMULATED / PROTOTYPE ALERT
ALT-GRID-00488,REGIONAL_GRID_CELL,"Cell COARSE_C26349 (27.311N, 88.597E)",COARSE_C26349,East Sikkim,27.311,88.597,+6h,0.5975,High,HIGH,0.991,0.2047,13.3,2026-09-08T18:05:43Z,ACTIVE,forecast_composite,SIMULATED / PROTOTYPE ALERT
ALT-GRID-00489,REGIONAL_GRID_CELL,"Cell COARSE_C26350 (27.311N, 88.598E)",COARSE_C26350,East Sikkim,27.311,88.598,+6h,0.5962,High,HIGH,0.9887,0.2047,13.3,2026-09-08T18:05:43Z,ACTIVE,forecast_composite,SIMULATED / PROTOTYPE ALERT
ALT-GRID-00490,REGIONAL_GRID_CELL,"Cell COARSE_C26545 (27.312N, 88.592E)",COARSE_C26545,Gangtok District,27.312,88.592,+6h,0.5972,High,HIGH,0.9904,0.2047,13.3,2026-09-08T18:05:43Z,ACTIVE,forecast_composite,SIMULATED / PROTOTYPE ALERT
ALT-GRID-00491,REGIONAL_GRID_CELL,"Cell COARSE_C26546 (27.312N, 88.593E)",COARSE_C26546,East Sikkim,27.312,88.593,+6h,0.5986,High,HIGH,0.993,0.2047,13.3,2026-09-08T18:05:43Z,ACTIVE,forecast_composite,SIMULATED / PROTOTYPE ALERT
ALT-GRID-00492,REGIONAL_GRID_CELL,"Cell COARSE_C26549 (27.312N, 88.596E)",COARSE_C26549,East Sikkim,27.312,88.596,+6h,0.5959,High,HIGH,0.988,0.2047,13.3,2026-09-08T18:05:43Z,ACTIVE,forecast_composite,SIMULATED / PROTOTYPE ALERT
ALT-GRID-00493,REGIONAL_GRID_CELL,"Cell COARSE_C26552 (27.312N, 88.599E)",COARSE_C26552,East Sikkim,27.312,88.599,+6h,0.5976,High,HIGH,0.9912,0.2047,13.3,2026-09-08T18:05:43Z,ACTIVE,forecast_composite,SIMULATED / PROTOTYPE ALERT
ALT-GRID-00494,REGIONAL_GRID_CELL,"Cell COARSE_C26735 (27.313N, 88.581E)",COARSE_C26735,Gangtok District,27.313,88.581,+6h,0.5841,High,HIGH,0.9662,0.2047,13.3,2026-09-08T18:05:43Z,ACTIVE,forecast_composite,SIMULATED / PROTOTYPE ALERT
ALT-GRID-00495,REGIONAL_GRID_CELL,"Cell COARSE_C26747 (27.313N, 88.593E)",COARSE_C26747,Gangtok District,27.313,88.593,+6h,0.5983,High,HIGH,0.9925,0.2047,13.3,2026-09-08T18:05:43Z,ACTIVE,forecast_composite,SIMULATED / PROTOTYPE ALERT
ALT-GRID-00496,REGIONAL_GRID_CELL,"Cell COARSE_C26749 (27.313N, 88.595E)",COARSE_C26749,East Sikkim,27.313,88.595,+6h,0.5989,High,HIGH,0.9937,0.2047,13.3,2026-09-08T18:05:43Z,ACTIVE,forecast_composite,SIMULATED / PROTOTYPE ALERT
ALT-GRID-00497,REGIONAL_GRID_CELL,"Cell COARSE_C26753 (27.313N, 88.599E)",COARSE_C26753,East Sikkim,27.313,88.599,+6h,0.5551,High,HIGH,0.9127,0.2047,13.3,2026-09-08T18:05:43Z,ACTIVE,forecast_composite,SIMULATED / PROTOTYPE ALERT
ALT-GRID-00498,REGIONAL_GRID_CELL,"Cell COARSE_C26754 (27.313N, 88.600E)",COARSE_C26754,East Sikkim,27.313,88.6,+6h,0.5968,High,HIGH,0.9897,0.2047,13.3,2026-09-08T18:05:43Z,ACTIVE,forecast_composite,SIMULATED / PROTOTYPE ALERT
ALT-GRID-00499,REGIONAL_GRID_CELL,"Cell COARSE_C26948 (27.314N, 88.593E)",COARSE_C26948,Gangtok District,27.314,88.593,+6h,0.5994,High,HIGH,0.9946,0.2047,13.3,2026-09-08T18:05:43Z,ACTIVE,forecast_composite,SIMULATED / PROTOTYPE ALERT
ALT-GRID-00500,REGIONAL_GRID_CELL,"Cell COARSE_C26950 (27.314N, 88.595E)",COARSE_C26950,East Sikkim,27.314,88.595,+6h,0.5985,High,HIGH,0.9928,0.2047,13.3,2026-09-08T18:05:43Z,ACTIVE,forecast_composite,SIMULATED / PROTOTYPE ALERT
ALT-GRID-00501,REGIONAL_GRID_CELL,"Cell COARSE_C26952 (27.314N, 88.597E)",COARSE_C26952,East Sikkim,27.314,88.597,+6h,0.5973,High,HIGH,0.9906,0.2047,13.3,2026-09-08T18:05:43Z,ACTIVE,forecast_composite,SIMULATED / PROTOTYPE ALERT
ALT-GRID-00502,REGIONAL_GRID_CELL,"Cell COARSE_C27136 (27.315N, 88.580E)",COARSE_C27136,Gangtok District,27.315,88.58,+6h,0.5797,High,HIGH,0.9582,0.2047,13.3,2026-09-08T18:05:43Z,ACTIVE,forecast_composite,SIMULATED / PROTOTYPE ALERT
ALT-GRID-00503,REGIONAL_GRID_CELL,"Cell COARSE_C27151 (27.315N, 88.595E)",COARSE_C27151,Gangtok District,27.315,88.595,+6h,0.5987,High,HIGH,0.9933,0.2047,13.3,2026-09-08T18:05:43Z,ACTIVE,forecast_composite,SIMULATED / PROTOTYPE ALERT
ALT-GRID-00504,REGIONAL_GRID_CELL,"Cell COARSE_C27156 (27.315N, 88.600E)",COARSE_C27156,East Sikkim,27.315,88.6,+6h,0.5974,High,HIGH,0.9909,0.2047,13.3,2026-09-08T18:05:43Z,ACTIVE,forecast_composite,SIMULATED / PROTOTYPE ALERT
ALT-GRID-00505,REGIONAL_GRID_CELL,"Cell COARSE_C27352 (27.316N, 88.595E)",COARSE_C27352,Gangtok District,27.316,88.595,+6h,0.5992,High,HIGH,0.9942,0.2047,13.3,2026-09-08T18:05:43Z,ACTIVE,forecast_composite,SIMULATED / PROTOTYPE ALERT
ALT-GRID-00506,REGIONAL_GRID_CELL,"Cell COARSE_C27353 (27.316N, 88.596E)",COARSE_C27353,Gangtok District,27.316,88.596,+6h,0.5979,High,HIGH,0.9918,0.2047,13.3,2026-09-08T18:05:43Z,ACTIVE,forecast_composite,SIMULATED / PROTOTYPE ALERT
ALT-GRID-00507,REGIONAL_GRID_CELL,"Cell COARSE_C27354 (27.316N, 88.597E)",COARSE_C27354,East Sikkim,27.316,88.597,+6h,0.5982,High,HIGH,0.9923,0.2047,13.3,2026-09-08T18:05:43Z,ACTIVE,forecast_composite,SIMULATED / PROTOTYPE ALERT
ALT-GRID-00508,REGIONAL_GRID_CELL,"Cell COARSE_C27357 (27.316N, 88.600E)",COARSE_C27357,East Sikkim,27.316,88.6,+6h,0.5985,High,HIGH,0.9928,0.2047,13.3,2026-09-08T18:05:43Z,ACTIVE,forecast_composite,SIMULATED / PROTOTYPE ALERT
ALT-GRID-00509,REGIONAL_GRID_CELL,"Cell COARSE_C27554 (27.317N, 88.596E)",COARSE_C27554,Gangtok District,27.317,88.596,+6h,0.5973,High,HIGH,0.9906,0.2047,13.3,2026-09-08T18:05:43Z,ACTIVE,forecast_composite,SIMULATED / PROTOTYPE ALERT
ALT-GRID-00510,REGIONAL_GRID_CELL,"Cell COARSE_C27555 (27.317N, 88.597E)",COARSE_C27555,Gangtok District,27.317,88.597,+6h,0.5973,High,HIGH,0.9907,0.2047,13.3,2026-09-08T18:05:43Z,ACTIVE,forecast_composite,SIMULATED / PROTOTYPE ALERT
ALT-GRID-00511,REGIONAL_GRID_CELL,"Cell COARSE_C27556 (27.317N, 88.598E)",COARSE_C27556,East Sikkim,27.317,88.598,+6h,0.5982,High,HIGH,0.9923,0.2047,13.3,2026-09-08T18:05:43Z,ACTIVE,forecast_composite,SIMULATED / PROTOTYPE ALERT
ALT-GRID-00512,REGIONAL_GRID_CELL,"Cell COARSE_C27558 (27.317N, 88.600E)",COARSE_C27558,East Sikkim,27.317,88.6,+6h,0.552,High,HIGH,0.9069,0.2047,13.3,2026-09-08T18:05:43Z,ACTIVE,forecast_composite,SIMULATED / PROTOTYPE ALERT
ALT-GRID-00513,REGIONAL_GRID_CELL,"Cell COARSE_C27750 (27.318N, 88.591E)",COARSE_C27750,Gangtok District,27.318,88.591,+6h,0.5503,High,HIGH,0.9037,0.2047,13.3,2026-09-08T18:05:43Z,ACTIVE,forecast_composite,SIMULATED / PROTOTYPE ALERT
ALT-GRID-00514,REGIONAL_GRID_CELL,"Cell COARSE_C27753 (27.318N, 88.594E)",COARSE_C27753,Gangtok District,27.318,88.594,+6h,0.6005,High,HIGH,0.9966,0.2047,13.3,2026-09-08T18:05:43Z,ACTIVE,forecast_composite,SIMULATED / PROTOTYPE ALERT
ALT-GRID-00515,REGIONAL_GRID_CELL,"Cell COARSE_C27754 (27.318N, 88.595E)",COARSE_C27754,Gangtok District,27.318,88.595,+6h,0.5986,High,HIGH,0.993,0.2047,13.3,2026-09-08T18:05:43Z,ACTIVE,forecast_composite,SIMULATED / PROTOTYPE ALERT
ALT-GRID-00516,REGIONAL_GRID_CELL,"Cell COARSE_C27759 (27.318N, 88.600E)",COARSE_C27759,East Sikkim,27.318,88.6,+6h,0.5509,High,HIGH,0.9049,0.2047,13.3,2026-09-08T18:05:43Z,ACTIVE,forecast_composite,SIMULATED / PROTOTYPE ALERT
ALT-GRID-00517,REGIONAL_GRID_CELL,"Cell COARSE_C27949 (27.319N, 88.589E)",COARSE_C27949,Gangtok District,27.319,88.589,+6h,0.5728,High,HIGH,0.9454,0.2047,13.3,2026-09-08T18:05:43Z,ACTIVE,forecast_composite,SIMULATED / PROTOTYPE ALERT
ALT-GRID-00518,REGIONAL_GRID_CELL,"Cell COARSE_C27957 (27.319N, 88.597E)",COARSE_C27957,Gangtok District,27.319,88.597,+6h,0.5977,High,HIGH,0.9914,0.2047,13.3,2026-09-08T18:05:43Z,ACTIVE,forecast_composite,SIMULATED / PROTOTYPE ALERT
ALT-GRID-00519,REGIONAL_GRID_CELL,"Cell COARSE_C27960 (27.319N, 88.600E)",COARSE_C27960,East Sikkim,27.319,88.6,+6h,0.5975,High,HIGH,0.991,0.2047,13.3,2026-09-08T18:05:43Z,ACTIVE,forecast_composite,SIMULATED / PROTOTYPE ALERT
ALT-GRID-00520,REGIONAL_GRID_CELL,"Cell COARSE_C28158 (27.320N, 88.597E)",COARSE_C28158,Gangtok District,27.32,88.597,+6h,0.5983,High,HIGH,0.9926,0.2047,13.3,2026-09-08T18:05:43Z,ACTIVE,forecast_composite,SIMULATED / PROTOTYPE ALERT
ALT-GRID-00521,REGIONAL_GRID_CELL,"Cell COARSE_C28161 (27.320N, 88.600E)",COARSE_C28161,Gangtok District,27.32,88.6,+6h,0.5973,High,HIGH,0.9907,0.2047,13.3,2026-09-08T18:05:43Z,ACTIVE,forecast_composite,SIMULATED / PROTOTYPE ALERT
ALT-GRID-00522,REGIONAL_GRID_CELL,"Cell COARSE_C28360 (27.321N, 88.598E)",COARSE_C28360,Gangtok District,27.321,88.598,+6h,0.5985,High,HIGH,0.9928,0.2047,13.3,2026-09-08T18:05:43Z,ACTIVE,forecast_composite,SIMULATED / PROTOTYPE ALERT
ALT-GRID-00523,REGIONAL_GRID_CELL,"Cell COARSE_C28557 (27.322N, 88.594E)",COARSE_C28557,Gangtok District,27.322,88.594,+6h,0.5998,High,HIGH,0.9952,0.2047,13.3,2026-09-08T18:05:43Z,ACTIVE,forecast_composite,SIMULATED / PROTOTYPE ALERT
ALT-GRID-00524,REGIONAL_GRID_CELL,"Cell COARSE_C28558 (27.322N, 88.595E)",COARSE_C28558,Gangtok District,27.322,88.595,+6h,0.5732,High,HIGH,0.9461,0.2047,13.3,2026-09-08T18:05:43Z,ACTIVE,forecast_composite,SIMULATED / PROTOTYPE ALERT
ALT-GRID-00525,REGIONAL_GRID_CELL,"Cell COARSE_C28560 (27.322N, 88.597E)",COARSE_C28560,Gangtok District,27.322,88.597,+6h,0.5982,High,HIGH,0.9923,0.2047,13.3,2026-09-08T18:05:43Z,ACTIVE,forecast_composite,SIMULATED / PROTOTYPE ALERT
ALT-GRID-00526,REGIONAL_GRID_CELL,"Cell COARSE_C28561 (27.322N, 88.598E)",COARSE_C28561,Gangtok District,27.322,88.598,+6h,0.5544,High,HIGH,0.9114,0.2047,13.3,2026-09-08T18:05:43Z,ACTIVE,forecast_composite,SIMULATED / PROTOTYPE ALERT
ALT-GRID-00527,REGIONAL_GRID_CELL,"Cell COARSE_C28959 (27.324N, 88.594E)",COARSE_C28959,Gangtok District,27.324,88.594,+6h,0.5586,High,HIGH,0.9192,0.2047,13.3,2026-09-08T18:05:43Z,ACTIVE,forecast_composite,SIMULATED / PROTOTYPE ALERT
ALT-GRID-00528,REGIONAL_GRID_CELL,"Cell COARSE_C29362 (27.326N, 88.595E)",COARSE_C29362,Gangtok District,27.326,88.595,+6h,0.5608,High,HIGH,0.9231,0.2047,13.3,2026-09-08T18:05:43Z,ACTIVE,forecast_composite,SIMULATED / PROTOTYPE ALERT
ALT-GRID-00529,REGIONAL_GRID_CELL,"Cell COARSE_C29366 (27.326N, 88.599E)",COARSE_C29366,Gangtok District,27.326,88.599,+6h,0.5537,High,HIGH,0.9101,0.2047,13.3,2026-09-08T18:05:43Z,ACTIVE,forecast_composite,SIMULATED / PROTOTYPE ALERT
ALT-GRID-00530,REGIONAL_GRID_CELL,"Cell COARSE_C29564 (27.327N, 88.596E)",COARSE_C29564,Gangtok District,27.327,88.596,+6h,0.5778,High,HIGH,0.9547,0.2047,13.3,2026-09-08T18:05:43Z,ACTIVE,forecast_composite,SIMULATED / PROTOTYPE ALERT
ALT-GRID-00531,REGIONAL_GRID_CELL,"Cell COARSE_C30153 (27.330N, 88.582E)",COARSE_C30153,Gangtok District,27.33,88.582,+6h,0.5973,High,HIGH,0.9907,0.2047,13.3,2026-09-08T18:05:43Z,ACTIVE,forecast_composite,SIMULATED / PROTOTYPE ALERT
ALT-GRID-00532,REGIONAL_GRID_CELL,"Cell COARSE_C30161 (27.330N, 88.590E)",COARSE_C30161,Gangtok District,27.33,88.59,+6h,0.5565,High,HIGH,0.9152,0.2047,13.3,2026-09-08T18:05:43Z,ACTIVE,forecast_composite,SIMULATED / PROTOTYPE ALERT
ALT-GRID-00533,REGIONAL_GRID_CELL,"Cell COARSE_C30556 (27.332N, 88.583E)",COARSE_C30556,Gangtok District,27.332,88.583,+6h,0.5972,High,HIGH,0.9904,0.2047,13.3,2026-09-08T18:05:43Z,ACTIVE,forecast_composite,SIMULATED / PROTOTYPE ALERT
ALT-GRID-00534,REGIONAL_GRID_CELL,"Cell COARSE_C30562 (27.332N, 88.589E)",COARSE_C30562,Gangtok District,27.332,88.589,+6h,0.5564,High,HIGH,0.915,0.2047,13.3,2026-09-08T18:05:43Z,ACTIVE,forecast_composite,SIMULATED / PROTOTYPE ALERT
ALT-GRID-00535,REGIONAL_GRID_CELL,"Cell COARSE_C30760 (27.333N, 88.586E)",COARSE_C30760,Gangtok District,27.333,88.586,+6h,0.552,High,HIGH,0.9069,0.2047,13.3,2026-09-08T18:05:43Z,ACTIVE,forecast_composite,SIMULATED / PROTOTYPE ALERT
ALT-GRID-00536,REGIONAL_GRID_CELL,"Cell COARSE_C30761 (27.333N, 88.587E)",COARSE_C30761,Gangtok District,27.333,88.587,+6h,0.5602,High,HIGH,0.922,0.2047,13.3,2026-09-08T18:05:43Z,ACTIVE,forecast_composite,SIMULATED / PROTOTYPE ALERT
ALT-GRID-00537,REGIONAL_GRID_CELL,"Cell COARSE_C30962 (27.334N, 88.587E)",COARSE_C30962,Gangtok District,27.334,88.587,+6h,0.5605,High,HIGH,0.9226,0.2047,13.3,2026-09-08T18:05:43Z,ACTIVE,forecast_composite,SIMULATED / PROTOTYPE ALERT
ALT-GRID-00538,REGIONAL_GRID_CELL,"Cell COARSE_C31166 (27.335N, 88.590E)",COARSE_C31166,Gangtok District,27.335,88.59,+6h,0.5987,High,HIGH,0.9932,0.2047,13.3,2026-09-08T18:05:43Z,ACTIVE,forecast_composite,SIMULATED / PROTOTYPE ALERT
ALT-GRID-00539,REGIONAL_GRID_CELL,"Cell COARSE_C31172 (27.335N, 88.596E)",COARSE_C31172,Gangtok District,27.335,88.596,+6h,0.6001,High,HIGH,0.9958,0.2047,13.3,2026-09-08T18:05:43Z,ACTIVE,forecast_composite,SIMULATED / PROTOTYPE ALERT
ALT-GRID-00540,REGIONAL_GRID_CELL,"Cell COARSE_C31762 (27.338N, 88.583E)",COARSE_C31762,Gangtok District,27.338,88.583,+6h,0.5968,High,HIGH,0.9897,0.2047,13.3,2026-09-08T18:05:43Z,ACTIVE,forecast_composite,SIMULATED / PROTOTYPE ALERT
ALT-GRID-00541,REGIONAL_GRID_CELL,"Cell COARSE_C31969 (27.339N, 88.589E)",COARSE_C31969,Gangtok District,27.339,88.589,+6h,0.5516,High,HIGH,0.9061,0.2047,13.3,2026-09-08T18:05:43Z,ACTIVE,forecast_composite,SIMULATED / PROTOTYPE ALERT
ALT-GRID-00542,REGIONAL_GRID_CELL,"Cell COARSE_C31974 (27.339N, 88.594E)",COARSE_C31974,East Sikkim,27.339,88.594,+6h,0.5684,High,HIGH,0.9373,0.2047,13.3,2026-09-08T18:05:43Z,ACTIVE,forecast_composite,SIMULATED / PROTOTYPE ALERT
ALT-GRID-00543,REGIONAL_GRID_CELL,"Cell COARSE_C32373 (27.341N, 88.591E)",COARSE_C32373,East Sikkim,27.341,88.591,+6h,0.573,High,HIGH,0.9457,0.2047,13.3,2026-09-08T18:05:43Z,ACTIVE,forecast_composite,SIMULATED / PROTOTYPE ALERT
ALT-GRID-00544,REGIONAL_GRID_CELL,"Cell COARSE_C32376 (27.341N, 88.594E)",COARSE_C32376,East Sikkim,27.341,88.594,+6h,0.5793,High,HIGH,0.9573,0.2047,13.3,2026-09-08T18:05:43Z,ACTIVE,forecast_composite,SIMULATED / PROTOTYPE ALERT
ALT-GRID-00545,REGIONAL_GRID_CELL,"Cell COARSE_C32568 (27.342N, 88.585E)",COARSE_C32568,East Sikkim,27.342,88.585,+6h,0.5974,High,HIGH,0.9908,0.2047,13.3,2026-09-08T18:05:43Z,ACTIVE,forecast_composite,SIMULATED / PROTOTYPE ALERT
ALT-GRID-00546,REGIONAL_GRID_CELL,"Cell COARSE_C32577 (27.342N, 88.594E)",COARSE_C32577,East Sikkim,27.342,88.594,+6h,0.5527,High,HIGH,0.9082,0.2047,13.3,2026-09-08T18:05:43Z,ACTIVE,forecast_composite,SIMULATED / PROTOTYPE ALERT
ALT-GRID-00547,REGIONAL_GRID_CELL,"Cell COARSE_C32777 (27.343N, 88.593E)",COARSE_C32777,East Sikkim,27.343,88.593,+6h,0.5564,High,HIGH,0.9151,0.2047,13.3,2026-09-08T18:05:43Z,ACTIVE,forecast_composite,SIMULATED / PROTOTYPE ALERT
ALT-GRID-00548,REGIONAL_GRID_CELL,"Cell COARSE_C32784 (27.343N, 88.600E)",COARSE_C32784,East Sikkim,27.343,88.6,+6h,0.5991,High,HIGH,0.9939,0.2047,13.3,2026-09-08T18:05:43Z,ACTIVE,forecast_composite,SIMULATED / PROTOTYPE ALERT
ALT-GRID-00549,REGIONAL_GRID_CELL,"Cell COARSE_C32972 (27.344N, 88.587E)",COARSE_C32972,East Sikkim,27.344,88.587,+6h,0.5691,High,HIGH,0.9385,0.2047,13.3,2026-09-08T18:05:43Z,ACTIVE,forecast_composite,SIMULATED / PROTOTYPE ALERT
ALT-GRID-00550,REGIONAL_GRID_CELL,"Cell COARSE_C32973 (27.344N, 88.588E)",COARSE_C32973,East Sikkim,27.344,88.588,+6h,0.5591,High,HIGH,0.9201,0.2047,13.3,2026-09-08T18:05:43Z,ACTIVE,forecast_composite,SIMULATED / PROTOTYPE ALERT
ALT-GRID-00551,REGIONAL_GRID_CELL,"Cell COARSE_C32979 (27.344N, 88.594E)",COARSE_C32979,East Sikkim,27.344,88.594,+6h,0.5591,High,HIGH,0.9201,0.2047,13.3,2026-09-08T18:05:43Z,ACTIVE,forecast_composite,SIMULATED / PROTOTYPE ALERT
ALT-GRID-00552,REGIONAL_GRID_CELL,"Cell COARSE_C33384 (27.346N, 88.597E)",COARSE_C33384,East Sikkim,27.346,88.597,+6h,0.5981,High,HIGH,0.9922,0.2047,13.3,2026-09-08T18:05:43Z,ACTIVE,forecast_composite,SIMULATED / PROTOTYPE ALERT
ALT-GRID-00553,REGIONAL_GRID_CELL,"Cell COARSE_C33584 (27.347N, 88.596E)",COARSE_C33584,East Sikkim,27.347,88.596,+6h,0.5648,High,HIGH,0.9305,0.2047,13.3,2026-09-08T18:05:43Z,ACTIVE,forecast_composite,SIMULATED / PROTOTYPE ALERT
ALT-GRID-00554,REGIONAL_GRID_CELL,"Cell COARSE_C33585 (27.347N, 88.597E)",COARSE_C33585,East Sikkim,27.347,88.597,+6h,0.5511,High,HIGH,0.9053,0.2047,13.3,2026-09-08T18:05:43Z,ACTIVE,forecast_composite,SIMULATED / PROTOTYPE ALERT
ALT-GRID-00555,REGIONAL_GRID_CELL,"Cell COARSE_C33588 (27.347N, 88.600E)",COARSE_C33588,East Sikkim,27.347,88.6,+6h,0.5994,High,HIGH,0.9945,0.2047,13.3,2026-09-08T18:05:43Z,ACTIVE,forecast_composite,SIMULATED / PROTOTYPE ALERT
ALT-GRID-00556,REGIONAL_GRID_CELL,"Cell COARSE_C33785 (27.348N, 88.596E)",COARSE_C33785,East Sikkim,27.348,88.596,+6h,0.5994,High,HIGH,0.9945,0.2047,13.3,2026-09-08T18:05:43Z,ACTIVE,forecast_composite,SIMULATED / PROTOTYPE ALERT
ALT-GRID-00557,REGIONAL_GRID_CELL,"Cell COARSE_C33986 (27.349N, 88.596E)",COARSE_C33986,East Sikkim,27.349,88.596,+6h,0.5527,High,HIGH,0.9082,0.2047,13.3,2026-09-08T18:05:43Z,ACTIVE,forecast_composite,SIMULATED / PROTOTYPE ALERT
ALT-GRID-00558,REGIONAL_GRID_CELL,"Cell COARSE_C33987 (27.349N, 88.597E)",COARSE_C33987,East Sikkim,27.349,88.597,+6h,0.5727,High,HIGH,0.9452,0.2047,13.3,2026-09-08T18:05:43Z,ACTIVE,forecast_composite,SIMULATED / PROTOTYPE ALERT
ALT-GRID-00559,REGIONAL_GRID_CELL,"Cell COARSE_C33988 (27.349N, 88.598E)",COARSE_C33988,East Sikkim,27.349,88.598,+6h,0.5734,High,HIGH,0.9464,0.2047,13.3,2026-09-08T18:05:43Z,ACTIVE,forecast_composite,SIMULATED / PROTOTYPE ALERT
ALT-GRID-00560,REGIONAL_GRID_CELL,"Cell COARSE_C34171 (27.350N, 88.580E)",COARSE_C34171,East Sikkim,27.35,88.58,+6h,0.5669,High,HIGH,0.855,0.296,22.8,2026-09-08T18:05:43Z,ACTIVE,forecast_composite,SIMULATED / PROTOTYPE ALERT
ALT-GRID-00561,REGIONAL_GRID_CELL,"Cell COARSE_C34173 (27.350N, 88.582E)",COARSE_C34173,East Sikkim,27.35,88.582,+6h,0.6096,High,HIGH,0.9313,0.296,22.8,2026-09-08T18:05:43Z,ACTIVE,forecast_composite,SIMULATED / PROTOTYPE ALERT
ALT-GRID-00562,REGIONAL_GRID_CELL,"Cell COARSE_C34190 (27.350N, 88.599E)",COARSE_C34190,East Sikkim,27.35,88.599,+6h,0.6206,High,HIGH,0.951,0.296,22.8,2026-09-08T18:05:43Z,ACTIVE,forecast_composite,SIMULATED / PROTOTYPE ALERT
ALT-GRID-00563,REGIONAL_GRID_CELL,"Cell COARSE_C34192 (27.350N, 88.601E)",COARSE_C34192,East Sikkim,27.35,88.601,+6h,0.6102,High,HIGH,0.9452,0.2813,22.0,2026-09-08T18:05:43Z,ACTIVE,forecast_composite,SIMULATED / PROTOTYPE ALERT
ALT-GRID-00564,REGIONAL_GRID_CELL,"Cell COARSE_C34206 (27.350N, 88.615E)",COARSE_C34206,East Sikkim,27.35,88.615,+6h,0.5885,High,HIGH,0.9063,0.2813,22.0,2026-09-08T18:05:43Z,ACTIVE,forecast_composite,SIMULATED / PROTOTYPE ALERT
ALT-GRID-00565,REGIONAL_GRID_CELL,"Cell COARSE_C34208 (27.350N, 88.617E)",COARSE_C34208,East Sikkim,27.35,88.617,+6h,0.5704,High,HIGH,0.8738,0.2813,22.0,2026-09-08T18:05:43Z,ACTIVE,forecast_composite,SIMULATED / PROTOTYPE ALERT
ALT-GRID-00566,REGIONAL_GRID_CELL,"Cell COARSE_C34211 (27.350N, 88.620E)",COARSE_C34211,East Sikkim,27.35,88.62,+6h,0.6323,High,HIGH,0.985,0.2813,22.0,2026-09-08T18:05:43Z,ACTIVE,forecast_composite,SIMULATED / PROTOTYPE ALERT
ALT-GRID-00567,REGIONAL_GRID_CELL,"Cell COARSE_C34213 (27.350N, 88.622E)",COARSE_C34213,East Sikkim,27.35,88.622,+6h,0.6307,High,HIGH,0.9822,0.2813,22.0,2026-09-08T18:05:43Z,ACTIVE,forecast_composite,SIMULATED / PROTOTYPE ALERT
ALT-GRID-00568,REGIONAL_GRID_CELL,"Cell COARSE_C34217 (27.350N, 88.626E)",COARSE_C34217,East Sikkim,27.35,88.626,+6h,0.6283,High,HIGH,0.9778,0.2813,22.0,2026-09-08T18:05:43Z,ACTIVE,forecast_composite,SIMULATED / PROTOTYPE ALERT
ALT-GRID-00569,REGIONAL_GRID_CELL,"Cell COARSE_C34234 (27.350N, 88.643E)",COARSE_C34234,East Sikkim,27.35,88.643,+6h,0.6226,High,HIGH,0.9676,0.2813,22.0,2026-09-08T18:05:43Z,ACTIVE,forecast_composite,SIMULATED / PROTOTYPE ALERT
ALT-GRID-00570,REGIONAL_GRID_CELL,"Cell COARSE_C00010 (27.180N, 88.589E)",COARSE_C00010,East Sikkim,27.18,88.589,+12h,0.5964,High,HIGH,0.8806,0.3278,22.8,2026-09-08T18:05:43Z,ACTIVE,forecast_composite,SIMULATED / PROTOTYPE ALERT
ALT-GRID-00571,REGIONAL_GRID_CELL,"Cell COARSE_C00016 (27.180N, 88.595E)",COARSE_C00016,East Sikkim,27.18,88.595,+12h,0.6126,High,HIGH,0.9092,0.3278,22.8,2026-09-08T18:05:43Z,ACTIVE,forecast_composite,SIMULATED / PROTOTYPE ALERT
ALT-GRID-00572,REGIONAL_GRID_CELL,"Cell COARSE_C00017 (27.180N, 88.596E)",COARSE_C00017,East Sikkim,27.18,88.596,+12h,0.612,High,HIGH,0.9082,0.3278,22.8,2026-09-08T18:05:43Z,ACTIVE,forecast_composite,SIMULATED / PROTOTYPE ALERT
ALT-GRID-00573,REGIONAL_GRID_CELL,"Cell COARSE_C00018 (27.180N, 88.597E)",COARSE_C00018,East Sikkim,27.18,88.597,+12h,0.6002,High,HIGH,0.8874,0.3278,22.8,2026-09-08T18:05:43Z,ACTIVE,forecast_composite,SIMULATED / PROTOTYPE ALERT
ALT-GRID-00574,REGIONAL_GRID_CELL,"Cell COARSE_C00044 (27.180N, 88.623E)",COARSE_C00044,East Sikkim,27.18,88.623,+12h,0.6356,High,HIGH,0.95,0.3278,22.8,2026-09-08T18:05:43Z,ACTIVE,forecast_composite,SIMULATED / PROTOTYPE ALERT
ALT-GRID-00575,REGIONAL_GRID_CELL,"Cell COARSE_C00045 (27.180N, 88.624E)",COARSE_C00045,East Sikkim,27.18,88.624,+12h,0.6347,High,HIGH,0.9483,0.3278,22.8,2026-09-08T18:05:43Z,ACTIVE,forecast_composite,SIMULATED / PROTOTYPE ALERT
ALT-GRID-00576,REGIONAL_GRID_CELL,"Cell COARSE_C00046 (27.180N, 88.625E)",COARSE_C00046,East Sikkim,27.18,88.625,+12h,0.6353,High,HIGH,0.9494,0.3278,22.8,2026-09-08T18:05:43Z,ACTIVE,forecast_composite,SIMULATED / PROTOTYPE ALERT
ALT-GRID-00577,REGIONAL_GRID_CELL,"Cell COARSE_C00047 (27.180N, 88.626E)",COARSE_C00047,East Sikkim,27.18,88.626,+12h,0.6476,High,HIGH,0.9711,0.3278,22.8,2026-09-08T18:05:43Z,ACTIVE,forecast_composite,SIMULATED / PROTOTYPE ALERT
ALT-GRID-00578,REGIONAL_GRID_CELL,"Cell COARSE_C00049 (27.180N, 88.628E)",COARSE_C00049,East Sikkim,27.18,88.628,+12h,0.6235,High,HIGH,0.9286,0.3278,22.8,2026-09-08T18:05:43Z,ACTIVE,forecast_composite,SIMULATED / PROTOTYPE ALERT
ALT-GRID-00579,REGIONAL_GRID_CELL,"Cell COARSE_C00052 (27.180N, 88.631E)",COARSE_C00052,East Sikkim,27.18,88.631,+12h,0.6108,High,HIGH,0.9061,0.3278,22.8,2026-09-08T18:05:43Z,ACTIVE,forecast_composite,SIMULATED / PROTOTYPE ALERT
ALT-GRID-00580,REGIONAL_GRID_CELL,"Cell COARSE_C00059 (27.180N, 88.638E)",COARSE_C00059,East Sikkim,27.18,88.638,+12h,0.6595,High,HIGH,0.9921,0.3278,22.8,2026-09-08T18:05:43Z,ACTIVE,forecast_composite,SIMULATED / PROTOTYPE ALERT
ALT-GRID-00581,REGIONAL_GRID_CELL,"Cell COARSE_C00234 (27.181N, 88.612E)",COARSE_C00234,East Sikkim,27.181,88.612,+12h,0.6185,High,HIGH,0.9196,0.3278,22.8,2026-09-08T18:05:43Z,ACTIVE,forecast_composite,SIMULATED / PROTOTYPE ALERT
ALT-GRID-00582,REGIONAL_GRID_CELL,"Cell COARSE_C00245 (27.181N, 88.623E)",COARSE_C00245,East Sikkim,27.181,88.623,+12h,0.6352,High,HIGH,0.9492,0.3278,22.8,2026-09-08T18:05:43Z,ACTIVE,forecast_composite,SIMULATED / PROTOTYPE ALERT
ALT-GRID-00583,REGIONAL_GRID_CELL,"Cell COARSE_C00250 (27.181N, 88.628E)",COARSE_C00250,East Sikkim,27.181,88.628,+12h,0.6191,High,HIGH,0.9208,0.3278,22.8,2026-09-08T18:05:43Z,ACTIVE,forecast_composite,SIMULATED / PROTOTYPE ALERT
ALT-GRID-00584,REGIONAL_GRID_CELL,"Cell COARSE_C00253 (27.181N, 88.631E)",COARSE_C00253,East Sikkim,27.181,88.631,+12h,0.6006,High,HIGH,0.888,0.3278,22.8,2026-09-08T18:05:43Z,ACTIVE,forecast_composite,SIMULATED / PROTOTYPE ALERT
ALT-GRID-00585,REGIONAL_GRID_CELL,"Cell COARSE_C00259 (27.181N, 88.637E)",COARSE_C00259,East Sikkim,27.181,88.637,+12h,0.6601,High,HIGH,0.9933,0.3278,22.8,2026-09-08T18:05:43Z,ACTIVE,forecast_composite,SIMULATED / PROTOTYPE ALERT
ALT-GRID-00586,REGIONAL_GRID_CELL,"Cell COARSE_C00264 (27.181N, 88.642E)",COARSE_C00264,East Sikkim,27.181,88.642,+12h,0.6588,High,HIGH,0.991,0.3278,22.8,2026-09-08T18:05:43Z,ACTIVE,forecast_composite,SIMULATED / PROTOTYPE ALERT
ALT-GRID-00587,REGIONAL_GRID_CELL,"Cell COARSE_C00438 (27.182N, 88.615E)",COARSE_C00438,East Sikkim,27.182,88.615,+12h,0.6423,High,HIGH,0.9617,0.3278,22.8,2026-09-08T18:05:43Z,ACTIVE,forecast_composite,SIMULATED / PROTOTYPE ALERT
ALT-GRID-00588,REGIONAL_GRID_CELL,"Cell COARSE_C00440 (27.182N, 88.617E)",COARSE_C00440,East Sikkim,27.182,88.617,+12h,0.5566,High,HIGH,0.8103,0.3278,22.8,2026-09-08T18:05:43Z,ACTIVE,forecast_composite,SIMULATED / PROTOTYPE ALERT
ALT-GRID-00589,REGIONAL_GRID_CELL,"Cell COARSE_C00443 (27.182N, 88.620E)",COARSE_C00443,East Sikkim,27.182,88.62,+12h,0.634,High,HIGH,0.9471,0.3278,22.8,2026-09-08T18:05:43Z,ACTIVE,forecast_composite,SIMULATED / PROTOTYPE ALERT
ALT-GRID-00590,REGIONAL_GRID_CELL,"Cell COARSE_C00444 (27.182N, 88.621E)",COARSE_C00444,East Sikkim,27.182,88.621,+12h,0.6022,High,HIGH,0.8909,0.3278,22.8,2026-09-08T18:05:43Z,ACTIVE,forecast_composite,SIMULATED / PROTOTYPE ALERT
ALT-GRID-00591,REGIONAL_GRID_CELL,"Cell COARSE_C00445 (27.182N, 88.622E)",COARSE_C00445,East Sikkim,27.182,88.622,+12h,0.6083,High,HIGH,0.9017,0.3278,22.8,2026-09-08T18:05:43Z,ACTIVE,forecast_composite,SIMULATED / PROTOTYPE ALERT
ALT-GRID-00592,REGIONAL_GRID_CELL,"Cell COARSE_C00467 (27.182N, 88.644E)",COARSE_C00467,East Sikkim,27.182,88.644,+12h,0.5887,High,HIGH,0.867,0.3278,22.8,2026-09-08T18:05:43Z,ACTIVE,forecast_composite,SIMULATED / PROTOTYPE ALERT
ALT-GRID-00593,REGIONAL_GRID_CELL,"Cell COARSE_C00604 (27.183N, 88.580E)",COARSE_C00604,East Sikkim,27.183,88.58,+12h,0.619,High,HIGH,0.9206,0.3278,22.8,2026-09-08T18:05:43Z,ACTIVE,forecast_composite,SIMULATED / PROTOTYPE ALERT
ALT-GRID-00594,REGIONAL_GRID_CELL,"Cell COARSE_C00630 (27.183N, 88.606E)",COARSE_C00630,East Sikkim,27.183,88.606,+12h,0.5537,High,HIGH,0.8052,0.3278,22.8,2026-09-08T18:05:43Z,ACTIVE,forecast_composite,SIMULATED / PROTOTYPE ALERT
ALT-GRID-00595,REGIONAL_GRID_CELL,"Cell COARSE_C00642 (27.183N, 88.618E)",COARSE_C00642,East Sikkim,27.183,88.618,+12h,0.586,High,HIGH,0.8623,0.3278,22.8,2026-09-08T18:05:43Z,ACTIVE,forecast_composite,SIMULATED / PROTOTYPE ALERT
ALT-GRID-00596,REGIONAL_GRID_CELL,"Cell COARSE_C00658 (27.183N, 88.634E)",COARSE_C00658,East Sikkim,27.183,88.634,+12h,0.6591,High,HIGH,0.9915,0.3278,22.8,2026-09-08T18:05:43Z,ACTIVE,forecast_composite,SIMULATED / PROTOTYPE ALERT
ALT-GRID-00597,REGIONAL_GRID_CELL,"Cell COARSE_C00660 (27.183N, 88.636E)",COARSE_C00660,East Sikkim,27.183,88.636,+12h,0.6063,High,HIGH,0.8981,0.3278,22.8,2026-09-08T18:05:43Z,ACTIVE,forecast_composite,SIMULATED / PROTOTYPE ALERT
ALT-GRID-00598,REGIONAL_GRID_CELL,"Cell COARSE_C00812 (27.184N, 88.587E)",COARSE_C00812,East Sikkim,27.184,88.587,+12h,0.5527,High,HIGH,0.8033,0.3278,22.8,2026-09-08T18:05:43Z,ACTIVE,forecast_composite,SIMULATED / PROTOTYPE ALERT
ALT-GRID-00599,REGIONAL_GRID_CELL,"Cell COARSE_C00813 (27.184N, 88.588E)",COARSE_C00813,East Sikkim,27.184,88.588,+12h,0.5584,High,HIGH,0.8134,0.3278,22.8,2026-09-08T18:05:43Z,ACTIVE,forecast_composite,SIMULATED / PROTOTYPE ALERT
ALT-GRID-00600,REGIONAL_GRID_CELL,"Cell COARSE_C01007 (27.185N, 88.581E)",COARSE_C01007,East Sikkim,27.185,88.581,+12h,0.5618,High,HIGH,0.8195,0.3278,22.8,2026-09-08T18:05:43Z,ACTIVE,forecast_composite,SIMULATED / PROTOTYPE ALERT
ALT-GRID-00601,REGIONAL_GRID_CELL,"Cell COARSE_C01013 (27.185N, 88.587E)",COARSE_C01013,East Sikkim,27.185,88.587,+12h,0.5697,High,HIGH,0.8334,0.3278,22.8,2026-09-08T18:05:43Z,ACTIVE,forecast_composite,SIMULATED / PROTOTYPE ALERT
ALT-GRID-00602,REGIONAL_GRID_CELL,"Cell COARSE_C01014 (27.185N, 88.588E)",COARSE_C01014,East Sikkim,27.185,88.588,+12h,0.5969,High,HIGH,0.8815,0.3278,22.8,2026-09-08T18:05:43Z,ACTIVE,forecast_composite,SIMULATED / PROTOTYPE ALERT
ALT-GRID-00603,REGIONAL_GRID_CELL,"Cell COARSE_C01015 (27.185N, 88.589E)",COARSE_C01015,East Sikkim,27.185,88.589,+12h,0.5724,High,HIGH,0.8381,0.3278,22.8,2026-09-08T18:05:43Z,ACTIVE,forecast_composite,SIMULATED / PROTOTYPE ALERT
ALT-GRID-00604,REGIONAL_GRID_CELL,"Cell COARSE_C01016 (27.185N, 88.590E)",COARSE_C01016,East Sikkim,27.185,88.59,+12h,0.6016,High,HIGH,0.8898,0.3278,22.8,2026-09-08T18:05:43Z,ACTIVE,forecast_composite,SIMULATED / PROTOTYPE ALERT
ALT-GRID-00605,REGIONAL_GRID_CELL,"Cell COARSE_C01057 (27.185N, 88.631E)",COARSE_C01057,East Sikkim,27.185,88.631,+12h,0.6587,High,HIGH,0.9908,0.3278,22.8,2026-09-08T18:05:43Z,ACTIVE,forecast_composite,SIMULATED / PROTOTYPE ALERT
ALT-GRID-00606,REGIONAL_GRID_CELL,"Cell COARSE_C01208 (27.186N, 88.581E)",COARSE_C01208,East Sikkim,27.186,88.581,+12h,0.5712,High,HIGH,0.8361,0.3278,22.8,2026-09-08T18:05:43Z,ACTIVE,forecast_composite,SIMULATED / PROTOTYPE ALERT
ALT-GRID-00607,REGIONAL_GRID_CELL,"Cell COARSE_C01209 (27.186N, 88.582E)",COARSE_C01209,East Sikkim,27.186,88.582,+12h,0.5766,High,HIGH,0.8456,0.3278,22.8,2026-09-08T18:05:43Z,ACTIVE,forecast_composite,SIMULATED / PROTOTYPE ALERT
ALT-GRID-00608,REGIONAL_GRID_CELL,"Cell COARSE_C01212 (27.186N, 88.585E)",COARSE_C01212,East Sikkim,27.186,88.585,+12h,0.6248,High,HIGH,0.9308,0.3278,22.8,2026-09-08T18:05:43Z,ACTIVE,forecast_composite,SIMULATED / PROTOTYPE ALERT
ALT-GRID-00609,REGIONAL_GRID_CELL,"Cell COARSE_C01213 (27.186N, 88.586E)",COARSE_C01213,East Sikkim,27.186,88.586,+12h,0.6031,High,HIGH,0.8925,0.3278,22.8,2026-09-08T18:05:43Z,ACTIVE,forecast_composite,SIMULATED / PROTOTYPE ALERT
ALT-GRID-00610,REGIONAL_GRID_CELL,"Cell COARSE_C01216 (27.186N, 88.589E)",COARSE_C01216,East Sikkim,27.186,88.589,+12h,0.6214,High,HIGH,0.9248,0.3278,22.8,2026-09-08T18:05:43Z,ACTIVE,forecast_composite,SIMULATED / PROTOTYPE ALERT
ALT-GRID-00611,REGIONAL_GRID_CELL,"Cell COARSE_C01217 (27.186N, 88.590E)",COARSE_C01217,East Sikkim,27.186,88.59,+12h,0.5832,High,HIGH,0.8573,0.3278,22.8,2026-09-08T18:05:43Z,ACTIVE,forecast_composite,SIMULATED / PROTOTYPE ALERT
ALT-GRID-00612,REGIONAL_GRID_CELL,"Cell COARSE_C01218 (27.186N, 88.591E)",COARSE_C01218,East Sikkim,27.186,88.591,+12h,0.607,High,HIGH,0.8993,0.3278,22.8,2026-09-08T18:05:43Z,ACTIVE,forecast_composite,SIMULATED / PROTOTYPE ALERT
ALT-GRID-00613,REGIONAL_GRID_CELL,"Cell COARSE_C01219 (27.186N, 88.592E)",COARSE_C01219,East Sikkim,27.186,88.592,+12h,0.5779,High,HIGH,0.8479,0.3278,22.8,2026-09-08T18:05:43Z,ACTIVE,forecast_composite,SIMULATED / PROTOTYPE ALERT
ALT-GRID-00614,REGIONAL_GRID_CELL,"Cell COARSE_C01222 (27.186N, 88.595E)",COARSE_C01222,East Sikkim,27.186,88.595,+12h,0.5768,High,HIGH,0.8459,0.3278,22.8,2026-09-08T18:05:43Z,ACTIVE,forecast_composite,SIMULATED / PROTOTYPE ALERT
ALT-GRID-00615,REGIONAL_GRID_CELL,"Cell COARSE_C01223 (27.186N, 88.596E)",COARSE_C01223,East Sikkim,27.186,88.596,+12h,0.5726,High,HIGH,0.8385,0.3278,22.8,2026-09-08T18:05:43Z,ACTIVE,forecast_composite,SIMULATED / PROTOTYPE ALERT
ALT-GRID-00616,REGIONAL_GRID_CELL,"Cell COARSE_C01227 (27.186N, 88.600E)",COARSE_C01227,East Sikkim,27.186,88.6,+12h,0.568,High,HIGH,0.8304,0.3278,22.8,2026-09-08T18:05:43Z,ACTIVE,forecast_composite,SIMULATED / PROTOTYPE ALERT
ALT-GRID-00617,REGIONAL_GRID_CELL,"Cell COARSE_C01255 (27.186N, 88.628E)",COARSE_C01255,East Sikkim,27.186,88.628,+12h,0.6599,High,HIGH,0.9929,0.3278,22.8,2026-09-08T18:05:43Z,ACTIVE,forecast_composite,SIMULATED / PROTOTYPE ALERT
ALT-GRID-00618,REGIONAL_GRID_CELL,"Cell COARSE_C01411 (27.187N, 88.583E)",COARSE_C01411,East Sikkim,27.187,88.583,+12h,0.6075,High,HIGH,0.9002,0.3278,22.8,2026-09-08T18:05:43Z,ACTIVE,forecast_composite,SIMULATED / PROTOTYPE ALERT
ALT-GRID-00619,REGIONAL_GRID_CELL,"Cell COARSE_C01412 (27.187N, 88.584E)",COARSE_C01412,East Sikkim,27.187,88.584,+12h,0.5873,High,HIGH,0.8645,0.3278,22.8,2026-09-08T18:05:43Z,ACTIVE,forecast_composite,SIMULATED / PROTOTYPE ALERT
ALT-GRID-00620,REGIONAL_GRID_CELL,"Cell COARSE_C01419 (27.187N, 88.591E)",COARSE_C01419,East Sikkim,27.187,88.591,+12h,0.6212,High,HIGH,0.9245,0.3278,22.8,2026-09-08T18:05:43Z,ACTIVE,forecast_composite,SIMULATED / PROTOTYPE ALERT
ALT-GRID-00621,REGIONAL_GRID_CELL,"Cell COARSE_C01420 (27.187N, 88.592E)",COARSE_C01420,East Sikkim,27.187,88.592,+12h,0.558,High,HIGH,0.8128,0.3278,22.8,2026-09-08T18:05:43Z,ACTIVE,forecast_composite,SIMULATED / PROTOTYPE ALERT
ALT-GRID-00622,REGIONAL_GRID_CELL,"Cell COARSE_C01422 (27.187N, 88.594E)",COARSE_C01422,East Sikkim,27.187,88.594,+12h,0.5704,High,HIGH,0.8347,0.3278,22.8,2026-09-08T18:05:43Z,ACTIVE,forecast_composite,SIMULATED / PROTOTYPE ALERT
ALT-GRID-00623,REGIONAL_GRID_CELL,"Cell COARSE_C01423 (27.187N, 88.595E)",COARSE_C01423,East Sikkim,27.187,88.595,+12h,0.604,High,HIGH,0.894,0.3278,22.8,2026-09-08T18:05:43Z,ACTIVE,forecast_composite,SIMULATED / PROTOTYPE ALERT
ALT-GRID-00624,REGIONAL_GRID_CELL,"Cell COARSE_C01424 (27.187N, 88.596E)",COARSE_C01424,East Sikkim,27.187,88.596,+12h,0.5703,High,HIGH,0.8344,0.3278,22.8,2026-09-08T18:05:43Z,ACTIVE,forecast_composite,SIMULATED / PROTOTYPE ALERT
ALT-GRID-00625,REGIONAL_GRID_CELL,"Cell COARSE_C01425 (27.187N, 88.597E)",COARSE_C01425,East Sikkim,27.187,88.597,+12h,0.5524,High,HIGH,0.8028,0.3278,22.8,2026-09-08T18:05:43Z,ACTIVE,forecast_composite,SIMULATED / PROTOTYPE ALERT
ALT-GRID-00626,REGIONAL_GRID_CELL,"Cell COARSE_C01428 (27.187N, 88.600E)",COARSE_C01428,East Sikkim,27.187,88.6,+12h,0.6276,High,HIGH,0.9357,0.3278,22.8,2026-09-08T18:05:43Z,ACTIVE,forecast_composite,SIMULATED / PROTOTYPE ALERT
ALT-GRID-00627,REGIONAL_GRID_CELL,"Cell COARSE_C01611 (27.188N, 88.582E)",COARSE_C01611,East Sikkim,27.188,88.582,+12h,0.6501,High,HIGH,0.9755,0.3278,22.8,2026-09-08T18:05:43Z,ACTIVE,forecast_composite,SIMULATED / PROTOTYPE ALERT
ALT-GRID-00628,REGIONAL_GRID_CELL,"Cell COARSE_C01615 (27.188N, 88.586E)",COARSE_C01615,East Sikkim,27.188,88.586,+12h,0.5508,High,HIGH,0.8,0.3278,22.8,2026-09-08T18:05:43Z,ACTIVE,forecast_composite,SIMULATED / PROTOTYPE ALERT
ALT-GRID-00629,REGIONAL_GRID_CELL,"Cell COARSE_C01622 (27.188N, 88.593E)",COARSE_C01622,East Sikkim,27.188,88.593,+12h,0.5541,High,HIGH,0.8058,0.3278,22.8,2026-09-08T18:05:43Z,ACTIVE,forecast_composite,SIMULATED / PROTOTYPE ALERT
ALT-GRID-00630,REGIONAL_GRID_CELL,"Cell COARSE_C01623 (27.188N, 88.594E)",COARSE_C01623,East Sikkim,27.188,88.594,+12h,0.6206,High,HIGH,0.9234,0.3278,22.8,2026-09-08T18:05:43Z,ACTIVE,forecast_composite,SIMULATED / PROTOTYPE ALERT
ALT-GRID-00631,REGIONAL_GRID_CELL,"Cell COARSE_C01654 (27.188N, 88.625E)",COARSE_C01654,East Sikkim,27.188,88.625,+12h,0.6589,High,HIGH,0.9912,0.3278,22.8,2026-09-08T18:05:43Z,ACTIVE,forecast_composite,SIMULATED / PROTOTYPE ALERT
ALT-GRID-00632,REGIONAL_GRID_CELL,"Cell COARSE_C01817 (27.189N, 88.587E)",COARSE_C01817,East Sikkim,27.189,88.587,+12h,0.5628,High,HIGH,0.8212,0.3278,22.8,2026-09-08T18:05:43Z,ACTIVE,forecast_composite,SIMULATED / PROTOTYPE ALERT
ALT-GRID-00633,REGIONAL_GRID_CELL,"Cell COARSE_C01820 (27.189N, 88.590E)",COARSE_C01820,East Sikkim,27.189,88.59,+12h,0.6046,High,HIGH,0.8951,0.3278,22.8,2026-09-08T18:05:43Z,ACTIVE,forecast_composite,SIMULATED / PROTOTYPE ALERT
ALT-GRID-00634,REGIONAL_GRID_CELL,"Cell COARSE_C01824 (27.189N, 88.594E)",COARSE_C01824,East Sikkim,27.189,88.594,+12h,0.5693,High,HIGH,0.8327,0.3278,22.8,2026-09-08T18:05:43Z,ACTIVE,forecast_composite,SIMULATED / PROTOTYPE ALERT
ALT-GRID-00635,REGIONAL_GRID_CELL,"Cell COARSE_C01826 (27.189N, 88.596E)",COARSE_C01826,East Sikkim,27.189,88.596,+12h,0.5657,High,HIGH,0.8263,0.3278,22.8,2026-09-08T18:05:43Z,ACTIVE,forecast_composite,SIMULATED / PROTOTYPE ALERT
ALT-GRID-00636,REGIONAL_GRID_CELL,"Cell COARSE_C01827 (27.189N, 88.597E)",COARSE_C01827,East Sikkim,27.189,88.597,+12h,0.6095,High,HIGH,0.9038,0.3278,22.8,2026-09-08T18:05:43Z,ACTIVE,forecast_composite,SIMULATED / PROTOTYPE ALERT
ALT-GRID-00637,REGIONAL_GRID_CELL,"Cell COARSE_C01828 (27.189N, 88.598E)",COARSE_C01828,East Sikkim,27.189,88.598,+12h,0.6096,High,HIGH,0.904,0.3278,22.8,2026-09-08T18:05:43Z,ACTIVE,forecast_composite,SIMULATED / PROTOTYPE ALERT
ALT-GRID-00638,REGIONAL_GRID_CELL,"Cell COARSE_C01840 (27.189N, 88.610E)",COARSE_C01840,East Sikkim,27.189,88.61,+12h,0.6134,High,HIGH,0.9106,0.3278,22.8,2026-09-08T18:05:43Z,ACTIVE,forecast_composite,SIMULATED / PROTOTYPE ALERT
ALT-GRID-00639,REGIONAL_GRID_CELL,"Cell COARSE_C01841 (27.189N, 88.611E)",COARSE_C01841,East Sikkim,27.189,88.611,+12h,0.5992,High,HIGH,0.8856,0.3278,22.8,2026-09-08T18:05:43Z,ACTIVE,forecast_composite,SIMULATED / PROTOTYPE ALERT
ALT-GRID-00640,REGIONAL_GRID_CELL,"Cell COARSE_C01844 (27.189N, 88.614E)",COARSE_C01844,East Sikkim,27.189,88.614,+12h,0.633,High,HIGH,0.9454,0.3278,22.8,2026-09-08T18:05:43Z,ACTIVE,forecast_composite,SIMULATED / PROTOTYPE ALERT
ALT-GRID-00641,REGIONAL_GRID_CELL,"Cell COARSE_C01845 (27.189N, 88.615E)",COARSE_C01845,East Sikkim,27.189,88.615,+12h,0.6262,High,HIGH,0.9333,0.3278,22.8,2026-09-08T18:05:43Z,ACTIVE,forecast_composite,SIMULATED / PROTOTYPE ALERT
ALT-GRID-00642,REGIONAL_GRID_CELL,"Cell COARSE_C02015 (27.190N, 88.584E)",COARSE_C02015,East Sikkim,27.19,88.584,+12h,0.5902,High,HIGH,0.8697,0.3278,22.8,2026-09-08T18:05:43Z,ACTIVE,forecast_composite,SIMULATED / PROTOTYPE ALERT
ALT-GRID-00643,REGIONAL_GRID_CELL,"Cell COARSE_C02016 (27.190N, 88.585E)",COARSE_C02016,East Sikkim,27.19,88.585,+12h,0.6546,High,HIGH,0.9835,0.3278,22.8,2026-09-08T18:05:43Z,ACTIVE,forecast_composite,SIMULATED / PROTOTYPE ALERT
ALT-GRID-00644,REGIONAL_GRID_CELL,"Cell COARSE_C02021 (27.190N, 88.590E)",COARSE_C02021,East Sikkim,27.19,88.59,+12h,0.6015,High,HIGH,0.8897,0.3278,22.8,2026-09-08T18:05:43Z,ACTIVE,forecast_composite,SIMULATED / PROTOTYPE ALERT
ALT-GRID-00645,REGIONAL_GRID_CELL,"Cell COARSE_C02024 (27.190N, 88.593E)",COARSE_C02024,East Sikkim,27.19,88.593,+12h,0.617,High,HIGH,0.917,0.3278,22.8,2026-09-08T18:05:43Z,ACTIVE,forecast_composite,SIMULATED / PROTOTYPE ALERT
ALT-GRID-00646,REGIONAL_GRID_CELL,"Cell COARSE_C02025 (27.190N, 88.594E)",COARSE_C02025,East Sikkim,27.19,88.594,+12h,0.6485,High,HIGH,0.9728,0.3278,22.8,2026-09-08T18:05:43Z,ACTIVE,forecast_composite,SIMULATED / PROTOTYPE ALERT
ALT-GRID-00647,REGIONAL_GRID_CELL,"Cell COARSE_C02027 (27.190N, 88.596E)",COARSE_C02027,East Sikkim,27.19,88.596,+12h,0.6515,High,HIGH,0.978,0.3278,22.8,2026-09-08T18:05:43Z,ACTIVE,forecast_composite,SIMULATED / PROTOTYPE ALERT
ALT-GRID-00648,REGIONAL_GRID_CELL,"Cell COARSE_C02028 (27.190N, 88.597E)",COARSE_C02028,East Sikkim,27.19,88.597,+12h,0.6329,High,HIGH,0.9452,0.3278,22.8,2026-09-08T18:05:43Z,ACTIVE,forecast_composite,SIMULATED / PROTOTYPE ALERT
ALT-GRID-00649,REGIONAL_GRID_CELL,"Cell COARSE_C02070 (27.190N, 88.639E)",COARSE_C02070,East Sikkim,27.19,88.639,+12h,0.636,High,HIGH,0.9506,0.3278,22.8,2026-09-08T18:05:43Z,ACTIVE,forecast_composite,SIMULATED / PROTOTYPE ALERT
ALT-GRID-00650,REGIONAL_GRID_CELL,"Cell COARSE_C02071 (27.190N, 88.640E)",COARSE_C02071,East Sikkim,27.19,88.64,+12h,0.6497,High,HIGH,0.9748,0.3278,22.8,2026-09-08T18:05:43Z,ACTIVE,forecast_composite,SIMULATED / PROTOTYPE ALERT
ALT-GRID-00651,REGIONAL_GRID_CELL,"Cell COARSE_C02072 (27.190N, 88.641E)",COARSE_C02072,East Sikkim,27.19,88.641,+12h,0.6407,High,HIGH,0.959,0.3278,22.8,2026-09-08T18:05:43Z,ACTIVE,forecast_composite,SIMULATED / PROTOTYPE ALERT
ALT-GRID-00652,REGIONAL_GRID_CELL,"Cell COARSE_C02215 (27.191N, 88.583E)",COARSE_C02215,East Sikkim,27.191,88.583,+12h,0.5586,High,HIGH,0.8137,0.3278,22.8,2026-09-08T18:05:43Z,ACTIVE,forecast_composite,SIMULATED / PROTOTYPE ALERT
ALT-GRID-00653,REGIONAL_GRID_CELL,"Cell COARSE_C02216 (27.191N, 88.584E)",COARSE_C02216,East Sikkim,27.191,88.584,+12h,0.5614,High,HIGH,0.8187,0.3278,22.8,2026-09-08T18:05:43Z,ACTIVE,forecast_composite,SIMULATED / PROTOTYPE ALERT
ALT-GRID-00654,REGIONAL_GRID_CELL,"Cell COARSE_C02217 (27.191N, 88.585E)",COARSE_C02217,East Sikkim,27.191,88.585,+12h,0.6214,High,HIGH,0.9248,0.3278,22.8,2026-09-08T18:05:43Z,ACTIVE,forecast_composite,SIMULATED / PROTOTYPE ALERT
ALT-GRID-00655,REGIONAL_GRID_CELL,"Cell COARSE_C02218 (27.191N, 88.586E)",COARSE_C02218,East Sikkim,27.191,88.586,+12h,0.5906,High,HIGH,0.8703,0.3278,22.8,2026-09-08T18:05:43Z,ACTIVE,forecast_composite,SIMULATED / PROTOTYPE ALERT
ALT-GRID-00656,REGIONAL_GRID_CELL,"Cell COARSE_C02219 (27.191N, 88.587E)",COARSE_C02219,East Sikkim,27.191,88.587,+12h,0.5646,High,HIGH,0.8243,0.3278,22.8,2026-09-08T18:05:43Z,ACTIVE,forecast_composite,SIMULATED / PROTOTYPE ALERT
ALT-GRID-00657,REGIONAL_GRID_CELL,"Cell COARSE_C02223 (27.191N, 88.591E)",COARSE_C02223,East Sikkim,27.191,88.591,+12h,0.6282,High,HIGH,0.9369,0.3278,22.8,2026-09-08T18:05:43Z,ACTIVE,forecast_composite,SIMULATED / PROTOTYPE ALERT
ALT-GRID-00658,REGIONAL_GRID_CELL,"Cell COARSE_C02225 (27.191N, 88.593E)",COARSE_C02225,East Sikkim,27.191,88.593,+12h,0.6468,High,HIGH,0.9697,0.3278,22.8,2026-09-08T18:05:43Z,ACTIVE,forecast_composite,SIMULATED / PROTOTYPE ALERT
ALT-GRID-00659,REGIONAL_GRID_CELL,"Cell COARSE_C02229 (27.191N, 88.597E)",COARSE_C02229,East Sikkim,27.191,88.597,+12h,0.5771,High,HIGH,0.8465,0.3278,22.8,2026-09-08T18:05:43Z,ACTIVE,forecast_composite,SIMULATED / PROTOTYPE ALERT
ALT-GRID-00660,REGIONAL_GRID_CELL,"Cell COARSE_C02233 (27.191N, 88.601E)",COARSE_C02233,East Sikkim,27.191,88.601,+12h,0.5756,High,HIGH,0.8438,0.3278,22.8,2026-09-08T18:05:43Z,ACTIVE,forecast_composite,SIMULATED / PROTOTYPE ALERT
ALT-GRID-00661,REGIONAL_GRID_CELL,"Cell COARSE_C02234 (27.191N, 88.602E)",COARSE_C02234,East Sikkim,27.191,88.602,+12h,0.5935,High,HIGH,0.8754,0.3278,22.8,2026-09-08T18:05:43Z,ACTIVE,forecast_composite,SIMULATED / PROTOTYPE ALERT
ALT-GRID-00662,REGIONAL_GRID_CELL,"Cell COARSE_C02235 (27.191N, 88.603E)",COARSE_C02235,East Sikkim,27.191,88.603,+12h,0.6099,High,HIGH,0.9045,0.3278,22.8,2026-09-08T18:05:43Z,ACTIVE,forecast_composite,SIMULATED / PROTOTYPE ALERT
ALT-GRID-00663,REGIONAL_GRID_CELL,"Cell COARSE_C02236 (27.191N, 88.604E)",COARSE_C02236,East Sikkim,27.191,88.604,+12h,0.5733,High,HIGH,0.8397,0.3278,22.8,2026-09-08T18:05:43Z,ACTIVE,forecast_composite,SIMULATED / PROTOTYPE ALERT
ALT-GRID-00664,REGIONAL_GRID_CELL,"Cell COARSE_C02238 (27.191N, 88.606E)",COARSE_C02238,East Sikkim,27.191,88.606,+12h,0.557,High,HIGH,0.8109,0.3278,22.8,2026-09-08T18:05:43Z,ACTIVE,forecast_composite,SIMULATED / PROTOTYPE ALERT
ALT-GRID-00665,REGIONAL_GRID_CELL,"Cell COARSE_C02257 (27.191N, 88.625E)",COARSE_C02257,East Sikkim,27.191,88.625,+12h,0.6613,High,HIGH,0.9954,0.3278,22.8,2026-09-08T18:05:43Z,ACTIVE,forecast_composite,SIMULATED / PROTOTYPE ALERT
ALT-GRID-00666,REGIONAL_GRID_CELL,"Cell COARSE_C02270 (27.191N, 88.638E)",COARSE_C02270,East Sikkim,27.191,88.638,+12h,0.6489,High,HIGH,0.9734,0.3278,22.8,2026-09-08T18:05:43Z,ACTIVE,forecast_composite,SIMULATED / PROTOTYPE ALERT
ALT-GRID-00667,REGIONAL_GRID_CELL,"Cell COARSE_C02271 (27.191N, 88.639E)",COARSE_C02271,East Sikkim,27.191,88.639,+12h,0.6535,High,HIGH,0.9815,0.3278,22.8,2026-09-08T18:05:43Z,ACTIVE,forecast_composite,SIMULATED / PROTOTYPE ALERT
ALT-GRID-00668,REGIONAL_GRID_CELL,"Cell COARSE_C02274 (27.191N, 88.642E)",COARSE_C02274,East Sikkim,27.191,88.642,+12h,0.6467,High,HIGH,0.9695,0.3278,22.8,2026-09-08T18:05:43Z,ACTIVE,forecast_composite,SIMULATED / PROTOTYPE ALERT
ALT-GRID-00669,REGIONAL_GRID_CELL,"Cell COARSE_C02275 (27.191N, 88.643E)",COARSE_C02275,East Sikkim,27.191,88.643,+12h,0.6447,High,HIGH,0.9661,0.3278,22.8,2026-09-08T18:05:43Z,ACTIVE,forecast_composite,SIMULATED / PROTOTYPE ALERT
ALT-GRID-00670,REGIONAL_GRID_CELL,"Cell COARSE_C02416 (27.192N, 88.583E)",COARSE_C02416,East Sikkim,27.192,88.583,+12h,0.5501,High,HIGH,0.7988,0.3278,22.8,2026-09-08T18:05:43Z,ACTIVE,forecast_composite,SIMULATED / PROTOTYPE ALERT
ALT-GRID-00671,REGIONAL_GRID_CELL,"Cell COARSE_C02419 (27.192N, 88.586E)",COARSE_C02419,East Sikkim,27.192,88.586,+12h,0.6066,High,HIGH,0.8986,0.3278,22.8,2026-09-08T18:05:43Z,ACTIVE,forecast_composite,SIMULATED / PROTOTYPE ALERT
ALT-GRID-00672,REGIONAL_GRID_CELL,"Cell COARSE_C02420 (27.192N, 88.587E)",COARSE_C02420,East Sikkim,27.192,88.587,+12h,0.5543,High,HIGH,0.8061,0.3278,22.8,2026-09-08T18:05:43Z,ACTIVE,forecast_composite,SIMULATED / PROTOTYPE ALERT
ALT-GRID-00673,REGIONAL_GRID_CELL,"Cell COARSE_C02423 (27.192N, 88.590E)",COARSE_C02423,East Sikkim,27.192,88.59,+12h,0.6017,High,HIGH,0.8899,0.3278,22.8,2026-09-08T18:05:43Z,ACTIVE,forecast_composite,SIMULATED / PROTOTYPE ALERT
ALT-GRID-00674,REGIONAL_GRID_CELL,"Cell COARSE_C02424 (27.192N, 88.591E)",COARSE_C02424,East Sikkim,27.192,88.591,+12h,0.5518,High,HIGH,0.8017,0.3278,22.8,2026-09-08T18:05:43Z,ACTIVE,forecast_composite,SIMULATED / PROTOTYPE ALERT
ALT-GRID-00675,REGIONAL_GRID_CELL,"Cell COARSE_C02425 (27.192N, 88.592E)",COARSE_C02425,East Sikkim,27.192,88.592,+12h,0.5551,High,HIGH,0.8075,0.3278,22.8,2026-09-08T18:05:43Z,ACTIVE,forecast_composite,SIMULATED / PROTOTYPE ALERT
ALT-GRID-00676,REGIONAL_GRID_CELL,"Cell COARSE_C02426 (27.192N, 88.593E)",COARSE_C02426,East Sikkim,27.192,88.593,+12h,0.5536,High,HIGH,0.805,0.3278,22.8,2026-09-08T18:05:43Z,ACTIVE,forecast_composite,SIMULATED / PROTOTYPE ALERT
ALT-GRID-00677,REGIONAL_GRID_CELL,"Cell COARSE_C02427 (27.192N, 88.594E)",COARSE_C02427,East Sikkim,27.192,88.594,+12h,0.5674,High,HIGH,0.8293,0.3278,22.8,2026-09-08T18:05:43Z,ACTIVE,forecast_composite,SIMULATED / PROTOTYPE ALERT
ALT-GRID-00678,REGIONAL_GRID_CELL,"Cell COARSE_C02431 (27.192N, 88.598E)",COARSE_C02431,East Sikkim,27.192,88.598,+12h,0.5862,High,HIGH,0.8626,0.3278,22.8,2026-09-08T18:05:43Z,ACTIVE,forecast_composite,SIMULATED / PROTOTYPE ALERT
ALT-GRID-00679,REGIONAL_GRID_CELL,"Cell COARSE_C02437 (27.192N, 88.604E)",COARSE_C02437,East Sikkim,27.192,88.604,+12h,0.5618,High,HIGH,0.8194,0.3278,22.8,2026-09-08T18:05:43Z,ACTIVE,forecast_composite,SIMULATED / PROTOTYPE ALERT
ALT-GRID-00680,REGIONAL_GRID_CELL,"Cell COARSE_C02438 (27.192N, 88.605E)",COARSE_C02438,East Sikkim,27.192,88.605,+12h,0.58,High,HIGH,0.8517,0.3278,22.8,2026-09-08T18:05:43Z,ACTIVE,forecast_composite,SIMULATED / PROTOTYPE ALERT
ALT-GRID-00681,REGIONAL_GRID_CELL,"Cell COARSE_C02455 (27.192N, 88.622E)",COARSE_C02455,East Sikkim,27.192,88.622,+12h,0.6616,High,HIGH,0.9959,0.3278,22.8,2026-09-08T18:05:43Z,ACTIVE,forecast_composite,SIMULATED / PROTOTYPE ALERT
ALT-GRID-00682,REGIONAL_GRID_CELL,"Cell COARSE_C02456 (27.192N, 88.623E)",COARSE_C02456,East Sikkim,27.192,88.623,+12h,0.6612,High,HIGH,0.9952,0.3278,22.8,2026-09-08T18:05:43Z,ACTIVE,forecast_composite,SIMULATED / PROTOTYPE ALERT
ALT-GRID-00683,REGIONAL_GRID_CELL,"Cell COARSE_C02460 (27.192N, 88.627E)",COARSE_C02460,East Sikkim,27.192,88.627,+12h,0.6211,High,HIGH,0.9243,0.3278,22.8,2026-09-08T18:05:43Z,ACTIVE,forecast_composite,SIMULATED / PROTOTYPE ALERT
ALT-GRID-00684,REGIONAL_GRID_CELL,"Cell COARSE_C02462 (27.192N, 88.629E)",COARSE_C02462,East Sikkim,27.192,88.629,+12h,0.6612,High,HIGH,0.9952,0.3278,22.8,2026-09-08T18:05:43Z,ACTIVE,forecast_composite,SIMULATED / PROTOTYPE ALERT
ALT-GRID-00685,REGIONAL_GRID_CELL,"Cell COARSE_C02472 (27.192N, 88.639E)",COARSE_C02472,East Sikkim,27.192,88.639,+12h,0.6206,High,HIGH,0.9234,0.3278,22.8,2026-09-08T18:05:43Z,ACTIVE,forecast_composite,SIMULATED / PROTOTYPE ALERT
ALT-GRID-00686,REGIONAL_GRID_CELL,"Cell COARSE_C02473 (27.192N, 88.640E)",COARSE_C02473,East Sikkim,27.192,88.64,+12h,0.625,High,HIGH,0.9311,0.3278,22.8,2026-09-08T18:05:43Z,ACTIVE,forecast_composite,SIMULATED / PROTOTYPE ALERT
ALT-GRID-00687,REGIONAL_GRID_CELL,"Cell COARSE_C02474 (27.192N, 88.641E)",COARSE_C02474,East Sikkim,27.192,88.641,+12h,0.6199,High,HIGH,0.9221,0.3278,22.8,2026-09-08T18:05:43Z,ACTIVE,forecast_composite,SIMULATED / PROTOTYPE ALERT
ALT-GRID-00688,REGIONAL_GRID_CELL,"Cell COARSE_C02475 (27.192N, 88.642E)",COARSE_C02475,East Sikkim,27.192,88.642,+12h,0.6301,High,HIGH,0.9402,0.3278,22.8,2026-09-08T18:05:43Z,ACTIVE,forecast_composite,SIMULATED / PROTOTYPE ALERT
ALT-GRID-00689,REGIONAL_GRID_CELL,"Cell COARSE_C02478 (27.192N, 88.645E)",COARSE_C02478,East Sikkim,27.192,88.645,+12h,0.5687,High,HIGH,0.8316,0.3278,22.8,2026-09-08T18:05:43Z,ACTIVE,forecast_composite,SIMULATED / PROTOTYPE ALERT
ALT-GRID-00690,REGIONAL_GRID_CELL,"Cell COARSE_C02481 (27.192N, 88.648E)",COARSE_C02481,East Sikkim,27.192,88.648,+12h,0.5662,High,HIGH,0.8272,0.3278,22.8,2026-09-08T18:05:43Z,ACTIVE,forecast_composite,SIMULATED / PROTOTYPE ALERT
ALT-GRID-00691,REGIONAL_GRID_CELL,"Cell COARSE_C02482 (27.192N, 88.649E)",COARSE_C02482,East Sikkim,27.192,88.649,+12h,0.5564,High,HIGH,0.8098,0.3278,22.8,2026-09-08T18:05:43Z,ACTIVE,forecast_composite,SIMULATED / PROTOTYPE ALERT
ALT-GRID-00692,REGIONAL_GRID_CELL,"Cell COARSE_C02483 (27.192N, 88.650E)",COARSE_C02483,East Sikkim,27.192,88.65,+12h,0.566,High,HIGH,0.8269,0.3278,22.8,2026-09-08T18:05:43Z,ACTIVE,forecast_composite,SIMULATED / PROTOTYPE ALERT
ALT-GRID-00693,REGIONAL_GRID_CELL,"Cell COARSE_C02620 (27.193N, 88.586E)",COARSE_C02620,East Sikkim,27.193,88.586,+12h,0.5506,High,HIGH,0.7997,0.3278,22.8,2026-09-08T18:05:43Z,ACTIVE,forecast_composite,SIMULATED / PROTOTYPE ALERT
ALT-GRID-00694,REGIONAL_GRID_CELL,"Cell COARSE_C02621 (27.193N, 88.587E)",COARSE_C02621,East Sikkim,27.193,88.587,+12h,0.5564,High,HIGH,0.8098,0.3278,22.8,2026-09-08T18:05:43Z,ACTIVE,forecast_composite,SIMULATED / PROTOTYPE ALERT
ALT-GRID-00695,REGIONAL_GRID_CELL,"Cell COARSE_C02625 (27.193N, 88.591E)",COARSE_C02625,East Sikkim,27.193,88.591,+12h,0.5872,High,HIGH,0.8644,0.3278,22.8,2026-09-08T18:05:43Z,ACTIVE,forecast_composite,SIMULATED / PROTOTYPE ALERT
ALT-GRID-00696,REGIONAL_GRID_CELL,"Cell COARSE_C02635 (27.193N, 88.601E)",COARSE_C02635,East Sikkim,27.193,88.601,+12h,0.5508,High,HIGH,0.8,0.3278,22.8,2026-09-08T18:05:43Z,ACTIVE,forecast_composite,SIMULATED / PROTOTYPE ALERT
ALT-GRID-00697,REGIONAL_GRID_CELL,"Cell COARSE_C02636 (27.193N, 88.602E)",COARSE_C02636,East Sikkim,27.193,88.602,+12h,0.555,High,HIGH,0.8074,0.3278,22.8,2026-09-08T18:05:43Z,ACTIVE,forecast_composite,SIMULATED / PROTOTYPE ALERT
ALT-GRID-00698,REGIONAL_GRID_CELL,"Cell COARSE_C02639 (27.193N, 88.605E)",COARSE_C02639,East Sikkim,27.193,88.605,+12h,0.5957,High,HIGH,0.8793,0.3278,22.8,2026-09-08T18:05:43Z,ACTIVE,forecast_composite,SIMULATED / PROTOTYPE ALERT
ALT-GRID-00699,REGIONAL_GRID_CELL,"Cell COARSE_C02656 (27.193N, 88.622E)",COARSE_C02656,East Sikkim,27.193,88.622,+12h,0.6226,High,HIGH,0.9269,0.3278,22.8,2026-09-08T18:05:43Z,ACTIVE,forecast_composite,SIMULATED / PROTOTYPE ALERT
ALT-GRID-00700,REGIONAL_GRID_CELL,"Cell COARSE_C02661 (27.193N, 88.627E)",COARSE_C02661,East Sikkim,27.193,88.627,+12h,0.6606,High,HIGH,0.9942,0.3278,22.8,2026-09-08T18:05:43Z,ACTIVE,forecast_composite,SIMULATED / PROTOTYPE ALERT
ALT-GRID-00701,REGIONAL_GRID_CELL,"Cell COARSE_C02841 (27.194N, 88.606E)",COARSE_C02841,East Sikkim,27.194,88.606,+12h,0.5593,High,HIGH,0.815,0.3278,22.8,2026-09-08T18:05:43Z,ACTIVE,forecast_composite,SIMULATED / PROTOTYPE ALERT
ALT-GRID-00702,REGIONAL_GRID_CELL,"Cell COARSE_C02843 (27.194N, 88.608E)",COARSE_C02843,East Sikkim,27.194,88.608,+12h,0.5748,High,HIGH,0.8425,0.3278,22.8,2026-09-08T18:05:43Z,ACTIVE,forecast_composite,SIMULATED / PROTOTYPE ALERT
ALT-GRID-00703,REGIONAL_GRID_CELL,"Cell COARSE_C02845 (27.194N, 88.610E)",COARSE_C02845,East Sikkim,27.194,88.61,+12h,0.6528,High,HIGH,0.9803,0.3278,22.8,2026-09-08T18:05:43Z,ACTIVE,forecast_composite,SIMULATED / PROTOTYPE ALERT
ALT-GRID-00704,REGIONAL_GRID_CELL,"Cell COARSE_C02846 (27.194N, 88.611E)",COARSE_C02846,East Sikkim,27.194,88.611,+12h,0.6512,High,HIGH,0.9775,0.3278,22.8,2026-09-08T18:05:43Z,ACTIVE,forecast_composite,SIMULATED / PROTOTYPE ALERT
ALT-GRID-00705,REGIONAL_GRID_CELL,"Cell COARSE_C02847 (27.194N, 88.612E)",COARSE_C02847,East Sikkim,27.194,88.612,+12h,0.6508,High,HIGH,0.9768,0.3278,22.8,2026-09-08T18:05:43Z,ACTIVE,forecast_composite,SIMULATED / PROTOTYPE ALERT
ALT-GRID-00706,REGIONAL_GRID_CELL,"Cell COARSE_C02851 (27.194N, 88.616E)",COARSE_C02851,East Sikkim,27.194,88.616,+12h,0.5521,High,HIGH,0.8022,0.3278,22.8,2026-09-08T18:05:43Z,ACTIVE,forecast_composite,SIMULATED / PROTOTYPE ALERT
ALT-GRID-00707,REGIONAL_GRID_CELL,"Cell COARSE_C02858 (27.194N, 88.623E)",COARSE_C02858,East Sikkim,27.194,88.623,+12h,0.6614,High,HIGH,0.9956,0.3278,22.8,2026-09-08T18:05:43Z,ACTIVE,forecast_composite,SIMULATED / PROTOTYPE ALERT
ALT-GRID-00708,REGIONAL_GRID_CELL,"Cell COARSE_C02860 (27.194N, 88.625E)",COARSE_C02860,East Sikkim,27.194,88.625,+12h,0.6261,High,HIGH,0.9332,0.3278,22.8,2026-09-08T18:05:43Z,ACTIVE,forecast_composite,SIMULATED / PROTOTYPE ALERT
ALT-GRID-00709,REGIONAL_GRID_CELL,"Cell COARSE_C02870 (27.194N, 88.635E)",COARSE_C02870,East Sikkim,27.194,88.635,+12h,0.6365,High,HIGH,0.9516,0.3278,22.8,2026-09-08T18:05:43Z,ACTIVE,forecast_composite,SIMULATED / PROTOTYPE ALERT
ALT-GRID-00710,REGIONAL_GRID_CELL,"Cell COARSE_C03045 (27.195N, 88.609E)",COARSE_C03045,East Sikkim,27.195,88.609,+12h,0.5755,High,HIGH,0.8436,0.3278,22.8,2026-09-08T18:05:43Z,ACTIVE,forecast_composite,SIMULATED / PROTOTYPE ALERT
ALT-GRID-00711,REGIONAL_GRID_CELL,"Cell COARSE_C03049 (27.195N, 88.613E)",COARSE_C03049,East Sikkim,27.195,88.613,+12h,0.623,High,HIGH,0.9277,0.3278,22.8,2026-09-08T18:05:43Z,ACTIVE,forecast_composite,SIMULATED / PROTOTYPE ALERT
ALT-GRID-00712,REGIONAL_GRID_CELL,"Cell COARSE_C03050 (27.195N, 88.614E)",COARSE_C03050,East Sikkim,27.195,88.614,+12h,0.6182,High,HIGH,0.9191,0.3278,22.8,2026-09-08T18:05:43Z,ACTIVE,forecast_composite,SIMULATED / PROTOTYPE ALERT
ALT-GRID-00713,REGIONAL_GRID_CELL,"Cell COARSE_C03051 (27.195N, 88.615E)",COARSE_C03051,East Sikkim,27.195,88.615,+12h,0.6076,High,HIGH,0.9005,0.3278,22.8,2026-09-08T18:05:43Z,ACTIVE,forecast_composite,SIMULATED / PROTOTYPE ALERT
ALT-GRID-00714,REGIONAL_GRID_CELL,"Cell COARSE_C03056 (27.195N, 88.620E)",COARSE_C03056,East Sikkim,27.195,88.62,+12h,0.6606,High,HIGH,0.9941,0.3278,22.8,2026-09-08T18:05:43Z,ACTIVE,forecast_composite,SIMULATED / PROTOTYPE ALERT
ALT-GRID-00715,REGIONAL_GRID_CELL,"Cell COARSE_C03057 (27.195N, 88.621E)",COARSE_C03057,East Sikkim,27.195,88.621,+12h,0.6595,High,HIGH,0.9922,0.3278,22.8,2026-09-08T18:05:43Z,ACTIVE,forecast_composite,SIMULATED / PROTOTYPE ALERT
ALT-GRID-00716,REGIONAL_GRID_CELL,"Cell COARSE_C03058 (27.195N, 88.622E)",COARSE_C03058,East Sikkim,27.195,88.622,+12h,0.6601,High,HIGH,0.9932,0.3278,22.8,2026-09-08T18:05:43Z,ACTIVE,forecast_composite,SIMULATED / PROTOTYPE ALERT
ALT-GRID-00717,REGIONAL_GRID_CELL,"Cell COARSE_C03061 (27.195N, 88.625E)",COARSE_C03061,East Sikkim,27.195,88.625,+12h,0.6623,High,HIGH,0.9972,0.3278,22.8,2026-09-08T18:05:43Z,ACTIVE,forecast_composite,SIMULATED / PROTOTYPE ALERT
ALT-GRID-00718,REGIONAL_GRID_CELL,"Cell COARSE_C03248 (27.196N, 88.611E)",COARSE_C03248,East Sikkim,27.196,88.611,+12h,0.6607,High,HIGH,0.9943,0.3278,22.8,2026-09-08T18:05:43Z,ACTIVE,forecast_composite,SIMULATED / PROTOTYPE ALERT
ALT-GRID-00719,REGIONAL_GRID_CELL,"Cell COARSE_C03250 (27.196N, 88.613E)",COARSE_C03250,East Sikkim,27.196,88.613,+12h,0.6399,High,HIGH,0.9576,0.3278,22.8,2026-09-08T18:05:43Z,ACTIVE,forecast_composite,SIMULATED / PROTOTYPE ALERT
ALT-GRID-00720,REGIONAL_GRID_CELL,"Cell COARSE_C03251 (27.196N, 88.614E)",COARSE_C03251,East Sikkim,27.196,88.614,+12h,0.6415,High,HIGH,0.9604,0.3278,22.8,2026-09-08T18:05:43Z,ACTIVE,forecast_composite,SIMULATED / PROTOTYPE ALERT
ALT-GRID-00721,REGIONAL_GRID_CELL,"Cell COARSE_C03252 (27.196N, 88.615E)",COARSE_C03252,East Sikkim,27.196,88.615,+12h,0.6607,High,HIGH,0.9943,0.3278,22.8,2026-09-08T18:05:43Z,ACTIVE,forecast_composite,SIMULATED / PROTOTYPE ALERT
ALT-GRID-00722,REGIONAL_GRID_CELL,"Cell COARSE_C03253 (27.196N, 88.616E)",COARSE_C03253,East Sikkim,27.196,88.616,+12h,0.6167,High,HIGH,0.9165,0.3278,22.8,2026-09-08T18:05:43Z,ACTIVE,forecast_composite,SIMULATED / PROTOTYPE ALERT
ALT-GRID-00723,REGIONAL_GRID_CELL,"Cell COARSE_C03254 (27.196N, 88.617E)",COARSE_C03254,East Sikkim,27.196,88.617,+12h,0.6125,High,HIGH,0.9091,0.3278,22.8,2026-09-08T18:05:43Z,ACTIVE,forecast_composite,SIMULATED / PROTOTYPE ALERT
ALT-GRID-00724,REGIONAL_GRID_CELL,"Cell COARSE_C03255 (27.196N, 88.618E)",COARSE_C03255,East Sikkim,27.196,88.618,+12h,0.6376,High,HIGH,0.9534,0.3278,22.8,2026-09-08T18:05:43Z,ACTIVE,forecast_composite,SIMULATED / PROTOTYPE ALERT
ALT-GRID-00725,REGIONAL_GRID_CELL,"Cell COARSE_C03263 (27.196N, 88.626E)",COARSE_C03263,East Sikkim,27.196,88.626,+12h,0.5749,High,HIGH,0.8426,0.3278,22.8,2026-09-08T18:05:43Z,ACTIVE,forecast_composite,SIMULATED / PROTOTYPE ALERT
ALT-GRID-00726,REGIONAL_GRID_CELL,"Cell COARSE_C03264 (27.196N, 88.627E)",COARSE_C03264,East Sikkim,27.196,88.627,+12h,0.5681,High,HIGH,0.8305,0.3278,22.8,2026-09-08T18:05:43Z,ACTIVE,forecast_composite,SIMULATED / PROTOTYPE ALERT
ALT-GRID-00727,REGIONAL_GRID_CELL,"Cell COARSE_C03268 (27.196N, 88.631E)",COARSE_C03268,East Sikkim,27.196,88.631,+12h,0.6619,High,HIGH,0.9965,0.3278,22.8,2026-09-08T18:05:43Z,ACTIVE,forecast_composite,SIMULATED / PROTOTYPE ALERT
ALT-GRID-00728,REGIONAL_GRID_CELL,"Cell COARSE_C03269 (27.196N, 88.632E)",COARSE_C03269,East Sikkim,27.196,88.632,+12h,0.6256,High,HIGH,0.9322,0.3278,22.8,2026-09-08T18:05:43Z,ACTIVE,forecast_composite,SIMULATED / PROTOTYPE ALERT
ALT-GRID-00729,REGIONAL_GRID_CELL,"Cell COARSE_C03270 (27.196N, 88.633E)",COARSE_C03270,East Sikkim,27.196,88.633,+12h,0.6458,High,HIGH,0.9679,0.3278,22.8,2026-09-08T18:05:43Z,ACTIVE,forecast_composite,SIMULATED / PROTOTYPE ALERT
ALT-GRID-00730,REGIONAL_GRID_CELL,"Cell COARSE_C03418 (27.197N, 88.580E)",COARSE_C03418,East Sikkim,27.197,88.58,+12h,0.5833,High,HIGH,0.8574,0.3278,22.8,2026-09-08T18:05:43Z,ACTIVE,forecast_composite,SIMULATED / PROTOTYPE ALERT
ALT-GRID-00731,REGIONAL_GRID_CELL,"Cell COARSE_C03419 (27.197N, 88.581E)",COARSE_C03419,East Sikkim,27.197,88.581,+12h,0.5631,High,HIGH,0.8217,0.3278,22.8,2026-09-08T18:05:43Z,ACTIVE,forecast_composite,SIMULATED / PROTOTYPE ALERT
ALT-GRID-00732,REGIONAL_GRID_CELL,"Cell COARSE_C03422 (27.197N, 88.584E)",COARSE_C03422,East Sikkim,27.197,88.584,+12h,0.6351,High,HIGH,0.949,0.3278,22.8,2026-09-08T18:05:43Z,ACTIVE,forecast_composite,SIMULATED / PROTOTYPE ALERT
ALT-GRID-00733,REGIONAL_GRID_CELL,"Cell COARSE_C03449 (27.197N, 88.611E)",COARSE_C03449,East Sikkim,27.197,88.611,+12h,0.6617,High,HIGH,0.996,0.3278,22.8,2026-09-08T18:05:43Z,ACTIVE,forecast_composite,SIMULATED / PROTOTYPE ALERT
ALT-GRID-00734,REGIONAL_GRID_CELL,"Cell COARSE_C03450 (27.197N, 88.612E)",COARSE_C03450,East Sikkim,27.197,88.612,+12h,0.6607,High,HIGH,0.9943,0.3278,22.8,2026-09-08T18:05:43Z,ACTIVE,forecast_composite,SIMULATED / PROTOTYPE ALERT
ALT-GRID-00735,REGIONAL_GRID_CELL,"Cell COARSE_C03455 (27.197N, 88.617E)",COARSE_C03455,East Sikkim,27.197,88.617,+12h,0.613,High,HIGH,0.9099,0.3278,22.8,2026-09-08T18:05:43Z,ACTIVE,forecast_composite,SIMULATED / PROTOTYPE ALERT
ALT-GRID-00736,REGIONAL_GRID_CELL,"Cell COARSE_C03456 (27.197N, 88.618E)",COARSE_C03456,East Sikkim,27.197,88.618,+12h,0.6123,High,HIGH,0.9087,0.3278,22.8,2026-09-08T18:05:43Z,ACTIVE,forecast_composite,SIMULATED / PROTOTYPE ALERT
ALT-GRID-00737,REGIONAL_GRID_CELL,"Cell COARSE_C03457 (27.197N, 88.619E)",COARSE_C03457,East Sikkim,27.197,88.619,+12h,0.611,High,HIGH,0.9064,0.3278,22.8,2026-09-08T18:05:43Z,ACTIVE,forecast_composite,SIMULATED / PROTOTYPE ALERT
ALT-GRID-00738,REGIONAL_GRID_CELL,"Cell COARSE_C03458 (27.197N, 88.620E)",COARSE_C03458,East Sikkim,27.197,88.62,+12h,0.6195,High,HIGH,0.9215,0.3278,22.8,2026-09-08T18:05:43Z,ACTIVE,forecast_composite,SIMULATED / PROTOTYPE ALERT
ALT-GRID-00739,REGIONAL_GRID_CELL,"Cell COARSE_C03461 (27.197N, 88.623E)",COARSE_C03461,East Sikkim,27.197,88.623,+12h,0.6101,High,HIGH,0.9048,0.3278,22.8,2026-09-08T18:05:43Z,ACTIVE,forecast_composite,SIMULATED / PROTOTYPE ALERT
ALT-GRID-00740,REGIONAL_GRID_CELL,"Cell COARSE_C03462 (27.197N, 88.624E)",COARSE_C03462,East Sikkim,27.197,88.624,+12h,0.6384,High,HIGH,0.9549,0.3278,22.8,2026-09-08T18:05:43Z,ACTIVE,forecast_composite,SIMULATED / PROTOTYPE ALERT
ALT-GRID-00741,REGIONAL_GRID_CELL,"Cell COARSE_C03464 (27.197N, 88.626E)",COARSE_C03464,East Sikkim,27.197,88.626,+12h,0.6083,High,HIGH,0.9017,0.3278,22.8,2026-09-08T18:05:43Z,ACTIVE,forecast_composite,SIMULATED / PROTOTYPE ALERT
ALT-GRID-00742,REGIONAL_GRID_CELL,"Cell COARSE_C03465 (27.197N, 88.627E)",COARSE_C03465,East Sikkim,27.197,88.627,+12h,0.6139,High,HIGH,0.9115,0.3278,22.8,2026-09-08T18:05:43Z,ACTIVE,forecast_composite,SIMULATED / PROTOTYPE ALERT
ALT-GRID-00743,REGIONAL_GRID_CELL,"Cell COARSE_C03469 (27.197N, 88.631E)",COARSE_C03469,East Sikkim,27.197,88.631,+12h,0.6375,High,HIGH,0.9532,0.3278,22.8,2026-09-08T18:05:43Z,ACTIVE,forecast_composite,SIMULATED / PROTOTYPE ALERT
ALT-GRID-00744,REGIONAL_GRID_CELL,"Cell COARSE_C03470 (27.197N, 88.632E)",COARSE_C03470,East Sikkim,27.197,88.632,+12h,0.6075,High,HIGH,0.9002,0.3278,22.8,2026-09-08T18:05:43Z,ACTIVE,forecast_composite,SIMULATED / PROTOTYPE ALERT
ALT-GRID-00745,REGIONAL_GRID_CELL,"Cell COARSE_C03471 (27.197N, 88.633E)",COARSE_C03471,East Sikkim,27.197,88.633,+12h,0.6382,High,HIGH,0.9545,0.3278,22.8,2026-09-08T18:05:43Z,ACTIVE,forecast_composite,SIMULATED / PROTOTYPE ALERT
ALT-GRID-00746,REGIONAL_GRID_CELL,"Cell COARSE_C03619 (27.198N, 88.580E)",COARSE_C03619,East Sikkim,27.198,88.58,+12h,0.5739,High,HIGH,0.8408,0.3278,22.8,2026-09-08T18:05:43Z,ACTIVE,forecast_composite,SIMULATED / PROTOTYPE ALERT
ALT-GRID-00747,REGIONAL_GRID_CELL,"Cell COARSE_C03649 (27.198N, 88.610E)",COARSE_C03649,East Sikkim,27.198,88.61,+12h,0.6619,High,HIGH,0.9965,0.3278,22.8,2026-09-08T18:05:43Z,ACTIVE,forecast_composite,SIMULATED / PROTOTYPE ALERT
ALT-GRID-00748,REGIONAL_GRID_CELL,"Cell COARSE_C03668 (27.198N, 88.629E)",COARSE_C03668,East Sikkim,27.198,88.629,+12h,0.6023,High,HIGH,0.8911,0.3278,22.8,2026-09-08T18:05:43Z,ACTIVE,forecast_composite,SIMULATED / PROTOTYPE ALERT
ALT-GRID-00749,REGIONAL_GRID_CELL,"Cell COARSE_C03669 (27.198N, 88.630E)",COARSE_C03669,East Sikkim,27.198,88.63,+12h,0.6199,High,HIGH,0.9222,0.3278,22.8,2026-09-08T18:05:43Z,ACTIVE,forecast_composite,SIMULATED / PROTOTYPE ALERT
ALT-GRID-00750,REGIONAL_GRID_CELL,"Cell COARSE_C03673 (27.198N, 88.634E)",COARSE_C03673,East Sikkim,27.198,88.634,+12h,0.6337,High,HIGH,0.9465,0.3278,22.8,2026-09-08T18:05:43Z,ACTIVE,forecast_composite,SIMULATED / PROTOTYPE ALERT
ALT-GRID-00751,REGIONAL_GRID_CELL,"Cell COARSE_C03674 (27.198N, 88.635E)",COARSE_C03674,East Sikkim,27.198,88.635,+12h,0.6053,High,HIGH,0.8963,0.3278,22.8,2026-09-08T18:05:43Z,ACTIVE,forecast_composite,SIMULATED / PROTOTYPE ALERT
ALT-GRID-00752,REGIONAL_GRID_CELL,"Cell COARSE_C03820 (27.199N, 88.580E)",COARSE_C03820,East Sikkim,27.199,88.58,+12h,0.5617,High,HIGH,0.8193,0.3278,22.8,2026-09-08T18:05:43Z,ACTIVE,forecast_composite,SIMULATED / PROTOTYPE ALERT
ALT-GRID-00753,REGIONAL_GRID_CELL,"Cell COARSE_C03825 (27.199N, 88.585E)",COARSE_C03825,East Sikkim,27.199,88.585,+12h,0.5674,High,HIGH,0.8294,0.3278,22.8,2026-09-08T18:05:43Z,ACTIVE,forecast_composite,SIMULATED / PROTOTYPE ALERT
ALT-GRID-00754,REGIONAL_GRID_CELL,"Cell COARSE_C03850 (27.199N, 88.610E)",COARSE_C03850,East Sikkim,27.199,88.61,+12h,0.5507,High,HIGH,0.7998,0.3278,22.8,2026-09-08T18:05:43Z,ACTIVE,forecast_composite,SIMULATED / PROTOTYPE ALERT
ALT-GRID-00755,REGIONAL_GRID_CELL,"Cell COARSE_C03876 (27.199N, 88.636E)",COARSE_C03876,East Sikkim,27.199,88.636,+12h,0.6066,High,HIGH,0.8986,0.3278,22.8,2026-09-08T18:05:43Z,ACTIVE,forecast_composite,SIMULATED / PROTOTYPE ALERT
ALT-GRID-00756,REGIONAL_GRID_CELL,"Cell COARSE_C04024 (27.200N, 88.583E)",COARSE_C04024,East Sikkim,27.2,88.583,+12h,0.6427,High,HIGH,0.9631,0.3271,22.5,2026-09-08T18:05:43Z,ACTIVE,forecast_composite,SIMULATED / PROTOTYPE ALERT
ALT-GRID-00757,REGIONAL_GRID_CELL,"Cell COARSE_C04025 (27.200N, 88.584E)",COARSE_C04025,East Sikkim,27.2,88.584,+12h,0.6434,High,HIGH,0.9644,0.3271,22.5,2026-09-08T18:05:43Z,ACTIVE,forecast_composite,SIMULATED / PROTOTYPE ALERT
ALT-GRID-00758,REGIONAL_GRID_CELL,"Cell COARSE_C04027 (27.200N, 88.586E)",COARSE_C04027,East Sikkim,27.2,88.586,+12h,0.5828,High,HIGH,0.8572,0.3271,22.5,2026-09-08T18:05:43Z,ACTIVE,forecast_composite,SIMULATED / PROTOTYPE ALERT
ALT-GRID-00759,REGIONAL_GRID_CELL,"Cell COARSE_C04028 (27.200N, 88.587E)",COARSE_C04028,East Sikkim,27.2,88.587,+12h,0.5614,High,HIGH,0.8193,0.3271,22.5,2026-09-08T18:05:43Z,ACTIVE,forecast_composite,SIMULATED / PROTOTYPE ALERT
ALT-GRID-00760,REGIONAL_GRID_CELL,"Cell COARSE_C04030 (27.200N, 88.589E)",COARSE_C04030,East Sikkim,27.2,88.589,+12h,0.6296,High,HIGH,0.9399,0.3271,22.5,2026-09-08T18:05:43Z,ACTIVE,forecast_composite,SIMULATED / PROTOTYPE ALERT
ALT-GRID-00761,REGIONAL_GRID_CELL,"Cell COARSE_C04036 (27.200N, 88.595E)",COARSE_C04036,East Sikkim,27.2,88.595,+12h,0.5675,High,HIGH,0.8301,0.3271,22.5,2026-09-08T18:05:43Z,ACTIVE,forecast_composite,SIMULATED / PROTOTYPE ALERT
ALT-GRID-00762,REGIONAL_GRID_CELL,"Cell COARSE_C04050 (27.200N, 88.609E)",COARSE_C04050,East Sikkim,27.2,88.609,+12h,0.6539,High,HIGH,0.9955,0.3128,21.6,2026-09-08T18:05:43Z,ACTIVE,forecast_composite,SIMULATED / PROTOTYPE ALERT
ALT-GRID-00763,REGIONAL_GRID_CELL,"Cell COARSE_C04061 (27.200N, 88.620E)",COARSE_C04061,East Sikkim,27.2,88.62,+12h,0.6301,High,HIGH,0.9533,0.3128,21.6,2026-09-08T18:05:43Z,ACTIVE,forecast_composite,SIMULATED / PROTOTYPE ALERT
ALT-GRID-00764,REGIONAL_GRID_CELL,"Cell COARSE_C04083 (27.200N, 88.642E)",COARSE_C04083,East Sikkim,27.2,88.642,+12h,0.5627,High,HIGH,0.8335,0.3128,21.6,2026-09-08T18:05:43Z,ACTIVE,forecast_composite,SIMULATED / PROTOTYPE ALERT
ALT-GRID-00765,REGIONAL_GRID_CELL,"Cell COARSE_C04091 (27.200N, 88.650E)",COARSE_C04091,East Sikkim,27.2,88.65,+12h,0.5697,High,HIGH,0.8459,0.3128,21.6,2026-09-08T18:05:43Z,ACTIVE,forecast_composite,SIMULATED / PROTOTYPE ALERT
ALT-GRID-00766,REGIONAL_GRID_CELL,"Cell COARSE_C04222 (27.201N, 88.580E)",COARSE_C04222,East Sikkim,27.201,88.58,+12h,0.5525,High,HIGH,0.8036,0.3271,22.5,2026-09-08T18:05:43Z,ACTIVE,forecast_composite,SIMULATED / PROTOTYPE ALERT
ALT-GRID-00767,REGIONAL_GRID_CELL,"Cell COARSE_C04230 (27.201N, 88.588E)",COARSE_C04230,East Sikkim,27.201,88.588,+12h,0.5742,High,HIGH,0.842,0.3271,22.5,2026-09-08T18:05:43Z,ACTIVE,forecast_composite,SIMULATED / PROTOTYPE ALERT
ALT-GRID-00768,REGIONAL_GRID_CELL,"Cell COARSE_C04249 (27.201N, 88.607E)",COARSE_C04249,East Sikkim,27.201,88.607,+12h,0.6537,High,HIGH,0.9952,0.3128,21.6,2026-09-08T18:05:43Z,ACTIVE,forecast_composite,SIMULATED / PROTOTYPE ALERT
ALT-GRID-00769,REGIONAL_GRID_CELL,"Cell COARSE_C04285 (27.201N, 88.643E)",COARSE_C04285,East Sikkim,27.201,88.643,+12h,0.5681,High,HIGH,0.8431,0.3128,21.6,2026-09-08T18:05:43Z,ACTIVE,forecast_composite,SIMULATED / PROTOTYPE ALERT
ALT-GRID-00770,REGIONAL_GRID_CELL,"Cell COARSE_C04290 (27.201N, 88.648E)",COARSE_C04290,East Sikkim,27.201,88.648,+12h,0.5532,High,HIGH,0.8166,0.3128,21.6,2026-09-08T18:05:43Z,ACTIVE,forecast_composite,SIMULATED / PROTOTYPE ALERT
ALT-GRID-00771,REGIONAL_GRID_CELL,"Cell COARSE_C04423 (27.202N, 88.580E)",COARSE_C04423,East Sikkim,27.202,88.58,+12h,0.5655,High,HIGH,0.8266,0.3271,22.5,2026-09-08T18:05:43Z,ACTIVE,forecast_composite,SIMULATED / PROTOTYPE ALERT
ALT-GRID-00772,REGIONAL_GRID_CELL,"Cell COARSE_C04438 (27.202N, 88.595E)",COARSE_C04438,East Sikkim,27.202,88.595,+12h,0.5695,High,HIGH,0.8336,0.3271,22.5,2026-09-08T18:05:43Z,ACTIVE,forecast_composite,SIMULATED / PROTOTYPE ALERT
ALT-GRID-00773,REGIONAL_GRID_CELL,"Cell COARSE_C04450 (27.202N, 88.607E)",COARSE_C04450,East Sikkim,27.202,88.607,+12h,0.654,High,HIGH,0.9958,0.3128,21.6,2026-09-08T18:05:43Z,ACTIVE,forecast_composite,SIMULATED / PROTOTYPE ALERT
ALT-GRID-00774,REGIONAL_GRID_CELL,"Cell COARSE_C04476 (27.202N, 88.633E)",COARSE_C04476,East Sikkim,27.202,88.633,+12h,0.5967,High,HIGH,0.8939,0.3128,21.6,2026-09-08T18:05:43Z,ACTIVE,forecast_composite,SIMULATED / PROTOTYPE ALERT
ALT-GRID-00775,REGIONAL_GRID_CELL,"Cell COARSE_C04483 (27.202N, 88.640E)",COARSE_C04483,East Sikkim,27.202,88.64,+12h,0.5795,High,HIGH,0.8634,0.3128,21.6,2026-09-08T18:05:43Z,ACTIVE,forecast_composite,SIMULATED / PROTOTYPE ALERT
ALT-GRID-00776,REGIONAL_GRID_CELL,"Cell COARSE_C04486 (27.202N, 88.643E)",COARSE_C04486,East Sikkim,27.202,88.643,+12h,0.5666,High,HIGH,0.8404,0.3128,21.6,2026-09-08T18:05:43Z,ACTIVE,forecast_composite,SIMULATED / PROTOTYPE ALERT
ALT-GRID-00777,REGIONAL_GRID_CELL,"Cell COARSE_C04491 (27.202N, 88.648E)",COARSE_C04491,East Sikkim,27.202,88.648,+12h,0.5532,High,HIGH,0.8165,0.3128,21.6,2026-09-08T18:05:43Z,ACTIVE,forecast_composite,SIMULATED / PROTOTYPE ALERT
ALT-GRID-00778,REGIONAL_GRID_CELL,"Cell COARSE_C04639 (27.203N, 88.595E)",COARSE_C04639,East Sikkim,27.203,88.595,+12h,0.6084,High,HIGH,0.9024,0.3271,22.5,2026-09-08T18:05:43Z,ACTIVE,forecast_composite,SIMULATED / PROTOTYPE ALERT
ALT-GRID-00779,REGIONAL_GRID_CELL,"Cell COARSE_C04653 (27.203N, 88.609E)",COARSE_C04653,East Sikkim,27.203,88.609,+12h,0.6297,High,HIGH,0.9526,0.3128,21.6,2026-09-08T18:05:43Z,ACTIVE,forecast_composite,SIMULATED / PROTOTYPE ALERT
ALT-GRID-00780,REGIONAL_GRID_CELL,"Cell COARSE_C04685 (27.203N, 88.641E)",COARSE_C04685,East Sikkim,27.203,88.641,+12h,0.6023,High,HIGH,0.9038,0.3128,21.6,2026-09-08T18:05:43Z,ACTIVE,forecast_composite,SIMULATED / PROTOTYPE ALERT
ALT-GRID-00781,REGIONAL_GRID_CELL,"Cell COARSE_C04687 (27.203N, 88.643E)",COARSE_C04687,East Sikkim,27.203,88.643,+12h,0.5695,High,HIGH,0.8455,0.3128,21.6,2026-09-08T18:05:43Z,ACTIVE,forecast_composite,SIMULATED / PROTOTYPE ALERT
ALT-GRID-00782,REGIONAL_GRID_CELL,"Cell COARSE_C04688 (27.203N, 88.644E)",COARSE_C04688,East Sikkim,27.203,88.644,+12h,0.5866,High,HIGH,0.876,0.3128,21.6,2026-09-08T18:05:43Z,ACTIVE,forecast_composite,SIMULATED / PROTOTYPE ALERT
ALT-GRID-00783,REGIONAL_GRID_CELL,"Cell COARSE_C04689 (27.203N, 88.645E)",COARSE_C04689,East Sikkim,27.203,88.645,+12h,0.5743,High,HIGH,0.8541,0.3128,21.6,2026-09-08T18:05:43Z,ACTIVE,forecast_composite,SIMULATED / PROTOTYPE ALERT
ALT-GRID-00784,REGIONAL_GRID_CELL,"Cell COARSE_C04690 (27.203N, 88.646E)",COARSE_C04690,East Sikkim,27.203,88.646,+12h,0.5814,High,HIGH,0.8667,0.3128,21.6,2026-09-08T18:05:43Z,ACTIVE,forecast_composite,SIMULATED / PROTOTYPE ALERT
ALT-GRID-00785,REGIONAL_GRID_CELL,"Cell COARSE_C04691 (27.203N, 88.647E)",COARSE_C04691,East Sikkim,27.203,88.647,+12h,0.5577,High,HIGH,0.8245,0.3128,21.6,2026-09-08T18:05:43Z,ACTIVE,forecast_composite,SIMULATED / PROTOTYPE ALERT
ALT-GRID-00786,REGIONAL_GRID_CELL,"Cell COARSE_C04692 (27.203N, 88.648E)",COARSE_C04692,East Sikkim,27.203,88.648,+12h,0.6422,High,HIGH,0.9748,0.3128,21.6,2026-09-08T18:05:43Z,ACTIVE,forecast_composite,SIMULATED / PROTOTYPE ALERT
ALT-GRID-00787,REGIONAL_GRID_CELL,"Cell COARSE_C04846 (27.204N, 88.601E)",COARSE_C04846,East Sikkim,27.204,88.601,+12h,0.6524,High,HIGH,0.9929,0.3128,21.6,2026-09-08T18:05:43Z,ACTIVE,forecast_composite,SIMULATED / PROTOTYPE ALERT
ALT-GRID-00788,REGIONAL_GRID_CELL,"Cell COARSE_C04849 (27.204N, 88.604E)",COARSE_C04849,East Sikkim,27.204,88.604,+12h,0.6534,High,HIGH,0.9947,0.3128,21.6,2026-09-08T18:05:43Z,ACTIVE,forecast_composite,SIMULATED / PROTOTYPE ALERT
ALT-GRID-00789,REGIONAL_GRID_CELL,"Cell COARSE_C04887 (27.204N, 88.642E)",COARSE_C04887,East Sikkim,27.204,88.642,+12h,0.6208,High,HIGH,0.9367,0.3128,21.6,2026-09-08T18:05:43Z,ACTIVE,forecast_composite,SIMULATED / PROTOTYPE ALERT
ALT-GRID-00790,REGIONAL_GRID_CELL,"Cell COARSE_C04889 (27.204N, 88.644E)",COARSE_C04889,East Sikkim,27.204,88.644,+12h,0.5627,High,HIGH,0.8335,0.3128,21.6,2026-09-08T18:05:43Z,ACTIVE,forecast_composite,SIMULATED / PROTOTYPE ALERT
ALT-GRID-00791,REGIONAL_GRID_CELL,"Cell COARSE_C04890 (27.204N, 88.645E)",COARSE_C04890,East Sikkim,27.204,88.645,+12h,0.5847,High,HIGH,0.8725,0.3128,21.6,2026-09-08T18:05:43Z,ACTIVE,forecast_composite,SIMULATED / PROTOTYPE ALERT
ALT-GRID-00792,REGIONAL_GRID_CELL,"Cell COARSE_C04891 (27.204N, 88.646E)",COARSE_C04891,East Sikkim,27.204,88.646,+12h,0.5979,High,HIGH,0.8961,0.3128,21.6,2026-09-08T18:05:43Z,ACTIVE,forecast_composite,SIMULATED / PROTOTYPE ALERT
ALT-GRID-00793,REGIONAL_GRID_CELL,"Cell COARSE_C04892 (27.204N, 88.647E)",COARSE_C04892,East Sikkim,27.204,88.647,+12h,0.6085,High,HIGH,0.9148,0.3128,21.6,2026-09-08T18:05:43Z,ACTIVE,forecast_composite,SIMULATED / PROTOTYPE ALERT
ALT-GRID-00794,REGIONAL_GRID_CELL,"Cell COARSE_C04893 (27.204N, 88.648E)",COARSE_C04893,East Sikkim,27.204,88.648,+12h,0.5702,High,HIGH,0.8468,0.3128,21.6,2026-09-08T18:05:43Z,ACTIVE,forecast_composite,SIMULATED / PROTOTYPE ALERT
ALT-GRID-00795,REGIONAL_GRID_CELL,"Cell COARSE_C04894 (27.204N, 88.649E)",COARSE_C04894,East Sikkim,27.204,88.649,+12h,0.5633,High,HIGH,0.8345,0.3128,21.6,2026-09-08T18:05:43Z,ACTIVE,forecast_composite,SIMULATED / PROTOTYPE ALERT
ALT-GRID-00796,REGIONAL_GRID_CELL,"Cell COARSE_C04895 (27.204N, 88.650E)",COARSE_C04895,East Sikkim,27.204,88.65,+12h,0.5513,High,HIGH,0.8132,0.3128,21.6,2026-09-08T18:05:43Z,ACTIVE,forecast_composite,SIMULATED / PROTOTYPE ALERT
ALT-GRID-00797,REGIONAL_GRID_CELL,"Cell COARSE_C05028 (27.205N, 88.582E)",COARSE_C05028,East Sikkim,27.205,88.582,+12h,0.6366,High,HIGH,0.9524,0.3271,22.5,2026-09-08T18:05:43Z,ACTIVE,forecast_composite,SIMULATED / PROTOTYPE ALERT
ALT-GRID-00798,REGIONAL_GRID_CELL,"Cell COARSE_C05048 (27.205N, 88.602E)",COARSE_C05048,East Sikkim,27.205,88.602,+12h,0.6511,High,HIGH,0.9906,0.3128,21.6,2026-09-08T18:05:43Z,ACTIVE,forecast_composite,SIMULATED / PROTOTYPE ALERT
ALT-GRID-00799,REGIONAL_GRID_CELL,"Cell COARSE_C05088 (27.205N, 88.642E)",COARSE_C05088,East Sikkim,27.205,88.642,+12h,0.6243,High,HIGH,0.9429,0.3128,21.6,2026-09-08T18:05:43Z,ACTIVE,forecast_composite,SIMULATED / PROTOTYPE ALERT
ALT-GRID-00800,REGIONAL_GRID_CELL,"Cell COARSE_C05089 (27.205N, 88.643E)",COARSE_C05089,East Sikkim,27.205,88.643,+12h,0.5852,High,HIGH,0.8735,0.3128,21.6,2026-09-08T18:05:43Z,ACTIVE,forecast_composite,SIMULATED / PROTOTYPE ALERT
ALT-GRID-00801,REGIONAL_GRID_CELL,"Cell COARSE_C05092 (27.205N, 88.646E)",COARSE_C05092,East Sikkim,27.205,88.646,+12h,0.5876,High,HIGH,0.8778,0.3128,21.6,2026-09-08T18:05:43Z,ACTIVE,forecast_composite,SIMULATED / PROTOTYPE ALERT
ALT-GRID-00802,REGIONAL_GRID_CELL,"Cell COARSE_C05093 (27.205N, 88.647E)",COARSE_C05093,East Sikkim,27.205,88.647,+12h,0.5785,High,HIGH,0.8615,0.3128,21.6,2026-09-08T18:05:43Z,ACTIVE,forecast_composite,SIMULATED / PROTOTYPE ALERT
ALT-GRID-00803,REGIONAL_GRID_CELL,"Cell COARSE_C05095 (27.205N, 88.649E)",COARSE_C05095,East Sikkim,27.205,88.649,+12h,0.5737,High,HIGH,0.8531,0.3128,21.6,2026-09-08T18:05:43Z,ACTIVE,forecast_composite,SIMULATED / PROTOTYPE ALERT
ALT-GRID-00804,REGIONAL_GRID_CELL,"Cell COARSE_C05096 (27.205N, 88.650E)",COARSE_C05096,East Sikkim,27.205,88.65,+12h,0.5874,High,HIGH,0.8774,0.3128,21.6,2026-09-08T18:05:43Z,ACTIVE,forecast_composite,SIMULATED / PROTOTYPE ALERT
ALT-GRID-00805,REGIONAL_GRID_CELL,"Cell COARSE_C05241 (27.206N, 88.594E)",COARSE_C05241,East Sikkim,27.206,88.594,+12h,0.5645,High,HIGH,0.8248,0.3271,22.5,2026-09-08T18:05:43Z,ACTIVE,forecast_composite,SIMULATED / PROTOTYPE ALERT
ALT-GRID-00806,REGIONAL_GRID_CELL,"Cell COARSE_C05255 (27.206N, 88.608E)",COARSE_C05255,Pakyong,27.206,88.608,+12h,0.6544,High,HIGH,0.9964,0.3128,21.6,2026-09-08T18:05:43Z,ACTIVE,forecast_composite,SIMULATED / PROTOTYPE ALERT
ALT-GRID-00807,REGIONAL_GRID_CELL,"Cell COARSE_C05257 (27.206N, 88.610E)",COARSE_C05257,Pakyong,27.206,88.61,+12h,0.6548,High,HIGH,0.9971,0.3128,21.6,2026-09-08T18:05:43Z,ACTIVE,forecast_composite,SIMULATED / PROTOTYPE ALERT
ALT-GRID-00808,REGIONAL_GRID_CELL,"Cell COARSE_C05291 (27.206N, 88.644E)",COARSE_C05291,East Sikkim,27.206,88.644,+12h,0.6263,High,HIGH,0.9465,0.3128,21.6,2026-09-08T18:05:43Z,ACTIVE,forecast_composite,SIMULATED / PROTOTYPE ALERT
ALT-GRID-00809,REGIONAL_GRID_CELL,"Cell COARSE_C05294 (27.206N, 88.647E)",COARSE_C05294,East Sikkim,27.206,88.647,+12h,0.5573,High,HIGH,0.8239,0.3128,21.6,2026-09-08T18:05:43Z,ACTIVE,forecast_composite,SIMULATED / PROTOTYPE ALERT
ALT-GRID-00810,REGIONAL_GRID_CELL,"Cell COARSE_C05295 (27.206N, 88.648E)",COARSE_C05295,East Sikkim,27.206,88.648,+12h,0.595,High,HIGH,0.8908,0.3128,21.6,2026-09-08T18:05:43Z,ACTIVE,forecast_composite,SIMULATED / PROTOTYPE ALERT
ALT-GRID-00811,REGIONAL_GRID_CELL,"Cell COARSE_C05297 (27.206N, 88.650E)",COARSE_C05297,East Sikkim,27.206,88.65,+12h,0.5821,High,HIGH,0.868,0.3128,21.6,2026-09-08T18:05:43Z,ACTIVE,forecast_composite,SIMULATED / PROTOTYPE ALERT
ALT-GRID-00812,REGIONAL_GRID_CELL,"Cell COARSE_C05441 (27.207N, 88.593E)",COARSE_C05441,East Sikkim,27.207,88.593,+12h,0.5543,High,HIGH,0.8067,0.3271,22.5,2026-09-08T18:05:43Z,ACTIVE,forecast_composite,SIMULATED / PROTOTYPE ALERT
ALT-GRID-00813,REGIONAL_GRID_CELL,"Cell COARSE_C05442 (27.207N, 88.594E)",COARSE_C05442,East Sikkim,27.207,88.594,+12h,0.5571,High,HIGH,0.8118,0.3271,22.5,2026-09-08T18:05:43Z,ACTIVE,forecast_composite,SIMULATED / PROTOTYPE ALERT
ALT-GRID-00814,REGIONAL_GRID_CELL,"Cell COARSE_C05452 (27.207N, 88.604E)",COARSE_C05452,East Sikkim,27.207,88.604,+12h,0.6533,High,HIGH,0.9946,0.3128,21.6,2026-09-08T18:05:43Z,ACTIVE,forecast_composite,SIMULATED / PROTOTYPE ALERT
ALT-GRID-00815,REGIONAL_GRID_CELL,"Cell COARSE_C05458 (27.207N, 88.610E)",COARSE_C05458,Pakyong,27.207,88.61,+12h,0.6323,High,HIGH,0.9572,0.3128,21.6,2026-09-08T18:05:43Z,ACTIVE,forecast_composite,SIMULATED / PROTOTYPE ALERT
ALT-GRID-00816,REGIONAL_GRID_CELL,"Cell COARSE_C05491 (27.207N, 88.643E)",COARSE_C05491,East Sikkim,27.207,88.643,+12h,0.5915,High,HIGH,0.8847,0.3128,21.6,2026-09-08T18:05:43Z,ACTIVE,forecast_composite,SIMULATED / PROTOTYPE ALERT
ALT-GRID-00817,REGIONAL_GRID_CELL,"Cell COARSE_C05492 (27.207N, 88.644E)",COARSE_C05492,East Sikkim,27.207,88.644,+12h,0.5759,High,HIGH,0.857,0.3128,21.6,2026-09-08T18:05:43Z,ACTIVE,forecast_composite,SIMULATED / PROTOTYPE ALERT
ALT-GRID-00818,REGIONAL_GRID_CELL,"Cell COARSE_C05496 (27.207N, 88.648E)",COARSE_C05496,East Sikkim,27.207,88.648,+12h,0.5883,High,HIGH,0.879,0.3128,21.6,2026-09-08T18:05:43Z,ACTIVE,forecast_composite,SIMULATED / PROTOTYPE ALERT
ALT-GRID-00819,REGIONAL_GRID_CELL,"Cell COARSE_C05497 (27.207N, 88.649E)",COARSE_C05497,East Sikkim,27.207,88.649,+12h,0.5785,High,HIGH,0.8615,0.3128,21.6,2026-09-08T18:05:43Z,ACTIVE,forecast_composite,SIMULATED / PROTOTYPE ALERT
ALT-GRID-00820,REGIONAL_GRID_CELL,"Cell COARSE_C05498 (27.207N, 88.650E)",COARSE_C05498,East Sikkim,27.207,88.65,+12h,0.583,High,HIGH,0.8696,0.3128,21.6,2026-09-08T18:05:43Z,ACTIVE,forecast_composite,SIMULATED / PROTOTYPE ALERT
ALT-GRID-00821,REGIONAL_GRID_CELL,"Cell COARSE_C05654 (27.208N, 88.605E)",COARSE_C05654,East Sikkim,27.208,88.605,+12h,0.6529,High,HIGH,0.9938,0.3128,21.6,2026-09-08T18:05:43Z,ACTIVE,forecast_composite,SIMULATED / PROTOTYPE ALERT
ALT-GRID-00822,REGIONAL_GRID_CELL,"Cell COARSE_C05655 (27.208N, 88.606E)",COARSE_C05655,Pakyong,27.208,88.606,+12h,0.6527,High,HIGH,0.9934,0.3128,21.6,2026-09-08T18:05:43Z,ACTIVE,forecast_composite,SIMULATED / PROTOTYPE ALERT
ALT-GRID-00823,REGIONAL_GRID_CELL,"Cell COARSE_C05674 (27.208N, 88.625E)",COARSE_C05674,East Sikkim,27.208,88.625,+12h,0.5788,High,HIGH,0.862,0.3128,21.6,2026-09-08T18:05:43Z,ACTIVE,forecast_composite,SIMULATED / PROTOTYPE ALERT
ALT-GRID-00824,REGIONAL_GRID_CELL,"Cell COARSE_C05693 (27.208N, 88.644E)",COARSE_C05693,East Sikkim,27.208,88.644,+12h,0.5849,High,HIGH,0.873,0.3128,21.6,2026-09-08T18:05:43Z,ACTIVE,forecast_composite,SIMULATED / PROTOTYPE ALERT
ALT-GRID-00825,REGIONAL_GRID_CELL,"Cell COARSE_C05694 (27.208N, 88.645E)",COARSE_C05694,East Sikkim,27.208,88.645,+12h,0.5512,High,HIGH,0.8131,0.3128,21.6,2026-09-08T18:05:43Z,ACTIVE,forecast_composite,SIMULATED / PROTOTYPE ALERT
ALT-GRID-00826,REGIONAL_GRID_CELL,"Cell COARSE_C05843 (27.209N, 88.593E)",COARSE_C05843,East Sikkim,27.209,88.593,+12h,0.6303,High,HIGH,0.9411,0.3271,22.5,2026-09-08T18:05:43Z,ACTIVE,forecast_composite,SIMULATED / PROTOTYPE ALERT
ALT-GRID-00827,REGIONAL_GRID_CELL,"Cell COARSE_C05877 (27.209N, 88.627E)",COARSE_C05877,East Sikkim,27.209,88.627,+12h,0.6016,High,HIGH,0.9027,0.3128,21.6,2026-09-08T18:05:43Z,ACTIVE,forecast_composite,SIMULATED / PROTOTYPE ALERT
ALT-GRID-00828,REGIONAL_GRID_CELL,"Cell COARSE_C05892 (27.209N, 88.642E)",COARSE_C05892,East Sikkim,27.209,88.642,+12h,0.5533,High,HIGH,0.8168,0.3128,21.6,2026-09-08T18:05:43Z,ACTIVE,forecast_composite,SIMULATED / PROTOTYPE ALERT
ALT-GRID-00829,REGIONAL_GRID_CELL,"Cell COARSE_C05893 (27.209N, 88.643E)",COARSE_C05893,East Sikkim,27.209,88.643,+12h,0.5876,High,HIGH,0.8777,0.3128,21.6,2026-09-08T18:05:43Z,ACTIVE,forecast_composite,SIMULATED / PROTOTYPE ALERT
ALT-GRID-00830,REGIONAL_GRID_CELL,"Cell COARSE_C05894 (27.209N, 88.644E)",COARSE_C05894,East Sikkim,27.209,88.644,+12h,0.5507,High,HIGH,0.8122,0.3128,21.6,2026-09-08T18:05:43Z,ACTIVE,forecast_composite,SIMULATED / PROTOTYPE ALERT
ALT-GRID-00831,REGIONAL_GRID_CELL,"Cell COARSE_C05895 (27.209N, 88.645E)",COARSE_C05895,East Sikkim,27.209,88.645,+12h,0.5818,High,HIGH,0.8675,0.3128,21.6,2026-09-08T18:05:43Z,ACTIVE,forecast_composite,SIMULATED / PROTOTYPE ALERT
ALT-GRID-00832,REGIONAL_GRID_CELL,"Cell COARSE_C05897 (27.209N, 88.647E)",COARSE_C05897,East Sikkim,27.209,88.647,+12h,0.6368,High,HIGH,0.9652,0.3128,21.6,2026-09-08T18:05:43Z,ACTIVE,forecast_composite,SIMULATED / PROTOTYPE ALERT
ALT-GRID-00833,REGIONAL_GRID_CELL,"Cell COARSE_C06058 (27.210N, 88.607E)",COARSE_C06058,Pakyong,27.21,88.607,+12h,0.6539,High,HIGH,0.9955,0.3128,21.6,2026-09-08T18:05:43Z,ACTIVE,forecast_composite,SIMULATED / PROTOTYPE ALERT
ALT-GRID-00834,REGIONAL_GRID_CELL,"Cell COARSE_C06076 (27.210N, 88.625E)",COARSE_C06076,East Sikkim,27.21,88.625,+12h,0.5793,High,HIGH,0.8629,0.3128,21.6,2026-09-08T18:05:43Z,ACTIVE,forecast_composite,SIMULATED / PROTOTYPE ALERT
ALT-GRID-00835,REGIONAL_GRID_CELL,"Cell COARSE_C06079 (27.210N, 88.628E)",COARSE_C06079,East Sikkim,27.21,88.628,+12h,0.5892,High,HIGH,0.8806,0.3128,21.6,2026-09-08T18:05:43Z,ACTIVE,forecast_composite,SIMULATED / PROTOTYPE ALERT
ALT-GRID-00836,REGIONAL_GRID_CELL,"Cell COARSE_C06096 (27.210N, 88.645E)",COARSE_C06096,East Sikkim,27.21,88.645,+12h,0.5674,High,HIGH,0.8419,0.3128,21.6,2026-09-08T18:05:43Z,ACTIVE,forecast_composite,SIMULATED / PROTOTYPE ALERT
ALT-GRID-00837,REGIONAL_GRID_CELL,"Cell COARSE_C06097 (27.210N, 88.646E)",COARSE_C06097,East Sikkim,27.21,88.646,+12h,0.5946,High,HIGH,0.8902,0.3128,21.6,2026-09-08T18:05:43Z,ACTIVE,forecast_composite,SIMULATED / PROTOTYPE ALERT
ALT-GRID-00838,REGIONAL_GRID_CELL,"Cell COARSE_C06098 (27.210N, 88.647E)",COARSE_C06098,East Sikkim,27.21,88.647,+12h,0.5555,High,HIGH,0.8207,0.3128,21.6,2026-09-08T18:05:43Z,ACTIVE,forecast_composite,SIMULATED / PROTOTYPE ALERT
ALT-GRID-00839,REGIONAL_GRID_CELL,"Cell COARSE_C06101 (27.210N, 88.650E)",COARSE_C06101,East Sikkim,27.21,88.65,+12h,0.6364,High,HIGH,0.9644,0.3128,21.6,2026-09-08T18:05:43Z,ACTIVE,forecast_composite,SIMULATED / PROTOTYPE ALERT
ALT-GRID-00840,REGIONAL_GRID_CELL,"Cell COARSE_C06240 (27.211N, 88.588E)",COARSE_C06240,East Sikkim,27.211,88.588,+12h,0.5525,High,HIGH,0.8035,0.3271,22.5,2026-09-08T18:05:43Z,ACTIVE,forecast_composite,SIMULATED / PROTOTYPE ALERT
ALT-GRID-00841,REGIONAL_GRID_CELL,"Cell COARSE_C06260 (27.211N, 88.608E)",COARSE_C06260,Pakyong,27.211,88.608,+12h,0.6523,High,HIGH,0.9927,0.3128,21.6,2026-09-08T18:05:43Z,ACTIVE,forecast_composite,SIMULATED / PROTOTYPE ALERT
ALT-GRID-00842,REGIONAL_GRID_CELL,"Cell COARSE_C06277 (27.211N, 88.625E)",COARSE_C06277,East Sikkim,27.211,88.625,+12h,0.5742,High,HIGH,0.8539,0.3128,21.6,2026-09-08T18:05:43Z,ACTIVE,forecast_composite,SIMULATED / PROTOTYPE ALERT
ALT-GRID-00843,REGIONAL_GRID_CELL,"Cell COARSE_C06296 (27.211N, 88.644E)",COARSE_C06296,East Sikkim,27.211,88.644,+12h,0.5535,High,HIGH,0.8172,0.3128,21.6,2026-09-08T18:05:43Z,ACTIVE,forecast_composite,SIMULATED / PROTOTYPE ALERT
ALT-GRID-00844,REGIONAL_GRID_CELL,"Cell COARSE_C06297 (27.211N, 88.645E)",COARSE_C06297,East Sikkim,27.211,88.645,+12h,0.5575,High,HIGH,0.8243,0.3128,21.6,2026-09-08T18:05:43Z,ACTIVE,forecast_composite,SIMULATED / PROTOTYPE ALERT
ALT-GRID-00845,REGIONAL_GRID_CELL,"Cell COARSE_C06298 (27.211N, 88.646E)",COARSE_C06298,East Sikkim,27.211,88.646,+12h,0.5668,High,HIGH,0.8408,0.3128,21.6,2026-09-08T18:05:43Z,ACTIVE,forecast_composite,SIMULATED / PROTOTYPE ALERT
ALT-GRID-00846,REGIONAL_GRID_CELL,"Cell COARSE_C06299 (27.211N, 88.647E)",COARSE_C06299,East Sikkim,27.211,88.647,+12h,0.5902,High,HIGH,0.8824,0.3128,21.6,2026-09-08T18:05:43Z,ACTIVE,forecast_composite,SIMULATED / PROTOTYPE ALERT
ALT-GRID-00847,REGIONAL_GRID_CELL,"Cell COARSE_C06300 (27.211N, 88.648E)",COARSE_C06300,East Sikkim,27.211,88.648,+12h,0.5817,High,HIGH,0.8672,0.3128,21.6,2026-09-08T18:05:43Z,ACTIVE,forecast_composite,SIMULATED / PROTOTYPE ALERT
ALT-GRID-00848,REGIONAL_GRID_CELL,"Cell COARSE_C06302 (27.211N, 88.650E)",COARSE_C06302,East Sikkim,27.211,88.65,+12h,0.5741,High,HIGH,0.8537,0.3128,21.6,2026-09-08T18:05:43Z,ACTIVE,forecast_composite,SIMULATED / PROTOTYPE ALERT
ALT-GRID-00849,REGIONAL_GRID_CELL,"Cell COARSE_C06433 (27.212N, 88.580E)",COARSE_C06433,East Sikkim,27.212,88.58,+12h,0.5642,High,HIGH,0.8243,0.3271,22.5,2026-09-08T18:05:43Z,ACTIVE,forecast_composite,SIMULATED / PROTOTYPE ALERT
ALT-GRID-00850,REGIONAL_GRID_CELL,"Cell COARSE_C06441 (27.212N, 88.588E)",COARSE_C06441,East Sikkim,27.212,88.588,+12h,0.5716,High,HIGH,0.8373,0.3271,22.5,2026-09-08T18:05:43Z,ACTIVE,forecast_composite,SIMULATED / PROTOTYPE ALERT
ALT-GRID-00851,REGIONAL_GRID_CELL,"Cell COARSE_C06455 (27.212N, 88.602E)",COARSE_C06455,Pakyong,27.212,88.602,+12h,0.6095,High,HIGH,0.9166,0.3128,21.6,2026-09-08T18:05:43Z,ACTIVE,forecast_composite,SIMULATED / PROTOTYPE ALERT
ALT-GRID-00852,REGIONAL_GRID_CELL,"Cell COARSE_C06458 (27.212N, 88.605E)",COARSE_C06458,Pakyong,27.212,88.605,+12h,0.6533,High,HIGH,0.9946,0.3128,21.6,2026-09-08T18:05:43Z,ACTIVE,forecast_composite,SIMULATED / PROTOTYPE ALERT
ALT-GRID-00853,REGIONAL_GRID_CELL,"Cell COARSE_C06461 (27.212N, 88.608E)",COARSE_C06461,Pakyong,27.212,88.608,+12h,0.6532,High,HIGH,0.9943,0.3128,21.6,2026-09-08T18:05:43Z,ACTIVE,forecast_composite,SIMULATED / PROTOTYPE ALERT
ALT-GRID-00854,REGIONAL_GRID_CELL,"Cell COARSE_C06499 (27.212N, 88.646E)",COARSE_C06499,East Sikkim,27.212,88.646,+12h,0.5592,High,HIGH,0.8272,0.3128,21.6,2026-09-08T18:05:43Z,ACTIVE,forecast_composite,SIMULATED / PROTOTYPE ALERT
ALT-GRID-00855,REGIONAL_GRID_CELL,"Cell COARSE_C06501 (27.212N, 88.648E)",COARSE_C06501,East Sikkim,27.212,88.648,+12h,0.5624,High,HIGH,0.8329,0.3128,21.6,2026-09-08T18:05:43Z,ACTIVE,forecast_composite,SIMULATED / PROTOTYPE ALERT
ALT-GRID-00856,REGIONAL_GRID_CELL,"Cell COARSE_C06502 (27.212N, 88.649E)",COARSE_C06502,East Sikkim,27.212,88.649,+12h,0.5692,High,HIGH,0.845,0.3128,21.6,2026-09-08T18:05:43Z,ACTIVE,forecast_composite,SIMULATED / PROTOTYPE ALERT
ALT-GRID-00857,REGIONAL_GRID_CELL,"Cell COARSE_C06503 (27.212N, 88.650E)",COARSE_C06503,East Sikkim,27.212,88.65,+12h,0.5929,High,HIGH,0.8872,0.3128,21.6,2026-09-08T18:05:43Z,ACTIVE,forecast_composite,SIMULATED / PROTOTYPE ALERT
ALT-GRID-00858,REGIONAL_GRID_CELL,"Cell COARSE_C06634 (27.213N, 88.580E)",COARSE_C06634,East Sikkim,27.213,88.58,+12h,0.5866,High,HIGH,0.8639,0.3271,22.5,2026-09-08T18:05:43Z,ACTIVE,forecast_composite,SIMULATED / PROTOTYPE ALERT
ALT-GRID-00859,REGIONAL_GRID_CELL,"Cell COARSE_C06635 (27.213N, 88.581E)",COARSE_C06635,East Sikkim,27.213,88.581,+12h,0.5539,High,HIGH,0.806,0.3271,22.5,2026-09-08T18:05:43Z,ACTIVE,forecast_composite,SIMULATED / PROTOTYPE ALERT
ALT-GRID-00860,REGIONAL_GRID_CELL,"Cell COARSE_C06639 (27.213N, 88.585E)",COARSE_C06639,East Sikkim,27.213,88.585,+12h,0.57,High,HIGH,0.8345,0.3271,22.5,2026-09-08T18:05:43Z,ACTIVE,forecast_composite,SIMULATED / PROTOTYPE ALERT
ALT-GRID-00861,REGIONAL_GRID_CELL,"Cell COARSE_C06642 (27.213N, 88.588E)",COARSE_C06642,East Sikkim,27.213,88.588,+12h,0.5525,High,HIGH,0.8035,0.3271,22.5,2026-09-08T18:05:43Z,ACTIVE,forecast_composite,SIMULATED / PROTOTYPE ALERT
ALT-GRID-00862,REGIONAL_GRID_CELL,"Cell COARSE_C06647 (27.213N, 88.593E)",COARSE_C06647,East Sikkim,27.213,88.593,+12h,0.6305,High,HIGH,0.9416,0.3271,22.5,2026-09-08T18:05:43Z,ACTIVE,forecast_composite,SIMULATED / PROTOTYPE ALERT
ALT-GRID-00863,REGIONAL_GRID_CELL,"Cell COARSE_C06663 (27.213N, 88.609E)",COARSE_C06663,Pakyong,27.213,88.609,+12h,0.6537,High,HIGH,0.9953,0.3128,21.6,2026-09-08T18:05:43Z,ACTIVE,forecast_composite,SIMULATED / PROTOTYPE ALERT
ALT-GRID-00864,REGIONAL_GRID_CELL,"Cell COARSE_C06687 (27.213N, 88.633E)",COARSE_C06687,East Sikkim,27.213,88.633,+12h,0.6538,High,HIGH,0.9954,0.3128,21.6,2026-09-08T18:05:43Z,ACTIVE,forecast_composite,SIMULATED / PROTOTYPE ALERT
ALT-GRID-00865,REGIONAL_GRID_CELL,"Cell COARSE_C06700 (27.213N, 88.646E)",COARSE_C06700,East Sikkim,27.213,88.646,+12h,0.5664,High,HIGH,0.8401,0.3128,21.6,2026-09-08T18:05:43Z,ACTIVE,forecast_composite,SIMULATED / PROTOTYPE ALERT
ALT-GRID-00866,REGIONAL_GRID_CELL,"Cell COARSE_C06702 (27.213N, 88.648E)",COARSE_C06702,East Sikkim,27.213,88.648,+12h,0.5716,High,HIGH,0.8493,0.3128,21.6,2026-09-08T18:05:43Z,ACTIVE,forecast_composite,SIMULATED / PROTOTYPE ALERT
ALT-GRID-00867,REGIONAL_GRID_CELL,"Cell COARSE_C06704 (27.213N, 88.650E)",COARSE_C06704,East Sikkim,27.213,88.65,+12h,0.5746,High,HIGH,0.8547,0.3128,21.6,2026-09-08T18:05:43Z,ACTIVE,forecast_composite,SIMULATED / PROTOTYPE ALERT
ALT-GRID-00868,REGIONAL_GRID_CELL,"Cell COARSE_C06835 (27.214N, 88.580E)",COARSE_C06835,East Sikkim,27.214,88.58,+12h,0.5542,High,HIGH,0.8065,0.3271,22.5,2026-09-08T18:05:43Z,ACTIVE,forecast_composite,SIMULATED / PROTOTYPE ALERT
ALT-GRID-00869,REGIONAL_GRID_CELL,"Cell COARSE_C06836 (27.214N, 88.581E)",COARSE_C06836,East Sikkim,27.214,88.581,+12h,0.5615,High,HIGH,0.8195,0.3271,22.5,2026-09-08T18:05:43Z,ACTIVE,forecast_composite,SIMULATED / PROTOTYPE ALERT
ALT-GRID-00870,REGIONAL_GRID_CELL,"Cell COARSE_C06837 (27.214N, 88.582E)",COARSE_C06837,East Sikkim,27.214,88.582,+12h,0.556,High,HIGH,0.8097,0.3271,22.5,2026-09-08T18:05:43Z,ACTIVE,forecast_composite,SIMULATED / PROTOTYPE ALERT
ALT-GRID-00871,REGIONAL_GRID_CELL,"Cell COARSE_C06863 (27.214N, 88.608E)",COARSE_C06863,Pakyong,27.214,88.608,+12h,0.6249,High,HIGH,0.9441,0.3128,21.6,2026-09-08T18:05:43Z,ACTIVE,forecast_composite,SIMULATED / PROTOTYPE ALERT
ALT-GRID-00872,REGIONAL_GRID_CELL,"Cell COARSE_C06873 (27.214N, 88.618E)",COARSE_C06873,East Sikkim,27.214,88.618,+12h,0.6031,High,HIGH,0.9052,0.3128,21.6,2026-09-08T18:05:43Z,ACTIVE,forecast_composite,SIMULATED / PROTOTYPE ALERT
ALT-GRID-00873,REGIONAL_GRID_CELL,"Cell COARSE_C06890 (27.214N, 88.635E)",COARSE_C06890,East Sikkim,27.214,88.635,+12h,0.6513,High,HIGH,0.991,0.3128,21.6,2026-09-08T18:05:43Z,ACTIVE,forecast_composite,SIMULATED / PROTOTYPE ALERT
ALT-GRID-00874,REGIONAL_GRID_CELL,"Cell COARSE_C06900 (27.214N, 88.645E)",COARSE_C06900,East Sikkim,27.214,88.645,+12h,0.5542,High,HIGH,0.8184,0.3128,21.6,2026-09-08T18:05:43Z,ACTIVE,forecast_composite,SIMULATED / PROTOTYPE ALERT
ALT-GRID-00875,REGIONAL_GRID_CELL,"Cell COARSE_C06902 (27.214N, 88.647E)",COARSE_C06902,East Sikkim,27.214,88.647,+12h,0.559,High,HIGH,0.8269,0.3128,21.6,2026-09-08T18:05:43Z,ACTIVE,forecast_composite,SIMULATED / PROTOTYPE ALERT
ALT-GRID-00876,REGIONAL_GRID_CELL,"Cell COARSE_C06903 (27.214N, 88.648E)",COARSE_C06903,East Sikkim,27.214,88.648,+12h,0.5785,High,HIGH,0.8616,0.3128,21.6,2026-09-08T18:05:43Z,ACTIVE,forecast_composite,SIMULATED / PROTOTYPE ALERT
ALT-GRID-00877,REGIONAL_GRID_CELL,"Cell COARSE_C06904 (27.214N, 88.649E)",COARSE_C06904,East Sikkim,27.214,88.649,+12h,0.5851,High,HIGH,0.8732,0.3128,21.6,2026-09-08T18:05:43Z,ACTIVE,forecast_composite,SIMULATED / PROTOTYPE ALERT
ALT-GRID-00878,REGIONAL_GRID_CELL,"Cell COARSE_C06905 (27.214N, 88.650E)",COARSE_C06905,East Sikkim,27.214,88.65,+12h,0.5688,High,HIGH,0.8444,0.3128,21.6,2026-09-08T18:05:43Z,ACTIVE,forecast_composite,SIMULATED / PROTOTYPE ALERT
ALT-GRID-00879,REGIONAL_GRID_CELL,"Cell COARSE_C07036 (27.215N, 88.580E)",COARSE_C07036,East Sikkim,27.215,88.58,+12h,0.5667,High,HIGH,0.8287,0.3271,22.5,2026-09-08T18:05:43Z,ACTIVE,forecast_composite,SIMULATED / PROTOTYPE ALERT
ALT-GRID-00880,REGIONAL_GRID_CELL,"Cell COARSE_C07038 (27.215N, 88.582E)",COARSE_C07038,East Sikkim,27.215,88.582,+12h,0.5772,High,HIGH,0.8472,0.3271,22.5,2026-09-08T18:05:43Z,ACTIVE,forecast_composite,SIMULATED / PROTOTYPE ALERT
ALT-GRID-00881,REGIONAL_GRID_CELL,"Cell COARSE_C07064 (27.215N, 88.608E)",COARSE_C07064,East Sikkim,27.215,88.608,+12h,0.6432,High,HIGH,0.9765,0.3128,21.6,2026-09-08T18:05:43Z,ACTIVE,forecast_composite,SIMULATED / PROTOTYPE ALERT
ALT-GRID-00882,REGIONAL_GRID_CELL,"Cell COARSE_C07065 (27.215N, 88.609E)",COARSE_C07065,East Sikkim,27.215,88.609,+12h,0.6279,High,HIGH,0.9493,0.3128,21.6,2026-09-08T18:05:43Z,ACTIVE,forecast_composite,SIMULATED / PROTOTYPE ALERT
ALT-GRID-00883,REGIONAL_GRID_CELL,"Cell COARSE_C07104 (27.215N, 88.648E)",COARSE_C07104,East Sikkim,27.215,88.648,+12h,0.5558,High,HIGH,0.8212,0.3128,21.6,2026-09-08T18:05:43Z,ACTIVE,forecast_composite,SIMULATED / PROTOTYPE ALERT
ALT-GRID-00884,REGIONAL_GRID_CELL,"Cell COARSE_C07105 (27.215N, 88.649E)",COARSE_C07105,East Sikkim,27.215,88.649,+12h,0.6042,High,HIGH,0.9072,0.3128,21.6,2026-09-08T18:05:43Z,ACTIVE,forecast_composite,SIMULATED / PROTOTYPE ALERT
ALT-GRID-00885,REGIONAL_GRID_CELL,"Cell COARSE_C07106 (27.215N, 88.650E)",COARSE_C07106,East Sikkim,27.215,88.65,+12h,0.5597,High,HIGH,0.8281,0.3128,21.6,2026-09-08T18:05:43Z,ACTIVE,forecast_composite,SIMULATED / PROTOTYPE ALERT
ALT-GRID-00886,REGIONAL_GRID_CELL,"Cell COARSE_C07241 (27.216N, 88.584E)",COARSE_C07241,East Sikkim,27.216,88.584,+12h,0.5603,High,HIGH,0.8174,0.3271,22.5,2026-09-08T18:05:43Z,ACTIVE,forecast_composite,SIMULATED / PROTOTYPE ALERT
ALT-GRID-00887,REGIONAL_GRID_CELL,"Cell COARSE_C07304 (27.216N, 88.647E)",COARSE_C07304,East Sikkim,27.216,88.647,+12h,0.5748,High,HIGH,0.8549,0.3128,21.6,2026-09-08T18:05:43Z,ACTIVE,forecast_composite,SIMULATED / PROTOTYPE ALERT
ALT-GRID-00888,REGIONAL_GRID_CELL,"Cell COARSE_C07306 (27.216N, 88.649E)",COARSE_C07306,East Sikkim,27.216,88.649,+12h,0.5958,High,HIGH,0.8923,0.3128,21.6,2026-09-08T18:05:43Z,ACTIVE,forecast_composite,SIMULATED / PROTOTYPE ALERT
ALT-GRID-00889,REGIONAL_GRID_CELL,"Cell COARSE_C07307 (27.216N, 88.650E)",COARSE_C07307,East Sikkim,27.216,88.65,+12h,0.5756,High,HIGH,0.8564,0.3128,21.6,2026-09-08T18:05:43Z,ACTIVE,forecast_composite,SIMULATED / PROTOTYPE ALERT
ALT-GRID-00890,REGIONAL_GRID_CELL,"Cell COARSE_C07442 (27.217N, 88.584E)",COARSE_C07442,East Sikkim,27.217,88.584,+12h,0.5625,High,HIGH,0.8213,0.3271,22.5,2026-09-08T18:05:43Z,ACTIVE,forecast_composite,SIMULATED / PROTOTYPE ALERT
ALT-GRID-00891,REGIONAL_GRID_CELL,"Cell COARSE_C07443 (27.217N, 88.585E)",COARSE_C07443,East Sikkim,27.217,88.585,+12h,0.5521,High,HIGH,0.8028,0.3271,22.5,2026-09-08T18:05:43Z,ACTIVE,forecast_composite,SIMULATED / PROTOTYPE ALERT
ALT-GRID-00892,REGIONAL_GRID_CELL,"Cell COARSE_C07458 (27.217N, 88.600E)",COARSE_C07458,East Sikkim,27.217,88.6,+12h,0.6301,High,HIGH,0.9408,0.3271,22.5,2026-09-08T18:05:43Z,ACTIVE,forecast_composite,SIMULATED / PROTOTYPE ALERT
ALT-GRID-00893,REGIONAL_GRID_CELL,"Cell COARSE_C07460 (27.217N, 88.602E)",COARSE_C07460,East Sikkim,27.217,88.602,+12h,0.6529,High,HIGH,0.9938,0.3128,21.6,2026-09-08T18:05:43Z,ACTIVE,forecast_composite,SIMULATED / PROTOTYPE ALERT
ALT-GRID-00894,REGIONAL_GRID_CELL,"Cell COARSE_C07461 (27.217N, 88.603E)",COARSE_C07461,East Sikkim,27.217,88.603,+12h,0.653,High,HIGH,0.994,0.3128,21.6,2026-09-08T18:05:43Z,ACTIVE,forecast_composite,SIMULATED / PROTOTYPE ALERT
ALT-GRID-00895,REGIONAL_GRID_CELL,"Cell COARSE_C07462 (27.217N, 88.604E)",COARSE_C07462,East Sikkim,27.217,88.604,+12h,0.6095,High,HIGH,0.9167,0.3128,21.6,2026-09-08T18:05:43Z,ACTIVE,forecast_composite,SIMULATED / PROTOTYPE ALERT
ALT-GRID-00896,REGIONAL_GRID_CELL,"Cell COARSE_C07503 (27.217N, 88.645E)",COARSE_C07503,East Sikkim,27.217,88.645,+12h,0.5529,High,HIGH,0.8161,0.3128,21.6,2026-09-08T18:05:43Z,ACTIVE,forecast_composite,SIMULATED / PROTOTYPE ALERT
ALT-GRID-00897,REGIONAL_GRID_CELL,"Cell COARSE_C07506 (27.217N, 88.648E)",COARSE_C07506,East Sikkim,27.217,88.648,+12h,0.6078,High,HIGH,0.9136,0.3128,21.6,2026-09-08T18:05:43Z,ACTIVE,forecast_composite,SIMULATED / PROTOTYPE ALERT
ALT-GRID-00898,REGIONAL_GRID_CELL,"Cell COARSE_C07508 (27.217N, 88.650E)",COARSE_C07508,East Sikkim,27.217,88.65,+12h,0.577,High,HIGH,0.8588,0.3128,21.6,2026-09-08T18:05:43Z,ACTIVE,forecast_composite,SIMULATED / PROTOTYPE ALERT
ALT-GRID-00899,REGIONAL_GRID_CELL,"Cell COARSE_C07639 (27.218N, 88.580E)",COARSE_C07639,East Sikkim,27.218,88.58,+12h,0.6369,High,HIGH,0.9528,0.3271,22.5,2026-09-08T18:05:43Z,ACTIVE,forecast_composite,SIMULATED / PROTOTYPE ALERT
ALT-GRID-00900,REGIONAL_GRID_CELL,"Cell COARSE_C07693 (27.218N, 88.634E)",COARSE_C07693,East Sikkim,27.218,88.634,+12h,0.6191,High,HIGH,0.9337,0.3128,21.6,2026-09-08T18:05:43Z,ACTIVE,forecast_composite,SIMULATED / PROTOTYPE ALERT
ALT-GRID-00901,REGIONAL_GRID_CELL,"Cell COARSE_C07705 (27.218N, 88.646E)",COARSE_C07705,East Sikkim,27.218,88.646,+12h,0.5524,High,HIGH,0.8151,0.3128,21.6,2026-09-08T18:05:43Z,ACTIVE,forecast_composite,SIMULATED / PROTOTYPE ALERT
ALT-GRID-00902,REGIONAL_GRID_CELL,"Cell COARSE_C07707 (27.218N, 88.648E)",COARSE_C07707,East Sikkim,27.218,88.648,+12h,0.5674,High,HIGH,0.8418,0.3128,21.6,2026-09-08T18:05:43Z,ACTIVE,forecast_composite,SIMULATED / PROTOTYPE ALERT
ALT-GRID-00903,REGIONAL_GRID_CELL,"Cell COARSE_C07709 (27.218N, 88.650E)",COARSE_C07709,East Sikkim,27.218,88.65,+12h,0.6407,High,HIGH,0.9722,0.3128,21.6,2026-09-08T18:05:43Z,ACTIVE,forecast_composite,SIMULATED / PROTOTYPE ALERT
ALT-GRID-00904,REGIONAL_GRID_CELL,"Cell COARSE_C07858 (27.219N, 88.598E)",COARSE_C07858,East Sikkim,27.219,88.598,+12h,0.6315,High,HIGH,0.9433,0.3271,22.5,2026-09-08T18:05:43Z,ACTIVE,forecast_composite,SIMULATED / PROTOTYPE ALERT
ALT-GRID-00905,REGIONAL_GRID_CELL,"Cell COARSE_C07860 (27.219N, 88.600E)",COARSE_C07860,East Sikkim,27.219,88.6,+12h,0.6607,High,HIGH,0.995,0.3271,22.5,2026-09-08T18:05:43Z,ACTIVE,forecast_composite,SIMULATED / PROTOTYPE ALERT
ALT-GRID-00906,REGIONAL_GRID_CELL,"Cell COARSE_C07861 (27.219N, 88.601E)",COARSE_C07861,East Sikkim,27.219,88.601,+12h,0.6248,High,HIGH,0.9438,0.3128,21.6,2026-09-08T18:05:43Z,ACTIVE,forecast_composite,SIMULATED / PROTOTYPE ALERT
ALT-GRID-00907,REGIONAL_GRID_CELL,"Cell COARSE_C07898 (27.219N, 88.638E)",COARSE_C07898,East Sikkim,27.219,88.638,+12h,0.6311,High,HIGH,0.955,0.3128,21.6,2026-09-08T18:05:43Z,ACTIVE,forecast_composite,SIMULATED / PROTOTYPE ALERT
ALT-GRID-00908,REGIONAL_GRID_CELL,"Cell COARSE_C07909 (27.219N, 88.649E)",COARSE_C07909,East Sikkim,27.219,88.649,+12h,0.5608,High,HIGH,0.8301,0.3128,21.6,2026-09-08T18:05:43Z,ACTIVE,forecast_composite,SIMULATED / PROTOTYPE ALERT
ALT-GRID-00909,REGIONAL_GRID_CELL,"Cell COARSE_C08044 (27.220N, 88.583E)",COARSE_C08044,East Sikkim,27.22,88.583,+12h,0.6318,High,HIGH,0.9439,0.3271,22.5,2026-09-08T18:05:43Z,ACTIVE,forecast_composite,SIMULATED / PROTOTYPE ALERT
ALT-GRID-00910,REGIONAL_GRID_CELL,"Cell COARSE_C08055 (27.220N, 88.594E)",COARSE_C08055,East Sikkim,27.22,88.594,+12h,0.661,High,HIGH,0.9955,0.3271,22.5,2026-09-08T18:05:43Z,ACTIVE,forecast_composite,SIMULATED / PROTOTYPE ALERT
ALT-GRID-00911,REGIONAL_GRID_CELL,"Cell COARSE_C08058 (27.220N, 88.597E)",COARSE_C08058,East Sikkim,27.22,88.597,+12h,0.662,High,HIGH,0.9973,0.3271,22.5,2026-09-08T18:05:43Z,ACTIVE,forecast_composite,SIMULATED / PROTOTYPE ALERT
ALT-GRID-00912,REGIONAL_GRID_CELL,"Cell COARSE_C08062 (27.220N, 88.601E)",COARSE_C08062,East Sikkim,27.22,88.601,+12h,0.629,High,HIGH,0.9513,0.3128,21.6,2026-09-08T18:05:43Z,ACTIVE,forecast_composite,SIMULATED / PROTOTYPE ALERT
ALT-GRID-00913,REGIONAL_GRID_CELL,"Cell COARSE_C08109 (27.220N, 88.648E)",COARSE_C08109,East Sikkim,27.22,88.648,+12h,0.5624,High,HIGH,0.8329,0.3128,21.6,2026-09-08T18:05:43Z,ACTIVE,forecast_composite,SIMULATED / PROTOTYPE ALERT
ALT-GRID-00914,REGIONAL_GRID_CELL,"Cell COARSE_C08245 (27.221N, 88.583E)",COARSE_C08245,East Sikkim,27.221,88.583,+12h,0.6308,High,HIGH,0.9421,0.3271,22.5,2026-09-08T18:05:43Z,ACTIVE,forecast_composite,SIMULATED / PROTOTYPE ALERT
ALT-GRID-00915,REGIONAL_GRID_CELL,"Cell COARSE_C08246 (27.221N, 88.584E)",COARSE_C08246,East Sikkim,27.221,88.584,+12h,0.6202,High,HIGH,0.9233,0.3271,22.5,2026-09-08T18:05:43Z,ACTIVE,forecast_composite,SIMULATED / PROTOTYPE ALERT
ALT-GRID-00916,REGIONAL_GRID_CELL,"Cell COARSE_C08255 (27.221N, 88.593E)",COARSE_C08255,East Sikkim,27.221,88.593,+12h,0.6254,High,HIGH,0.9325,0.3271,22.5,2026-09-08T18:05:43Z,ACTIVE,forecast_composite,SIMULATED / PROTOTYPE ALERT
ALT-GRID-00917,REGIONAL_GRID_CELL,"Cell COARSE_C08265 (27.221N, 88.603E)",COARSE_C08265,East Sikkim,27.221,88.603,+12h,0.6073,High,HIGH,0.9127,0.3128,21.6,2026-09-08T18:05:43Z,ACTIVE,forecast_composite,SIMULATED / PROTOTYPE ALERT
ALT-GRID-00918,REGIONAL_GRID_CELL,"Cell COARSE_C08288 (27.221N, 88.626E)",COARSE_C08288,East Sikkim,27.221,88.626,+12h,0.6151,High,HIGH,0.9267,0.3128,21.6,2026-09-08T18:05:43Z,ACTIVE,forecast_composite,SIMULATED / PROTOTYPE ALERT
ALT-GRID-00919,REGIONAL_GRID_CELL,"Cell COARSE_C08303 (27.221N, 88.641E)",COARSE_C08303,East Sikkim,27.221,88.641,+12h,0.6293,High,HIGH,0.9518,0.3128,21.6,2026-09-08T18:05:43Z,ACTIVE,forecast_composite,SIMULATED / PROTOTYPE ALERT
ALT-GRID-00920,REGIONAL_GRID_CELL,"Cell COARSE_C08307 (27.221N, 88.645E)",COARSE_C08307,East Sikkim,27.221,88.645,+12h,0.6331,High,HIGH,0.9586,0.3128,21.6,2026-09-08T18:05:43Z,ACTIVE,forecast_composite,SIMULATED / PROTOTYPE ALERT
ALT-GRID-00921,REGIONAL_GRID_CELL,"Cell COARSE_C08308 (27.221N, 88.646E)",COARSE_C08308,East Sikkim,27.221,88.646,+12h,0.5587,High,HIGH,0.8263,0.3128,21.6,2026-09-08T18:05:43Z,ACTIVE,forecast_composite,SIMULATED / PROTOTYPE ALERT
ALT-GRID-00922,REGIONAL_GRID_CELL,"Cell COARSE_C08447 (27.222N, 88.584E)",COARSE_C08447,East Sikkim,27.222,88.584,+12h,0.6334,High,HIGH,0.9467,0.3271,22.5,2026-09-08T18:05:43Z,ACTIVE,forecast_composite,SIMULATED / PROTOTYPE ALERT
ALT-GRID-00923,REGIONAL_GRID_CELL,"Cell COARSE_C08455 (27.222N, 88.592E)",COARSE_C08455,East Sikkim,27.222,88.592,+12h,0.6616,High,HIGH,0.9965,0.3271,22.5,2026-09-08T18:05:43Z,ACTIVE,forecast_composite,SIMULATED / PROTOTYPE ALERT
ALT-GRID-00924,REGIONAL_GRID_CELL,"Cell COARSE_C08460 (27.222N, 88.597E)",COARSE_C08460,East Sikkim,27.222,88.597,+12h,0.6413,High,HIGH,0.9606,0.3271,22.5,2026-09-08T18:05:43Z,ACTIVE,forecast_composite,SIMULATED / PROTOTYPE ALERT
ALT-GRID-00925,REGIONAL_GRID_CELL,"Cell COARSE_C08468 (27.222N, 88.605E)",COARSE_C08468,East Sikkim,27.222,88.605,+12h,0.6058,High,HIGH,0.9101,0.3128,21.6,2026-09-08T18:05:43Z,ACTIVE,forecast_composite,SIMULATED / PROTOTYPE ALERT
ALT-GRID-00926,REGIONAL_GRID_CELL,"Cell COARSE_C08508 (27.222N, 88.645E)",COARSE_C08508,East Sikkim,27.222,88.645,+12h,0.6304,High,HIGH,0.9538,0.3128,21.6,2026-09-08T18:05:43Z,ACTIVE,forecast_composite,SIMULATED / PROTOTYPE ALERT
ALT-GRID-00927,REGIONAL_GRID_CELL,"Cell COARSE_C08509 (27.222N, 88.646E)",COARSE_C08509,East Sikkim,27.222,88.646,+12h,0.579,High,HIGH,0.8624,0.3128,21.6,2026-09-08T18:05:43Z,ACTIVE,forecast_composite,SIMULATED / PROTOTYPE ALERT
ALT-GRID-00928,REGIONAL_GRID_CELL,"Cell COARSE_C08645 (27.223N, 88.581E)",COARSE_C08645,East Sikkim,27.223,88.581,+12h,0.5504,High,HIGH,0.7998,0.3271,22.5,2026-09-08T18:05:43Z,ACTIVE,forecast_composite,SIMULATED / PROTOTYPE ALERT
ALT-GRID-00929,REGIONAL_GRID_CELL,"Cell COARSE_C08655 (27.223N, 88.591E)",COARSE_C08655,East Sikkim,27.223,88.591,+12h,0.6347,High,HIGH,0.9489,0.3271,22.5,2026-09-08T18:05:43Z,ACTIVE,forecast_composite,SIMULATED / PROTOTYPE ALERT
ALT-GRID-00930,REGIONAL_GRID_CELL,"Cell COARSE_C08670 (27.223N, 88.606E)",COARSE_C08670,East Sikkim,27.223,88.606,+12h,0.6079,High,HIGH,0.9138,0.3128,21.6,2026-09-08T18:05:43Z,ACTIVE,forecast_composite,SIMULATED / PROTOTYPE ALERT
ALT-GRID-00931,REGIONAL_GRID_CELL,"Cell COARSE_C08848 (27.224N, 88.583E)",COARSE_C08848,East Sikkim,27.224,88.583,+12h,0.6523,High,HIGH,0.9801,0.3271,22.5,2026-09-08T18:05:43Z,ACTIVE,forecast_composite,SIMULATED / PROTOTYPE ALERT
ALT-GRID-00932,REGIONAL_GRID_CELL,"Cell COARSE_C08849 (27.224N, 88.584E)",COARSE_C08849,East Sikkim,27.224,88.584,+12h,0.6511,High,HIGH,0.9779,0.3271,22.5,2026-09-08T18:05:43Z,ACTIVE,forecast_composite,SIMULATED / PROTOTYPE ALERT
ALT-GRID-00933,REGIONAL_GRID_CELL,"Cell COARSE_C08850 (27.224N, 88.585E)",COARSE_C08850,East Sikkim,27.224,88.585,+12h,0.6313,High,HIGH,0.9429,0.3271,22.5,2026-09-08T18:05:43Z,ACTIVE,forecast_composite,SIMULATED / PROTOTYPE ALERT
ALT-GRID-00934,REGIONAL_GRID_CELL,"Cell COARSE_C08851 (27.224N, 88.586E)",COARSE_C08851,East Sikkim,27.224,88.586,+12h,0.6124,High,HIGH,0.9095,0.3271,22.5,2026-09-08T18:05:43Z,ACTIVE,forecast_composite,SIMULATED / PROTOTYPE ALERT
ALT-GRID-00935,REGIONAL_GRID_CELL,"Cell COARSE_C08865 (27.224N, 88.600E)",COARSE_C08865,East Sikkim,27.224,88.6,+12h,0.5935,High,HIGH,0.8761,0.3271,22.5,2026-09-08T18:05:43Z,ACTIVE,forecast_composite,SIMULATED / PROTOTYPE ALERT
ALT-GRID-00936,REGIONAL_GRID_CELL,"Cell COARSE_C08869 (27.224N, 88.604E)",COARSE_C08869,East Sikkim,27.224,88.604,+12h,0.5894,High,HIGH,0.8809,0.3128,21.6,2026-09-08T18:05:43Z,ACTIVE,forecast_composite,SIMULATED / PROTOTYPE ALERT
ALT-GRID-00937,REGIONAL_GRID_CELL,"Cell COARSE_C08870 (27.224N, 88.605E)",COARSE_C08870,East Sikkim,27.224,88.605,+12h,0.604,High,HIGH,0.9069,0.3128,21.6,2026-09-08T18:05:43Z,ACTIVE,forecast_composite,SIMULATED / PROTOTYPE ALERT
ALT-GRID-00938,REGIONAL_GRID_CELL,"Cell COARSE_C08899 (27.224N, 88.634E)",COARSE_C08899,East Sikkim,27.224,88.634,+12h,0.6344,High,HIGH,0.9609,0.3128,21.6,2026-09-08T18:05:43Z,ACTIVE,forecast_composite,SIMULATED / PROTOTYPE ALERT
ALT-GRID-00939,REGIONAL_GRID_CELL,"Cell COARSE_C08900 (27.224N, 88.635E)",COARSE_C08900,East Sikkim,27.224,88.635,+12h,0.6231,High,HIGH,0.9408,0.3128,21.6,2026-09-08T18:05:43Z,ACTIVE,forecast_composite,SIMULATED / PROTOTYPE ALERT
ALT-GRID-00940,REGIONAL_GRID_CELL,"Cell COARSE_C08901 (27.224N, 88.636E)",COARSE_C08901,East Sikkim,27.224,88.636,+12h,0.6257,High,HIGH,0.9454,0.3128,21.6,2026-09-08T18:05:43Z,ACTIVE,forecast_composite,SIMULATED / PROTOTYPE ALERT
ALT-GRID-00941,REGIONAL_GRID_CELL,"Cell COARSE_C08910 (27.224N, 88.645E)",COARSE_C08910,East Sikkim,27.224,88.645,+12h,0.6328,High,HIGH,0.9581,0.3128,21.6,2026-09-08T18:05:43Z,ACTIVE,forecast_composite,SIMULATED / PROTOTYPE ALERT
ALT-GRID-00942,REGIONAL_GRID_CELL,"Cell COARSE_C09049 (27.225N, 88.583E)",COARSE_C09049,East Sikkim,27.225,88.583,+12h,0.6319,High,HIGH,0.944,0.3271,22.5,2026-09-08T18:05:43Z,ACTIVE,forecast_composite,SIMULATED / PROTOTYPE ALERT
ALT-GRID-00943,REGIONAL_GRID_CELL,"Cell COARSE_C09050 (27.225N, 88.584E)",COARSE_C09050,East Sikkim,27.225,88.584,+12h,0.6436,High,HIGH,0.9647,0.3271,22.5,2026-09-08T18:05:43Z,ACTIVE,forecast_composite,SIMULATED / PROTOTYPE ALERT
ALT-GRID-00944,REGIONAL_GRID_CELL,"Cell COARSE_C09051 (27.225N, 88.585E)",COARSE_C09051,East Sikkim,27.225,88.585,+12h,0.6391,High,HIGH,0.9568,0.3271,22.5,2026-09-08T18:05:43Z,ACTIVE,forecast_composite,SIMULATED / PROTOTYPE ALERT
ALT-GRID-00945,REGIONAL_GRID_CELL,"Cell COARSE_C09052 (27.225N, 88.586E)",COARSE_C09052,East Sikkim,27.225,88.586,+12h,0.661,High,HIGH,0.9954,0.3271,22.5,2026-09-08T18:05:43Z,ACTIVE,forecast_composite,SIMULATED / PROTOTYPE ALERT
ALT-GRID-00946,REGIONAL_GRID_CELL,"Cell COARSE_C09053 (27.225N, 88.587E)",COARSE_C09053,East Sikkim,27.225,88.587,+12h,0.6188,High,HIGH,0.9209,0.3271,22.5,2026-09-08T18:05:43Z,ACTIVE,forecast_composite,SIMULATED / PROTOTYPE ALERT
ALT-GRID-00947,REGIONAL_GRID_CELL,"Cell COARSE_C09092 (27.225N, 88.626E)",COARSE_C09092,East Sikkim,27.225,88.626,+12h,0.6095,High,HIGH,0.9167,0.3128,21.6,2026-09-08T18:05:43Z,ACTIVE,forecast_composite,SIMULATED / PROTOTYPE ALERT
ALT-GRID-00948,REGIONAL_GRID_CELL,"Cell COARSE_C09095 (27.225N, 88.629E)",COARSE_C09095,East Sikkim,27.225,88.629,+12h,0.6533,High,HIGH,0.9946,0.3128,21.6,2026-09-08T18:05:43Z,ACTIVE,forecast_composite,SIMULATED / PROTOTYPE ALERT
ALT-GRID-00949,REGIONAL_GRID_CELL,"Cell COARSE_C09096 (27.225N, 88.630E)",COARSE_C09096,East Sikkim,27.225,88.63,+12h,0.654,High,HIGH,0.9957,0.3128,21.6,2026-09-08T18:05:43Z,ACTIVE,forecast_composite,SIMULATED / PROTOTYPE ALERT
ALT-GRID-00950,REGIONAL_GRID_CELL,"Cell COARSE_C09101 (27.225N, 88.635E)",COARSE_C09101,East Sikkim,27.225,88.635,+12h,0.6222,High,HIGH,0.9393,0.3128,21.6,2026-09-08T18:05:43Z,ACTIVE,forecast_composite,SIMULATED / PROTOTYPE ALERT
ALT-GRID-00951,REGIONAL_GRID_CELL,"Cell COARSE_C09102 (27.225N, 88.636E)",COARSE_C09102,East Sikkim,27.225,88.636,+12h,0.6312,High,HIGH,0.9553,0.3128,21.6,2026-09-08T18:05:43Z,ACTIVE,forecast_composite,SIMULATED / PROTOTYPE ALERT
ALT-GRID-00952,REGIONAL_GRID_CELL,"Cell COARSE_C09111 (27.225N, 88.645E)",COARSE_C09111,East Sikkim,27.225,88.645,+12h,0.6324,High,HIGH,0.9573,0.3128,21.6,2026-09-08T18:05:43Z,ACTIVE,forecast_composite,SIMULATED / PROTOTYPE ALERT
ALT-GRID-00953,REGIONAL_GRID_CELL,"Cell COARSE_C09113 (27.225N, 88.647E)",COARSE_C09113,East Sikkim,27.225,88.647,+12h,0.6319,High,HIGH,0.9565,0.3128,21.6,2026-09-08T18:05:43Z,ACTIVE,forecast_composite,SIMULATED / PROTOTYPE ALERT
ALT-GRID-00954,REGIONAL_GRID_CELL,"Cell COARSE_C09115 (27.225N, 88.649E)",COARSE_C09115,East Sikkim,27.225,88.649,+12h,0.5701,High,HIGH,0.8466,0.3128,21.6,2026-09-08T18:05:43Z,ACTIVE,forecast_composite,SIMULATED / PROTOTYPE ALERT
ALT-GRID-00955,REGIONAL_GRID_CELL,"Cell COARSE_C09249 (27.226N, 88.582E)",COARSE_C09249,East Sikkim,27.226,88.582,+12h,0.6148,High,HIGH,0.9137,0.3271,22.5,2026-09-08T18:05:43Z,ACTIVE,forecast_composite,SIMULATED / PROTOTYPE ALERT
ALT-GRID-00956,REGIONAL_GRID_CELL,"Cell COARSE_C09250 (27.226N, 88.583E)",COARSE_C09250,East Sikkim,27.226,88.583,+12h,0.6465,High,HIGH,0.9698,0.3271,22.5,2026-09-08T18:05:43Z,ACTIVE,forecast_composite,SIMULATED / PROTOTYPE ALERT
ALT-GRID-00957,REGIONAL_GRID_CELL,"Cell COARSE_C09251 (27.226N, 88.584E)",COARSE_C09251,East Sikkim,27.226,88.584,+12h,0.66,High,HIGH,0.9937,0.3271,22.5,2026-09-08T18:05:43Z,ACTIVE,forecast_composite,SIMULATED / PROTOTYPE ALERT
ALT-GRID-00958,REGIONAL_GRID_CELL,"Cell COARSE_C09252 (27.226N, 88.585E)",COARSE_C09252,East Sikkim,27.226,88.585,+12h,0.659,High,HIGH,0.9919,0.3271,22.5,2026-09-08T18:05:43Z,ACTIVE,forecast_composite,SIMULATED / PROTOTYPE ALERT
ALT-GRID-00959,REGIONAL_GRID_CELL,"Cell COARSE_C09253 (27.226N, 88.586E)",COARSE_C09253,East Sikkim,27.226,88.586,+12h,0.629,High,HIGH,0.9389,0.3271,22.5,2026-09-08T18:05:43Z,ACTIVE,forecast_composite,SIMULATED / PROTOTYPE ALERT
ALT-GRID-00960,REGIONAL_GRID_CELL,"Cell COARSE_C09254 (27.226N, 88.587E)",COARSE_C09254,East Sikkim,27.226,88.587,+12h,0.6604,High,HIGH,0.9944,0.3271,22.5,2026-09-08T18:05:43Z,ACTIVE,forecast_composite,SIMULATED / PROTOTYPE ALERT
ALT-GRID-00961,REGIONAL_GRID_CELL,"Cell COARSE_C09255 (27.226N, 88.588E)",COARSE_C09255,East Sikkim,27.226,88.588,+12h,0.6087,High,HIGH,0.903,0.3271,22.5,2026-09-08T18:05:43Z,ACTIVE,forecast_composite,SIMULATED / PROTOTYPE ALERT
ALT-GRID-00962,REGIONAL_GRID_CELL,"Cell COARSE_C09256 (27.226N, 88.589E)",COARSE_C09256,East Sikkim,27.226,88.589,+12h,0.6604,High,HIGH,0.9944,0.3271,22.5,2026-09-08T18:05:43Z,ACTIVE,forecast_composite,SIMULATED / PROTOTYPE ALERT
ALT-GRID-00963,REGIONAL_GRID_CELL,"Cell COARSE_C09259 (27.226N, 88.592E)",COARSE_C09259,East Sikkim,27.226,88.592,+12h,0.6586,High,HIGH,0.9913,0.3271,22.5,2026-09-08T18:05:43Z,ACTIVE,forecast_composite,SIMULATED / PROTOTYPE ALERT
ALT-GRID-00964,REGIONAL_GRID_CELL,"Cell COARSE_C09281 (27.226N, 88.614E)",COARSE_C09281,East Sikkim,27.226,88.614,+12h,0.5999,High,HIGH,0.8996,0.3128,21.6,2026-09-08T18:05:43Z,ACTIVE,forecast_composite,SIMULATED / PROTOTYPE ALERT
ALT-GRID-00965,REGIONAL_GRID_CELL,"Cell COARSE_C09293 (27.226N, 88.626E)",COARSE_C09293,East Sikkim,27.226,88.626,+12h,0.6213,High,HIGH,0.9376,0.3128,21.6,2026-09-08T18:05:43Z,ACTIVE,forecast_composite,SIMULATED / PROTOTYPE ALERT
ALT-GRID-00966,REGIONAL_GRID_CELL,"Cell COARSE_C09299 (27.226N, 88.632E)",COARSE_C09299,East Sikkim,27.226,88.632,+12h,0.6227,High,HIGH,0.9402,0.3128,21.6,2026-09-08T18:05:43Z,ACTIVE,forecast_composite,SIMULATED / PROTOTYPE ALERT
ALT-GRID-00967,REGIONAL_GRID_CELL,"Cell COARSE_C09301 (27.226N, 88.634E)",COARSE_C09301,East Sikkim,27.226,88.634,+12h,0.6293,High,HIGH,0.9519,0.3128,21.6,2026-09-08T18:05:43Z,ACTIVE,forecast_composite,SIMULATED / PROTOTYPE ALERT
ALT-GRID-00968,REGIONAL_GRID_CELL,"Cell COARSE_C09450 (27.227N, 88.582E)",COARSE_C09450,East Sikkim,27.227,88.582,+12h,0.6053,High,HIGH,0.897,0.3271,22.5,2026-09-08T18:05:43Z,ACTIVE,forecast_composite,SIMULATED / PROTOTYPE ALERT
ALT-GRID-00969,REGIONAL_GRID_CELL,"Cell COARSE_C09451 (27.227N, 88.583E)",COARSE_C09451,East Sikkim,27.227,88.583,+12h,0.605,High,HIGH,0.8964,0.3271,22.5,2026-09-08T18:05:43Z,ACTIVE,forecast_composite,SIMULATED / PROTOTYPE ALERT
ALT-GRID-00970,REGIONAL_GRID_CELL,"Cell COARSE_C09452 (27.227N, 88.584E)",COARSE_C09452,East Sikkim,27.227,88.584,+12h,0.6065,High,HIGH,0.899,0.3271,22.5,2026-09-08T18:05:43Z,ACTIVE,forecast_composite,SIMULATED / PROTOTYPE ALERT
ALT-GRID-00971,REGIONAL_GRID_CELL,"Cell COARSE_C09453 (27.227N, 88.585E)",COARSE_C09453,East Sikkim,27.227,88.585,+12h,0.6593,High,HIGH,0.9924,0.3271,22.5,2026-09-08T18:05:43Z,ACTIVE,forecast_composite,SIMULATED / PROTOTYPE ALERT
ALT-GRID-00972,REGIONAL_GRID_CELL,"Cell COARSE_C09454 (27.227N, 88.586E)",COARSE_C09454,East Sikkim,27.227,88.586,+12h,0.6599,High,HIGH,0.9935,0.3271,22.5,2026-09-08T18:05:43Z,ACTIVE,forecast_composite,SIMULATED / PROTOTYPE ALERT
ALT-GRID-00973,REGIONAL_GRID_CELL,"Cell COARSE_C09455 (27.227N, 88.587E)",COARSE_C09455,East Sikkim,27.227,88.587,+12h,0.6405,High,HIGH,0.9593,0.3271,22.5,2026-09-08T18:05:43Z,ACTIVE,forecast_composite,SIMULATED / PROTOTYPE ALERT
ALT-GRID-00974,REGIONAL_GRID_CELL,"Cell COARSE_C09456 (27.227N, 88.588E)",COARSE_C09456,East Sikkim,27.227,88.588,+12h,0.6588,High,HIGH,0.9915,0.3271,22.5,2026-09-08T18:05:43Z,ACTIVE,forecast_composite,SIMULATED / PROTOTYPE ALERT
ALT-GRID-00975,REGIONAL_GRID_CELL,"Cell COARSE_C09460 (27.227N, 88.592E)",COARSE_C09460,East Sikkim,27.227,88.592,+12h,0.6599,High,HIGH,0.9935,0.3271,22.5,2026-09-08T18:05:43Z,ACTIVE,forecast_composite,SIMULATED / PROTOTYPE ALERT
ALT-GRID-00976,REGIONAL_GRID_CELL,"Cell COARSE_C09480 (27.227N, 88.612E)",COARSE_C09480,East Sikkim,27.227,88.612,+12h,0.5928,High,HIGH,0.8869,0.3128,21.6,2026-09-08T18:05:43Z,ACTIVE,forecast_composite,SIMULATED / PROTOTYPE ALERT
ALT-GRID-00977,REGIONAL_GRID_CELL,"Cell COARSE_C09488 (27.227N, 88.620E)",COARSE_C09488,East Sikkim,27.227,88.62,+12h,0.6216,High,HIGH,0.9382,0.3128,21.6,2026-09-08T18:05:43Z,ACTIVE,forecast_composite,SIMULATED / PROTOTYPE ALERT
ALT-GRID-00978,REGIONAL_GRID_CELL,"Cell COARSE_C09493 (27.227N, 88.625E)",COARSE_C09493,East Sikkim,27.227,88.625,+12h,0.6235,High,HIGH,0.9415,0.3128,21.6,2026-09-08T18:05:43Z,ACTIVE,forecast_composite,SIMULATED / PROTOTYPE ALERT
ALT-GRID-00979,REGIONAL_GRID_CELL,"Cell COARSE_C09494 (27.227N, 88.626E)",COARSE_C09494,East Sikkim,27.227,88.626,+12h,0.625,High,HIGH,0.9443,0.3128,21.6,2026-09-08T18:05:43Z,ACTIVE,forecast_composite,SIMULATED / PROTOTYPE ALERT
ALT-GRID-00980,REGIONAL_GRID_CELL,"Cell COARSE_C09496 (27.227N, 88.628E)",COARSE_C09496,East Sikkim,27.227,88.628,+12h,0.6128,High,HIGH,0.9226,0.3128,21.6,2026-09-08T18:05:43Z,ACTIVE,forecast_composite,SIMULATED / PROTOTYPE ALERT
ALT-GRID-00981,REGIONAL_GRID_CELL,"Cell COARSE_C09497 (27.227N, 88.629E)",COARSE_C09497,East Sikkim,27.227,88.629,+12h,0.6129,High,HIGH,0.9227,0.3128,21.6,2026-09-08T18:05:43Z,ACTIVE,forecast_composite,SIMULATED / PROTOTYPE ALERT
ALT-GRID-00982,REGIONAL_GRID_CELL,"Cell COARSE_C09499 (27.227N, 88.631E)",COARSE_C09499,East Sikkim,27.227,88.631,+12h,0.6254,High,HIGH,0.945,0.3128,21.6,2026-09-08T18:05:43Z,ACTIVE,forecast_composite,SIMULATED / PROTOTYPE ALERT
ALT-GRID-00983,REGIONAL_GRID_CELL,"Cell COARSE_C09500 (27.227N, 88.632E)",COARSE_C09500,East Sikkim,27.227,88.632,+12h,0.6249,High,HIGH,0.944,0.3128,21.6,2026-09-08T18:05:43Z,ACTIVE,forecast_composite,SIMULATED / PROTOTYPE ALERT
ALT-GRID-00984,REGIONAL_GRID_CELL,"Cell COARSE_C09650 (27.228N, 88.581E)",COARSE_C09650,East Sikkim,27.228,88.581,+12h,0.6084,High,HIGH,0.9024,0.3271,22.5,2026-09-08T18:05:43Z,ACTIVE,forecast_composite,SIMULATED / PROTOTYPE ALERT
ALT-GRID-00985,REGIONAL_GRID_CELL,"Cell COARSE_C09651 (27.228N, 88.582E)",COARSE_C09651,East Sikkim,27.228,88.582,+12h,0.6059,High,HIGH,0.8981,0.3271,22.5,2026-09-08T18:05:43Z,ACTIVE,forecast_composite,SIMULATED / PROTOTYPE ALERT
ALT-GRID-00986,REGIONAL_GRID_CELL,"Cell COARSE_C09652 (27.228N, 88.583E)",COARSE_C09652,East Sikkim,27.228,88.583,+12h,0.5962,High,HIGH,0.8809,0.3271,22.5,2026-09-08T18:05:43Z,ACTIVE,forecast_composite,SIMULATED / PROTOTYPE ALERT
ALT-GRID-00987,REGIONAL_GRID_CELL,"Cell COARSE_C09653 (27.228N, 88.584E)",COARSE_C09653,East Sikkim,27.228,88.584,+12h,0.6599,High,HIGH,0.9936,0.3271,22.5,2026-09-08T18:05:43Z,ACTIVE,forecast_composite,SIMULATED / PROTOTYPE ALERT
ALT-GRID-00988,REGIONAL_GRID_CELL,"Cell COARSE_C09654 (27.228N, 88.585E)",COARSE_C09654,East Sikkim,27.228,88.585,+12h,0.6606,High,HIGH,0.9947,0.3271,22.5,2026-09-08T18:05:43Z,ACTIVE,forecast_composite,SIMULATED / PROTOTYPE ALERT
ALT-GRID-00989,REGIONAL_GRID_CELL,"Cell COARSE_C09655 (27.228N, 88.586E)",COARSE_C09655,East Sikkim,27.228,88.586,+12h,0.6577,High,HIGH,0.9897,0.3271,22.5,2026-09-08T18:05:43Z,ACTIVE,forecast_composite,SIMULATED / PROTOTYPE ALERT
ALT-GRID-00990,REGIONAL_GRID_CELL,"Cell COARSE_C09656 (27.228N, 88.587E)",COARSE_C09656,East Sikkim,27.228,88.587,+12h,0.6137,High,HIGH,0.9118,0.3271,22.5,2026-09-08T18:05:43Z,ACTIVE,forecast_composite,SIMULATED / PROTOTYPE ALERT
ALT-GRID-00991,REGIONAL_GRID_CELL,"Cell COARSE_C09657 (27.228N, 88.588E)",COARSE_C09657,East Sikkim,27.228,88.588,+12h,0.6577,High,HIGH,0.9896,0.3271,22.5,2026-09-08T18:05:43Z,ACTIVE,forecast_composite,SIMULATED / PROTOTYPE ALERT
ALT-GRID-00992,REGIONAL_GRID_CELL,"Cell COARSE_C09658 (27.228N, 88.589E)",COARSE_C09658,East Sikkim,27.228,88.589,+12h,0.5816,High,HIGH,0.855,0.3271,22.5,2026-09-08T18:05:43Z,ACTIVE,forecast_composite,SIMULATED / PROTOTYPE ALERT
ALT-GRID-00993,REGIONAL_GRID_CELL,"Cell COARSE_C09661 (27.228N, 88.592E)",COARSE_C09661,East Sikkim,27.228,88.592,+12h,0.6596,High,HIGH,0.993,0.3271,22.5,2026-09-08T18:05:43Z,ACTIVE,forecast_composite,SIMULATED / PROTOTYPE ALERT
ALT-GRID-00994,REGIONAL_GRID_CELL,"Cell COARSE_C09695 (27.228N, 88.626E)",COARSE_C09695,East Sikkim,27.228,88.626,+12h,0.6188,High,HIGH,0.9332,0.3128,21.6,2026-09-08T18:05:43Z,ACTIVE,forecast_composite,SIMULATED / PROTOTYPE ALERT
ALT-GRID-00995,REGIONAL_GRID_CELL,"Cell COARSE_C09698 (27.228N, 88.629E)",COARSE_C09698,East Sikkim,27.228,88.629,+12h,0.6043,High,HIGH,0.9075,0.3128,21.6,2026-09-08T18:05:43Z,ACTIVE,forecast_composite,SIMULATED / PROTOTYPE ALERT
ALT-GRID-00996,REGIONAL_GRID_CELL,"Cell COARSE_C09854 (27.229N, 88.584E)",COARSE_C09854,East Sikkim,27.229,88.584,+12h,0.5819,High,HIGH,0.8555,0.3271,22.5,2026-09-08T18:05:43Z,ACTIVE,forecast_composite,SIMULATED / PROTOTYPE ALERT
ALT-GRID-00997,REGIONAL_GRID_CELL,"Cell COARSE_C09855 (27.229N, 88.585E)",COARSE_C09855,East Sikkim,27.229,88.585,+12h,0.6284,High,HIGH,0.9379,0.3271,22.5,2026-09-08T18:05:43Z,ACTIVE,forecast_composite,SIMULATED / PROTOTYPE ALERT
ALT-GRID-00998,REGIONAL_GRID_CELL,"Cell COARSE_C09856 (27.229N, 88.586E)",COARSE_C09856,East Sikkim,27.229,88.586,+12h,0.6582,High,HIGH,0.9905,0.3271,22.5,2026-09-08T18:05:43Z,ACTIVE,forecast_composite,SIMULATED / PROTOTYPE ALERT
ALT-GRID-00999,REGIONAL_GRID_CELL,"Cell COARSE_C09857 (27.229N, 88.587E)",COARSE_C09857,East Sikkim,27.229,88.587,+12h,0.5893,High,HIGH,0.8687,0.3271,22.5,2026-09-08T18:05:43Z,ACTIVE,forecast_composite,SIMULATED / PROTOTYPE ALERT
ALT-GRID-01000,REGIONAL_GRID_CELL,"Cell COARSE_C09858 (27.229N, 88.588E)",COARSE_C09858,East Sikkim,27.229,88.588,+12h,0.6549,High,HIGH,0.9846,0.3271,22.5,2026-09-08T18:05:43Z,ACTIVE,forecast_composite,SIMULATED / PROTOTYPE ALERT
ALT-GRID-01001,REGIONAL_GRID_CELL,"Cell COARSE_C09887 (27.229N, 88.617E)",COARSE_C09887,East Sikkim,27.229,88.617,+12h,0.5977,High,HIGH,0.8956,0.3128,21.6,2026-09-08T18:05:43Z,ACTIVE,forecast_composite,SIMULATED / PROTOTYPE ALERT
ALT-GRID-01002,REGIONAL_GRID_CELL,"Cell COARSE_C10056 (27.230N, 88.585E)",COARSE_C10056,East Sikkim,27.23,88.585,+12h,0.5918,High,HIGH,0.873,0.3271,22.5,2026-09-08T18:05:43Z,ACTIVE,forecast_composite,SIMULATED / PROTOTYPE ALERT
ALT-GRID-01003,REGIONAL_GRID_CELL,"Cell COARSE_C10057 (27.230N, 88.586E)",COARSE_C10057,East Sikkim,27.23,88.586,+12h,0.5839,High,HIGH,0.8591,0.3271,22.5,2026-09-08T18:05:43Z,ACTIVE,forecast_composite,SIMULATED / PROTOTYPE ALERT
ALT-GRID-01004,REGIONAL_GRID_CELL,"Cell COARSE_C10058 (27.230N, 88.587E)",COARSE_C10058,East Sikkim,27.23,88.587,+12h,0.6163,High,HIGH,0.9165,0.3271,22.5,2026-09-08T18:05:43Z,ACTIVE,forecast_composite,SIMULATED / PROTOTYPE ALERT
ALT-GRID-01005,REGIONAL_GRID_CELL,"Cell COARSE_C10059 (27.230N, 88.588E)",COARSE_C10059,East Sikkim,27.23,88.588,+12h,0.5641,High,HIGH,0.8241,0.3271,22.5,2026-09-08T18:05:43Z,ACTIVE,forecast_composite,SIMULATED / PROTOTYPE ALERT
ALT-GRID-01006,REGIONAL_GRID_CELL,"Cell COARSE_C10060 (27.230N, 88.589E)",COARSE_C10060,East Sikkim,27.23,88.589,+12h,0.6565,High,HIGH,0.9875,0.3271,22.5,2026-09-08T18:05:43Z,ACTIVE,forecast_composite,SIMULATED / PROTOTYPE ALERT
ALT-GRID-01007,REGIONAL_GRID_CELL,"Cell COARSE_C10067 (27.230N, 88.596E)",COARSE_C10067,East Sikkim,27.23,88.596,+12h,0.6593,High,HIGH,0.9925,0.3271,22.5,2026-09-08T18:05:43Z,ACTIVE,forecast_composite,SIMULATED / PROTOTYPE ALERT
ALT-GRID-01008,REGIONAL_GRID_CELL,"Cell COARSE_C10068 (27.230N, 88.597E)",COARSE_C10068,East Sikkim,27.23,88.597,+12h,0.603,High,HIGH,0.8929,0.3271,22.5,2026-09-08T18:05:43Z,ACTIVE,forecast_composite,SIMULATED / PROTOTYPE ALERT
ALT-GRID-01009,REGIONAL_GRID_CELL,"Cell COARSE_C10069 (27.230N, 88.598E)",COARSE_C10069,East Sikkim,27.23,88.598,+12h,0.6044,High,HIGH,0.8953,0.3271,22.5,2026-09-08T18:05:43Z,ACTIVE,forecast_composite,SIMULATED / PROTOTYPE ALERT
ALT-GRID-01010,REGIONAL_GRID_CELL,"Cell COARSE_C10108 (27.230N, 88.637E)",COARSE_C10108,East Sikkim,27.23,88.637,+12h,0.6217,High,HIGH,0.9383,0.3128,21.6,2026-09-08T18:05:43Z,ACTIVE,forecast_composite,SIMULATED / PROTOTYPE ALERT
ALT-GRID-01011,REGIONAL_GRID_CELL,"Cell COARSE_C10258 (27.231N, 88.586E)",COARSE_C10258,East Sikkim,27.231,88.586,+12h,0.5922,High,HIGH,0.8738,0.3271,22.5,2026-09-08T18:05:43Z,ACTIVE,forecast_composite,SIMULATED / PROTOTYPE ALERT
ALT-GRID-01012,REGIONAL_GRID_CELL,"Cell COARSE_C10259 (27.231N, 88.587E)",COARSE_C10259,East Sikkim,27.231,88.587,+12h,0.5812,High,HIGH,0.8544,0.3271,22.5,2026-09-08T18:05:43Z,ACTIVE,forecast_composite,SIMULATED / PROTOTYPE ALERT
ALT-GRID-01013,REGIONAL_GRID_CELL,"Cell COARSE_C10260 (27.231N, 88.588E)",COARSE_C10260,East Sikkim,27.231,88.588,+12h,0.5642,High,HIGH,0.8242,0.3271,22.5,2026-09-08T18:05:43Z,ACTIVE,forecast_composite,SIMULATED / PROTOTYPE ALERT
ALT-GRID-01014,REGIONAL_GRID_CELL,"Cell COARSE_C10269 (27.231N, 88.597E)",COARSE_C10269,East Sikkim,27.231,88.597,+12h,0.5931,High,HIGH,0.8753,0.3271,22.5,2026-09-08T18:05:43Z,ACTIVE,forecast_composite,SIMULATED / PROTOTYPE ALERT
ALT-GRID-01015,REGIONAL_GRID_CELL,"Cell COARSE_C10461 (27.232N, 88.588E)",COARSE_C10461,East Sikkim,27.232,88.588,+12h,0.6559,High,HIGH,0.9865,0.3271,22.5,2026-09-08T18:05:43Z,ACTIVE,forecast_composite,SIMULATED / PROTOTYPE ALERT
ALT-GRID-01016,REGIONAL_GRID_CELL,"Cell COARSE_C10462 (27.232N, 88.589E)",COARSE_C10462,East Sikkim,27.232,88.589,+12h,0.5708,High,HIGH,0.836,0.3271,22.5,2026-09-08T18:05:43Z,ACTIVE,forecast_composite,SIMULATED / PROTOTYPE ALERT
ALT-GRID-01017,REGIONAL_GRID_CELL,"Cell COARSE_C10491 (27.232N, 88.618E)",COARSE_C10491,East Sikkim,27.232,88.618,+12h,0.5851,High,HIGH,0.8732,0.3128,21.6,2026-09-08T18:05:43Z,ACTIVE,forecast_composite,SIMULATED / PROTOTYPE ALERT
ALT-GRID-01018,REGIONAL_GRID_CELL,"Cell COARSE_C10493 (27.232N, 88.620E)",COARSE_C10493,East Sikkim,27.232,88.62,+12h,0.5862,High,HIGH,0.8753,0.3128,21.6,2026-09-08T18:05:43Z,ACTIVE,forecast_composite,SIMULATED / PROTOTYPE ALERT
ALT-GRID-01019,REGIONAL_GRID_CELL,"Cell COARSE_C10514 (27.232N, 88.641E)",COARSE_C10514,East Sikkim,27.232,88.641,+12h,0.5512,High,HIGH,0.813,0.3128,21.6,2026-09-08T18:05:43Z,ACTIVE,forecast_composite,SIMULATED / PROTOTYPE ALERT
ALT-GRID-01020,REGIONAL_GRID_CELL,"Cell COARSE_C10516 (27.232N, 88.643E)",COARSE_C10516,East Sikkim,27.232,88.643,+12h,0.5533,High,HIGH,0.8168,0.3128,21.6,2026-09-08T18:05:43Z,ACTIVE,forecast_composite,SIMULATED / PROTOTYPE ALERT
ALT-GRID-01021,REGIONAL_GRID_CELL,"Cell COARSE_C10662 (27.233N, 88.588E)",COARSE_C10662,East Sikkim,27.233,88.588,+12h,0.6559,High,HIGH,0.9865,0.3271,22.5,2026-09-08T18:05:43Z,ACTIVE,forecast_composite,SIMULATED / PROTOTYPE ALERT
ALT-GRID-01022,REGIONAL_GRID_CELL,"Cell COARSE_C10663 (27.233N, 88.589E)",COARSE_C10663,East Sikkim,27.233,88.589,+12h,0.6575,High,HIGH,0.9893,0.3271,22.5,2026-09-08T18:05:43Z,ACTIVE,forecast_composite,SIMULATED / PROTOTYPE ALERT
ALT-GRID-01023,REGIONAL_GRID_CELL,"Cell COARSE_C10691 (27.233N, 88.617E)",COARSE_C10691,East Sikkim,27.233,88.617,+12h,0.6077,High,HIGH,0.9135,0.3128,21.6,2026-09-08T18:05:43Z,ACTIVE,forecast_composite,SIMULATED / PROTOTYPE ALERT
ALT-GRID-01024,REGIONAL_GRID_CELL,"Cell COARSE_C10864 (27.234N, 88.589E)",COARSE_C10864,East Sikkim,27.234,88.589,+12h,0.657,High,HIGH,0.9884,0.3271,22.5,2026-09-08T18:05:43Z,ACTIVE,forecast_composite,SIMULATED / PROTOTYPE ALERT
ALT-GRID-01025,REGIONAL_GRID_CELL,"Cell COARSE_C10865 (27.234N, 88.590E)",COARSE_C10865,East Sikkim,27.234,88.59,+12h,0.5658,High,HIGH,0.8271,0.3271,22.5,2026-09-08T18:05:43Z,ACTIVE,forecast_composite,SIMULATED / PROTOTYPE ALERT
ALT-GRID-01026,REGIONAL_GRID_CELL,"Cell COARSE_C10872 (27.234N, 88.597E)",COARSE_C10872,East Sikkim,27.234,88.597,+12h,0.5804,High,HIGH,0.8529,0.3271,22.5,2026-09-08T18:05:43Z,ACTIVE,forecast_composite,SIMULATED / PROTOTYPE ALERT
ALT-GRID-01027,REGIONAL_GRID_CELL,"Cell COARSE_C10883 (27.234N, 88.608E)",COARSE_C10883,East Sikkim,27.234,88.608,+12h,0.5928,High,HIGH,0.8869,0.3128,21.6,2026-09-08T18:05:43Z,ACTIVE,forecast_composite,SIMULATED / PROTOTYPE ALERT
ALT-GRID-01028,REGIONAL_GRID_CELL,"Cell COARSE_C10884 (27.234N, 88.609E)",COARSE_C10884,East Sikkim,27.234,88.609,+12h,0.5941,High,HIGH,0.8892,0.3128,21.6,2026-09-08T18:05:43Z,ACTIVE,forecast_composite,SIMULATED / PROTOTYPE ALERT
ALT-GRID-01029,REGIONAL_GRID_CELL,"Cell COARSE_C11065 (27.235N, 88.589E)",COARSE_C11065,East Sikkim,27.235,88.589,+12h,0.6584,High,HIGH,0.9909,0.3271,22.5,2026-09-08T18:05:43Z,ACTIVE,forecast_composite,SIMULATED / PROTOTYPE ALERT
ALT-GRID-01030,REGIONAL_GRID_CELL,"Cell COARSE_C11066 (27.235N, 88.590E)",COARSE_C11066,East Sikkim,27.235,88.59,+12h,0.6563,High,HIGH,0.9872,0.3271,22.5,2026-09-08T18:05:43Z,ACTIVE,forecast_composite,SIMULATED / PROTOTYPE ALERT
ALT-GRID-01031,REGIONAL_GRID_CELL,"Cell COARSE_C11067 (27.235N, 88.591E)",COARSE_C11067,East Sikkim,27.235,88.591,+12h,0.5699,High,HIGH,0.8344,0.3271,22.5,2026-09-08T18:05:43Z,ACTIVE,forecast_composite,SIMULATED / PROTOTYPE ALERT
ALT-GRID-01032,REGIONAL_GRID_CELL,"Cell COARSE_C11069 (27.235N, 88.593E)",COARSE_C11069,East Sikkim,27.235,88.593,+12h,0.5586,High,HIGH,0.8143,0.3271,22.5,2026-09-08T18:05:43Z,ACTIVE,forecast_composite,SIMULATED / PROTOTYPE ALERT
ALT-GRID-01033,REGIONAL_GRID_CELL,"Cell COARSE_C11120 (27.235N, 88.644E)",COARSE_C11120,East Sikkim,27.235,88.644,+12h,0.5528,High,HIGH,0.8158,0.3128,21.6,2026-09-08T18:05:43Z,ACTIVE,forecast_composite,SIMULATED / PROTOTYPE ALERT
ALT-GRID-01034,REGIONAL_GRID_CELL,"Cell COARSE_C11266 (27.236N, 88.589E)",COARSE_C11266,East Sikkim,27.236,88.589,+12h,0.6586,High,HIGH,0.9913,0.3271,22.5,2026-09-08T18:05:43Z,ACTIVE,forecast_composite,SIMULATED / PROTOTYPE ALERT
ALT-GRID-01035,REGIONAL_GRID_CELL,"Cell COARSE_C11267 (27.236N, 88.590E)",COARSE_C11267,East Sikkim,27.236,88.59,+12h,0.6568,High,HIGH,0.988,0.3271,22.5,2026-09-08T18:05:43Z,ACTIVE,forecast_composite,SIMULATED / PROTOTYPE ALERT
ALT-GRID-01036,REGIONAL_GRID_CELL,"Cell COARSE_C11268 (27.236N, 88.591E)",COARSE_C11268,East Sikkim,27.236,88.591,+12h,0.5571,High,HIGH,0.8117,0.3271,22.5,2026-09-08T18:05:43Z,ACTIVE,forecast_composite,SIMULATED / PROTOTYPE ALERT
ALT-GRID-01037,REGIONAL_GRID_CELL,"Cell COARSE_C11270 (27.236N, 88.593E)",COARSE_C11270,East Sikkim,27.236,88.593,+12h,0.6555,High,HIGH,0.9858,0.3271,22.5,2026-09-08T18:05:43Z,ACTIVE,forecast_composite,SIMULATED / PROTOTYPE ALERT
ALT-GRID-01038,REGIONAL_GRID_CELL,"Cell COARSE_C11292 (27.236N, 88.615E)",COARSE_C11292,East Sikkim,27.236,88.615,+12h,0.6091,High,HIGH,0.9159,0.3128,21.6,2026-09-08T18:05:43Z,ACTIVE,forecast_composite,SIMULATED / PROTOTYPE ALERT
ALT-GRID-01039,REGIONAL_GRID_CELL,"Cell COARSE_C11294 (27.236N, 88.617E)",COARSE_C11294,East Sikkim,27.236,88.617,+12h,0.6059,High,HIGH,0.9102,0.3128,21.6,2026-09-08T18:05:43Z,ACTIVE,forecast_composite,SIMULATED / PROTOTYPE ALERT
ALT-GRID-01040,REGIONAL_GRID_CELL,"Cell COARSE_C11468 (27.237N, 88.590E)",COARSE_C11468,East Sikkim,27.237,88.59,+12h,0.6584,High,HIGH,0.9908,0.3271,22.5,2026-09-08T18:05:43Z,ACTIVE,forecast_composite,SIMULATED / PROTOTYPE ALERT
ALT-GRID-01041,REGIONAL_GRID_CELL,"Cell COARSE_C11469 (27.237N, 88.591E)",COARSE_C11469,East Sikkim,27.237,88.591,+12h,0.6586,High,HIGH,0.9912,0.3271,22.5,2026-09-08T18:05:43Z,ACTIVE,forecast_composite,SIMULATED / PROTOTYPE ALERT
ALT-GRID-01042,REGIONAL_GRID_CELL,"Cell COARSE_C11471 (27.237N, 88.593E)",COARSE_C11471,East Sikkim,27.237,88.593,+12h,0.658,High,HIGH,0.9902,0.3271,22.5,2026-09-08T18:05:43Z,ACTIVE,forecast_composite,SIMULATED / PROTOTYPE ALERT
ALT-GRID-01043,REGIONAL_GRID_CELL,"Cell COARSE_C11473 (27.237N, 88.595E)",COARSE_C11473,East Sikkim,27.237,88.595,+12h,0.5837,High,HIGH,0.8587,0.3271,22.5,2026-09-08T18:05:43Z,ACTIVE,forecast_composite,SIMULATED / PROTOTYPE ALERT
ALT-GRID-01044,REGIONAL_GRID_CELL,"Cell COARSE_C11669 (27.238N, 88.590E)",COARSE_C11669,East Sikkim,27.238,88.59,+12h,0.5801,High,HIGH,0.8524,0.3271,22.5,2026-09-08T18:05:43Z,ACTIVE,forecast_composite,SIMULATED / PROTOTYPE ALERT
ALT-GRID-01045,REGIONAL_GRID_CELL,"Cell COARSE_C11670 (27.238N, 88.591E)",COARSE_C11670,East Sikkim,27.238,88.591,+12h,0.6583,High,HIGH,0.9907,0.3271,22.5,2026-09-08T18:05:43Z,ACTIVE,forecast_composite,SIMULATED / PROTOTYPE ALERT
ALT-GRID-01046,REGIONAL_GRID_CELL,"Cell COARSE_C11671 (27.238N, 88.592E)",COARSE_C11671,East Sikkim,27.238,88.592,+12h,0.6569,High,HIGH,0.9883,0.3271,22.5,2026-09-08T18:05:43Z,ACTIVE,forecast_composite,SIMULATED / PROTOTYPE ALERT
ALT-GRID-01047,REGIONAL_GRID_CELL,"Cell COARSE_C11672 (27.238N, 88.593E)",COARSE_C11672,East Sikkim,27.238,88.593,+12h,0.6588,High,HIGH,0.9915,0.3271,22.5,2026-09-08T18:05:43Z,ACTIVE,forecast_composite,SIMULATED / PROTOTYPE ALERT
ALT-GRID-01048,REGIONAL_GRID_CELL,"Cell COARSE_C11675 (27.238N, 88.596E)",COARSE_C11675,East Sikkim,27.238,88.596,+12h,0.5939,High,HIGH,0.8768,0.3271,22.5,2026-09-08T18:05:43Z,ACTIVE,forecast_composite,SIMULATED / PROTOTYPE ALERT
ALT-GRID-01049,REGIONAL_GRID_CELL,"Cell COARSE_C11711 (27.238N, 88.632E)",COARSE_C11711,East Sikkim,27.238,88.632,+12h,0.5622,High,HIGH,0.8326,0.3128,21.6,2026-09-08T18:05:43Z,ACTIVE,forecast_composite,SIMULATED / PROTOTYPE ALERT
ALT-GRID-01050,REGIONAL_GRID_CELL,"Cell COARSE_C11870 (27.239N, 88.590E)",COARSE_C11870,East Sikkim,27.239,88.59,+12h,0.5655,High,HIGH,0.8265,0.3271,22.5,2026-09-08T18:05:43Z,ACTIVE,forecast_composite,SIMULATED / PROTOTYPE ALERT
ALT-GRID-01051,REGIONAL_GRID_CELL,"Cell COARSE_C11871 (27.239N, 88.591E)",COARSE_C11871,East Sikkim,27.239,88.591,+12h,0.5796,High,HIGH,0.8515,0.3271,22.5,2026-09-08T18:05:43Z,ACTIVE,forecast_composite,SIMULATED / PROTOTYPE ALERT
ALT-GRID-01052,REGIONAL_GRID_CELL,"Cell COARSE_C11872 (27.239N, 88.592E)",COARSE_C11872,East Sikkim,27.239,88.592,+12h,0.6584,High,HIGH,0.9908,0.3271,22.5,2026-09-08T18:05:43Z,ACTIVE,forecast_composite,SIMULATED / PROTOTYPE ALERT
ALT-GRID-01053,REGIONAL_GRID_CELL,"Cell COARSE_C11873 (27.239N, 88.593E)",COARSE_C11873,East Sikkim,27.239,88.593,+12h,0.6015,High,HIGH,0.8903,0.3271,22.5,2026-09-08T18:05:43Z,ACTIVE,forecast_composite,SIMULATED / PROTOTYPE ALERT
ALT-GRID-01054,REGIONAL_GRID_CELL,"Cell COARSE_C11875 (27.239N, 88.595E)",COARSE_C11875,East Sikkim,27.239,88.595,+12h,0.5942,High,HIGH,0.8773,0.3271,22.5,2026-09-08T18:05:43Z,ACTIVE,forecast_composite,SIMULATED / PROTOTYPE ALERT
ALT-GRID-01055,REGIONAL_GRID_CELL,"Cell COARSE_C11877 (27.239N, 88.597E)",COARSE_C11877,East Sikkim,27.239,88.597,+12h,0.5862,High,HIGH,0.8631,0.3271,22.5,2026-09-08T18:05:43Z,ACTIVE,forecast_composite,SIMULATED / PROTOTYPE ALERT
ALT-GRID-01056,REGIONAL_GRID_CELL,"Cell COARSE_C11885 (27.239N, 88.605E)",COARSE_C11885,East Sikkim,27.239,88.605,+12h,0.5905,High,HIGH,0.8829,0.3128,21.6,2026-09-08T18:05:43Z,ACTIVE,forecast_composite,SIMULATED / PROTOTYPE ALERT
ALT-GRID-01057,REGIONAL_GRID_CELL,"Cell COARSE_C11905 (27.239N, 88.625E)",COARSE_C11905,East Sikkim,27.239,88.625,+12h,0.6199,High,HIGH,0.9352,0.3128,21.6,2026-09-08T18:05:43Z,ACTIVE,forecast_composite,SIMULATED / PROTOTYPE ALERT
ALT-GRID-01058,REGIONAL_GRID_CELL,"Cell COARSE_C12073 (27.240N, 88.592E)",COARSE_C12073,East Sikkim,27.24,88.592,+12h,0.6584,High,HIGH,0.9909,0.3271,22.5,2026-09-08T18:05:43Z,ACTIVE,forecast_composite,SIMULATED / PROTOTYPE ALERT
ALT-GRID-01059,REGIONAL_GRID_CELL,"Cell COARSE_C12074 (27.240N, 88.593E)",COARSE_C12074,East Sikkim,27.24,88.593,+12h,0.6571,High,HIGH,0.9886,0.3271,22.5,2026-09-08T18:05:43Z,ACTIVE,forecast_composite,SIMULATED / PROTOTYPE ALERT
ALT-GRID-01060,REGIONAL_GRID_CELL,"Cell COARSE_C12075 (27.240N, 88.594E)",COARSE_C12075,East Sikkim,27.24,88.594,+12h,0.581,High,HIGH,0.8539,0.3271,22.5,2026-09-08T18:05:43Z,ACTIVE,forecast_composite,SIMULATED / PROTOTYPE ALERT
ALT-GRID-01061,REGIONAL_GRID_CELL,"Cell COARSE_C12093 (27.240N, 88.612E)",COARSE_C12093,East Sikkim,27.24,88.612,+12h,0.6106,High,HIGH,0.9186,0.3128,21.6,2026-09-08T18:05:43Z,ACTIVE,forecast_composite,SIMULATED / PROTOTYPE ALERT
ALT-GRID-01062,REGIONAL_GRID_CELL,"Cell COARSE_C12099 (27.240N, 88.618E)",COARSE_C12099,East Sikkim,27.24,88.618,+12h,0.5543,High,HIGH,0.8185,0.3128,21.6,2026-09-08T18:05:43Z,ACTIVE,forecast_composite,SIMULATED / PROTOTYPE ALERT
ALT-GRID-01063,REGIONAL_GRID_CELL,"Cell COARSE_C12274 (27.241N, 88.592E)",COARSE_C12274,East Sikkim,27.241,88.592,+12h,0.5801,High,HIGH,0.8524,0.3271,22.5,2026-09-08T18:05:43Z,ACTIVE,forecast_composite,SIMULATED / PROTOTYPE ALERT
ALT-GRID-01064,REGIONAL_GRID_CELL,"Cell COARSE_C12275 (27.241N, 88.593E)",COARSE_C12275,East Sikkim,27.241,88.593,+12h,0.5911,High,HIGH,0.8718,0.3271,22.5,2026-09-08T18:05:43Z,ACTIVE,forecast_composite,SIMULATED / PROTOTYPE ALERT
ALT-GRID-01065,REGIONAL_GRID_CELL,"Cell COARSE_C12276 (27.241N, 88.594E)",COARSE_C12276,East Sikkim,27.241,88.594,+12h,0.6584,High,HIGH,0.9908,0.3271,22.5,2026-09-08T18:05:43Z,ACTIVE,forecast_composite,SIMULATED / PROTOTYPE ALERT
ALT-GRID-01066,REGIONAL_GRID_CELL,"Cell COARSE_C12284 (27.241N, 88.602E)",COARSE_C12284,East Sikkim,27.241,88.602,+12h,0.6477,High,HIGH,0.9846,0.3128,21.6,2026-09-08T18:05:43Z,ACTIVE,forecast_composite,SIMULATED / PROTOTYPE ALERT
ALT-GRID-01067,REGIONAL_GRID_CELL,"Cell COARSE_C12285 (27.241N, 88.603E)",COARSE_C12285,East Sikkim,27.241,88.603,+12h,0.6501,High,HIGH,0.9888,0.3128,21.6,2026-09-08T18:05:43Z,ACTIVE,forecast_composite,SIMULATED / PROTOTYPE ALERT
ALT-GRID-01068,REGIONAL_GRID_CELL,"Cell COARSE_C12479 (27.242N, 88.596E)",COARSE_C12479,East Sikkim,27.242,88.596,+12h,0.6588,High,HIGH,0.9916,0.3271,22.5,2026-09-08T18:05:43Z,ACTIVE,forecast_composite,SIMULATED / PROTOTYPE ALERT
ALT-GRID-01069,REGIONAL_GRID_CELL,"Cell COARSE_C12486 (27.242N, 88.603E)",COARSE_C12486,East Sikkim,27.242,88.603,+12h,0.6479,High,HIGH,0.985,0.3128,21.6,2026-09-08T18:05:43Z,ACTIVE,forecast_composite,SIMULATED / PROTOTYPE ALERT
ALT-GRID-01070,REGIONAL_GRID_CELL,"Cell COARSE_C12490 (27.242N, 88.607E)",COARSE_C12490,East Sikkim,27.242,88.607,+12h,0.6019,High,HIGH,0.9031,0.3128,21.6,2026-09-08T18:05:43Z,ACTIVE,forecast_composite,SIMULATED / PROTOTYPE ALERT
ALT-GRID-01071,REGIONAL_GRID_CELL,"Cell COARSE_C12493 (27.242N, 88.610E)",COARSE_C12493,East Sikkim,27.242,88.61,+12h,0.6054,High,HIGH,0.9093,0.3128,21.6,2026-09-08T18:05:43Z,ACTIVE,forecast_composite,SIMULATED / PROTOTYPE ALERT
ALT-GRID-01072,REGIONAL_GRID_CELL,"Cell COARSE_C12681 (27.243N, 88.597E)",COARSE_C12681,East Sikkim,27.243,88.597,+12h,0.6582,High,HIGH,0.9906,0.3271,22.5,2026-09-08T18:05:43Z,ACTIVE,forecast_composite,SIMULATED / PROTOTYPE ALERT
ALT-GRID-01073,REGIONAL_GRID_CELL,"Cell COARSE_C12683 (27.243N, 88.599E)",COARSE_C12683,East Sikkim,27.243,88.599,+12h,0.6542,High,HIGH,0.9834,0.3271,22.5,2026-09-08T18:05:43Z,ACTIVE,forecast_composite,SIMULATED / PROTOTYPE ALERT
ALT-GRID-01074,REGIONAL_GRID_CELL,"Cell COARSE_C12693 (27.243N, 88.609E)",COARSE_C12693,East Sikkim,27.243,88.609,+12h,0.6531,High,HIGH,0.9942,0.3128,21.6,2026-09-08T18:05:43Z,ACTIVE,forecast_composite,SIMULATED / PROTOTYPE ALERT
ALT-GRID-01075,REGIONAL_GRID_CELL,"Cell COARSE_C12700 (27.243N, 88.616E)",COARSE_C12700,East Sikkim,27.243,88.616,+12h,0.5645,High,HIGH,0.8367,0.3128,21.6,2026-09-08T18:05:43Z,ACTIVE,forecast_composite,SIMULATED / PROTOTYPE ALERT
ALT-GRID-01076,REGIONAL_GRID_CELL,"Cell COARSE_C12703 (27.243N, 88.619E)",COARSE_C12703,East Sikkim,27.243,88.619,+12h,0.5691,High,HIGH,0.8448,0.3128,21.6,2026-09-08T18:05:43Z,ACTIVE,forecast_composite,SIMULATED / PROTOTYPE ALERT
ALT-GRID-01077,REGIONAL_GRID_CELL,"Cell COARSE_C12880 (27.244N, 88.595E)",COARSE_C12880,East Sikkim,27.244,88.595,+12h,0.6091,High,HIGH,0.9037,0.3271,22.5,2026-09-08T18:05:43Z,ACTIVE,forecast_composite,SIMULATED / PROTOTYPE ALERT
ALT-GRID-01078,REGIONAL_GRID_CELL,"Cell COARSE_C12887 (27.244N, 88.602E)",COARSE_C12887,Pakyong,27.244,88.602,+12h,0.6518,High,HIGH,0.9918,0.3128,21.6,2026-09-08T18:05:43Z,ACTIVE,forecast_composite,SIMULATED / PROTOTYPE ALERT
ALT-GRID-01079,REGIONAL_GRID_CELL,"Cell COARSE_C12894 (27.244N, 88.609E)",COARSE_C12894,East Sikkim,27.244,88.609,+12h,0.6488,High,HIGH,0.9866,0.3128,21.6,2026-09-08T18:05:43Z,ACTIVE,forecast_composite,SIMULATED / PROTOTYPE ALERT
ALT-GRID-01080,REGIONAL_GRID_CELL,"Cell COARSE_C12895 (27.244N, 88.610E)",COARSE_C12895,East Sikkim,27.244,88.61,+12h,0.6103,High,HIGH,0.918,0.3128,21.6,2026-09-08T18:05:43Z,ACTIVE,forecast_composite,SIMULATED / PROTOTYPE ALERT
ALT-GRID-01081,REGIONAL_GRID_CELL,"Cell COARSE_C12896 (27.244N, 88.611E)",COARSE_C12896,East Sikkim,27.244,88.611,+12h,0.6526,High,HIGH,0.9932,0.3128,21.6,2026-09-08T18:05:43Z,ACTIVE,forecast_composite,SIMULATED / PROTOTYPE ALERT
ALT-GRID-01082,REGIONAL_GRID_CELL,"Cell COARSE_C12901 (27.244N, 88.616E)",COARSE_C12901,East Sikkim,27.244,88.616,+12h,0.5678,High,HIGH,0.8425,0.3128,21.6,2026-09-08T18:05:43Z,ACTIVE,forecast_composite,SIMULATED / PROTOTYPE ALERT
ALT-GRID-01083,REGIONAL_GRID_CELL,"Cell COARSE_C12902 (27.244N, 88.617E)",COARSE_C12902,East Sikkim,27.244,88.617,+12h,0.5525,High,HIGH,0.8154,0.3128,21.6,2026-09-08T18:05:43Z,ACTIVE,forecast_composite,SIMULATED / PROTOTYPE ALERT
ALT-GRID-01084,REGIONAL_GRID_CELL,"Cell COARSE_C12904 (27.244N, 88.619E)",COARSE_C12904,East Sikkim,27.244,88.619,+12h,0.5521,High,HIGH,0.8146,0.3128,21.6,2026-09-08T18:05:43Z,ACTIVE,forecast_composite,SIMULATED / PROTOTYPE ALERT
ALT-GRID-01085,REGIONAL_GRID_CELL,"Cell COARSE_C12905 (27.244N, 88.620E)",COARSE_C12905,East Sikkim,27.244,88.62,+12h,0.5532,High,HIGH,0.8166,0.3128,21.6,2026-09-08T18:05:43Z,ACTIVE,forecast_composite,SIMULATED / PROTOTYPE ALERT
ALT-GRID-01086,REGIONAL_GRID_CELL,"Cell COARSE_C12906 (27.244N, 88.621E)",COARSE_C12906,East Sikkim,27.244,88.621,+12h,0.5552,High,HIGH,0.8202,0.3128,21.6,2026-09-08T18:05:43Z,ACTIVE,forecast_composite,SIMULATED / PROTOTYPE ALERT
ALT-GRID-01087,REGIONAL_GRID_CELL,"Cell COARSE_C12907 (27.244N, 88.622E)",COARSE_C12907,East Sikkim,27.244,88.622,+12h,0.5568,High,HIGH,0.8229,0.3128,21.6,2026-09-08T18:05:43Z,ACTIVE,forecast_composite,SIMULATED / PROTOTYPE ALERT
ALT-GRID-01088,REGIONAL_GRID_CELL,"Cell COARSE_C13091 (27.245N, 88.605E)",COARSE_C13091,East Sikkim,27.245,88.605,+12h,0.6008,High,HIGH,0.9012,0.3128,21.6,2026-09-08T18:05:43Z,ACTIVE,forecast_composite,SIMULATED / PROTOTYPE ALERT
ALT-GRID-01089,REGIONAL_GRID_CELL,"Cell COARSE_C13109 (27.245N, 88.623E)",COARSE_C13109,East Sikkim,27.245,88.623,+12h,0.5524,High,HIGH,0.8152,0.3128,21.6,2026-09-08T18:05:43Z,ACTIVE,forecast_composite,SIMULATED / PROTOTYPE ALERT
ALT-GRID-01090,REGIONAL_GRID_CELL,"Cell COARSE_C13276 (27.246N, 88.589E)",COARSE_C13276,East Sikkim,27.246,88.589,+12h,0.6041,High,HIGH,0.8949,0.3271,22.5,2026-09-08T18:05:43Z,ACTIVE,forecast_composite,SIMULATED / PROTOTYPE ALERT
ALT-GRID-01091,REGIONAL_GRID_CELL,"Cell COARSE_C13281 (27.246N, 88.594E)",COARSE_C13281,East Sikkim,27.246,88.594,+12h,0.6592,High,HIGH,0.9923,0.3271,22.5,2026-09-08T18:05:43Z,ACTIVE,forecast_composite,SIMULATED / PROTOTYPE ALERT
ALT-GRID-01092,REGIONAL_GRID_CELL,"Cell COARSE_C13285 (27.246N, 88.598E)",COARSE_C13285,East Sikkim,27.246,88.598,+12h,0.6081,High,HIGH,0.9019,0.3271,22.5,2026-09-08T18:05:43Z,ACTIVE,forecast_composite,SIMULATED / PROTOTYPE ALERT
ALT-GRID-01093,REGIONAL_GRID_CELL,"Cell COARSE_C13300 (27.246N, 88.613E)",COARSE_C13300,East Sikkim,27.246,88.613,+12h,0.5914,High,HIGH,0.8845,0.3128,21.6,2026-09-08T18:05:43Z,ACTIVE,forecast_composite,SIMULATED / PROTOTYPE ALERT
ALT-GRID-01094,REGIONAL_GRID_CELL,"Cell COARSE_C13495 (27.247N, 88.607E)",COARSE_C13495,East Sikkim,27.247,88.607,+12h,0.6119,High,HIGH,0.921,0.3128,21.6,2026-09-08T18:05:43Z,ACTIVE,forecast_composite,SIMULATED / PROTOTYPE ALERT
ALT-GRID-01095,REGIONAL_GRID_CELL,"Cell COARSE_C13687 (27.248N, 88.598E)",COARSE_C13687,East Sikkim,27.248,88.598,+12h,0.6602,High,HIGH,0.9941,0.3271,22.5,2026-09-08T18:05:43Z,ACTIVE,forecast_composite,SIMULATED / PROTOTYPE ALERT
ALT-GRID-01096,REGIONAL_GRID_CELL,"Cell COARSE_C13694 (27.248N, 88.605E)",COARSE_C13694,East Sikkim,27.248,88.605,+12h,0.654,High,HIGH,0.9957,0.3128,21.6,2026-09-08T18:05:43Z,ACTIVE,forecast_composite,SIMULATED / PROTOTYPE ALERT
ALT-GRID-01097,REGIONAL_GRID_CELL,"Cell COARSE_C13874 (27.249N, 88.584E)",COARSE_C13874,East Sikkim,27.249,88.584,+12h,0.6366,High,HIGH,0.9523,0.3271,22.5,2026-09-08T18:05:43Z,ACTIVE,forecast_composite,SIMULATED / PROTOTYPE ALERT
ALT-GRID-01098,REGIONAL_GRID_CELL,"Cell COARSE_C13887 (27.249N, 88.597E)",COARSE_C13887,East Sikkim,27.249,88.597,+12h,0.6599,High,HIGH,0.9936,0.3271,22.5,2026-09-08T18:05:43Z,ACTIVE,forecast_composite,SIMULATED / PROTOTYPE ALERT
ALT-GRID-01099,REGIONAL_GRID_CELL,"Cell COARSE_C13895 (27.249N, 88.605E)",COARSE_C13895,East Sikkim,27.249,88.605,+12h,0.6539,High,HIGH,0.9955,0.3128,21.6,2026-09-08T18:05:43Z,ACTIVE,forecast_composite,SIMULATED / PROTOTYPE ALERT
ALT-GRID-01100,REGIONAL_GRID_CELL,"Cell COARSE_C13898 (27.249N, 88.608E)",COARSE_C13898,East Sikkim,27.249,88.608,+12h,0.6516,High,HIGH,0.9915,0.3128,21.6,2026-09-08T18:05:43Z,ACTIVE,forecast_composite,SIMULATED / PROTOTYPE ALERT
ALT-GRID-01101,REGIONAL_GRID_CELL,"Cell COARSE_C14075 (27.250N, 88.584E)",COARSE_C14075,East Sikkim,27.25,88.584,+12h,0.6284,High,HIGH,0.9939,0.2635,17.7,2026-09-08T18:05:43Z,ACTIVE,forecast_composite,SIMULATED / PROTOTYPE ALERT
ALT-GRID-01102,REGIONAL_GRID_CELL,"Cell COARSE_C14290 (27.251N, 88.598E)",COARSE_C14290,East Sikkim,27.251,88.598,+12h,0.6291,High,HIGH,0.9953,0.2635,17.7,2026-09-08T18:05:43Z,ACTIVE,forecast_composite,SIMULATED / PROTOTYPE ALERT
ALT-GRID-01103,REGIONAL_GRID_CELL,"Cell COARSE_C15288 (27.256N, 88.591E)",COARSE_C15288,East Sikkim,27.256,88.591,+12h,0.5946,High,HIGH,0.9328,0.2635,17.7,2026-09-08T18:05:43Z,ACTIVE,forecast_composite,SIMULATED / PROTOTYPE ALERT
ALT-GRID-01104,REGIONAL_GRID_CELL,"Cell COARSE_C15492 (27.257N, 88.594E)",COARSE_C15492,East Sikkim,27.257,88.594,+12h,0.588,High,HIGH,0.9208,0.2635,17.7,2026-09-08T18:05:43Z,ACTIVE,forecast_composite,SIMULATED / PROTOTYPE ALERT
ALT-GRID-01105,REGIONAL_GRID_CELL,"Cell COARSE_C16492 (27.262N, 88.589E)",COARSE_C16492,East Sikkim,27.262,88.589,+12h,0.5513,High,HIGH,0.8545,0.2635,17.7,2026-09-08T18:05:43Z,ACTIVE,forecast_composite,SIMULATED / PROTOTYPE ALERT
ALT-GRID-01106,REGIONAL_GRID_CELL,"Cell COARSE_C16493 (27.262N, 88.590E)",COARSE_C16493,East Sikkim,27.262,88.59,+12h,0.5623,High,HIGH,0.8744,0.2635,17.7,2026-09-08T18:05:43Z,ACTIVE,forecast_composite,SIMULATED / PROTOTYPE ALERT
ALT-GRID-01107,REGIONAL_GRID_CELL,"Cell COARSE_C16704 (27.263N, 88.600E)",COARSE_C16704,East Sikkim,27.263,88.6,+12h,0.6192,High,HIGH,0.9773,0.2635,17.7,2026-09-08T18:05:43Z,ACTIVE,forecast_composite,SIMULATED / PROTOTYPE ALERT
ALT-GRID-01108,REGIONAL_GRID_CELL,"Cell COARSE_C16890 (27.264N, 88.585E)",COARSE_C16890,East Sikkim,27.264,88.585,+12h,0.5513,High,HIGH,0.8545,0.2635,17.7,2026-09-08T18:05:43Z,ACTIVE,forecast_composite,SIMULATED / PROTOTYPE ALERT
ALT-GRID-01109,REGIONAL_GRID_CELL,"Cell COARSE_C16891 (27.264N, 88.586E)",COARSE_C16891,East Sikkim,27.264,88.586,+12h,0.552,High,HIGH,0.8558,0.2635,17.7,2026-09-08T18:05:43Z,ACTIVE,forecast_composite,SIMULATED / PROTOTYPE ALERT
ALT-GRID-01110,REGIONAL_GRID_CELL,"Cell COARSE_C17101 (27.265N, 88.595E)",COARSE_C17101,East Sikkim,27.265,88.595,+12h,0.5572,High,HIGH,0.8651,0.2635,17.7,2026-09-08T18:05:43Z,ACTIVE,forecast_composite,SIMULATED / PROTOTYPE ALERT
ALT-GRID-01111,REGIONAL_GRID_CELL,"Cell COARSE_C17102 (27.265N, 88.596E)",COARSE_C17102,East Sikkim,27.265,88.596,+12h,0.5551,High,HIGH,0.8613,0.2635,17.7,2026-09-08T18:05:43Z,ACTIVE,forecast_composite,SIMULATED / PROTOTYPE ALERT
ALT-GRID-01112,REGIONAL_GRID_CELL,"Cell COARSE_C17105 (27.265N, 88.599E)",COARSE_C17105,East Sikkim,27.265,88.599,+12h,0.6135,High,HIGH,0.9671,0.2635,17.7,2026-09-08T18:05:43Z,ACTIVE,forecast_composite,SIMULATED / PROTOTYPE ALERT
ALT-GRID-01113,REGIONAL_GRID_CELL,"Cell COARSE_C17301 (27.266N, 88.594E)",COARSE_C17301,East Sikkim,27.266,88.594,+12h,0.6019,High,HIGH,0.9461,0.2635,17.7,2026-09-08T18:05:43Z,ACTIVE,forecast_composite,SIMULATED / PROTOTYPE ALERT
ALT-GRID-01114,REGIONAL_GRID_CELL,"Cell COARSE_C17488 (27.267N, 88.580E)",COARSE_C17488,East Sikkim,27.267,88.58,+12h,0.5862,High,HIGH,0.9177,0.2635,17.7,2026-09-08T18:05:43Z,ACTIVE,forecast_composite,SIMULATED / PROTOTYPE ALERT
ALT-GRID-01115,REGIONAL_GRID_CELL,"Cell COARSE_C17489 (27.267N, 88.581E)",COARSE_C17489,East Sikkim,27.267,88.581,+12h,0.589,High,HIGH,0.9226,0.2635,17.7,2026-09-08T18:05:43Z,ACTIVE,forecast_composite,SIMULATED / PROTOTYPE ALERT
ALT-GRID-01116,REGIONAL_GRID_CELL,"Cell COARSE_C17497 (27.267N, 88.589E)",COARSE_C17497,East Sikkim,27.267,88.589,+12h,0.5866,High,HIGH,0.9184,0.2635,17.7,2026-09-08T18:05:43Z,ACTIVE,forecast_composite,SIMULATED / PROTOTYPE ALERT
ALT-GRID-01117,REGIONAL_GRID_CELL,"Cell COARSE_C17689 (27.268N, 88.580E)",COARSE_C17689,East Sikkim,27.268,88.58,+12h,0.5707,High,HIGH,0.8896,0.2635,17.7,2026-09-08T18:05:43Z,ACTIVE,forecast_composite,SIMULATED / PROTOTYPE ALERT
ALT-GRID-01118,REGIONAL_GRID_CELL,"Cell COARSE_C17690 (27.268N, 88.581E)",COARSE_C17690,East Sikkim,27.268,88.581,+12h,0.6016,High,HIGH,0.9454,0.2635,17.7,2026-09-08T18:05:43Z,ACTIVE,forecast_composite,SIMULATED / PROTOTYPE ALERT
ALT-GRID-01119,REGIONAL_GRID_CELL,"Cell COARSE_C17898 (27.269N, 88.588E)",COARSE_C17898,East Sikkim,27.269,88.588,+12h,0.6297,High,HIGH,0.9964,0.2635,17.7,2026-09-08T18:05:43Z,ACTIVE,forecast_composite,SIMULATED / PROTOTYPE ALERT
ALT-GRID-01120,REGIONAL_GRID_CELL,"Cell COARSE_C17899 (27.269N, 88.589E)",COARSE_C17899,East Sikkim,27.269,88.589,+12h,0.5913,High,HIGH,0.9269,0.2635,17.7,2026-09-08T18:05:43Z,ACTIVE,forecast_composite,SIMULATED / PROTOTYPE ALERT
ALT-GRID-01121,REGIONAL_GRID_CELL,"Cell COARSE_C18091 (27.270N, 88.580E)",COARSE_C18091,East Sikkim,27.27,88.58,+12h,0.6292,High,HIGH,0.9954,0.2635,17.7,2026-09-08T18:05:43Z,ACTIVE,forecast_composite,SIMULATED / PROTOTYPE ALERT
ALT-GRID-01122,REGIONAL_GRID_CELL,"Cell COARSE_C18105 (27.270N, 88.594E)",COARSE_C18105,East Sikkim,27.27,88.594,+12h,0.63,High,HIGH,0.9968,0.2635,17.7,2026-09-08T18:05:43Z,ACTIVE,forecast_composite,SIMULATED / PROTOTYPE ALERT
ALT-GRID-01123,REGIONAL_GRID_CELL,"Cell COARSE_C18302 (27.271N, 88.590E)",COARSE_C18302,East Sikkim,27.271,88.59,+12h,0.628,High,HIGH,0.9932,0.2635,17.7,2026-09-08T18:05:43Z,ACTIVE,forecast_composite,SIMULATED / PROTOTYPE ALERT
ALT-GRID-01124,REGIONAL_GRID_CELL,"Cell COARSE_C18304 (27.271N, 88.592E)",COARSE_C18304,East Sikkim,27.271,88.592,+12h,0.5844,High,HIGH,0.9143,0.2635,17.7,2026-09-08T18:05:43Z,ACTIVE,forecast_composite,SIMULATED / PROTOTYPE ALERT
ALT-GRID-01125,REGIONAL_GRID_CELL,"Cell COARSE_C18305 (27.271N, 88.593E)",COARSE_C18305,East Sikkim,27.271,88.593,+12h,0.5901,High,HIGH,0.9246,0.2635,17.7,2026-09-08T18:05:43Z,ACTIVE,forecast_composite,SIMULATED / PROTOTYPE ALERT
ALT-GRID-01126,REGIONAL_GRID_CELL,"Cell COARSE_C18306 (27.271N, 88.594E)",COARSE_C18306,East Sikkim,27.271,88.594,+12h,0.5911,High,HIGH,0.9264,0.2635,17.7,2026-09-08T18:05:43Z,ACTIVE,forecast_composite,SIMULATED / PROTOTYPE ALERT
ALT-GRID-01127,REGIONAL_GRID_CELL,"Cell COARSE_C18505 (27.272N, 88.592E)",COARSE_C18505,East Sikkim,27.272,88.592,+12h,0.5686,High,HIGH,0.8858,0.2635,17.7,2026-09-08T18:05:43Z,ACTIVE,forecast_composite,SIMULATED / PROTOTYPE ALERT
ALT-GRID-01128,REGIONAL_GRID_CELL,"Cell COARSE_C18509 (27.272N, 88.596E)",COARSE_C18509,East Sikkim,27.272,88.596,+12h,0.6288,High,HIGH,0.9947,0.2635,17.7,2026-09-08T18:05:43Z,ACTIVE,forecast_composite,SIMULATED / PROTOTYPE ALERT
ALT-GRID-01129,REGIONAL_GRID_CELL,"Cell COARSE_C18714 (27.273N, 88.600E)",COARSE_C18714,East Sikkim,27.273,88.6,+12h,0.602,High,HIGH,0.9462,0.2635,17.7,2026-09-08T18:05:43Z,ACTIVE,forecast_composite,SIMULATED / PROTOTYPE ALERT
ALT-GRID-01130,REGIONAL_GRID_CELL,"Cell COARSE_C19100 (27.275N, 88.584E)",COARSE_C19100,East Sikkim,27.275,88.584,+12h,0.6291,High,HIGH,0.9952,0.2635,17.7,2026-09-08T18:05:43Z,ACTIVE,forecast_composite,SIMULATED / PROTOTYPE ALERT
ALT-GRID-01131,REGIONAL_GRID_CELL,"Cell COARSE_C19108 (27.275N, 88.592E)",COARSE_C19108,East Sikkim,27.275,88.592,+12h,0.6278,High,HIGH,0.9928,0.2635,17.7,2026-09-08T18:05:43Z,ACTIVE,forecast_composite,SIMULATED / PROTOTYPE ALERT
ALT-GRID-01132,REGIONAL_GRID_CELL,"Cell COARSE_C19313 (27.276N, 88.596E)",COARSE_C19313,East Sikkim,27.276,88.596,+12h,0.5675,High,HIGH,0.8837,0.2635,17.7,2026-09-08T18:05:43Z,ACTIVE,forecast_composite,SIMULATED / PROTOTYPE ALERT
ALT-GRID-01133,REGIONAL_GRID_CELL,"Cell COARSE_C19501 (27.277N, 88.583E)",COARSE_C19501,East Sikkim,27.277,88.583,+12h,0.5616,High,HIGH,0.8731,0.2635,17.7,2026-09-08T18:05:43Z,ACTIVE,forecast_composite,SIMULATED / PROTOTYPE ALERT
ALT-GRID-01134,REGIONAL_GRID_CELL,"Cell COARSE_C19515 (27.277N, 88.597E)",COARSE_C19515,East Sikkim,27.277,88.597,+12h,0.5832,High,HIGH,0.9121,0.2635,17.7,2026-09-08T18:05:43Z,ACTIVE,forecast_composite,SIMULATED / PROTOTYPE ALERT
ALT-GRID-01135,REGIONAL_GRID_CELL,"Cell COARSE_C19516 (27.277N, 88.598E)",COARSE_C19516,East Sikkim,27.277,88.598,+12h,0.5544,High,HIGH,0.86,0.2635,17.7,2026-09-08T18:05:43Z,ACTIVE,forecast_composite,SIMULATED / PROTOTYPE ALERT
ALT-GRID-01136,REGIONAL_GRID_CELL,"Cell COARSE_C19517 (27.277N, 88.599E)",COARSE_C19517,East Sikkim,27.277,88.599,+12h,0.5818,High,HIGH,0.9097,0.2635,17.7,2026-09-08T18:05:43Z,ACTIVE,forecast_composite,SIMULATED / PROTOTYPE ALERT
ALT-GRID-01137,REGIONAL_GRID_CELL,"Cell COARSE_C19705 (27.278N, 88.586E)",COARSE_C19705,East Sikkim,27.278,88.586,+12h,0.6291,High,HIGH,0.9953,0.2635,17.7,2026-09-08T18:05:43Z,ACTIVE,forecast_composite,SIMULATED / PROTOTYPE ALERT
ALT-GRID-01138,REGIONAL_GRID_CELL,"Cell COARSE_C19711 (27.278N, 88.592E)",COARSE_C19711,East Sikkim,27.278,88.592,+12h,0.6289,High,HIGH,0.9948,0.2635,17.7,2026-09-08T18:05:43Z,ACTIVE,forecast_composite,SIMULATED / PROTOTYPE ALERT
ALT-GRID-01139,REGIONAL_GRID_CELL,"Cell COARSE_C19912 (27.279N, 88.592E)",COARSE_C19912,East Sikkim,27.279,88.592,+12h,0.6278,High,HIGH,0.9928,0.2635,17.7,2026-09-08T18:05:43Z,ACTIVE,forecast_composite,SIMULATED / PROTOTYPE ALERT
ALT-GRID-01140,REGIONAL_GRID_CELL,"Cell COARSE_C19913 (27.279N, 88.593E)",COARSE_C19913,East Sikkim,27.279,88.593,+12h,0.6271,High,HIGH,0.9916,0.2635,17.7,2026-09-08T18:05:43Z,ACTIVE,forecast_composite,SIMULATED / PROTOTYPE ALERT
ALT-GRID-01141,REGIONAL_GRID_CELL,"Cell COARSE_C19914 (27.279N, 88.594E)",COARSE_C19914,East Sikkim,27.279,88.594,+12h,0.6254,High,HIGH,0.9885,0.2635,17.7,2026-09-08T18:05:43Z,ACTIVE,forecast_composite,SIMULATED / PROTOTYPE ALERT
ALT-GRID-01142,REGIONAL_GRID_CELL,"Cell COARSE_C19915 (27.279N, 88.595E)",COARSE_C19915,East Sikkim,27.279,88.595,+12h,0.6085,High,HIGH,0.958,0.2635,17.7,2026-09-08T18:05:43Z,ACTIVE,forecast_composite,SIMULATED / PROTOTYPE ALERT
ALT-GRID-01143,REGIONAL_GRID_CELL,"Cell COARSE_C19916 (27.279N, 88.596E)",COARSE_C19916,East Sikkim,27.279,88.596,+12h,0.6038,High,HIGH,0.9494,0.2635,17.7,2026-09-08T18:05:43Z,ACTIVE,forecast_composite,SIMULATED / PROTOTYPE ALERT
ALT-GRID-01144,REGIONAL_GRID_CELL,"Cell COARSE_C20114 (27.280N, 88.593E)",COARSE_C20114,East Sikkim,27.28,88.593,+12h,0.6295,High,HIGH,0.996,0.2635,17.7,2026-09-08T18:05:43Z,ACTIVE,forecast_composite,SIMULATED / PROTOTYPE ALERT
ALT-GRID-01145,REGIONAL_GRID_CELL,"Cell COARSE_C20117 (27.280N, 88.596E)",COARSE_C20117,East Sikkim,27.28,88.596,+12h,0.6249,High,HIGH,0.9876,0.2635,17.7,2026-09-08T18:05:43Z,ACTIVE,forecast_composite,SIMULATED / PROTOTYPE ALERT
ALT-GRID-01146,REGIONAL_GRID_CELL,"Cell COARSE_C20118 (27.280N, 88.597E)",COARSE_C20118,East Sikkim,27.28,88.597,+12h,0.6287,High,HIGH,0.9946,0.2635,17.7,2026-09-08T18:05:43Z,ACTIVE,forecast_composite,SIMULATED / PROTOTYPE ALERT
ALT-GRID-01147,REGIONAL_GRID_CELL,"Cell COARSE_C20318 (27.281N, 88.596E)",COARSE_C20318,East Sikkim,27.281,88.596,+12h,0.6269,High,HIGH,0.9912,0.2635,17.7,2026-09-08T18:05:43Z,ACTIVE,forecast_composite,SIMULATED / PROTOTYPE ALERT
ALT-GRID-01148,REGIONAL_GRID_CELL,"Cell COARSE_C20319 (27.281N, 88.597E)",COARSE_C20319,East Sikkim,27.281,88.597,+12h,0.6264,High,HIGH,0.9903,0.2635,17.7,2026-09-08T18:05:43Z,ACTIVE,forecast_composite,SIMULATED / PROTOTYPE ALERT
ALT-GRID-01149,REGIONAL_GRID_CELL,"Cell COARSE_C20513 (27.282N, 88.590E)",COARSE_C20513,East Sikkim,27.282,88.59,+12h,0.5901,High,HIGH,0.9246,0.2635,17.7,2026-09-08T18:05:43Z,ACTIVE,forecast_composite,SIMULATED / PROTOTYPE ALERT
ALT-GRID-01150,REGIONAL_GRID_CELL,"Cell COARSE_C20515 (27.282N, 88.592E)",COARSE_C20515,East Sikkim,27.282,88.592,+12h,0.605,High,HIGH,0.9516,0.2635,17.7,2026-09-08T18:05:43Z,ACTIVE,forecast_composite,SIMULATED / PROTOTYPE ALERT
ALT-GRID-01151,REGIONAL_GRID_CELL,"Cell COARSE_C20518 (27.282N, 88.595E)",COARSE_C20518,East Sikkim,27.282,88.595,+12h,0.6268,High,HIGH,0.9911,0.2635,17.7,2026-09-08T18:05:43Z,ACTIVE,forecast_composite,SIMULATED / PROTOTYPE ALERT
ALT-GRID-01152,REGIONAL_GRID_CELL,"Cell COARSE_C20718 (27.283N, 88.594E)",COARSE_C20718,East Sikkim,27.283,88.594,+12h,0.6276,High,HIGH,0.9925,0.2635,17.7,2026-09-08T18:05:43Z,ACTIVE,forecast_composite,SIMULATED / PROTOTYPE ALERT
ALT-GRID-01153,REGIONAL_GRID_CELL,"Cell COARSE_C20919 (27.284N, 88.594E)",COARSE_C20919,East Sikkim,27.284,88.594,+12h,0.6284,High,HIGH,0.994,0.2635,17.7,2026-09-08T18:05:43Z,ACTIVE,forecast_composite,SIMULATED / PROTOTYPE ALERT
ALT-GRID-01154,REGIONAL_GRID_CELL,"Cell COARSE_C20923 (27.284N, 88.598E)",COARSE_C20923,East Sikkim,27.284,88.598,+12h,0.6279,High,HIGH,0.9931,0.2635,17.7,2026-09-08T18:05:43Z,ACTIVE,forecast_composite,SIMULATED / PROTOTYPE ALERT
ALT-GRID-01155,REGIONAL_GRID_CELL,"Cell COARSE_C21113 (27.285N, 88.587E)",COARSE_C21113,East Sikkim,27.285,88.587,+12h,0.5758,High,HIGH,0.8988,0.2635,17.7,2026-09-08T18:05:43Z,ACTIVE,forecast_composite,SIMULATED / PROTOTYPE ALERT
ALT-GRID-01156,REGIONAL_GRID_CELL,"Cell COARSE_C21118 (27.285N, 88.592E)",COARSE_C21118,East Sikkim,27.285,88.592,+12h,0.586,High,HIGH,0.9172,0.2635,17.7,2026-09-08T18:05:43Z,ACTIVE,forecast_composite,SIMULATED / PROTOTYPE ALERT
ALT-GRID-01157,REGIONAL_GRID_CELL,"Cell COARSE_C21119 (27.285N, 88.593E)",COARSE_C21119,East Sikkim,27.285,88.593,+12h,0.5708,High,HIGH,0.8898,0.2635,17.7,2026-09-08T18:05:43Z,ACTIVE,forecast_composite,SIMULATED / PROTOTYPE ALERT
ALT-GRID-01158,REGIONAL_GRID_CELL,"Cell COARSE_C21723 (27.288N, 88.594E)",COARSE_C21723,East Sikkim,27.288,88.594,+12h,0.627,High,HIGH,0.9914,0.2635,17.7,2026-09-08T18:05:43Z,ACTIVE,forecast_composite,SIMULATED / PROTOTYPE ALERT
ALT-GRID-01159,REGIONAL_GRID_CELL,"Cell COARSE_C21923 (27.289N, 88.593E)",COARSE_C21923,East Sikkim,27.289,88.593,+12h,0.6271,High,HIGH,0.9916,0.2635,17.7,2026-09-08T18:05:43Z,ACTIVE,forecast_composite,SIMULATED / PROTOTYPE ALERT
ALT-GRID-01160,REGIONAL_GRID_CELL,"Cell COARSE_C21930 (27.289N, 88.600E)",COARSE_C21930,East Sikkim,27.289,88.6,+12h,0.6262,High,HIGH,0.9899,0.2635,17.7,2026-09-08T18:05:43Z,ACTIVE,forecast_composite,SIMULATED / PROTOTYPE ALERT
ALT-GRID-01161,REGIONAL_GRID_CELL,"Cell COARSE_C22120 (27.290N, 88.589E)",COARSE_C22120,East Sikkim,27.29,88.589,+12h,0.6269,High,HIGH,0.9913,0.2635,17.7,2026-09-08T18:05:43Z,ACTIVE,forecast_composite,SIMULATED / PROTOTYPE ALERT
ALT-GRID-01162,REGIONAL_GRID_CELL,"Cell COARSE_C22122 (27.290N, 88.591E)",COARSE_C22122,East Sikkim,27.29,88.591,+12h,0.628,High,HIGH,0.9932,0.2635,17.7,2026-09-08T18:05:43Z,ACTIVE,forecast_composite,SIMULATED / PROTOTYPE ALERT
ALT-GRID-01163,REGIONAL_GRID_CELL,"Cell COARSE_C22123 (27.290N, 88.592E)",COARSE_C22123,East Sikkim,27.29,88.592,+12h,0.6272,High,HIGH,0.9918,0.2635,17.7,2026-09-08T18:05:43Z,ACTIVE,forecast_composite,SIMULATED / PROTOTYPE ALERT
ALT-GRID-01164,REGIONAL_GRID_CELL,"Cell COARSE_C22127 (27.290N, 88.596E)",COARSE_C22127,East Sikkim,27.29,88.596,+12h,0.6265,High,HIGH,0.9905,0.2635,17.7,2026-09-08T18:05:43Z,ACTIVE,forecast_composite,SIMULATED / PROTOTYPE ALERT
ALT-GRID-01165,REGIONAL_GRID_CELL,"Cell COARSE_C22128 (27.290N, 88.597E)",COARSE_C22128,East Sikkim,27.29,88.597,+12h,0.6241,High,HIGH,0.9862,0.2635,17.7,2026-09-08T18:05:43Z,ACTIVE,forecast_composite,SIMULATED / PROTOTYPE ALERT
ALT-GRID-01166,REGIONAL_GRID_CELL,"Cell COARSE_C22323 (27.291N, 88.591E)",COARSE_C22323,East Sikkim,27.291,88.591,+12h,0.6283,High,HIGH,0.9937,0.2635,17.7,2026-09-08T18:05:43Z,ACTIVE,forecast_composite,SIMULATED / PROTOTYPE ALERT
ALT-GRID-01167,REGIONAL_GRID_CELL,"Cell COARSE_C22326 (27.291N, 88.594E)",COARSE_C22326,East Sikkim,27.291,88.594,+12h,0.6275,High,HIGH,0.9923,0.2635,17.7,2026-09-08T18:05:43Z,ACTIVE,forecast_composite,SIMULATED / PROTOTYPE ALERT
ALT-GRID-01168,REGIONAL_GRID_CELL,"Cell COARSE_C22331 (27.291N, 88.599E)",COARSE_C22331,East Sikkim,27.291,88.599,+12h,0.6291,High,HIGH,0.9953,0.2635,17.7,2026-09-08T18:05:43Z,ACTIVE,forecast_composite,SIMULATED / PROTOTYPE ALERT
ALT-GRID-01169,REGIONAL_GRID_CELL,"Cell COARSE_C22522 (27.292N, 88.589E)",COARSE_C22522,East Sikkim,27.292,88.589,+12h,0.5806,High,HIGH,0.9075,0.2635,17.7,2026-09-08T18:05:43Z,ACTIVE,forecast_composite,SIMULATED / PROTOTYPE ALERT
ALT-GRID-01170,REGIONAL_GRID_CELL,"Cell COARSE_C22523 (27.292N, 88.590E)",COARSE_C22523,East Sikkim,27.292,88.59,+12h,0.6287,High,HIGH,0.9945,0.2635,17.7,2026-09-08T18:05:43Z,ACTIVE,forecast_composite,SIMULATED / PROTOTYPE ALERT
ALT-GRID-01171,REGIONAL_GRID_CELL,"Cell COARSE_C22525 (27.292N, 88.592E)",COARSE_C22525,East Sikkim,27.292,88.592,+12h,0.6284,High,HIGH,0.994,0.2635,17.7,2026-09-08T18:05:43Z,ACTIVE,forecast_composite,SIMULATED / PROTOTYPE ALERT
ALT-GRID-01172,REGIONAL_GRID_CELL,"Cell COARSE_C22528 (27.292N, 88.595E)",COARSE_C22528,East Sikkim,27.292,88.595,+12h,0.6262,High,HIGH,0.9899,0.2635,17.7,2026-09-08T18:05:43Z,ACTIVE,forecast_composite,SIMULATED / PROTOTYPE ALERT
ALT-GRID-01173,REGIONAL_GRID_CELL,"Cell COARSE_C22725 (27.293N, 88.591E)",COARSE_C22725,East Sikkim,27.293,88.591,+12h,0.6258,High,HIGH,0.9893,0.2635,17.7,2026-09-08T18:05:43Z,ACTIVE,forecast_composite,SIMULATED / PROTOTYPE ALERT
ALT-GRID-01174,REGIONAL_GRID_CELL,"Cell COARSE_C22726 (27.293N, 88.592E)",COARSE_C22726,East Sikkim,27.293,88.592,+12h,0.6275,High,HIGH,0.9924,0.2635,17.7,2026-09-08T18:05:43Z,ACTIVE,forecast_composite,SIMULATED / PROTOTYPE ALERT
ALT-GRID-01175,REGIONAL_GRID_CELL,"Cell COARSE_C22924 (27.294N, 88.589E)",COARSE_C22924,East Sikkim,27.294,88.589,+12h,0.6257,High,HIGH,0.989,0.2635,17.7,2026-09-08T18:05:43Z,ACTIVE,forecast_composite,SIMULATED / PROTOTYPE ALERT
ALT-GRID-01176,REGIONAL_GRID_CELL,"Cell COARSE_C22925 (27.294N, 88.590E)",COARSE_C22925,East Sikkim,27.294,88.59,+12h,0.6268,High,HIGH,0.9911,0.2635,17.7,2026-09-08T18:05:43Z,ACTIVE,forecast_composite,SIMULATED / PROTOTYPE ALERT
ALT-GRID-01177,REGIONAL_GRID_CELL,"Cell COARSE_C22926 (27.294N, 88.591E)",COARSE_C22926,East Sikkim,27.294,88.591,+12h,0.6267,High,HIGH,0.9909,0.2635,17.7,2026-09-08T18:05:43Z,ACTIVE,forecast_composite,SIMULATED / PROTOTYPE ALERT
ALT-GRID-01178,REGIONAL_GRID_CELL,"Cell COARSE_C22927 (27.294N, 88.592E)",COARSE_C22927,East Sikkim,27.294,88.592,+12h,0.6278,High,HIGH,0.9929,0.2635,17.7,2026-09-08T18:05:43Z,ACTIVE,forecast_composite,SIMULATED / PROTOTYPE ALERT
ALT-GRID-01179,REGIONAL_GRID_CELL,"Cell COARSE_C23337 (27.296N, 88.600E)",COARSE_C23337,East Sikkim,27.296,88.6,+12h,0.6269,High,HIGH,0.9913,0.2635,17.7,2026-09-08T18:05:43Z,ACTIVE,forecast_composite,SIMULATED / PROTOTYPE ALERT
ALT-GRID-01180,REGIONAL_GRID_CELL,"Cell COARSE_C23939 (27.299N, 88.599E)",COARSE_C23939,East Sikkim,27.299,88.599,+12h,0.6259,High,HIGH,0.9895,0.2635,17.7,2026-09-08T18:05:43Z,ACTIVE,forecast_composite,SIMULATED / PROTOTYPE ALERT
ALT-GRID-01181,REGIONAL_GRID_CELL,"Cell COARSE_C24327 (27.301N, 88.585E)",COARSE_C24327,East Sikkim,27.301,88.585,+12h,0.5741,High,HIGH,0.9004,0.2581,16.8,2026-09-08T18:05:43Z,ACTIVE,forecast_composite,SIMULATED / PROTOTYPE ALERT
ALT-GRID-01182,REGIONAL_GRID_CELL,"Cell COARSE_C24730 (27.303N, 88.586E)",COARSE_C24730,East Sikkim,27.303,88.586,+12h,0.5751,High,HIGH,0.9022,0.2581,16.8,2026-09-08T18:05:43Z,ACTIVE,forecast_composite,SIMULATED / PROTOTYPE ALERT
ALT-GRID-01183,REGIONAL_GRID_CELL,"Cell COARSE_C24926 (27.304N, 88.581E)",COARSE_C24926,East Sikkim,27.304,88.581,+12h,0.6274,High,HIGH,0.997,0.2581,16.8,2026-09-08T18:05:43Z,ACTIVE,forecast_composite,SIMULATED / PROTOTYPE ALERT
ALT-GRID-01184,REGIONAL_GRID_CELL,"Cell COARSE_C24942 (27.304N, 88.597E)",COARSE_C24942,East Sikkim,27.304,88.597,+12h,0.6211,High,HIGH,0.9855,0.2581,16.8,2026-09-08T18:05:43Z,ACTIVE,forecast_composite,SIMULATED / PROTOTYPE ALERT
ALT-GRID-01185,REGIONAL_GRID_CELL,"Cell COARSE_C24944 (27.304N, 88.599E)",COARSE_C24944,East Sikkim,27.304,88.599,+12h,0.6232,High,HIGH,0.9894,0.2581,16.8,2026-09-08T18:05:43Z,ACTIVE,forecast_composite,SIMULATED / PROTOTYPE ALERT
ALT-GRID-01186,REGIONAL_GRID_CELL,"Cell COARSE_C25141 (27.305N, 88.595E)",COARSE_C25141,East Sikkim,27.305,88.595,+12h,0.6206,High,HIGH,0.9847,0.2581,16.8,2026-09-08T18:05:43Z,ACTIVE,forecast_composite,SIMULATED / PROTOTYPE ALERT
ALT-GRID-01187,REGIONAL_GRID_CELL,"Cell COARSE_C25145 (27.305N, 88.599E)",COARSE_C25145,East Sikkim,27.305,88.599,+12h,0.6214,High,HIGH,0.9861,0.2581,16.8,2026-09-08T18:05:43Z,ACTIVE,forecast_composite,SIMULATED / PROTOTYPE ALERT
ALT-GRID-01188,REGIONAL_GRID_CELL,"Cell COARSE_C25332 (27.306N, 88.585E)",COARSE_C25332,East Sikkim,27.306,88.585,+12h,0.5649,High,HIGH,0.8837,0.2581,16.8,2026-09-08T18:05:43Z,ACTIVE,forecast_composite,SIMULATED / PROTOTYPE ALERT
ALT-GRID-01189,REGIONAL_GRID_CELL,"Cell COARSE_C25333 (27.306N, 88.586E)",COARSE_C25333,East Sikkim,27.306,88.586,+12h,0.5761,High,HIGH,0.9041,0.2581,16.8,2026-09-08T18:05:43Z,ACTIVE,forecast_composite,SIMULATED / PROTOTYPE ALERT
ALT-GRID-01190,REGIONAL_GRID_CELL,"Cell COARSE_C25532 (27.307N, 88.584E)",COARSE_C25532,East Sikkim,27.307,88.584,+12h,0.6239,High,HIGH,0.9907,0.2581,16.8,2026-09-08T18:05:43Z,ACTIVE,forecast_composite,SIMULATED / PROTOTYPE ALERT
ALT-GRID-01191,REGIONAL_GRID_CELL,"Cell COARSE_C25533 (27.307N, 88.585E)",COARSE_C25533,East Sikkim,27.307,88.585,+12h,0.5563,High,HIGH,0.8682,0.2581,16.8,2026-09-08T18:05:43Z,ACTIVE,forecast_composite,SIMULATED / PROTOTYPE ALERT
ALT-GRID-01192,REGIONAL_GRID_CELL,"Cell COARSE_C25545 (27.307N, 88.597E)",COARSE_C25545,East Sikkim,27.307,88.597,+12h,0.6211,High,HIGH,0.9855,0.2581,16.8,2026-09-08T18:05:43Z,ACTIVE,forecast_composite,SIMULATED / PROTOTYPE ALERT
ALT-GRID-01193,REGIONAL_GRID_CELL,"Cell COARSE_C25547 (27.307N, 88.599E)",COARSE_C25547,East Sikkim,27.307,88.599,+12h,0.6141,High,HIGH,0.9729,0.2581,16.8,2026-09-08T18:05:43Z,ACTIVE,forecast_composite,SIMULATED / PROTOTYPE ALERT
ALT-GRID-01194,REGIONAL_GRID_CELL,"Cell COARSE_C25731 (27.308N, 88.582E)",COARSE_C25731,East Sikkim,27.308,88.582,+12h,0.6277,High,HIGH,0.9976,0.2581,16.8,2026-09-08T18:05:43Z,ACTIVE,forecast_composite,SIMULATED / PROTOTYPE ALERT
ALT-GRID-01195,REGIONAL_GRID_CELL,"Cell COARSE_C25744 (27.308N, 88.595E)",COARSE_C25744,East Sikkim,27.308,88.595,+12h,0.6224,High,HIGH,0.9879,0.2581,16.8,2026-09-08T18:05:43Z,ACTIVE,forecast_composite,SIMULATED / PROTOTYPE ALERT
ALT-GRID-01196,REGIONAL_GRID_CELL,"Cell COARSE_C25934 (27.309N, 88.584E)",COARSE_C25934,East Sikkim,27.309,88.584,+12h,0.6251,High,HIGH,0.9928,0.2581,16.8,2026-09-08T18:05:43Z,ACTIVE,forecast_composite,SIMULATED / PROTOTYPE ALERT
ALT-GRID-01197,REGIONAL_GRID_CELL,"Cell COARSE_C25938 (27.309N, 88.588E)",COARSE_C25938,East Sikkim,27.309,88.588,+12h,0.6253,High,HIGH,0.9932,0.2581,16.8,2026-09-08T18:05:43Z,ACTIVE,forecast_composite,SIMULATED / PROTOTYPE ALERT
ALT-GRID-01198,REGIONAL_GRID_CELL,"Cell COARSE_C25940 (27.309N, 88.590E)",COARSE_C25940,East Sikkim,27.309,88.59,+12h,0.6246,High,HIGH,0.992,0.2581,16.8,2026-09-08T18:05:43Z,ACTIVE,forecast_composite,SIMULATED / PROTOTYPE ALERT
ALT-GRID-01199,REGIONAL_GRID_CELL,"Cell COARSE_C25941 (27.309N, 88.591E)",COARSE_C25941,East Sikkim,27.309,88.591,+12h,0.6243,High,HIGH,0.9914,0.2581,16.8,2026-09-08T18:05:43Z,ACTIVE,forecast_composite,SIMULATED / PROTOTYPE ALERT
ALT-GRID-01200,REGIONAL_GRID_CELL,"Cell COARSE_C25944 (27.309N, 88.594E)",COARSE_C25944,East Sikkim,27.309,88.594,+12h,0.625,High,HIGH,0.9926,0.2581,16.8,2026-09-08T18:05:43Z,ACTIVE,forecast_composite,SIMULATED / PROTOTYPE ALERT
ALT-GRID-01201,REGIONAL_GRID_CELL,"Cell COARSE_C25945 (27.309N, 88.595E)",COARSE_C25945,East Sikkim,27.309,88.595,+12h,0.6232,High,HIGH,0.9894,0.2581,16.8,2026-09-08T18:05:43Z,ACTIVE,forecast_composite,SIMULATED / PROTOTYPE ALERT
ALT-GRID-01202,REGIONAL_GRID_CELL,"Cell COARSE_C25946 (27.309N, 88.596E)",COARSE_C25946,East Sikkim,27.309,88.596,+12h,0.6227,High,HIGH,0.9884,0.2581,16.8,2026-09-08T18:05:43Z,ACTIVE,forecast_composite,SIMULATED / PROTOTYPE ALERT
ALT-GRID-01203,REGIONAL_GRID_CELL,"Cell COARSE_C26131 (27.310N, 88.580E)",COARSE_C26131,East Sikkim,27.31,88.58,+12h,0.6093,High,HIGH,0.9642,0.2581,16.8,2026-09-08T18:05:43Z,ACTIVE,forecast_composite,SIMULATED / PROTOTYPE ALERT
ALT-GRID-01204,REGIONAL_GRID_CELL,"Cell COARSE_C26135 (27.310N, 88.584E)",COARSE_C26135,East Sikkim,27.31,88.584,+12h,0.6245,High,HIGH,0.9917,0.2581,16.8,2026-09-08T18:05:43Z,ACTIVE,forecast_composite,SIMULATED / PROTOTYPE ALERT
ALT-GRID-01205,REGIONAL_GRID_CELL,"Cell COARSE_C26141 (27.310N, 88.590E)",COARSE_C26141,East Sikkim,27.31,88.59,+12h,0.6247,High,HIGH,0.9922,0.2581,16.8,2026-09-08T18:05:43Z,ACTIVE,forecast_composite,SIMULATED / PROTOTYPE ALERT
ALT-GRID-01206,REGIONAL_GRID_CELL,"Cell COARSE_C26144 (27.310N, 88.593E)",COARSE_C26144,East Sikkim,27.31,88.593,+12h,0.6231,High,HIGH,0.9892,0.2581,16.8,2026-09-08T18:05:43Z,ACTIVE,forecast_composite,SIMULATED / PROTOTYPE ALERT
ALT-GRID-01207,REGIONAL_GRID_CELL,"Cell COARSE_C26146 (27.310N, 88.595E)",COARSE_C26146,East Sikkim,27.31,88.595,+12h,0.6225,High,HIGH,0.9882,0.2581,16.8,2026-09-08T18:05:43Z,ACTIVE,forecast_composite,SIMULATED / PROTOTYPE ALERT
ALT-GRID-01208,REGIONAL_GRID_CELL,"Cell COARSE_C26147 (27.310N, 88.596E)",COARSE_C26147,East Sikkim,27.31,88.596,+12h,0.6225,High,HIGH,0.9882,0.2581,16.8,2026-09-08T18:05:43Z,ACTIVE,forecast_composite,SIMULATED / PROTOTYPE ALERT
ALT-GRID-01209,REGIONAL_GRID_CELL,"Cell COARSE_C26148 (27.310N, 88.597E)",COARSE_C26148,East Sikkim,27.31,88.597,+12h,0.6232,High,HIGH,0.9894,0.2581,16.8,2026-09-08T18:05:43Z,ACTIVE,forecast_composite,SIMULATED / PROTOTYPE ALERT
ALT-GRID-01210,REGIONAL_GRID_CELL,"Cell COARSE_C26341 (27.311N, 88.589E)",COARSE_C26341,Gangtok District,27.311,88.589,+12h,0.6267,High,HIGH,0.9957,0.2581,16.8,2026-09-08T18:05:43Z,ACTIVE,forecast_composite,SIMULATED / PROTOTYPE ALERT
ALT-GRID-01211,REGIONAL_GRID_CELL,"Cell COARSE_C26342 (27.311N, 88.590E)",COARSE_C26342,Gangtok District,27.311,88.59,+12h,0.6244,High,HIGH,0.9916,0.2581,16.8,2026-09-08T18:05:43Z,ACTIVE,forecast_composite,SIMULATED / PROTOTYPE ALERT
ALT-GRID-01212,REGIONAL_GRID_CELL,"Cell COARSE_C26343 (27.311N, 88.591E)",COARSE_C26343,Gangtok District,27.311,88.591,+12h,0.6224,High,HIGH,0.9879,0.2581,16.8,2026-09-08T18:05:43Z,ACTIVE,forecast_composite,SIMULATED / PROTOTYPE ALERT
ALT-GRID-01213,REGIONAL_GRID_CELL,"Cell COARSE_C26347 (27.311N, 88.595E)",COARSE_C26347,East Sikkim,27.311,88.595,+12h,0.6245,High,HIGH,0.9917,0.2581,16.8,2026-09-08T18:05:43Z,ACTIVE,forecast_composite,SIMULATED / PROTOTYPE ALERT
ALT-GRID-01214,REGIONAL_GRID_CELL,"Cell COARSE_C26348 (27.311N, 88.596E)",COARSE_C26348,East Sikkim,27.311,88.596,+12h,0.6233,High,HIGH,0.9896,0.2581,16.8,2026-09-08T18:05:43Z,ACTIVE,forecast_composite,SIMULATED / PROTOTYPE ALERT
ALT-GRID-01215,REGIONAL_GRID_CELL,"Cell COARSE_C26349 (27.311N, 88.597E)",COARSE_C26349,East Sikkim,27.311,88.597,+12h,0.6241,High,HIGH,0.991,0.2581,16.8,2026-09-08T18:05:43Z,ACTIVE,forecast_composite,SIMULATED / PROTOTYPE ALERT
ALT-GRID-01216,REGIONAL_GRID_CELL,"Cell COARSE_C26350 (27.311N, 88.598E)",COARSE_C26350,East Sikkim,27.311,88.598,+12h,0.6228,High,HIGH,0.9887,0.2581,16.8,2026-09-08T18:05:43Z,ACTIVE,forecast_composite,SIMULATED / PROTOTYPE ALERT
ALT-GRID-01217,REGIONAL_GRID_CELL,"Cell COARSE_C26545 (27.312N, 88.592E)",COARSE_C26545,Gangtok District,27.312,88.592,+12h,0.6238,High,HIGH,0.9904,0.2581,16.8,2026-09-08T18:05:43Z,ACTIVE,forecast_composite,SIMULATED / PROTOTYPE ALERT
ALT-GRID-01218,REGIONAL_GRID_CELL,"Cell COARSE_C26546 (27.312N, 88.593E)",COARSE_C26546,East Sikkim,27.312,88.593,+12h,0.6252,High,HIGH,0.993,0.2581,16.8,2026-09-08T18:05:43Z,ACTIVE,forecast_composite,SIMULATED / PROTOTYPE ALERT
ALT-GRID-01219,REGIONAL_GRID_CELL,"Cell COARSE_C26549 (27.312N, 88.596E)",COARSE_C26549,East Sikkim,27.312,88.596,+12h,0.6224,High,HIGH,0.988,0.2581,16.8,2026-09-08T18:05:43Z,ACTIVE,forecast_composite,SIMULATED / PROTOTYPE ALERT
ALT-GRID-01220,REGIONAL_GRID_CELL,"Cell COARSE_C26552 (27.312N, 88.599E)",COARSE_C26552,East Sikkim,27.312,88.599,+12h,0.6242,High,HIGH,0.9912,0.2581,16.8,2026-09-08T18:05:43Z,ACTIVE,forecast_composite,SIMULATED / PROTOTYPE ALERT
ALT-GRID-01221,REGIONAL_GRID_CELL,"Cell COARSE_C26735 (27.313N, 88.581E)",COARSE_C26735,Gangtok District,27.313,88.581,+12h,0.6104,High,HIGH,0.9662,0.2581,16.8,2026-09-08T18:05:43Z,ACTIVE,forecast_composite,SIMULATED / PROTOTYPE ALERT
ALT-GRID-01222,REGIONAL_GRID_CELL,"Cell COARSE_C26747 (27.313N, 88.593E)",COARSE_C26747,Gangtok District,27.313,88.593,+12h,0.6249,High,HIGH,0.9925,0.2581,16.8,2026-09-08T18:05:43Z,ACTIVE,forecast_composite,SIMULATED / PROTOTYPE ALERT
ALT-GRID-01223,REGIONAL_GRID_CELL,"Cell COARSE_C26749 (27.313N, 88.595E)",COARSE_C26749,East Sikkim,27.313,88.595,+12h,0.6256,High,HIGH,0.9937,0.2581,16.8,2026-09-08T18:05:43Z,ACTIVE,forecast_composite,SIMULATED / PROTOTYPE ALERT
ALT-GRID-01224,REGIONAL_GRID_CELL,"Cell COARSE_C26753 (27.313N, 88.599E)",COARSE_C26753,East Sikkim,27.313,88.599,+12h,0.5809,High,HIGH,0.9127,0.2581,16.8,2026-09-08T18:05:43Z,ACTIVE,forecast_composite,SIMULATED / PROTOTYPE ALERT
ALT-GRID-01225,REGIONAL_GRID_CELL,"Cell COARSE_C26754 (27.313N, 88.600E)",COARSE_C26754,East Sikkim,27.313,88.6,+12h,0.6234,High,HIGH,0.9897,0.2581,16.8,2026-09-08T18:05:43Z,ACTIVE,forecast_composite,SIMULATED / PROTOTYPE ALERT
ALT-GRID-01226,REGIONAL_GRID_CELL,"Cell COARSE_C26948 (27.314N, 88.593E)",COARSE_C26948,Gangtok District,27.314,88.593,+12h,0.6261,High,HIGH,0.9946,0.2581,16.8,2026-09-08T18:05:43Z,ACTIVE,forecast_composite,SIMULATED / PROTOTYPE ALERT
ALT-GRID-01227,REGIONAL_GRID_CELL,"Cell COARSE_C26950 (27.314N, 88.595E)",COARSE_C26950,East Sikkim,27.314,88.595,+12h,0.6251,High,HIGH,0.9928,0.2581,16.8,2026-09-08T18:05:43Z,ACTIVE,forecast_composite,SIMULATED / PROTOTYPE ALERT
ALT-GRID-01228,REGIONAL_GRID_CELL,"Cell COARSE_C26952 (27.314N, 88.597E)",COARSE_C26952,East Sikkim,27.314,88.597,+12h,0.6239,High,HIGH,0.9906,0.2581,16.8,2026-09-08T18:05:43Z,ACTIVE,forecast_composite,SIMULATED / PROTOTYPE ALERT
ALT-GRID-01229,REGIONAL_GRID_CELL,"Cell COARSE_C27136 (27.315N, 88.580E)",COARSE_C27136,Gangtok District,27.315,88.58,+12h,0.606,High,HIGH,0.9582,0.2581,16.8,2026-09-08T18:05:43Z,ACTIVE,forecast_composite,SIMULATED / PROTOTYPE ALERT
ALT-GRID-01230,REGIONAL_GRID_CELL,"Cell COARSE_C27151 (27.315N, 88.595E)",COARSE_C27151,Gangtok District,27.315,88.595,+12h,0.6254,High,HIGH,0.9933,0.2581,16.8,2026-09-08T18:05:43Z,ACTIVE,forecast_composite,SIMULATED / PROTOTYPE ALERT
ALT-GRID-01231,REGIONAL_GRID_CELL,"Cell COARSE_C27156 (27.315N, 88.600E)",COARSE_C27156,East Sikkim,27.315,88.6,+12h,0.624,High,HIGH,0.9909,0.2581,16.8,2026-09-08T18:05:43Z,ACTIVE,forecast_composite,SIMULATED / PROTOTYPE ALERT
ALT-GRID-01232,REGIONAL_GRID_CELL,"Cell COARSE_C27352 (27.316N, 88.595E)",COARSE_C27352,Gangtok District,27.316,88.595,+12h,0.6259,High,HIGH,0.9942,0.2581,16.8,2026-09-08T18:05:43Z,ACTIVE,forecast_composite,SIMULATED / PROTOTYPE ALERT
ALT-GRID-01233,REGIONAL_GRID_CELL,"Cell COARSE_C27353 (27.316N, 88.596E)",COARSE_C27353,Gangtok District,27.316,88.596,+12h,0.6245,High,HIGH,0.9918,0.2581,16.8,2026-09-08T18:05:43Z,ACTIVE,forecast_composite,SIMULATED / PROTOTYPE ALERT
ALT-GRID-01234,REGIONAL_GRID_CELL,"Cell COARSE_C27354 (27.316N, 88.597E)",COARSE_C27354,East Sikkim,27.316,88.597,+12h,0.6248,High,HIGH,0.9923,0.2581,16.8,2026-09-08T18:05:43Z,ACTIVE,forecast_composite,SIMULATED / PROTOTYPE ALERT
ALT-GRID-01235,REGIONAL_GRID_CELL,"Cell COARSE_C27357 (27.316N, 88.600E)",COARSE_C27357,East Sikkim,27.316,88.6,+12h,0.6251,High,HIGH,0.9928,0.2581,16.8,2026-09-08T18:05:43Z,ACTIVE,forecast_composite,SIMULATED / PROTOTYPE ALERT
ALT-GRID-01236,REGIONAL_GRID_CELL,"Cell COARSE_C27554 (27.317N, 88.596E)",COARSE_C27554,Gangtok District,27.317,88.596,+12h,0.6239,High,HIGH,0.9906,0.2581,16.8,2026-09-08T18:05:43Z,ACTIVE,forecast_composite,SIMULATED / PROTOTYPE ALERT
ALT-GRID-01237,REGIONAL_GRID_CELL,"Cell COARSE_C27555 (27.317N, 88.597E)",COARSE_C27555,Gangtok District,27.317,88.597,+12h,0.6239,High,HIGH,0.9907,0.2581,16.8,2026-09-08T18:05:43Z,ACTIVE,forecast_composite,SIMULATED / PROTOTYPE ALERT
ALT-GRID-01238,REGIONAL_GRID_CELL,"Cell COARSE_C27556 (27.317N, 88.598E)",COARSE_C27556,East Sikkim,27.317,88.598,+12h,0.6248,High,HIGH,0.9923,0.2581,16.8,2026-09-08T18:05:43Z,ACTIVE,forecast_composite,SIMULATED / PROTOTYPE ALERT
ALT-GRID-01239,REGIONAL_GRID_CELL,"Cell COARSE_C27558 (27.317N, 88.600E)",COARSE_C27558,East Sikkim,27.317,88.6,+12h,0.5777,High,HIGH,0.9069,0.2581,16.8,2026-09-08T18:05:43Z,ACTIVE,forecast_composite,SIMULATED / PROTOTYPE ALERT
ALT-GRID-01240,REGIONAL_GRID_CELL,"Cell COARSE_C27750 (27.318N, 88.591E)",COARSE_C27750,Gangtok District,27.318,88.591,+12h,0.5759,High,HIGH,0.9037,0.2581,16.8,2026-09-08T18:05:43Z,ACTIVE,forecast_composite,SIMULATED / PROTOTYPE ALERT
ALT-GRID-01241,REGIONAL_GRID_CELL,"Cell COARSE_C27753 (27.318N, 88.594E)",COARSE_C27753,Gangtok District,27.318,88.594,+12h,0.6272,High,HIGH,0.9966,0.2581,16.8,2026-09-08T18:05:43Z,ACTIVE,forecast_composite,SIMULATED / PROTOTYPE ALERT
ALT-GRID-01242,REGIONAL_GRID_CELL,"Cell COARSE_C27754 (27.318N, 88.595E)",COARSE_C27754,Gangtok District,27.318,88.595,+12h,0.6252,High,HIGH,0.993,0.2581,16.8,2026-09-08T18:05:43Z,ACTIVE,forecast_composite,SIMULATED / PROTOTYPE ALERT
ALT-GRID-01243,REGIONAL_GRID_CELL,"Cell COARSE_C27755 (27.318N, 88.596E)",COARSE_C27755,Gangtok District,27.318,88.596,+12h,0.5597,High,HIGH,0.8743,0.2581,16.8,2026-09-08T18:05:43Z,ACTIVE,forecast_composite,SIMULATED / PROTOTYPE ALERT
ALT-GRID-01244,REGIONAL_GRID_CELL,"Cell COARSE_C27759 (27.318N, 88.600E)",COARSE_C27759,East Sikkim,27.318,88.6,+12h,0.5766,High,HIGH,0.9049,0.2581,16.8,2026-09-08T18:05:43Z,ACTIVE,forecast_composite,SIMULATED / PROTOTYPE ALERT
ALT-GRID-01245,REGIONAL_GRID_CELL,"Cell COARSE_C27949 (27.319N, 88.589E)",COARSE_C27949,Gangtok District,27.319,88.589,+12h,0.5989,High,HIGH,0.9454,0.2581,16.8,2026-09-08T18:05:43Z,ACTIVE,forecast_composite,SIMULATED / PROTOTYPE ALERT
ALT-GRID-01246,REGIONAL_GRID_CELL,"Cell COARSE_C27957 (27.319N, 88.597E)",COARSE_C27957,Gangtok District,27.319,88.597,+12h,0.6243,High,HIGH,0.9914,0.2581,16.8,2026-09-08T18:05:43Z,ACTIVE,forecast_composite,SIMULATED / PROTOTYPE ALERT
ALT-GRID-01247,REGIONAL_GRID_CELL,"Cell COARSE_C27960 (27.319N, 88.600E)",COARSE_C27960,East Sikkim,27.319,88.6,+12h,0.6241,High,HIGH,0.991,0.2581,16.8,2026-09-08T18:05:43Z,ACTIVE,forecast_composite,SIMULATED / PROTOTYPE ALERT
ALT-GRID-01248,REGIONAL_GRID_CELL,"Cell COARSE_C28158 (27.320N, 88.597E)",COARSE_C28158,Gangtok District,27.32,88.597,+12h,0.625,High,HIGH,0.9926,0.2581,16.8,2026-09-08T18:05:43Z,ACTIVE,forecast_composite,SIMULATED / PROTOTYPE ALERT
ALT-GRID-01249,REGIONAL_GRID_CELL,"Cell COARSE_C28161 (27.320N, 88.600E)",COARSE_C28161,Gangtok District,27.32,88.6,+12h,0.6239,High,HIGH,0.9907,0.2581,16.8,2026-09-08T18:05:43Z,ACTIVE,forecast_composite,SIMULATED / PROTOTYPE ALERT
ALT-GRID-01250,REGIONAL_GRID_CELL,"Cell COARSE_C28360 (27.321N, 88.598E)",COARSE_C28360,Gangtok District,27.321,88.598,+12h,0.6251,High,HIGH,0.9928,0.2581,16.8,2026-09-08T18:05:43Z,ACTIVE,forecast_composite,SIMULATED / PROTOTYPE ALERT
ALT-GRID-01251,REGIONAL_GRID_CELL,"Cell COARSE_C28557 (27.322N, 88.594E)",COARSE_C28557,Gangtok District,27.322,88.594,+12h,0.6264,High,HIGH,0.9952,0.2581,16.8,2026-09-08T18:05:43Z,ACTIVE,forecast_composite,SIMULATED / PROTOTYPE ALERT
ALT-GRID-01252,REGIONAL_GRID_CELL,"Cell COARSE_C28558 (27.322N, 88.595E)",COARSE_C28558,Gangtok District,27.322,88.595,+12h,0.5993,High,HIGH,0.9461,0.2581,16.8,2026-09-08T18:05:43Z,ACTIVE,forecast_composite,SIMULATED / PROTOTYPE ALERT
ALT-GRID-01253,REGIONAL_GRID_CELL,"Cell COARSE_C28560 (27.322N, 88.597E)",COARSE_C28560,Gangtok District,27.322,88.597,+12h,0.6248,High,HIGH,0.9923,0.2581,16.8,2026-09-08T18:05:43Z,ACTIVE,forecast_composite,SIMULATED / PROTOTYPE ALERT
ALT-GRID-01254,REGIONAL_GRID_CELL,"Cell COARSE_C28561 (27.322N, 88.598E)",COARSE_C28561,Gangtok District,27.322,88.598,+12h,0.5802,High,HIGH,0.9114,0.2581,16.8,2026-09-08T18:05:43Z,ACTIVE,forecast_composite,SIMULATED / PROTOTYPE ALERT
ALT-GRID-01255,REGIONAL_GRID_CELL,"Cell COARSE_C28959 (27.324N, 88.594E)",COARSE_C28959,Gangtok District,27.324,88.594,+12h,0.5845,High,HIGH,0.9192,0.2581,16.8,2026-09-08T18:05:43Z,ACTIVE,forecast_composite,SIMULATED / PROTOTYPE ALERT
ALT-GRID-01256,REGIONAL_GRID_CELL,"Cell COARSE_C29362 (27.326N, 88.595E)",COARSE_C29362,Gangtok District,27.326,88.595,+12h,0.5866,High,HIGH,0.9231,0.2581,16.8,2026-09-08T18:05:43Z,ACTIVE,forecast_composite,SIMULATED / PROTOTYPE ALERT
ALT-GRID-01257,REGIONAL_GRID_CELL,"Cell COARSE_C29366 (27.326N, 88.599E)",COARSE_C29366,Gangtok District,27.326,88.599,+12h,0.5795,High,HIGH,0.9101,0.2581,16.8,2026-09-08T18:05:43Z,ACTIVE,forecast_composite,SIMULATED / PROTOTYPE ALERT
ALT-GRID-01258,REGIONAL_GRID_CELL,"Cell COARSE_C29564 (27.327N, 88.596E)",COARSE_C29564,Gangtok District,27.327,88.596,+12h,0.6041,High,HIGH,0.9547,0.2581,16.8,2026-09-08T18:05:43Z,ACTIVE,forecast_composite,SIMULATED / PROTOTYPE ALERT
ALT-GRID-01259,REGIONAL_GRID_CELL,"Cell COARSE_C30153 (27.330N, 88.582E)",COARSE_C30153,Gangtok District,27.33,88.582,+12h,0.6239,High,HIGH,0.9907,0.2581,16.8,2026-09-08T18:05:43Z,ACTIVE,forecast_composite,SIMULATED / PROTOTYPE ALERT
ALT-GRID-01260,REGIONAL_GRID_CELL,"Cell COARSE_C30161 (27.330N, 88.590E)",COARSE_C30161,Gangtok District,27.33,88.59,+12h,0.5823,High,HIGH,0.9152,0.2581,16.8,2026-09-08T18:05:43Z,ACTIVE,forecast_composite,SIMULATED / PROTOTYPE ALERT
ALT-GRID-01261,REGIONAL_GRID_CELL,"Cell COARSE_C30556 (27.332N, 88.583E)",COARSE_C30556,Gangtok District,27.332,88.583,+12h,0.6238,High,HIGH,0.9904,0.2581,16.8,2026-09-08T18:05:43Z,ACTIVE,forecast_composite,SIMULATED / PROTOTYPE ALERT
ALT-GRID-01262,REGIONAL_GRID_CELL,"Cell COARSE_C30562 (27.332N, 88.589E)",COARSE_C30562,Gangtok District,27.332,88.589,+12h,0.5822,High,HIGH,0.915,0.2581,16.8,2026-09-08T18:05:43Z,ACTIVE,forecast_composite,SIMULATED / PROTOTYPE ALERT
ALT-GRID-01263,REGIONAL_GRID_CELL,"Cell COARSE_C30760 (27.333N, 88.586E)",COARSE_C30760,Gangtok District,27.333,88.586,+12h,0.5777,High,HIGH,0.9069,0.2581,16.8,2026-09-08T18:05:43Z,ACTIVE,forecast_composite,SIMULATED / PROTOTYPE ALERT
ALT-GRID-01264,REGIONAL_GRID_CELL,"Cell COARSE_C30761 (27.333N, 88.587E)",COARSE_C30761,Gangtok District,27.333,88.587,+12h,0.586,High,HIGH,0.922,0.2581,16.8,2026-09-08T18:05:43Z,ACTIVE,forecast_composite,SIMULATED / PROTOTYPE ALERT
ALT-GRID-01265,REGIONAL_GRID_CELL,"Cell COARSE_C30962 (27.334N, 88.587E)",COARSE_C30962,Gangtok District,27.334,88.587,+12h,0.5864,High,HIGH,0.9226,0.2581,16.8,2026-09-08T18:05:43Z,ACTIVE,forecast_composite,SIMULATED / PROTOTYPE ALERT
ALT-GRID-01266,REGIONAL_GRID_CELL,"Cell COARSE_C31166 (27.335N, 88.590E)",COARSE_C31166,Gangtok District,27.335,88.59,+12h,0.6253,High,HIGH,0.9932,0.2581,16.8,2026-09-08T18:05:43Z,ACTIVE,forecast_composite,SIMULATED / PROTOTYPE ALERT
ALT-GRID-01267,REGIONAL_GRID_CELL,"Cell COARSE_C31172 (27.335N, 88.596E)",COARSE_C31172,Gangtok District,27.335,88.596,+12h,0.6267,High,HIGH,0.9958,0.2581,16.8,2026-09-08T18:05:43Z,ACTIVE,forecast_composite,SIMULATED / PROTOTYPE ALERT
ALT-GRID-01268,REGIONAL_GRID_CELL,"Cell COARSE_C31762 (27.338N, 88.583E)",COARSE_C31762,Gangtok District,27.338,88.583,+12h,0.6234,High,HIGH,0.9897,0.2581,16.8,2026-09-08T18:05:43Z,ACTIVE,forecast_composite,SIMULATED / PROTOTYPE ALERT
ALT-GRID-01269,REGIONAL_GRID_CELL,"Cell COARSE_C31969 (27.339N, 88.589E)",COARSE_C31969,Gangtok District,27.339,88.589,+12h,0.5773,High,HIGH,0.9061,0.2581,16.8,2026-09-08T18:05:43Z,ACTIVE,forecast_composite,SIMULATED / PROTOTYPE ALERT
ALT-GRID-01270,REGIONAL_GRID_CELL,"Cell COARSE_C31974 (27.339N, 88.594E)",COARSE_C31974,East Sikkim,27.339,88.594,+12h,0.5945,High,HIGH,0.9373,0.2581,16.8,2026-09-08T18:05:43Z,ACTIVE,forecast_composite,SIMULATED / PROTOTYPE ALERT
ALT-GRID-01271,REGIONAL_GRID_CELL,"Cell COARSE_C32175 (27.340N, 88.594E)",COARSE_C32175,East Sikkim,27.34,88.594,+12h,0.571,High,HIGH,0.8948,0.2581,16.8,2026-09-08T18:05:43Z,ACTIVE,forecast_composite,SIMULATED / PROTOTYPE ALERT
ALT-GRID-01272,REGIONAL_GRID_CELL,"Cell COARSE_C32373 (27.341N, 88.591E)",COARSE_C32373,East Sikkim,27.341,88.591,+12h,0.5991,High,HIGH,0.9457,0.2581,16.8,2026-09-08T18:05:43Z,ACTIVE,forecast_composite,SIMULATED / PROTOTYPE ALERT
ALT-GRID-01273,REGIONAL_GRID_CELL,"Cell COARSE_C32376 (27.341N, 88.594E)",COARSE_C32376,East Sikkim,27.341,88.594,+12h,0.6055,High,HIGH,0.9573,0.2581,16.8,2026-09-08T18:05:43Z,ACTIVE,forecast_composite,SIMULATED / PROTOTYPE ALERT
ALT-GRID-01274,REGIONAL_GRID_CELL,"Cell COARSE_C32568 (27.342N, 88.585E)",COARSE_C32568,East Sikkim,27.342,88.585,+12h,0.624,High,HIGH,0.9908,0.2581,16.8,2026-09-08T18:05:43Z,ACTIVE,forecast_composite,SIMULATED / PROTOTYPE ALERT
ALT-GRID-01275,REGIONAL_GRID_CELL,"Cell COARSE_C32577 (27.342N, 88.594E)",COARSE_C32577,East Sikkim,27.342,88.594,+12h,0.5784,High,HIGH,0.9082,0.2581,16.8,2026-09-08T18:05:43Z,ACTIVE,forecast_composite,SIMULATED / PROTOTYPE ALERT
ALT-GRID-01276,REGIONAL_GRID_CELL,"Cell COARSE_C32768 (27.343N, 88.584E)",COARSE_C32768,East Sikkim,27.343,88.584,+12h,0.5618,High,HIGH,0.878,0.2581,16.8,2026-09-08T18:05:43Z,ACTIVE,forecast_composite,SIMULATED / PROTOTYPE ALERT
ALT-GRID-01277,REGIONAL_GRID_CELL,"Cell COARSE_C32777 (27.343N, 88.593E)",COARSE_C32777,East Sikkim,27.343,88.593,+12h,0.5822,High,HIGH,0.9151,0.2581,16.8,2026-09-08T18:05:43Z,ACTIVE,forecast_composite,SIMULATED / PROTOTYPE ALERT
ALT-GRID-01278,REGIONAL_GRID_CELL,"Cell COARSE_C32784 (27.343N, 88.600E)",COARSE_C32784,East Sikkim,27.343,88.6,+12h,0.6257,High,HIGH,0.9939,0.2581,16.8,2026-09-08T18:05:43Z,ACTIVE,forecast_composite,SIMULATED / PROTOTYPE ALERT
ALT-GRID-01279,REGIONAL_GRID_CELL,"Cell COARSE_C32967 (27.344N, 88.582E)",COARSE_C32967,East Sikkim,27.344,88.582,+12h,0.569,High,HIGH,0.8912,0.2581,16.8,2026-09-08T18:05:43Z,ACTIVE,forecast_composite,SIMULATED / PROTOTYPE ALERT
ALT-GRID-01280,REGIONAL_GRID_CELL,"Cell COARSE_C32972 (27.344N, 88.587E)",COARSE_C32972,East Sikkim,27.344,88.587,+12h,0.5951,High,HIGH,0.9385,0.2581,16.8,2026-09-08T18:05:43Z,ACTIVE,forecast_composite,SIMULATED / PROTOTYPE ALERT
ALT-GRID-01281,REGIONAL_GRID_CELL,"Cell COARSE_C32973 (27.344N, 88.588E)",COARSE_C32973,East Sikkim,27.344,88.588,+12h,0.585,High,HIGH,0.9201,0.2581,16.8,2026-09-08T18:05:43Z,ACTIVE,forecast_composite,SIMULATED / PROTOTYPE ALERT
ALT-GRID-01282,REGIONAL_GRID_CELL,"Cell COARSE_C32979 (27.344N, 88.594E)",COARSE_C32979,East Sikkim,27.344,88.594,+12h,0.585,High,HIGH,0.9201,0.2581,16.8,2026-09-08T18:05:43Z,ACTIVE,forecast_composite,SIMULATED / PROTOTYPE ALERT
ALT-GRID-01283,REGIONAL_GRID_CELL,"Cell COARSE_C33173 (27.345N, 88.587E)",COARSE_C33173,East Sikkim,27.345,88.587,+12h,0.5713,High,HIGH,0.8953,0.2581,16.8,2026-09-08T18:05:43Z,ACTIVE,forecast_composite,SIMULATED / PROTOTYPE ALERT
ALT-GRID-01284,REGIONAL_GRID_CELL,"Cell COARSE_C33383 (27.346N, 88.596E)",COARSE_C33383,East Sikkim,27.346,88.596,+12h,0.5742,High,HIGH,0.9006,0.2581,16.8,2026-09-08T18:05:43Z,ACTIVE,forecast_composite,SIMULATED / PROTOTYPE ALERT
ALT-GRID-01285,REGIONAL_GRID_CELL,"Cell COARSE_C33384 (27.346N, 88.597E)",COARSE_C33384,East Sikkim,27.346,88.597,+12h,0.6247,High,HIGH,0.9922,0.2581,16.8,2026-09-08T18:05:43Z,ACTIVE,forecast_composite,SIMULATED / PROTOTYPE ALERT
ALT-GRID-01286,REGIONAL_GRID_CELL,"Cell COARSE_C33584 (27.347N, 88.596E)",COARSE_C33584,East Sikkim,27.347,88.596,+12h,0.5907,High,HIGH,0.9305,0.2581,16.8,2026-09-08T18:05:43Z,ACTIVE,forecast_composite,SIMULATED / PROTOTYPE ALERT
ALT-GRID-01287,REGIONAL_GRID_CELL,"Cell COARSE_C33585 (27.347N, 88.597E)",COARSE_C33585,East Sikkim,27.347,88.597,+12h,0.5768,High,HIGH,0.9053,0.2581,16.8,2026-09-08T18:05:43Z,ACTIVE,forecast_composite,SIMULATED / PROTOTYPE ALERT
ALT-GRID-01288,REGIONAL_GRID_CELL,"Cell COARSE_C33588 (27.347N, 88.600E)",COARSE_C33588,East Sikkim,27.347,88.6,+12h,0.626,High,HIGH,0.9945,0.2581,16.8,2026-09-08T18:05:43Z,ACTIVE,forecast_composite,SIMULATED / PROTOTYPE ALERT
ALT-GRID-01289,REGIONAL_GRID_CELL,"Cell COARSE_C33770 (27.348N, 88.581E)",COARSE_C33770,East Sikkim,27.348,88.581,+12h,0.5579,High,HIGH,0.8711,0.2581,16.8,2026-09-08T18:05:43Z,ACTIVE,forecast_composite,SIMULATED / PROTOTYPE ALERT
ALT-GRID-01290,REGIONAL_GRID_CELL,"Cell COARSE_C33782 (27.348N, 88.593E)",COARSE_C33782,East Sikkim,27.348,88.593,+12h,0.5627,High,HIGH,0.8797,0.2581,16.8,2026-09-08T18:05:43Z,ACTIVE,forecast_composite,SIMULATED / PROTOTYPE ALERT
ALT-GRID-01291,REGIONAL_GRID_CELL,"Cell COARSE_C33785 (27.348N, 88.596E)",COARSE_C33785,East Sikkim,27.348,88.596,+12h,0.626,High,HIGH,0.9945,0.2581,16.8,2026-09-08T18:05:43Z,ACTIVE,forecast_composite,SIMULATED / PROTOTYPE ALERT
ALT-GRID-01292,REGIONAL_GRID_CELL,"Cell COARSE_C33971 (27.349N, 88.581E)",COARSE_C33971,East Sikkim,27.349,88.581,+12h,0.5742,High,HIGH,0.9006,0.2581,16.8,2026-09-08T18:05:43Z,ACTIVE,forecast_composite,SIMULATED / PROTOTYPE ALERT
ALT-GRID-01293,REGIONAL_GRID_CELL,"Cell COARSE_C33986 (27.349N, 88.596E)",COARSE_C33986,East Sikkim,27.349,88.596,+12h,0.5784,High,HIGH,0.9082,0.2581,16.8,2026-09-08T18:05:43Z,ACTIVE,forecast_composite,SIMULATED / PROTOTYPE ALERT
ALT-GRID-01294,REGIONAL_GRID_CELL,"Cell COARSE_C33987 (27.349N, 88.597E)",COARSE_C33987,East Sikkim,27.349,88.597,+12h,0.5988,High,HIGH,0.9452,0.2581,16.8,2026-09-08T18:05:43Z,ACTIVE,forecast_composite,SIMULATED / PROTOTYPE ALERT
ALT-GRID-01295,REGIONAL_GRID_CELL,"Cell COARSE_C33988 (27.349N, 88.598E)",COARSE_C33988,East Sikkim,27.349,88.598,+12h,0.5995,High,HIGH,0.9464,0.2581,16.8,2026-09-08T18:05:43Z,ACTIVE,forecast_composite,SIMULATED / PROTOTYPE ALERT
ALT-GRID-01296,REGIONAL_GRID_CELL,"Cell COARSE_C34171 (27.350N, 88.580E)",COARSE_C34171,East Sikkim,27.35,88.58,+12h,0.6033,High,HIGH,0.855,0.3732,28.8,2026-09-08T18:05:43Z,ACTIVE,forecast_composite,SIMULATED / PROTOTYPE ALERT
ALT-GRID-01297,REGIONAL_GRID_CELL,"Cell COARSE_C34173 (27.350N, 88.582E)",COARSE_C34173,East Sikkim,27.35,88.582,+12h,0.6471,High,HIGH,0.9313,0.3732,28.8,2026-09-08T18:05:43Z,ACTIVE,forecast_composite,SIMULATED / PROTOTYPE ALERT
ALT-GRID-01298,REGIONAL_GRID_CELL,"Cell COARSE_C34190 (27.350N, 88.599E)",COARSE_C34190,East Sikkim,27.35,88.599,+12h,0.6585,High,HIGH,0.951,0.3732,28.8,2026-09-08T18:05:43Z,ACTIVE,forecast_composite,SIMULATED / PROTOTYPE ALERT
ALT-GRID-01299,REGIONAL_GRID_CELL,"Cell COARSE_C34192 (27.350N, 88.601E)",COARSE_C34192,East Sikkim,27.35,88.601,+12h,0.646,High,HIGH,0.9452,0.3547,27.7,2026-09-08T18:05:43Z,ACTIVE,forecast_composite,SIMULATED / PROTOTYPE ALERT
ALT-GRID-01300,REGIONAL_GRID_CELL,"Cell COARSE_C34206 (27.350N, 88.615E)",COARSE_C34206,East Sikkim,27.35,88.615,+12h,0.6238,High,HIGH,0.9063,0.3547,27.7,2026-09-08T18:05:43Z,ACTIVE,forecast_composite,SIMULATED / PROTOTYPE ALERT
ALT-GRID-01301,REGIONAL_GRID_CELL,"Cell COARSE_C34208 (27.350N, 88.617E)",COARSE_C34208,East Sikkim,27.35,88.617,+12h,0.6053,High,HIGH,0.8738,0.3547,27.7,2026-09-08T18:05:43Z,ACTIVE,forecast_composite,SIMULATED / PROTOTYPE ALERT
ALT-GRID-01302,REGIONAL_GRID_CELL,"Cell COARSE_C34211 (27.350N, 88.620E)",COARSE_C34211,East Sikkim,27.35,88.62,+12h,0.6688,High,HIGH,0.985,0.3547,27.7,2026-09-08T18:05:43Z,ACTIVE,forecast_composite,SIMULATED / PROTOTYPE ALERT
ALT-GRID-01303,REGIONAL_GRID_CELL,"Cell COARSE_C34213 (27.350N, 88.622E)",COARSE_C34213,East Sikkim,27.35,88.622,+12h,0.6672,High,HIGH,0.9822,0.3547,27.7,2026-09-08T18:05:43Z,ACTIVE,forecast_composite,SIMULATED / PROTOTYPE ALERT
ALT-GRID-01304,REGIONAL_GRID_CELL,"Cell COARSE_C34217 (27.350N, 88.626E)",COARSE_C34217,East Sikkim,27.35,88.626,+12h,0.6647,High,HIGH,0.9778,0.3547,27.7,2026-09-08T18:05:43Z,ACTIVE,forecast_composite,SIMULATED / PROTOTYPE ALERT
ALT-GRID-01305,REGIONAL_GRID_CELL,"Cell COARSE_C34230 (27.350N, 88.639E)",COARSE_C34230,East Sikkim,27.35,88.639,+12h,0.5681,High,HIGH,0.8087,0.3547,27.7,2026-09-08T18:05:43Z,ACTIVE,forecast_composite,SIMULATED / PROTOTYPE ALERT
ALT-GRID-01306,REGIONAL_GRID_CELL,"Cell COARSE_C34234 (27.350N, 88.643E)",COARSE_C34234,East Sikkim,27.35,88.643,+12h,0.6588,High,HIGH,0.9676,0.3547,27.7,2026-09-08T18:05:43Z,ACTIVE,forecast_composite,SIMULATED / PROTOTYPE ALERT
ALT-GRID-01307,REGIONAL_GRID_CELL,"Cell COARSE_C00010 (27.180N, 88.589E)",COARSE_C00010,East Sikkim,27.18,88.589,+24h,0.6395,High,HIGH,0.8806,0.4183,29.0,2026-09-08T18:05:43Z,ACTIVE,forecast_composite,SIMULATED / PROTOTYPE ALERT
ALT-GRID-01308,REGIONAL_GRID_CELL,"Cell COARSE_C00016 (27.180N, 88.595E)",COARSE_C00016,East Sikkim,27.18,88.595,+24h,0.6561,High,HIGH,0.9092,0.4183,29.0,2026-09-08T18:05:43Z,ACTIVE,forecast_composite,SIMULATED / PROTOTYPE ALERT
ALT-GRID-01309,REGIONAL_GRID_CELL,"Cell COARSE_C00017 (27.180N, 88.596E)",COARSE_C00017,East Sikkim,27.18,88.596,+24h,0.6556,High,HIGH,0.9082,0.4183,29.0,2026-09-08T18:05:43Z,ACTIVE,forecast_composite,SIMULATED / PROTOTYPE ALERT
ALT-GRID-01310,REGIONAL_GRID_CELL,"Cell COARSE_C00018 (27.180N, 88.597E)",COARSE_C00018,East Sikkim,27.18,88.597,+24h,0.6434,High,HIGH,0.8874,0.4183,29.0,2026-09-08T18:05:43Z,ACTIVE,forecast_composite,SIMULATED / PROTOTYPE ALERT
ALT-GRID-01311,REGIONAL_GRID_CELL,"Cell COARSE_C00035 (27.180N, 88.614E)",COARSE_C00035,East Sikkim,27.18,88.614,+24h,0.572,High,HIGH,0.7651,0.4183,29.1,2026-09-08T18:05:43Z,ACTIVE,forecast_composite,SIMULATED / PROTOTYPE ALERT
ALT-GRID-01312,REGIONAL_GRID_CELL,"Cell COARSE_C00041 (27.180N, 88.620E)",COARSE_C00041,East Sikkim,27.18,88.62,+24h,0.5596,High,HIGH,0.7437,0.4183,29.1,2026-09-08T18:05:43Z,ACTIVE,forecast_composite,SIMULATED / PROTOTYPE ALERT
ALT-GRID-01313,REGIONAL_GRID_CELL,"Cell COARSE_C00044 (27.180N, 88.623E)",COARSE_C00044,East Sikkim,27.18,88.623,+24h,0.68,High,HIGH,0.95,0.4183,29.1,2026-09-08T18:05:43Z,ACTIVE,forecast_composite,SIMULATED / PROTOTYPE ALERT
ALT-GRID-01314,REGIONAL_GRID_CELL,"Cell COARSE_C00045 (27.180N, 88.624E)",COARSE_C00045,East Sikkim,27.18,88.624,+24h,0.679,High,HIGH,0.9483,0.4183,29.1,2026-09-08T18:05:43Z,ACTIVE,forecast_composite,SIMULATED / PROTOTYPE ALERT
ALT-GRID-01315,REGIONAL_GRID_CELL,"Cell COARSE_C00046 (27.180N, 88.625E)",COARSE_C00046,East Sikkim,27.18,88.625,+24h,0.6796,High,HIGH,0.9494,0.4183,29.1,2026-09-08T18:05:43Z,ACTIVE,forecast_composite,SIMULATED / PROTOTYPE ALERT
ALT-GRID-01316,REGIONAL_GRID_CELL,"Cell COARSE_C00047 (27.180N, 88.626E)",COARSE_C00047,East Sikkim,27.18,88.626,+24h,0.6923,High,HIGH,0.9711,0.4183,29.1,2026-09-08T18:05:43Z,ACTIVE,forecast_composite,SIMULATED / PROTOTYPE ALERT
ALT-GRID-01317,REGIONAL_GRID_CELL,"Cell COARSE_C00048 (27.180N, 88.627E)",COARSE_C00048,East Sikkim,27.18,88.627,+24h,0.5523,High,HIGH,0.7313,0.4183,29.1,2026-09-08T18:05:43Z,ACTIVE,forecast_composite,SIMULATED / PROTOTYPE ALERT
ALT-GRID-01318,REGIONAL_GRID_CELL,"Cell COARSE_C00049 (27.180N, 88.628E)",COARSE_C00049,East Sikkim,27.18,88.628,+24h,0.6675,High,HIGH,0.9286,0.4183,29.1,2026-09-08T18:05:43Z,ACTIVE,forecast_composite,SIMULATED / PROTOTYPE ALERT
ALT-GRID-01319,REGIONAL_GRID_CELL,"Cell COARSE_C00052 (27.180N, 88.631E)",COARSE_C00052,East Sikkim,27.18,88.631,+24h,0.6543,High,HIGH,0.9061,0.4183,29.1,2026-09-08T18:05:43Z,ACTIVE,forecast_composite,SIMULATED / PROTOTYPE ALERT
ALT-GRID-01320,REGIONAL_GRID_CELL,"Cell COARSE_C00059 (27.180N, 88.638E)",COARSE_C00059,East Sikkim,27.18,88.638,+24h,0.7045,High,HIGH,0.9921,0.4183,29.1,2026-09-08T18:05:43Z,ACTIVE,forecast_composite,SIMULATED / PROTOTYPE ALERT
ALT-GRID-01321,REGIONAL_GRID_CELL,"Cell COARSE_C00234 (27.181N, 88.612E)",COARSE_C00234,East Sikkim,27.181,88.612,+24h,0.6622,High,HIGH,0.9196,0.4183,29.1,2026-09-08T18:05:43Z,ACTIVE,forecast_composite,SIMULATED / PROTOTYPE ALERT
ALT-GRID-01322,REGIONAL_GRID_CELL,"Cell COARSE_C00237 (27.181N, 88.615E)",COARSE_C00237,East Sikkim,27.181,88.615,+24h,0.556,High,HIGH,0.7377,0.4183,29.1,2026-09-08T18:05:43Z,ACTIVE,forecast_composite,SIMULATED / PROTOTYPE ALERT
ALT-GRID-01323,REGIONAL_GRID_CELL,"Cell COARSE_C00245 (27.181N, 88.623E)",COARSE_C00245,East Sikkim,27.181,88.623,+24h,0.6795,High,HIGH,0.9492,0.4183,29.1,2026-09-08T18:05:43Z,ACTIVE,forecast_composite,SIMULATED / PROTOTYPE ALERT
ALT-GRID-01324,REGIONAL_GRID_CELL,"Cell COARSE_C00250 (27.181N, 88.628E)",COARSE_C00250,East Sikkim,27.181,88.628,+24h,0.6629,High,HIGH,0.9208,0.4183,29.1,2026-09-08T18:05:43Z,ACTIVE,forecast_composite,SIMULATED / PROTOTYPE ALERT
ALT-GRID-01325,REGIONAL_GRID_CELL,"Cell COARSE_C00253 (27.181N, 88.631E)",COARSE_C00253,East Sikkim,27.181,88.631,+24h,0.6438,High,HIGH,0.888,0.4183,29.1,2026-09-08T18:05:43Z,ACTIVE,forecast_composite,SIMULATED / PROTOTYPE ALERT
ALT-GRID-01326,REGIONAL_GRID_CELL,"Cell COARSE_C00259 (27.181N, 88.637E)",COARSE_C00259,East Sikkim,27.181,88.637,+24h,0.7052,High,HIGH,0.9933,0.4183,29.1,2026-09-08T18:05:43Z,ACTIVE,forecast_composite,SIMULATED / PROTOTYPE ALERT
ALT-GRID-01327,REGIONAL_GRID_CELL,"Cell COARSE_C00264 (27.181N, 88.642E)",COARSE_C00264,East Sikkim,27.181,88.642,+24h,0.7039,High,HIGH,0.991,0.4183,29.1,2026-09-08T18:05:43Z,ACTIVE,forecast_composite,SIMULATED / PROTOTYPE ALERT
ALT-GRID-01328,REGIONAL_GRID_CELL,"Cell COARSE_C00407 (27.182N, 88.584E)",COARSE_C00407,East Sikkim,27.182,88.584,+24h,0.5528,High,HIGH,0.7321,0.4183,29.0,2026-09-08T18:05:43Z,ACTIVE,forecast_composite,SIMULATED / PROTOTYPE ALERT
ALT-GRID-01329,REGIONAL_GRID_CELL,"Cell COARSE_C00438 (27.182N, 88.615E)",COARSE_C00438,East Sikkim,27.182,88.615,+24h,0.6868,High,HIGH,0.9617,0.4183,29.1,2026-09-08T18:05:43Z,ACTIVE,forecast_composite,SIMULATED / PROTOTYPE ALERT
ALT-GRID-01330,REGIONAL_GRID_CELL,"Cell COARSE_C00439 (27.182N, 88.616E)",COARSE_C00439,East Sikkim,27.182,88.616,+24h,0.582,High,HIGH,0.7821,0.4183,29.1,2026-09-08T18:05:43Z,ACTIVE,forecast_composite,SIMULATED / PROTOTYPE ALERT
ALT-GRID-01331,REGIONAL_GRID_CELL,"Cell COARSE_C00440 (27.182N, 88.617E)",COARSE_C00440,East Sikkim,27.182,88.617,+24h,0.5984,High,HIGH,0.8103,0.4183,29.1,2026-09-08T18:05:43Z,ACTIVE,forecast_composite,SIMULATED / PROTOTYPE ALERT
ALT-GRID-01332,REGIONAL_GRID_CELL,"Cell COARSE_C00442 (27.182N, 88.619E)",COARSE_C00442,East Sikkim,27.182,88.619,+24h,0.5569,High,HIGH,0.7392,0.4183,29.1,2026-09-08T18:05:43Z,ACTIVE,forecast_composite,SIMULATED / PROTOTYPE ALERT
ALT-GRID-01333,REGIONAL_GRID_CELL,"Cell COARSE_C00443 (27.182N, 88.620E)",COARSE_C00443,East Sikkim,27.182,88.62,+24h,0.6783,High,HIGH,0.9471,0.4183,29.1,2026-09-08T18:05:43Z,ACTIVE,forecast_composite,SIMULATED / PROTOTYPE ALERT
ALT-GRID-01334,REGIONAL_GRID_CELL,"Cell COARSE_C00444 (27.182N, 88.621E)",COARSE_C00444,East Sikkim,27.182,88.621,+24h,0.6455,High,HIGH,0.8909,0.4183,29.1,2026-09-08T18:05:43Z,ACTIVE,forecast_composite,SIMULATED / PROTOTYPE ALERT
ALT-GRID-01335,REGIONAL_GRID_CELL,"Cell COARSE_C00445 (27.182N, 88.622E)",COARSE_C00445,East Sikkim,27.182,88.622,+24h,0.6518,High,HIGH,0.9017,0.4183,29.1,2026-09-08T18:05:43Z,ACTIVE,forecast_composite,SIMULATED / PROTOTYPE ALERT
ALT-GRID-01336,REGIONAL_GRID_CELL,"Cell COARSE_C00467 (27.182N, 88.644E)",COARSE_C00467,East Sikkim,27.182,88.644,+24h,0.6315,High,HIGH,0.867,0.4183,29.1,2026-09-08T18:05:43Z,ACTIVE,forecast_composite,SIMULATED / PROTOTYPE ALERT
ALT-GRID-01337,REGIONAL_GRID_CELL,"Cell COARSE_C00604 (27.183N, 88.580E)",COARSE_C00604,East Sikkim,27.183,88.58,+24h,0.6628,High,HIGH,0.9206,0.4183,29.0,2026-09-08T18:05:43Z,ACTIVE,forecast_composite,SIMULATED / PROTOTYPE ALERT
ALT-GRID-01338,REGIONAL_GRID_CELL,"Cell COARSE_C00607 (27.183N, 88.583E)",COARSE_C00607,East Sikkim,27.183,88.583,+24h,0.5544,High,HIGH,0.7348,0.4183,29.0,2026-09-08T18:05:43Z,ACTIVE,forecast_composite,SIMULATED / PROTOTYPE ALERT
ALT-GRID-01339,REGIONAL_GRID_CELL,"Cell COARSE_C00608 (27.183N, 88.584E)",COARSE_C00608,East Sikkim,27.183,88.584,+24h,0.5606,High,HIGH,0.7455,0.4183,29.0,2026-09-08T18:05:43Z,ACTIVE,forecast_composite,SIMULATED / PROTOTYPE ALERT
ALT-GRID-01340,REGIONAL_GRID_CELL,"Cell COARSE_C00609 (27.183N, 88.585E)",COARSE_C00609,East Sikkim,27.183,88.585,+24h,0.5667,High,HIGH,0.7559,0.4183,29.0,2026-09-08T18:05:43Z,ACTIVE,forecast_composite,SIMULATED / PROTOTYPE ALERT
ALT-GRID-01341,REGIONAL_GRID_CELL,"Cell COARSE_C00629 (27.183N, 88.605E)",COARSE_C00629,East Sikkim,27.183,88.605,+24h,0.5562,High,HIGH,0.7379,0.4183,29.1,2026-09-08T18:05:43Z,ACTIVE,forecast_composite,SIMULATED / PROTOTYPE ALERT
ALT-GRID-01342,REGIONAL_GRID_CELL,"Cell COARSE_C00630 (27.183N, 88.606E)",COARSE_C00630,East Sikkim,27.183,88.606,+24h,0.5954,High,HIGH,0.8052,0.4183,29.1,2026-09-08T18:05:43Z,ACTIVE,forecast_composite,SIMULATED / PROTOTYPE ALERT
ALT-GRID-01343,REGIONAL_GRID_CELL,"Cell COARSE_C00633 (27.183N, 88.609E)",COARSE_C00633,East Sikkim,27.183,88.609,+24h,0.5591,High,HIGH,0.743,0.4183,29.1,2026-09-08T18:05:43Z,ACTIVE,forecast_composite,SIMULATED / PROTOTYPE ALERT
ALT-GRID-01344,REGIONAL_GRID_CELL,"Cell COARSE_C00642 (27.183N, 88.618E)",COARSE_C00642,East Sikkim,27.183,88.618,+24h,0.6288,High,HIGH,0.8623,0.4183,29.1,2026-09-08T18:05:43Z,ACTIVE,forecast_composite,SIMULATED / PROTOTYPE ALERT
ALT-GRID-01345,REGIONAL_GRID_CELL,"Cell COARSE_C00647 (27.183N, 88.623E)",COARSE_C00647,East Sikkim,27.183,88.623,+24h,0.5507,High,HIGH,0.7286,0.4183,29.1,2026-09-08T18:05:43Z,ACTIVE,forecast_composite,SIMULATED / PROTOTYPE ALERT
ALT-GRID-01346,REGIONAL_GRID_CELL,"Cell COARSE_C00658 (27.183N, 88.634E)",COARSE_C00658,East Sikkim,27.183,88.634,+24h,0.7042,High,HIGH,0.9915,0.4183,29.1,2026-09-08T18:05:43Z,ACTIVE,forecast_composite,SIMULATED / PROTOTYPE ALERT
ALT-GRID-01347,REGIONAL_GRID_CELL,"Cell COARSE_C00660 (27.183N, 88.636E)",COARSE_C00660,East Sikkim,27.183,88.636,+24h,0.6497,High,HIGH,0.8981,0.4183,29.1,2026-09-08T18:05:43Z,ACTIVE,forecast_composite,SIMULATED / PROTOTYPE ALERT
ALT-GRID-01348,REGIONAL_GRID_CELL,"Cell COARSE_C00808 (27.184N, 88.583E)",COARSE_C00808,East Sikkim,27.184,88.583,+24h,0.5632,High,HIGH,0.75,0.4183,29.0,2026-09-08T18:05:43Z,ACTIVE,forecast_composite,SIMULATED / PROTOTYPE ALERT
ALT-GRID-01349,REGIONAL_GRID_CELL,"Cell COARSE_C00811 (27.184N, 88.586E)",COARSE_C00811,East Sikkim,27.184,88.586,+24h,0.5647,High,HIGH,0.7526,0.4183,29.0,2026-09-08T18:05:43Z,ACTIVE,forecast_composite,SIMULATED / PROTOTYPE ALERT
ALT-GRID-01350,REGIONAL_GRID_CELL,"Cell COARSE_C00812 (27.184N, 88.587E)",COARSE_C00812,East Sikkim,27.184,88.587,+24h,0.5943,High,HIGH,0.8033,0.4183,29.0,2026-09-08T18:05:43Z,ACTIVE,forecast_composite,SIMULATED / PROTOTYPE ALERT
ALT-GRID-01351,REGIONAL_GRID_CELL,"Cell COARSE_C00813 (27.184N, 88.588E)",COARSE_C00813,East Sikkim,27.184,88.588,+24h,0.6002,High,HIGH,0.8134,0.4183,29.0,2026-09-08T18:05:43Z,ACTIVE,forecast_composite,SIMULATED / PROTOTYPE ALERT
ALT-GRID-01352,REGIONAL_GRID_CELL,"Cell COARSE_C00814 (27.184N, 88.589E)",COARSE_C00814,East Sikkim,27.184,88.589,+24h,0.5872,High,HIGH,0.791,0.4183,29.0,2026-09-08T18:05:43Z,ACTIVE,forecast_composite,SIMULATED / PROTOTYPE ALERT
ALT-GRID-01353,REGIONAL_GRID_CELL,"Cell COARSE_C00816 (27.184N, 88.591E)",COARSE_C00816,East Sikkim,27.184,88.591,+24h,0.5502,High,HIGH,0.7276,0.4183,29.0,2026-09-08T18:05:43Z,ACTIVE,forecast_composite,SIMULATED / PROTOTYPE ALERT
ALT-GRID-01354,REGIONAL_GRID_CELL,"Cell COARSE_C00817 (27.184N, 88.592E)",COARSE_C00817,East Sikkim,27.184,88.592,+24h,0.5737,High,HIGH,0.768,0.4183,29.0,2026-09-08T18:05:43Z,ACTIVE,forecast_composite,SIMULATED / PROTOTYPE ALERT
ALT-GRID-01355,REGIONAL_GRID_CELL,"Cell COARSE_C00827 (27.184N, 88.602E)",COARSE_C00827,East Sikkim,27.184,88.602,+24h,0.572,High,HIGH,0.765,0.4183,29.1,2026-09-08T18:05:43Z,ACTIVE,forecast_composite,SIMULATED / PROTOTYPE ALERT
ALT-GRID-01356,REGIONAL_GRID_CELL,"Cell COARSE_C00828 (27.184N, 88.603E)",COARSE_C00828,East Sikkim,27.184,88.603,+24h,0.5688,High,HIGH,0.7595,0.4183,29.1,2026-09-08T18:05:43Z,ACTIVE,forecast_composite,SIMULATED / PROTOTYPE ALERT
ALT-GRID-01357,REGIONAL_GRID_CELL,"Cell COARSE_C00829 (27.184N, 88.604E)",COARSE_C00829,East Sikkim,27.184,88.604,+24h,0.5518,High,HIGH,0.7304,0.4183,29.1,2026-09-08T18:05:43Z,ACTIVE,forecast_composite,SIMULATED / PROTOTYPE ALERT
ALT-GRID-01358,REGIONAL_GRID_CELL,"Cell COARSE_C00831 (27.184N, 88.606E)",COARSE_C00831,East Sikkim,27.184,88.606,+24h,0.5507,High,HIGH,0.7285,0.4183,29.1,2026-09-08T18:05:43Z,ACTIVE,forecast_composite,SIMULATED / PROTOTYPE ALERT
ALT-GRID-01359,REGIONAL_GRID_CELL,"Cell COARSE_C00832 (27.184N, 88.607E)",COARSE_C00832,East Sikkim,27.184,88.607,+24h,0.5532,High,HIGH,0.7329,0.4183,29.1,2026-09-08T18:05:43Z,ACTIVE,forecast_composite,SIMULATED / PROTOTYPE ALERT
ALT-GRID-01360,REGIONAL_GRID_CELL,"Cell COARSE_C00841 (27.184N, 88.616E)",COARSE_C00841,East Sikkim,27.184,88.616,+24h,0.5505,High,HIGH,0.7282,0.4183,29.1,2026-09-08T18:05:43Z,ACTIVE,forecast_composite,SIMULATED / PROTOTYPE ALERT
ALT-GRID-01361,REGIONAL_GRID_CELL,"Cell COARSE_C01006 (27.185N, 88.580E)",COARSE_C01006,East Sikkim,27.185,88.58,+24h,0.5884,High,HIGH,0.7931,0.4183,29.0,2026-09-08T18:05:43Z,ACTIVE,forecast_composite,SIMULATED / PROTOTYPE ALERT
ALT-GRID-01362,REGIONAL_GRID_CELL,"Cell COARSE_C01007 (27.185N, 88.581E)",COARSE_C01007,East Sikkim,27.185,88.581,+24h,0.6038,High,HIGH,0.8195,0.4183,29.0,2026-09-08T18:05:43Z,ACTIVE,forecast_composite,SIMULATED / PROTOTYPE ALERT
ALT-GRID-01363,REGIONAL_GRID_CELL,"Cell COARSE_C01008 (27.185N, 88.582E)",COARSE_C01008,East Sikkim,27.185,88.582,+24h,0.5553,High,HIGH,0.7364,0.4183,29.0,2026-09-08T18:05:43Z,ACTIVE,forecast_composite,SIMULATED / PROTOTYPE ALERT
ALT-GRID-01364,REGIONAL_GRID_CELL,"Cell COARSE_C01012 (27.185N, 88.586E)",COARSE_C01012,East Sikkim,27.185,88.586,+24h,0.5899,High,HIGH,0.7957,0.4183,29.0,2026-09-08T18:05:43Z,ACTIVE,forecast_composite,SIMULATED / PROTOTYPE ALERT
ALT-GRID-01365,REGIONAL_GRID_CELL,"Cell COARSE_C01013 (27.185N, 88.587E)",COARSE_C01013,East Sikkim,27.185,88.587,+24h,0.6119,High,HIGH,0.8334,0.4183,29.0,2026-09-08T18:05:43Z,ACTIVE,forecast_composite,SIMULATED / PROTOTYPE ALERT
ALT-GRID-01366,REGIONAL_GRID_CELL,"Cell COARSE_C01014 (27.185N, 88.588E)",COARSE_C01014,East Sikkim,27.185,88.588,+24h,0.64,High,HIGH,0.8815,0.4183,29.0,2026-09-08T18:05:43Z,ACTIVE,forecast_composite,SIMULATED / PROTOTYPE ALERT
ALT-GRID-01367,REGIONAL_GRID_CELL,"Cell COARSE_C01015 (27.185N, 88.589E)",COARSE_C01015,East Sikkim,27.185,88.589,+24h,0.6146,High,HIGH,0.8381,0.4183,29.0,2026-09-08T18:05:43Z,ACTIVE,forecast_composite,SIMULATED / PROTOTYPE ALERT
ALT-GRID-01368,REGIONAL_GRID_CELL,"Cell COARSE_C01016 (27.185N, 88.590E)",COARSE_C01016,East Sikkim,27.185,88.59,+24h,0.6448,High,HIGH,0.8898,0.4183,29.0,2026-09-08T18:05:43Z,ACTIVE,forecast_composite,SIMULATED / PROTOTYPE ALERT
ALT-GRID-01369,REGIONAL_GRID_CELL,"Cell COARSE_C01017 (27.185N, 88.591E)",COARSE_C01017,East Sikkim,27.185,88.591,+24h,0.5831,High,HIGH,0.784,0.4183,29.0,2026-09-08T18:05:43Z,ACTIVE,forecast_composite,SIMULATED / PROTOTYPE ALERT
ALT-GRID-01370,REGIONAL_GRID_CELL,"Cell COARSE_C01018 (27.185N, 88.592E)",COARSE_C01018,East Sikkim,27.185,88.592,+24h,0.5761,High,HIGH,0.772,0.4183,29.0,2026-09-08T18:05:43Z,ACTIVE,forecast_composite,SIMULATED / PROTOTYPE ALERT
ALT-GRID-01371,REGIONAL_GRID_CELL,"Cell COARSE_C01020 (27.185N, 88.594E)",COARSE_C01020,East Sikkim,27.185,88.594,+24h,0.5717,High,HIGH,0.7646,0.4183,29.0,2026-09-08T18:05:43Z,ACTIVE,forecast_composite,SIMULATED / PROTOTYPE ALERT
ALT-GRID-01372,REGIONAL_GRID_CELL,"Cell COARSE_C01021 (27.185N, 88.595E)",COARSE_C01021,East Sikkim,27.185,88.595,+24h,0.5866,High,HIGH,0.7901,0.4183,29.0,2026-09-08T18:05:43Z,ACTIVE,forecast_composite,SIMULATED / PROTOTYPE ALERT
ALT-GRID-01373,REGIONAL_GRID_CELL,"Cell COARSE_C01022 (27.185N, 88.596E)",COARSE_C01022,East Sikkim,27.185,88.596,+24h,0.5727,High,HIGH,0.7663,0.4183,29.0,2026-09-08T18:05:43Z,ACTIVE,forecast_composite,SIMULATED / PROTOTYPE ALERT
ALT-GRID-01374,REGIONAL_GRID_CELL,"Cell COARSE_C01026 (27.185N, 88.600E)",COARSE_C01026,East Sikkim,27.185,88.6,+24h,0.5769,High,HIGH,0.7734,0.4183,29.0,2026-09-08T18:05:43Z,ACTIVE,forecast_composite,SIMULATED / PROTOTYPE ALERT
ALT-GRID-01375,REGIONAL_GRID_CELL,"Cell COARSE_C01027 (27.185N, 88.601E)",COARSE_C01027,East Sikkim,27.185,88.601,+24h,0.5702,High,HIGH,0.762,0.4183,29.1,2026-09-08T18:05:43Z,ACTIVE,forecast_composite,SIMULATED / PROTOTYPE ALERT
ALT-GRID-01376,REGIONAL_GRID_CELL,"Cell COARSE_C01030 (27.185N, 88.604E)",COARSE_C01030,East Sikkim,27.185,88.604,+24h,0.563,High,HIGH,0.7496,0.4183,29.1,2026-09-08T18:05:43Z,ACTIVE,forecast_composite,SIMULATED / PROTOTYPE ALERT
ALT-GRID-01377,REGIONAL_GRID_CELL,"Cell COARSE_C01031 (27.185N, 88.605E)",COARSE_C01031,East Sikkim,27.185,88.605,+24h,0.566,High,HIGH,0.7548,0.4183,29.1,2026-09-08T18:05:43Z,ACTIVE,forecast_composite,SIMULATED / PROTOTYPE ALERT
ALT-GRID-01378,REGIONAL_GRID_CELL,"Cell COARSE_C01034 (27.185N, 88.608E)",COARSE_C01034,East Sikkim,27.185,88.608,+24h,0.5558,High,HIGH,0.7372,0.4183,29.1,2026-09-08T18:05:43Z,ACTIVE,forecast_composite,SIMULATED / PROTOTYPE ALERT
ALT-GRID-01379,REGIONAL_GRID_CELL,"Cell COARSE_C01057 (27.185N, 88.631E)",COARSE_C01057,East Sikkim,27.185,88.631,+24h,0.7038,High,HIGH,0.9908,0.4183,29.1,2026-09-08T18:05:43Z,ACTIVE,forecast_composite,SIMULATED / PROTOTYPE ALERT
ALT-GRID-01380,REGIONAL_GRID_CELL,"Cell COARSE_C01083 (27.185N, 88.657E)",COARSE_C01083,East Sikkim,27.185,88.657,+24h,0.5538,High,HIGH,0.992,0.116,0.0,2026-09-08T18:05:43Z,ACTIVE,forecast_composite,SIMULATED / PROTOTYPE ALERT
ALT-GRID-01381,REGIONAL_GRID_CELL,"Cell COARSE_C01207 (27.186N, 88.580E)",COARSE_C01207,East Sikkim,27.186,88.58,+24h,0.572,High,HIGH,0.765,0.4183,29.0,2026-09-08T18:05:43Z,ACTIVE,forecast_composite,SIMULATED / PROTOTYPE ALERT
ALT-GRID-01382,REGIONAL_GRID_CELL,"Cell COARSE_C01208 (27.186N, 88.581E)",COARSE_C01208,East Sikkim,27.186,88.581,+24h,0.6135,High,HIGH,0.8361,0.4183,29.0,2026-09-08T18:05:43Z,ACTIVE,forecast_composite,SIMULATED / PROTOTYPE ALERT
ALT-GRID-01383,REGIONAL_GRID_CELL,"Cell COARSE_C01209 (27.186N, 88.582E)",COARSE_C01209,East Sikkim,27.186,88.582,+24h,0.619,High,HIGH,0.8456,0.4183,29.0,2026-09-08T18:05:43Z,ACTIVE,forecast_composite,SIMULATED / PROTOTYPE ALERT
ALT-GRID-01384,REGIONAL_GRID_CELL,"Cell COARSE_C01212 (27.186N, 88.585E)",COARSE_C01212,East Sikkim,27.186,88.585,+24h,0.6688,High,HIGH,0.9308,0.4183,29.0,2026-09-08T18:05:43Z,ACTIVE,forecast_composite,SIMULATED / PROTOTYPE ALERT
ALT-GRID-01385,REGIONAL_GRID_CELL,"Cell COARSE_C01213 (27.186N, 88.586E)",COARSE_C01213,East Sikkim,27.186,88.586,+24h,0.6464,High,HIGH,0.8925,0.4183,29.0,2026-09-08T18:05:43Z,ACTIVE,forecast_composite,SIMULATED / PROTOTYPE ALERT
ALT-GRID-01386,REGIONAL_GRID_CELL,"Cell COARSE_C01216 (27.186N, 88.589E)",COARSE_C01216,East Sikkim,27.186,88.589,+24h,0.6653,High,HIGH,0.9248,0.4183,29.0,2026-09-08T18:05:43Z,ACTIVE,forecast_composite,SIMULATED / PROTOTYPE ALERT
ALT-GRID-01387,REGIONAL_GRID_CELL,"Cell COARSE_C01217 (27.186N, 88.590E)",COARSE_C01217,East Sikkim,27.186,88.59,+24h,0.6259,High,HIGH,0.8573,0.4183,29.0,2026-09-08T18:05:43Z,ACTIVE,forecast_composite,SIMULATED / PROTOTYPE ALERT
ALT-GRID-01388,REGIONAL_GRID_CELL,"Cell COARSE_C01218 (27.186N, 88.591E)",COARSE_C01218,East Sikkim,27.186,88.591,+24h,0.6504,High,HIGH,0.8993,0.4183,29.0,2026-09-08T18:05:43Z,ACTIVE,forecast_composite,SIMULATED / PROTOTYPE ALERT
ALT-GRID-01389,REGIONAL_GRID_CELL,"Cell COARSE_C01219 (27.186N, 88.592E)",COARSE_C01219,East Sikkim,27.186,88.592,+24h,0.6204,High,HIGH,0.8479,0.4183,29.0,2026-09-08T18:05:43Z,ACTIVE,forecast_composite,SIMULATED / PROTOTYPE ALERT
ALT-GRID-01390,REGIONAL_GRID_CELL,"Cell COARSE_C01221 (27.186N, 88.594E)",COARSE_C01221,East Sikkim,27.186,88.594,+24h,0.5754,High,HIGH,0.7708,0.4183,29.0,2026-09-08T18:05:43Z,ACTIVE,forecast_composite,SIMULATED / PROTOTYPE ALERT
ALT-GRID-01391,REGIONAL_GRID_CELL,"Cell COARSE_C01222 (27.186N, 88.595E)",COARSE_C01222,East Sikkim,27.186,88.595,+24h,0.6192,High,HIGH,0.8459,0.4183,29.0,2026-09-08T18:05:43Z,ACTIVE,forecast_composite,SIMULATED / PROTOTYPE ALERT
ALT-GRID-01392,REGIONAL_GRID_CELL,"Cell COARSE_C01223 (27.186N, 88.596E)",COARSE_C01223,East Sikkim,27.186,88.596,+24h,0.6149,High,HIGH,0.8385,0.4183,29.0,2026-09-08T18:05:43Z,ACTIVE,forecast_composite,SIMULATED / PROTOTYPE ALERT
ALT-GRID-01393,REGIONAL_GRID_CELL,"Cell COARSE_C01224 (27.186N, 88.597E)",COARSE_C01224,East Sikkim,27.186,88.597,+24h,0.5846,High,HIGH,0.7866,0.4183,29.0,2026-09-08T18:05:43Z,ACTIVE,forecast_composite,SIMULATED / PROTOTYPE ALERT
ALT-GRID-01394,REGIONAL_GRID_CELL,"Cell COARSE_C01227 (27.186N, 88.600E)",COARSE_C01227,East Sikkim,27.186,88.6,+24h,0.6102,High,HIGH,0.8304,0.4183,29.0,2026-09-08T18:05:43Z,ACTIVE,forecast_composite,SIMULATED / PROTOTYPE ALERT
ALT-GRID-01395,REGIONAL_GRID_CELL,"Cell COARSE_C01233 (27.186N, 88.606E)",COARSE_C01233,East Sikkim,27.186,88.606,+24h,0.5642,High,HIGH,0.7517,0.4183,29.1,2026-09-08T18:05:43Z,ACTIVE,forecast_composite,SIMULATED / PROTOTYPE ALERT
ALT-GRID-01396,REGIONAL_GRID_CELL,"Cell COARSE_C01234 (27.186N, 88.607E)",COARSE_C01234,East Sikkim,27.186,88.607,+24h,0.5542,High,HIGH,0.7346,0.4183,29.1,2026-09-08T18:05:43Z,ACTIVE,forecast_composite,SIMULATED / PROTOTYPE ALERT
ALT-GRID-01397,REGIONAL_GRID_CELL,"Cell COARSE_C01255 (27.186N, 88.628E)",COARSE_C01255,East Sikkim,27.186,88.628,+24h,0.705,High,HIGH,0.9929,0.4183,29.1,2026-09-08T18:05:43Z,ACTIVE,forecast_composite,SIMULATED / PROTOTYPE ALERT
ALT-GRID-01398,REGIONAL_GRID_CELL,"Cell COARSE_C01410 (27.187N, 88.582E)",COARSE_C01410,East Sikkim,27.187,88.582,+24h,0.5712,High,HIGH,0.7637,0.4183,29.0,2026-09-08T18:05:43Z,ACTIVE,forecast_composite,SIMULATED / PROTOTYPE ALERT
ALT-GRID-01399,REGIONAL_GRID_CELL,"Cell COARSE_C01411 (27.187N, 88.583E)",COARSE_C01411,East Sikkim,27.187,88.583,+24h,0.6509,High,HIGH,0.9002,0.4183,29.0,2026-09-08T18:05:43Z,ACTIVE,forecast_composite,SIMULATED / PROTOTYPE ALERT
ALT-GRID-01400,REGIONAL_GRID_CELL,"Cell COARSE_C01412 (27.187N, 88.584E)",COARSE_C01412,East Sikkim,27.187,88.584,+24h,0.6301,High,HIGH,0.8645,0.4183,29.0,2026-09-08T18:05:43Z,ACTIVE,forecast_composite,SIMULATED / PROTOTYPE ALERT
ALT-GRID-01401,REGIONAL_GRID_CELL,"Cell COARSE_C01413 (27.187N, 88.585E)",COARSE_C01413,East Sikkim,27.187,88.585,+24h,0.55,Moderate,HIGH,0.7273,0.4183,29.0,2026-09-08T18:05:43Z,ACTIVE,forecast_composite,SIMULATED / PROTOTYPE ALERT
ALT-GRID-01402,REGIONAL_GRID_CELL,"Cell COARSE_C01414 (27.187N, 88.586E)",COARSE_C01414,East Sikkim,27.187,88.586,+24h,0.5844,High,HIGH,0.7863,0.4183,29.0,2026-09-08T18:05:43Z,ACTIVE,forecast_composite,SIMULATED / PROTOTYPE ALERT
ALT-GRID-01403,REGIONAL_GRID_CELL,"Cell COARSE_C01419 (27.187N, 88.591E)",COARSE_C01419,East Sikkim,27.187,88.591,+24h,0.6651,High,HIGH,0.9245,0.4183,29.0,2026-09-08T18:05:43Z,ACTIVE,forecast_composite,SIMULATED / PROTOTYPE ALERT
ALT-GRID-01404,REGIONAL_GRID_CELL,"Cell COARSE_C01420 (27.187N, 88.592E)",COARSE_C01420,East Sikkim,27.187,88.592,+24h,0.5999,High,HIGH,0.8128,0.4183,29.0,2026-09-08T18:05:43Z,ACTIVE,forecast_composite,SIMULATED / PROTOTYPE ALERT
ALT-GRID-01405,REGIONAL_GRID_CELL,"Cell COARSE_C01421 (27.187N, 88.593E)",COARSE_C01421,East Sikkim,27.187,88.593,+24h,0.5743,High,HIGH,0.7689,0.4183,29.0,2026-09-08T18:05:43Z,ACTIVE,forecast_composite,SIMULATED / PROTOTYPE ALERT
ALT-GRID-01406,REGIONAL_GRID_CELL,"Cell COARSE_C01422 (27.187N, 88.594E)",COARSE_C01422,East Sikkim,27.187,88.594,+24h,0.6127,High,HIGH,0.8347,0.4183,29.0,2026-09-08T18:05:43Z,ACTIVE,forecast_composite,SIMULATED / PROTOTYPE ALERT
ALT-GRID-01407,REGIONAL_GRID_CELL,"Cell COARSE_C01423 (27.187N, 88.595E)",COARSE_C01423,East Sikkim,27.187,88.595,+24h,0.6473,High,HIGH,0.894,0.4183,29.0,2026-09-08T18:05:43Z,ACTIVE,forecast_composite,SIMULATED / PROTOTYPE ALERT
ALT-GRID-01408,REGIONAL_GRID_CELL,"Cell COARSE_C01424 (27.187N, 88.596E)",COARSE_C01424,East Sikkim,27.187,88.596,+24h,0.6125,High,HIGH,0.8344,0.4183,29.0,2026-09-08T18:05:43Z,ACTIVE,forecast_composite,SIMULATED / PROTOTYPE ALERT
ALT-GRID-01409,REGIONAL_GRID_CELL,"Cell COARSE_C01425 (27.187N, 88.597E)",COARSE_C01425,East Sikkim,27.187,88.597,+24h,0.594,High,HIGH,0.8028,0.4183,29.0,2026-09-08T18:05:43Z,ACTIVE,forecast_composite,SIMULATED / PROTOTYPE ALERT
ALT-GRID-01410,REGIONAL_GRID_CELL,"Cell COARSE_C01426 (27.187N, 88.598E)",COARSE_C01426,East Sikkim,27.187,88.598,+24h,0.5891,High,HIGH,0.7944,0.4183,29.0,2026-09-08T18:05:43Z,ACTIVE,forecast_composite,SIMULATED / PROTOTYPE ALERT
ALT-GRID-01411,REGIONAL_GRID_CELL,"Cell COARSE_C01427 (27.187N, 88.599E)",COARSE_C01427,East Sikkim,27.187,88.599,+24h,0.5745,High,HIGH,0.7693,0.4183,29.0,2026-09-08T18:05:43Z,ACTIVE,forecast_composite,SIMULATED / PROTOTYPE ALERT
ALT-GRID-01412,REGIONAL_GRID_CELL,"Cell COARSE_C01428 (27.187N, 88.600E)",COARSE_C01428,East Sikkim,27.187,88.6,+24h,0.6716,High,HIGH,0.9357,0.4183,29.0,2026-09-08T18:05:43Z,ACTIVE,forecast_composite,SIMULATED / PROTOTYPE ALERT
ALT-GRID-01413,REGIONAL_GRID_CELL,"Cell COARSE_C01429 (27.187N, 88.601E)",COARSE_C01429,East Sikkim,27.187,88.601,+24h,0.5739,High,HIGH,0.7683,0.4183,29.1,2026-09-08T18:05:43Z,ACTIVE,forecast_composite,SIMULATED / PROTOTYPE ALERT
ALT-GRID-01414,REGIONAL_GRID_CELL,"Cell COARSE_C01430 (27.187N, 88.602E)",COARSE_C01430,East Sikkim,27.187,88.602,+24h,0.582,High,HIGH,0.7821,0.4183,29.1,2026-09-08T18:05:43Z,ACTIVE,forecast_composite,SIMULATED / PROTOTYPE ALERT
ALT-GRID-01415,REGIONAL_GRID_CELL,"Cell COARSE_C01431 (27.187N, 88.603E)",COARSE_C01431,East Sikkim,27.187,88.603,+24h,0.5783,High,HIGH,0.7758,0.4183,29.1,2026-09-08T18:05:43Z,ACTIVE,forecast_composite,SIMULATED / PROTOTYPE ALERT
ALT-GRID-01416,REGIONAL_GRID_CELL,"Cell COARSE_C01432 (27.187N, 88.604E)",COARSE_C01432,East Sikkim,27.187,88.604,+24h,0.5724,High,HIGH,0.7657,0.4183,29.1,2026-09-08T18:05:43Z,ACTIVE,forecast_composite,SIMULATED / PROTOTYPE ALERT
ALT-GRID-01417,REGIONAL_GRID_CELL,"Cell COARSE_C01433 (27.187N, 88.605E)",COARSE_C01433,East Sikkim,27.187,88.605,+24h,0.5562,High,HIGH,0.738,0.4183,29.1,2026-09-08T18:05:43Z,ACTIVE,forecast_composite,SIMULATED / PROTOTYPE ALERT
ALT-GRID-01418,REGIONAL_GRID_CELL,"Cell COARSE_C01434 (27.187N, 88.606E)",COARSE_C01434,East Sikkim,27.187,88.606,+24h,0.5558,High,HIGH,0.7373,0.4183,29.1,2026-09-08T18:05:43Z,ACTIVE,forecast_composite,SIMULATED / PROTOTYPE ALERT
ALT-GRID-01419,REGIONAL_GRID_CELL,"Cell COARSE_C01493 (27.187N, 88.665E)",COARSE_C01493,East Sikkim,27.187,88.665,+24h,0.5538,High,HIGH,0.992,0.116,0.0,2026-09-08T18:05:43Z,ACTIVE,forecast_composite,SIMULATED / PROTOTYPE ALERT
ALT-GRID-01420,REGIONAL_GRID_CELL,"Cell COARSE_C01611 (27.188N, 88.582E)",COARSE_C01611,East Sikkim,27.188,88.582,+24h,0.6948,High,HIGH,0.9755,0.4183,29.0,2026-09-08T18:05:43Z,ACTIVE,forecast_composite,SIMULATED / PROTOTYPE ALERT
ALT-GRID-01421,REGIONAL_GRID_CELL,"Cell COARSE_C01614 (27.188N, 88.585E)",COARSE_C01614,East Sikkim,27.188,88.585,+24h,0.5879,High,HIGH,0.7923,0.4183,29.0,2026-09-08T18:05:43Z,ACTIVE,forecast_composite,SIMULATED / PROTOTYPE ALERT
ALT-GRID-01422,REGIONAL_GRID_CELL,"Cell COARSE_C01615 (27.188N, 88.586E)",COARSE_C01615,East Sikkim,27.188,88.586,+24h,0.5924,High,HIGH,0.8,0.4183,29.0,2026-09-08T18:05:43Z,ACTIVE,forecast_composite,SIMULATED / PROTOTYPE ALERT
ALT-GRID-01423,REGIONAL_GRID_CELL,"Cell COARSE_C01621 (27.188N, 88.592E)",COARSE_C01621,East Sikkim,27.188,88.592,+24h,0.5911,High,HIGH,0.7977,0.4183,29.0,2026-09-08T18:05:43Z,ACTIVE,forecast_composite,SIMULATED / PROTOTYPE ALERT
ALT-GRID-01424,REGIONAL_GRID_CELL,"Cell COARSE_C01622 (27.188N, 88.593E)",COARSE_C01622,East Sikkim,27.188,88.593,+24h,0.5958,High,HIGH,0.8058,0.4183,29.0,2026-09-08T18:05:43Z,ACTIVE,forecast_composite,SIMULATED / PROTOTYPE ALERT
ALT-GRID-01425,REGIONAL_GRID_CELL,"Cell COARSE_C01623 (27.188N, 88.594E)",COARSE_C01623,East Sikkim,27.188,88.594,+24h,0.6644,High,HIGH,0.9234,0.4183,29.0,2026-09-08T18:05:43Z,ACTIVE,forecast_composite,SIMULATED / PROTOTYPE ALERT
ALT-GRID-01426,REGIONAL_GRID_CELL,"Cell COARSE_C01630 (27.188N, 88.601E)",COARSE_C01630,East Sikkim,27.188,88.601,+24h,0.5691,High,HIGH,0.7601,0.4183,29.1,2026-09-08T18:05:43Z,ACTIVE,forecast_composite,SIMULATED / PROTOTYPE ALERT
ALT-GRID-01427,REGIONAL_GRID_CELL,"Cell COARSE_C01632 (27.188N, 88.603E)",COARSE_C01632,East Sikkim,27.188,88.603,+24h,0.5898,High,HIGH,0.7956,0.4183,29.1,2026-09-08T18:05:43Z,ACTIVE,forecast_composite,SIMULATED / PROTOTYPE ALERT
ALT-GRID-01428,REGIONAL_GRID_CELL,"Cell COARSE_C01633 (27.188N, 88.604E)",COARSE_C01633,East Sikkim,27.188,88.604,+24h,0.5841,High,HIGH,0.7857,0.4183,29.1,2026-09-08T18:05:43Z,ACTIVE,forecast_composite,SIMULATED / PROTOTYPE ALERT
ALT-GRID-01429,REGIONAL_GRID_CELL,"Cell COARSE_C01654 (27.188N, 88.625E)",COARSE_C01654,East Sikkim,27.188,88.625,+24h,0.704,High,HIGH,0.9912,0.4183,29.1,2026-09-08T18:05:43Z,ACTIVE,forecast_composite,SIMULATED / PROTOTYPE ALERT
ALT-GRID-01430,REGIONAL_GRID_CELL,"Cell COARSE_C01664 (27.188N, 88.635E)",COARSE_C01664,East Sikkim,27.188,88.635,+24h,0.5704,High,HIGH,0.7623,0.4183,29.1,2026-09-08T18:05:43Z,ACTIVE,forecast_composite,SIMULATED / PROTOTYPE ALERT
ALT-GRID-01431,REGIONAL_GRID_CELL,"Cell COARSE_C01674 (27.188N, 88.645E)",COARSE_C01674,East Sikkim,27.188,88.645,+24h,0.5883,High,HIGH,0.7929,0.4183,29.1,2026-09-08T18:05:43Z,ACTIVE,forecast_composite,SIMULATED / PROTOTYPE ALERT
ALT-GRID-01432,REGIONAL_GRID_CELL,"Cell COARSE_C01814 (27.189N, 88.584E)",COARSE_C01814,East Sikkim,27.189,88.584,+24h,0.5701,High,HIGH,0.7618,0.4183,29.0,2026-09-08T18:05:43Z,ACTIVE,forecast_composite,SIMULATED / PROTOTYPE ALERT
ALT-GRID-01433,REGIONAL_GRID_CELL,"Cell COARSE_C01817 (27.189N, 88.587E)",COARSE_C01817,East Sikkim,27.189,88.587,+24h,0.6048,High,HIGH,0.8212,0.4183,29.0,2026-09-08T18:05:43Z,ACTIVE,forecast_composite,SIMULATED / PROTOTYPE ALERT
ALT-GRID-01434,REGIONAL_GRID_CELL,"Cell COARSE_C01818 (27.189N, 88.588E)",COARSE_C01818,East Sikkim,27.189,88.588,+24h,0.5584,High,HIGH,0.7417,0.4183,29.0,2026-09-08T18:05:43Z,ACTIVE,forecast_composite,SIMULATED / PROTOTYPE ALERT
ALT-GRID-01435,REGIONAL_GRID_CELL,"Cell COARSE_C01820 (27.189N, 88.590E)",COARSE_C01820,East Sikkim,27.189,88.59,+24h,0.6479,High,HIGH,0.8951,0.4183,29.0,2026-09-08T18:05:43Z,ACTIVE,forecast_composite,SIMULATED / PROTOTYPE ALERT
ALT-GRID-01436,REGIONAL_GRID_CELL,"Cell COARSE_C01824 (27.189N, 88.594E)",COARSE_C01824,East Sikkim,27.189,88.594,+24h,0.6115,High,HIGH,0.8327,0.4183,29.0,2026-09-08T18:05:43Z,ACTIVE,forecast_composite,SIMULATED / PROTOTYPE ALERT
ALT-GRID-01437,REGIONAL_GRID_CELL,"Cell COARSE_C01826 (27.189N, 88.596E)",COARSE_C01826,East Sikkim,27.189,88.596,+24h,0.6078,High,HIGH,0.8263,0.4183,29.0,2026-09-08T18:05:43Z,ACTIVE,forecast_composite,SIMULATED / PROTOTYPE ALERT
ALT-GRID-01438,REGIONAL_GRID_CELL,"Cell COARSE_C01827 (27.189N, 88.597E)",COARSE_C01827,East Sikkim,27.189,88.597,+24h,0.653,High,HIGH,0.9038,0.4183,29.0,2026-09-08T18:05:43Z,ACTIVE,forecast_composite,SIMULATED / PROTOTYPE ALERT
ALT-GRID-01439,REGIONAL_GRID_CELL,"Cell COARSE_C01828 (27.189N, 88.598E)",COARSE_C01828,East Sikkim,27.189,88.598,+24h,0.6531,High,HIGH,0.904,0.4183,29.0,2026-09-08T18:05:43Z,ACTIVE,forecast_composite,SIMULATED / PROTOTYPE ALERT
ALT-GRID-01440,REGIONAL_GRID_CELL,"Cell COARSE_C01830 (27.189N, 88.600E)",COARSE_C01830,East Sikkim,27.189,88.6,+24h,0.5883,High,HIGH,0.7929,0.4183,29.0,2026-09-08T18:05:43Z,ACTIVE,forecast_composite,SIMULATED / PROTOTYPE ALERT
ALT-GRID-01441,REGIONAL_GRID_CELL,"Cell COARSE_C01834 (27.189N, 88.604E)",COARSE_C01834,East Sikkim,27.189,88.604,+24h,0.5588,High,HIGH,0.7424,0.4183,29.1,2026-09-08T18:05:43Z,ACTIVE,forecast_composite,SIMULATED / PROTOTYPE ALERT
ALT-GRID-01442,REGIONAL_GRID_CELL,"Cell COARSE_C01840 (27.189N, 88.610E)",COARSE_C01840,East Sikkim,27.189,88.61,+24h,0.657,High,HIGH,0.9106,0.4183,29.1,2026-09-08T18:05:43Z,ACTIVE,forecast_composite,SIMULATED / PROTOTYPE ALERT
ALT-GRID-01443,REGIONAL_GRID_CELL,"Cell COARSE_C01841 (27.189N, 88.611E)",COARSE_C01841,East Sikkim,27.189,88.611,+24h,0.6424,High,HIGH,0.8856,0.4183,29.1,2026-09-08T18:05:43Z,ACTIVE,forecast_composite,SIMULATED / PROTOTYPE ALERT
ALT-GRID-01444,REGIONAL_GRID_CELL,"Cell COARSE_C01844 (27.189N, 88.614E)",COARSE_C01844,East Sikkim,27.189,88.614,+24h,0.6773,High,HIGH,0.9454,0.4183,29.1,2026-09-08T18:05:43Z,ACTIVE,forecast_composite,SIMULATED / PROTOTYPE ALERT
ALT-GRID-01445,REGIONAL_GRID_CELL,"Cell COARSE_C01845 (27.189N, 88.615E)",COARSE_C01845,East Sikkim,27.189,88.615,+24h,0.6702,High,HIGH,0.9333,0.4183,29.1,2026-09-08T18:05:43Z,ACTIVE,forecast_composite,SIMULATED / PROTOTYPE ALERT
ALT-GRID-01446,REGIONAL_GRID_CELL,"Cell COARSE_C02011 (27.190N, 88.580E)",COARSE_C02011,East Sikkim,27.19,88.58,+24h,0.5808,High,HIGH,0.7801,0.4183,29.0,2026-09-08T18:05:43Z,ACTIVE,forecast_composite,SIMULATED / PROTOTYPE ALERT
ALT-GRID-01447,REGIONAL_GRID_CELL,"Cell COARSE_C02012 (27.190N, 88.581E)",COARSE_C02012,East Sikkim,27.19,88.581,+24h,0.5776,High,HIGH,0.7746,0.4183,29.0,2026-09-08T18:05:43Z,ACTIVE,forecast_composite,SIMULATED / PROTOTYPE ALERT
ALT-GRID-01448,REGIONAL_GRID_CELL,"Cell COARSE_C02013 (27.190N, 88.582E)",COARSE_C02013,East Sikkim,27.19,88.582,+24h,0.5621,High,HIGH,0.7481,0.4183,29.0,2026-09-08T18:05:43Z,ACTIVE,forecast_composite,SIMULATED / PROTOTYPE ALERT
ALT-GRID-01449,REGIONAL_GRID_CELL,"Cell COARSE_C02014 (27.190N, 88.583E)",COARSE_C02014,East Sikkim,27.19,88.583,+24h,0.5544,High,HIGH,0.7349,0.4183,29.0,2026-09-08T18:05:43Z,ACTIVE,forecast_composite,SIMULATED / PROTOTYPE ALERT
ALT-GRID-01450,REGIONAL_GRID_CELL,"Cell COARSE_C02015 (27.190N, 88.584E)",COARSE_C02015,East Sikkim,27.19,88.584,+24h,0.6331,High,HIGH,0.8697,0.4183,29.0,2026-09-08T18:05:43Z,ACTIVE,forecast_composite,SIMULATED / PROTOTYPE ALERT
ALT-GRID-01451,REGIONAL_GRID_CELL,"Cell COARSE_C02016 (27.190N, 88.585E)",COARSE_C02016,East Sikkim,27.19,88.585,+24h,0.6995,High,HIGH,0.9835,0.4183,29.0,2026-09-08T18:05:43Z,ACTIVE,forecast_composite,SIMULATED / PROTOTYPE ALERT
ALT-GRID-01452,REGIONAL_GRID_CELL,"Cell COARSE_C02021 (27.190N, 88.590E)",COARSE_C02021,East Sikkim,27.19,88.59,+24h,0.6448,High,HIGH,0.8897,0.4183,29.0,2026-09-08T18:05:43Z,ACTIVE,forecast_composite,SIMULATED / PROTOTYPE ALERT
ALT-GRID-01453,REGIONAL_GRID_CELL,"Cell COARSE_C02024 (27.190N, 88.593E)",COARSE_C02024,East Sikkim,27.19,88.593,+24h,0.6607,High,HIGH,0.917,0.4183,29.0,2026-09-08T18:05:43Z,ACTIVE,forecast_composite,SIMULATED / PROTOTYPE ALERT
ALT-GRID-01454,REGIONAL_GRID_CELL,"Cell COARSE_C02025 (27.190N, 88.594E)",COARSE_C02025,East Sikkim,27.19,88.594,+24h,0.6933,High,HIGH,0.9728,0.4183,29.0,2026-09-08T18:05:43Z,ACTIVE,forecast_composite,SIMULATED / PROTOTYPE ALERT
ALT-GRID-01455,REGIONAL_GRID_CELL,"Cell COARSE_C02027 (27.190N, 88.596E)",COARSE_C02027,East Sikkim,27.19,88.596,+24h,0.6963,High,HIGH,0.978,0.4183,29.0,2026-09-08T18:05:43Z,ACTIVE,forecast_composite,SIMULATED / PROTOTYPE ALERT
ALT-GRID-01456,REGIONAL_GRID_CELL,"Cell COARSE_C02028 (27.190N, 88.597E)",COARSE_C02028,East Sikkim,27.19,88.597,+24h,0.6772,High,HIGH,0.9452,0.4183,29.0,2026-09-08T18:05:43Z,ACTIVE,forecast_composite,SIMULATED / PROTOTYPE ALERT
ALT-GRID-01457,REGIONAL_GRID_CELL,"Cell COARSE_C02070 (27.190N, 88.639E)",COARSE_C02070,East Sikkim,27.19,88.639,+24h,0.6803,High,HIGH,0.9506,0.4183,29.1,2026-09-08T18:05:43Z,ACTIVE,forecast_composite,SIMULATED / PROTOTYPE ALERT
ALT-GRID-01458,REGIONAL_GRID_CELL,"Cell COARSE_C02071 (27.190N, 88.640E)",COARSE_C02071,East Sikkim,27.19,88.64,+24h,0.6944,High,HIGH,0.9748,0.4183,29.1,2026-09-08T18:05:43Z,ACTIVE,forecast_composite,SIMULATED / PROTOTYPE ALERT
ALT-GRID-01459,REGIONAL_GRID_CELL,"Cell COARSE_C02072 (27.190N, 88.641E)",COARSE_C02072,East Sikkim,27.19,88.641,+24h,0.6852,High,HIGH,0.959,0.4183,29.1,2026-09-08T18:05:43Z,ACTIVE,forecast_composite,SIMULATED / PROTOTYPE ALERT
ALT-GRID-01460,REGIONAL_GRID_CELL,"Cell COARSE_C02212 (27.191N, 88.580E)",COARSE_C02212,East Sikkim,27.191,88.58,+24h,0.5569,High,HIGH,0.7391,0.4183,29.0,2026-09-08T18:05:43Z,ACTIVE,forecast_composite,SIMULATED / PROTOTYPE ALERT
ALT-GRID-01461,REGIONAL_GRID_CELL,"Cell COARSE_C02214 (27.191N, 88.582E)",COARSE_C02214,East Sikkim,27.191,88.582,+24h,0.5771,High,HIGH,0.7737,0.4183,29.0,2026-09-08T18:05:43Z,ACTIVE,forecast_composite,SIMULATED / PROTOTYPE ALERT
ALT-GRID-01462,REGIONAL_GRID_CELL,"Cell COARSE_C02215 (27.191N, 88.583E)",COARSE_C02215,East Sikkim,27.191,88.583,+24h,0.6004,High,HIGH,0.8137,0.4183,29.0,2026-09-08T18:05:43Z,ACTIVE,forecast_composite,SIMULATED / PROTOTYPE ALERT
ALT-GRID-01463,REGIONAL_GRID_CELL,"Cell COARSE_C02216 (27.191N, 88.584E)",COARSE_C02216,East Sikkim,27.191,88.584,+24h,0.6033,High,HIGH,0.8187,0.4183,29.0,2026-09-08T18:05:43Z,ACTIVE,forecast_composite,SIMULATED / PROTOTYPE ALERT
ALT-GRID-01464,REGIONAL_GRID_CELL,"Cell COARSE_C02217 (27.191N, 88.585E)",COARSE_C02217,East Sikkim,27.191,88.585,+24h,0.6653,High,HIGH,0.9248,0.4183,29.0,2026-09-08T18:05:43Z,ACTIVE,forecast_composite,SIMULATED / PROTOTYPE ALERT
ALT-GRID-01465,REGIONAL_GRID_CELL,"Cell COARSE_C02218 (27.191N, 88.586E)",COARSE_C02218,East Sikkim,27.191,88.586,+24h,0.6334,High,HIGH,0.8703,0.4183,29.0,2026-09-08T18:05:43Z,ACTIVE,forecast_composite,SIMULATED / PROTOTYPE ALERT
ALT-GRID-01466,REGIONAL_GRID_CELL,"Cell COARSE_C02219 (27.191N, 88.587E)",COARSE_C02219,East Sikkim,27.191,88.587,+24h,0.6066,High,HIGH,0.8243,0.4183,29.0,2026-09-08T18:05:43Z,ACTIVE,forecast_composite,SIMULATED / PROTOTYPE ALERT
ALT-GRID-01467,REGIONAL_GRID_CELL,"Cell COARSE_C02220 (27.191N, 88.588E)",COARSE_C02220,East Sikkim,27.191,88.588,+24h,0.5798,High,HIGH,0.7784,0.4183,29.0,2026-09-08T18:05:43Z,ACTIVE,forecast_composite,SIMULATED / PROTOTYPE ALERT
ALT-GRID-01468,REGIONAL_GRID_CELL,"Cell COARSE_C02221 (27.191N, 88.589E)",COARSE_C02221,East Sikkim,27.191,88.589,+24h,0.5824,High,HIGH,0.7829,0.4183,29.0,2026-09-08T18:05:43Z,ACTIVE,forecast_composite,SIMULATED / PROTOTYPE ALERT
ALT-GRID-01469,REGIONAL_GRID_CELL,"Cell COARSE_C02222 (27.191N, 88.590E)",COARSE_C02222,East Sikkim,27.191,88.59,+24h,0.5825,High,HIGH,0.783,0.4183,29.0,2026-09-08T18:05:43Z,ACTIVE,forecast_composite,SIMULATED / PROTOTYPE ALERT
ALT-GRID-01470,REGIONAL_GRID_CELL,"Cell COARSE_C02223 (27.191N, 88.591E)",COARSE_C02223,East Sikkim,27.191,88.591,+24h,0.6723,High,HIGH,0.9369,0.4183,29.0,2026-09-08T18:05:43Z,ACTIVE,forecast_composite,SIMULATED / PROTOTYPE ALERT
ALT-GRID-01471,REGIONAL_GRID_CELL,"Cell COARSE_C02225 (27.191N, 88.593E)",COARSE_C02225,East Sikkim,27.191,88.593,+24h,0.6915,High,HIGH,0.9697,0.4183,29.0,2026-09-08T18:05:43Z,ACTIVE,forecast_composite,SIMULATED / PROTOTYPE ALERT
ALT-GRID-01472,REGIONAL_GRID_CELL,"Cell COARSE_C02226 (27.191N, 88.594E)",COARSE_C02226,East Sikkim,27.191,88.594,+24h,0.5877,High,HIGH,0.7919,0.4183,29.0,2026-09-08T18:05:43Z,ACTIVE,forecast_composite,SIMULATED / PROTOTYPE ALERT
ALT-GRID-01473,REGIONAL_GRID_CELL,"Cell COARSE_C02227 (27.191N, 88.595E)",COARSE_C02227,East Sikkim,27.191,88.595,+24h,0.5914,High,HIGH,0.7983,0.4183,29.0,2026-09-08T18:05:43Z,ACTIVE,forecast_composite,SIMULATED / PROTOTYPE ALERT
ALT-GRID-01474,REGIONAL_GRID_CELL,"Cell COARSE_C02228 (27.191N, 88.596E)",COARSE_C02228,East Sikkim,27.191,88.596,+24h,0.5828,High,HIGH,0.7836,0.4183,29.0,2026-09-08T18:05:43Z,ACTIVE,forecast_composite,SIMULATED / PROTOTYPE ALERT
ALT-GRID-01475,REGIONAL_GRID_CELL,"Cell COARSE_C02229 (27.191N, 88.597E)",COARSE_C02229,East Sikkim,27.191,88.597,+24h,0.6196,High,HIGH,0.8465,0.4183,29.0,2026-09-08T18:05:43Z,ACTIVE,forecast_composite,SIMULATED / PROTOTYPE ALERT
ALT-GRID-01476,REGIONAL_GRID_CELL,"Cell COARSE_C02233 (27.191N, 88.601E)",COARSE_C02233,East Sikkim,27.191,88.601,+24h,0.618,High,HIGH,0.8438,0.4183,29.1,2026-09-08T18:05:43Z,ACTIVE,forecast_composite,SIMULATED / PROTOTYPE ALERT
ALT-GRID-01477,REGIONAL_GRID_CELL,"Cell COARSE_C02234 (27.191N, 88.602E)",COARSE_C02234,East Sikkim,27.191,88.602,+24h,0.6364,High,HIGH,0.8754,0.4183,29.1,2026-09-08T18:05:43Z,ACTIVE,forecast_composite,SIMULATED / PROTOTYPE ALERT
ALT-GRID-01478,REGIONAL_GRID_CELL,"Cell COARSE_C02235 (27.191N, 88.603E)",COARSE_C02235,East Sikkim,27.191,88.603,+24h,0.6534,High,HIGH,0.9045,0.4183,29.1,2026-09-08T18:05:43Z,ACTIVE,forecast_composite,SIMULATED / PROTOTYPE ALERT
ALT-GRID-01479,REGIONAL_GRID_CELL,"Cell COARSE_C02236 (27.191N, 88.604E)",COARSE_C02236,East Sikkim,27.191,88.604,+24h,0.6156,High,HIGH,0.8397,0.4183,29.1,2026-09-08T18:05:43Z,ACTIVE,forecast_composite,SIMULATED / PROTOTYPE ALERT
ALT-GRID-01480,REGIONAL_GRID_CELL,"Cell COARSE_C02237 (27.191N, 88.605E)",COARSE_C02237,East Sikkim,27.191,88.605,+24h,0.5896,High,HIGH,0.7951,0.4183,29.1,2026-09-08T18:05:43Z,ACTIVE,forecast_composite,SIMULATED / PROTOTYPE ALERT
ALT-GRID-01481,REGIONAL_GRID_CELL,"Cell COARSE_C02238 (27.191N, 88.606E)",COARSE_C02238,East Sikkim,27.191,88.606,+24h,0.5988,High,HIGH,0.8109,0.4183,29.1,2026-09-08T18:05:43Z,ACTIVE,forecast_composite,SIMULATED / PROTOTYPE ALERT
ALT-GRID-01482,REGIONAL_GRID_CELL,"Cell COARSE_C02239 (27.191N, 88.607E)",COARSE_C02239,East Sikkim,27.191,88.607,+24h,0.5546,High,HIGH,0.7353,0.4183,29.1,2026-09-08T18:05:43Z,ACTIVE,forecast_composite,SIMULATED / PROTOTYPE ALERT
ALT-GRID-01483,REGIONAL_GRID_CELL,"Cell COARSE_C02242 (27.191N, 88.610E)",COARSE_C02242,East Sikkim,27.191,88.61,+24h,0.5869,High,HIGH,0.7905,0.4183,29.1,2026-09-08T18:05:43Z,ACTIVE,forecast_composite,SIMULATED / PROTOTYPE ALERT
ALT-GRID-01484,REGIONAL_GRID_CELL,"Cell COARSE_C02245 (27.191N, 88.613E)",COARSE_C02245,East Sikkim,27.191,88.613,+24h,0.5645,High,HIGH,0.7522,0.4183,29.1,2026-09-08T18:05:43Z,ACTIVE,forecast_composite,SIMULATED / PROTOTYPE ALERT
ALT-GRID-01485,REGIONAL_GRID_CELL,"Cell COARSE_C02257 (27.191N, 88.625E)",COARSE_C02257,East Sikkim,27.191,88.625,+24h,0.7065,High,HIGH,0.9954,0.4183,29.1,2026-09-08T18:05:43Z,ACTIVE,forecast_composite,SIMULATED / PROTOTYPE ALERT
ALT-GRID-01486,REGIONAL_GRID_CELL,"Cell COARSE_C02270 (27.191N, 88.638E)",COARSE_C02270,East Sikkim,27.191,88.638,+24h,0.6936,High,HIGH,0.9734,0.4183,29.1,2026-09-08T18:05:43Z,ACTIVE,forecast_composite,SIMULATED / PROTOTYPE ALERT
ALT-GRID-01487,REGIONAL_GRID_CELL,"Cell COARSE_C02271 (27.191N, 88.639E)",COARSE_C02271,East Sikkim,27.191,88.639,+24h,0.6983,High,HIGH,0.9815,0.4183,29.1,2026-09-08T18:05:43Z,ACTIVE,forecast_composite,SIMULATED / PROTOTYPE ALERT
ALT-GRID-01488,REGIONAL_GRID_CELL,"Cell COARSE_C02274 (27.191N, 88.642E)",COARSE_C02274,East Sikkim,27.191,88.642,+24h,0.6913,High,HIGH,0.9695,0.4183,29.1,2026-09-08T18:05:43Z,ACTIVE,forecast_composite,SIMULATED / PROTOTYPE ALERT
ALT-GRID-01489,REGIONAL_GRID_CELL,"Cell COARSE_C02275 (27.191N, 88.643E)",COARSE_C02275,East Sikkim,27.191,88.643,+24h,0.6894,High,HIGH,0.9661,0.4183,29.1,2026-09-08T18:05:43Z,ACTIVE,forecast_composite,SIMULATED / PROTOTYPE ALERT
ALT-GRID-01490,REGIONAL_GRID_CELL,"Cell COARSE_C02413 (27.192N, 88.580E)",COARSE_C02413,East Sikkim,27.192,88.58,+24h,0.5843,High,HIGH,0.7861,0.4183,29.0,2026-09-08T18:05:43Z,ACTIVE,forecast_composite,SIMULATED / PROTOTYPE ALERT
ALT-GRID-01491,REGIONAL_GRID_CELL,"Cell COARSE_C02414 (27.192N, 88.581E)",COARSE_C02414,East Sikkim,27.192,88.581,+24h,0.5872,High,HIGH,0.791,0.4183,29.0,2026-09-08T18:05:43Z,ACTIVE,forecast_composite,SIMULATED / PROTOTYPE ALERT
ALT-GRID-01492,REGIONAL_GRID_CELL,"Cell COARSE_C02415 (27.192N, 88.582E)",COARSE_C02415,East Sikkim,27.192,88.582,+24h,0.5824,High,HIGH,0.7828,0.4183,29.0,2026-09-08T18:05:43Z,ACTIVE,forecast_composite,SIMULATED / PROTOTYPE ALERT
ALT-GRID-01493,REGIONAL_GRID_CELL,"Cell COARSE_C02416 (27.192N, 88.583E)",COARSE_C02416,East Sikkim,27.192,88.583,+24h,0.5917,High,HIGH,0.7988,0.4183,29.0,2026-09-08T18:05:43Z,ACTIVE,forecast_composite,SIMULATED / PROTOTYPE ALERT
ALT-GRID-01494,REGIONAL_GRID_CELL,"Cell COARSE_C02417 (27.192N, 88.584E)",COARSE_C02417,East Sikkim,27.192,88.584,+24h,0.5896,High,HIGH,0.7951,0.4183,29.0,2026-09-08T18:05:43Z,ACTIVE,forecast_composite,SIMULATED / PROTOTYPE ALERT
ALT-GRID-01495,REGIONAL_GRID_CELL,"Cell COARSE_C02418 (27.192N, 88.585E)",COARSE_C02418,East Sikkim,27.192,88.585,+24h,0.566,High,HIGH,0.7547,0.4183,29.0,2026-09-08T18:05:43Z,ACTIVE,forecast_composite,SIMULATED / PROTOTYPE ALERT
ALT-GRID-01496,REGIONAL_GRID_CELL,"Cell COARSE_C02419 (27.192N, 88.586E)",COARSE_C02419,East Sikkim,27.192,88.586,+24h,0.65,High,HIGH,0.8986,0.4183,29.0,2026-09-08T18:05:43Z,ACTIVE,forecast_composite,SIMULATED / PROTOTYPE ALERT
ALT-GRID-01497,REGIONAL_GRID_CELL,"Cell COARSE_C02420 (27.192N, 88.587E)",COARSE_C02420,East Sikkim,27.192,88.587,+24h,0.596,High,HIGH,0.8061,0.4183,29.0,2026-09-08T18:05:43Z,ACTIVE,forecast_composite,SIMULATED / PROTOTYPE ALERT
ALT-GRID-01498,REGIONAL_GRID_CELL,"Cell COARSE_C02421 (27.192N, 88.588E)",COARSE_C02421,East Sikkim,27.192,88.588,+24h,0.5802,High,HIGH,0.7791,0.4183,29.0,2026-09-08T18:05:43Z,ACTIVE,forecast_composite,SIMULATED / PROTOTYPE ALERT
ALT-GRID-01499,REGIONAL_GRID_CELL,"Cell COARSE_C02422 (27.192N, 88.589E)",COARSE_C02422,East Sikkim,27.192,88.589,+24h,0.5877,High,HIGH,0.792,0.4183,29.0,2026-09-08T18:05:43Z,ACTIVE,forecast_composite,SIMULATED / PROTOTYPE ALERT
ALT-GRID-01500,REGIONAL_GRID_CELL,"Cell COARSE_C02423 (27.192N, 88.590E)",COARSE_C02423,East Sikkim,27.192,88.59,+24h,0.6449,High,HIGH,0.8899,0.4183,29.0,2026-09-08T18:05:43Z,ACTIVE,forecast_composite,SIMULATED / PROTOTYPE ALERT
ALT-GRID-01501,REGIONAL_GRID_CELL,"Cell COARSE_C02424 (27.192N, 88.591E)",COARSE_C02424,East Sikkim,27.192,88.591,+24h,0.5934,High,HIGH,0.8017,0.4183,29.0,2026-09-08T18:05:43Z,ACTIVE,forecast_composite,SIMULATED / PROTOTYPE ALERT
ALT-GRID-01502,REGIONAL_GRID_CELL,"Cell COARSE_C02425 (27.192N, 88.592E)",COARSE_C02425,East Sikkim,27.192,88.592,+24h,0.5968,High,HIGH,0.8075,0.4183,29.0,2026-09-08T18:05:43Z,ACTIVE,forecast_composite,SIMULATED / PROTOTYPE ALERT
ALT-GRID-01503,REGIONAL_GRID_CELL,"Cell COARSE_C02426 (27.192N, 88.593E)",COARSE_C02426,East Sikkim,27.192,88.593,+24h,0.5953,High,HIGH,0.805,0.4183,29.0,2026-09-08T18:05:43Z,ACTIVE,forecast_composite,SIMULATED / PROTOTYPE ALERT
ALT-GRID-01504,REGIONAL_GRID_CELL,"Cell COARSE_C02427 (27.192N, 88.594E)",COARSE_C02427,East Sikkim,27.192,88.594,+24h,0.6095,High,HIGH,0.8293,0.4183,29.0,2026-09-08T18:05:43Z,ACTIVE,forecast_composite,SIMULATED / PROTOTYPE ALERT
ALT-GRID-01505,REGIONAL_GRID_CELL,"Cell COARSE_C02430 (27.192N, 88.597E)",COARSE_C02430,East Sikkim,27.192,88.597,+24h,0.5861,High,HIGH,0.7892,0.4183,29.0,2026-09-08T18:05:43Z,ACTIVE,forecast_composite,SIMULATED / PROTOTYPE ALERT
ALT-GRID-01506,REGIONAL_GRID_CELL,"Cell COARSE_C02431 (27.192N, 88.598E)",COARSE_C02431,East Sikkim,27.192,88.598,+24h,0.6289,High,HIGH,0.8626,0.4183,29.0,2026-09-08T18:05:43Z,ACTIVE,forecast_composite,SIMULATED / PROTOTYPE ALERT
ALT-GRID-01507,REGIONAL_GRID_CELL,"Cell COARSE_C02437 (27.192N, 88.604E)",COARSE_C02437,East Sikkim,27.192,88.604,+24h,0.6037,High,HIGH,0.8194,0.4183,29.1,2026-09-08T18:05:43Z,ACTIVE,forecast_composite,SIMULATED / PROTOTYPE ALERT
ALT-GRID-01508,REGIONAL_GRID_CELL,"Cell COARSE_C02438 (27.192N, 88.605E)",COARSE_C02438,East Sikkim,27.192,88.605,+24h,0.6226,High,HIGH,0.8517,0.4183,29.1,2026-09-08T18:05:43Z,ACTIVE,forecast_composite,SIMULATED / PROTOTYPE ALERT
ALT-GRID-01509,REGIONAL_GRID_CELL,"Cell COARSE_C02439 (27.192N, 88.606E)",COARSE_C02439,East Sikkim,27.192,88.606,+24h,0.5806,High,HIGH,0.7798,0.4183,29.1,2026-09-08T18:05:43Z,ACTIVE,forecast_composite,SIMULATED / PROTOTYPE ALERT
ALT-GRID-01510,REGIONAL_GRID_CELL,"Cell COARSE_C02440 (27.192N, 88.607E)",COARSE_C02440,East Sikkim,27.192,88.607,+24h,0.5861,High,HIGH,0.7892,0.4183,29.1,2026-09-08T18:05:43Z,ACTIVE,forecast_composite,SIMULATED / PROTOTYPE ALERT
ALT-GRID-01511,REGIONAL_GRID_CELL,"Cell COARSE_C02452 (27.192N, 88.619E)",COARSE_C02452,East Sikkim,27.192,88.619,+24h,0.5569,High,HIGH,0.7391,0.4183,29.1,2026-09-08T18:05:43Z,ACTIVE,forecast_composite,SIMULATED / PROTOTYPE ALERT
ALT-GRID-01512,REGIONAL_GRID_CELL,"Cell COARSE_C02454 (27.192N, 88.621E)",COARSE_C02454,East Sikkim,27.192,88.621,+24h,0.5631,High,HIGH,0.7498,0.4183,29.1,2026-09-08T18:05:43Z,ACTIVE,forecast_composite,SIMULATED / PROTOTYPE ALERT
ALT-GRID-01513,REGIONAL_GRID_CELL,"Cell COARSE_C02455 (27.192N, 88.622E)",COARSE_C02455,East Sikkim,27.192,88.622,+24h,0.7067,High,HIGH,0.9959,0.4183,29.1,2026-09-08T18:05:43Z,ACTIVE,forecast_composite,SIMULATED / PROTOTYPE ALERT
ALT-GRID-01514,REGIONAL_GRID_CELL,"Cell COARSE_C02456 (27.192N, 88.623E)",COARSE_C02456,East Sikkim,27.192,88.623,+24h,0.7063,High,HIGH,0.9952,0.4183,29.1,2026-09-08T18:05:43Z,ACTIVE,forecast_composite,SIMULATED / PROTOTYPE ALERT
ALT-GRID-01515,REGIONAL_GRID_CELL,"Cell COARSE_C02460 (27.192N, 88.627E)",COARSE_C02460,East Sikkim,27.192,88.627,+24h,0.665,High,HIGH,0.9243,0.4183,29.1,2026-09-08T18:05:43Z,ACTIVE,forecast_composite,SIMULATED / PROTOTYPE ALERT
ALT-GRID-01516,REGIONAL_GRID_CELL,"Cell COARSE_C02462 (27.192N, 88.629E)",COARSE_C02462,East Sikkim,27.192,88.629,+24h,0.7063,High,HIGH,0.9952,0.4183,29.1,2026-09-08T18:05:43Z,ACTIVE,forecast_composite,SIMULATED / PROTOTYPE ALERT
ALT-GRID-01517,REGIONAL_GRID_CELL,"Cell COARSE_C02472 (27.192N, 88.639E)",COARSE_C02472,East Sikkim,27.192,88.639,+24h,0.6644,High,HIGH,0.9234,0.4183,29.1,2026-09-08T18:05:43Z,ACTIVE,forecast_composite,SIMULATED / PROTOTYPE ALERT
ALT-GRID-01518,REGIONAL_GRID_CELL,"Cell COARSE_C02473 (27.192N, 88.640E)",COARSE_C02473,East Sikkim,27.192,88.64,+24h,0.6689,High,HIGH,0.9311,0.4183,29.1,2026-09-08T18:05:43Z,ACTIVE,forecast_composite,SIMULATED / PROTOTYPE ALERT
ALT-GRID-01519,REGIONAL_GRID_CELL,"Cell COARSE_C02474 (27.192N, 88.641E)",COARSE_C02474,East Sikkim,27.192,88.641,+24h,0.6637,High,HIGH,0.9221,0.4183,29.1,2026-09-08T18:05:43Z,ACTIVE,forecast_composite,SIMULATED / PROTOTYPE ALERT
ALT-GRID-01520,REGIONAL_GRID_CELL,"Cell COARSE_C02475 (27.192N, 88.642E)",COARSE_C02475,East Sikkim,27.192,88.642,+24h,0.6742,High,HIGH,0.9402,0.4183,29.1,2026-09-08T18:05:43Z,ACTIVE,forecast_composite,SIMULATED / PROTOTYPE ALERT
ALT-GRID-01521,REGIONAL_GRID_CELL,"Cell COARSE_C02478 (27.192N, 88.645E)",COARSE_C02478,East Sikkim,27.192,88.645,+24h,0.6109,High,HIGH,0.8316,0.4183,29.1,2026-09-08T18:05:43Z,ACTIVE,forecast_composite,SIMULATED / PROTOTYPE ALERT
ALT-GRID-01522,REGIONAL_GRID_CELL,"Cell COARSE_C02480 (27.192N, 88.647E)",COARSE_C02480,East Sikkim,27.192,88.647,+24h,0.5777,High,HIGH,0.7748,0.4183,29.1,2026-09-08T18:05:43Z,ACTIVE,forecast_composite,SIMULATED / PROTOTYPE ALERT
ALT-GRID-01523,REGIONAL_GRID_CELL,"Cell COARSE_C02481 (27.192N, 88.648E)",COARSE_C02481,East Sikkim,27.192,88.648,+24h,0.6083,High,HIGH,0.8272,0.4183,29.1,2026-09-08T18:05:43Z,ACTIVE,forecast_composite,SIMULATED / PROTOTYPE ALERT
ALT-GRID-01524,REGIONAL_GRID_CELL,"Cell COARSE_C02482 (27.192N, 88.649E)",COARSE_C02482,East Sikkim,27.192,88.649,+24h,0.5981,High,HIGH,0.8098,0.4183,29.1,2026-09-08T18:05:43Z,ACTIVE,forecast_composite,SIMULATED / PROTOTYPE ALERT
ALT-GRID-01525,REGIONAL_GRID_CELL,"Cell COARSE_C02483 (27.192N, 88.650E)",COARSE_C02483,East Sikkim,27.192,88.65,+24h,0.6081,High,HIGH,0.8269,0.4183,29.1,2026-09-08T18:05:43Z,ACTIVE,forecast_composite,SIMULATED / PROTOTYPE ALERT
ALT-GRID-01526,REGIONAL_GRID_CELL,"Cell COARSE_C02614 (27.193N, 88.580E)",COARSE_C02614,East Sikkim,27.193,88.58,+24h,0.5871,High,HIGH,0.7909,0.4183,29.0,2026-09-08T18:05:43Z,ACTIVE,forecast_composite,SIMULATED / PROTOTYPE ALERT
ALT-GRID-01527,REGIONAL_GRID_CELL,"Cell COARSE_C02615 (27.193N, 88.581E)",COARSE_C02615,East Sikkim,27.193,88.581,+24h,0.5715,High,HIGH,0.7642,0.4183,29.0,2026-09-08T18:05:43Z,ACTIVE,forecast_composite,SIMULATED / PROTOTYPE ALERT
ALT-GRID-01528,REGIONAL_GRID_CELL,"Cell COARSE_C02616 (27.193N, 88.582E)",COARSE_C02616,East Sikkim,27.193,88.582,+24h,0.5656,High,HIGH,0.754,0.4183,29.0,2026-09-08T18:05:43Z,ACTIVE,forecast_composite,SIMULATED / PROTOTYPE ALERT
ALT-GRID-01529,REGIONAL_GRID_CELL,"Cell COARSE_C02618 (27.193N, 88.584E)",COARSE_C02618,East Sikkim,27.193,88.584,+24h,0.566,High,HIGH,0.7548,0.4183,29.0,2026-09-08T18:05:43Z,ACTIVE,forecast_composite,SIMULATED / PROTOTYPE ALERT
ALT-GRID-01530,REGIONAL_GRID_CELL,"Cell COARSE_C02620 (27.193N, 88.586E)",COARSE_C02620,East Sikkim,27.193,88.586,+24h,0.5922,High,HIGH,0.7997,0.4183,29.0,2026-09-08T18:05:43Z,ACTIVE,forecast_composite,SIMULATED / PROTOTYPE ALERT
ALT-GRID-01531,REGIONAL_GRID_CELL,"Cell COARSE_C02621 (27.193N, 88.587E)",COARSE_C02621,East Sikkim,27.193,88.587,+24h,0.5981,High,HIGH,0.8098,0.4183,29.0,2026-09-08T18:05:43Z,ACTIVE,forecast_composite,SIMULATED / PROTOTYPE ALERT
ALT-GRID-01532,REGIONAL_GRID_CELL,"Cell COARSE_C02622 (27.193N, 88.588E)",COARSE_C02622,East Sikkim,27.193,88.588,+24h,0.5691,High,HIGH,0.76,0.4183,29.0,2026-09-08T18:05:43Z,ACTIVE,forecast_composite,SIMULATED / PROTOTYPE ALERT
ALT-GRID-01533,REGIONAL_GRID_CELL,"Cell COARSE_C02623 (27.193N, 88.589E)",COARSE_C02623,East Sikkim,27.193,88.589,+24h,0.5808,High,HIGH,0.7801,0.4183,29.0,2026-09-08T18:05:43Z,ACTIVE,forecast_composite,SIMULATED / PROTOTYPE ALERT
ALT-GRID-01534,REGIONAL_GRID_CELL,"Cell COARSE_C02624 (27.193N, 88.590E)",COARSE_C02624,East Sikkim,27.193,88.59,+24h,0.571,High,HIGH,0.7633,0.4183,29.0,2026-09-08T18:05:43Z,ACTIVE,forecast_composite,SIMULATED / PROTOTYPE ALERT
ALT-GRID-01535,REGIONAL_GRID_CELL,"Cell COARSE_C02625 (27.193N, 88.591E)",COARSE_C02625,East Sikkim,27.193,88.591,+24h,0.63,High,HIGH,0.8644,0.4183,29.0,2026-09-08T18:05:43Z,ACTIVE,forecast_composite,SIMULATED / PROTOTYPE ALERT
ALT-GRID-01536,REGIONAL_GRID_CELL,"Cell COARSE_C02626 (27.193N, 88.592E)",COARSE_C02626,East Sikkim,27.193,88.592,+24h,0.5803,High,HIGH,0.7793,0.4183,29.0,2026-09-08T18:05:43Z,ACTIVE,forecast_composite,SIMULATED / PROTOTYPE ALERT
ALT-GRID-01537,REGIONAL_GRID_CELL,"Cell COARSE_C02631 (27.193N, 88.597E)",COARSE_C02631,East Sikkim,27.193,88.597,+24h,0.5802,High,HIGH,0.779,0.4183,29.0,2026-09-08T18:05:43Z,ACTIVE,forecast_composite,SIMULATED / PROTOTYPE ALERT
ALT-GRID-01538,REGIONAL_GRID_CELL,"Cell COARSE_C02634 (27.193N, 88.600E)",COARSE_C02634,East Sikkim,27.193,88.6,+24h,0.5856,High,HIGH,0.7883,0.4183,29.0,2026-09-08T18:05:43Z,ACTIVE,forecast_composite,SIMULATED / PROTOTYPE ALERT
ALT-GRID-01539,REGIONAL_GRID_CELL,"Cell COARSE_C02635 (27.193N, 88.601E)",COARSE_C02635,East Sikkim,27.193,88.601,+24h,0.5924,High,HIGH,0.8,0.4183,29.1,2026-09-08T18:05:43Z,ACTIVE,forecast_composite,SIMULATED / PROTOTYPE ALERT
ALT-GRID-01540,REGIONAL_GRID_CELL,"Cell COARSE_C02636 (27.193N, 88.602E)",COARSE_C02636,East Sikkim,27.193,88.602,+24h,0.5967,High,HIGH,0.8074,0.4183,29.1,2026-09-08T18:05:43Z,ACTIVE,forecast_composite,SIMULATED / PROTOTYPE ALERT
ALT-GRID-01541,REGIONAL_GRID_CELL,"Cell COARSE_C02637 (27.193N, 88.603E)",COARSE_C02637,East Sikkim,27.193,88.603,+24h,0.577,High,HIGH,0.7736,0.4183,29.1,2026-09-08T18:05:43Z,ACTIVE,forecast_composite,SIMULATED / PROTOTYPE ALERT
ALT-GRID-01542,REGIONAL_GRID_CELL,"Cell COARSE_C02638 (27.193N, 88.604E)",COARSE_C02638,East Sikkim,27.193,88.604,+24h,0.5695,High,HIGH,0.7607,0.4183,29.1,2026-09-08T18:05:43Z,ACTIVE,forecast_composite,SIMULATED / PROTOTYPE ALERT
ALT-GRID-01543,REGIONAL_GRID_CELL,"Cell COARSE_C02639 (27.193N, 88.605E)",COARSE_C02639,East Sikkim,27.193,88.605,+24h,0.6387,High,HIGH,0.8793,0.4183,29.1,2026-09-08T18:05:43Z,ACTIVE,forecast_composite,SIMULATED / PROTOTYPE ALERT
ALT-GRID-01544,REGIONAL_GRID_CELL,"Cell COARSE_C02640 (27.193N, 88.606E)",COARSE_C02640,East Sikkim,27.193,88.606,+24h,0.5775,High,HIGH,0.7744,0.4183,29.1,2026-09-08T18:05:43Z,ACTIVE,forecast_composite,SIMULATED / PROTOTYPE ALERT
ALT-GRID-01545,REGIONAL_GRID_CELL,"Cell COARSE_C02643 (27.193N, 88.609E)",COARSE_C02643,East Sikkim,27.193,88.609,+24h,0.5799,High,HIGH,0.7786,0.4183,29.1,2026-09-08T18:05:43Z,ACTIVE,forecast_composite,SIMULATED / PROTOTYPE ALERT
ALT-GRID-01546,REGIONAL_GRID_CELL,"Cell COARSE_C02644 (27.193N, 88.610E)",COARSE_C02644,East Sikkim,27.193,88.61,+24h,0.5513,High,HIGH,0.7296,0.4183,29.1,2026-09-08T18:05:43Z,ACTIVE,forecast_composite,SIMULATED / PROTOTYPE ALERT
ALT-GRID-01547,REGIONAL_GRID_CELL,"Cell COARSE_C02649 (27.193N, 88.615E)",COARSE_C02649,East Sikkim,27.193,88.615,+24h,0.5882,High,HIGH,0.7928,0.4183,29.1,2026-09-08T18:05:43Z,ACTIVE,forecast_composite,SIMULATED / PROTOTYPE ALERT
ALT-GRID-01548,REGIONAL_GRID_CELL,"Cell COARSE_C02650 (27.193N, 88.616E)",COARSE_C02650,East Sikkim,27.193,88.616,+24h,0.5884,High,HIGH,0.7931,0.4183,29.1,2026-09-08T18:05:43Z,ACTIVE,forecast_composite,SIMULATED / PROTOTYPE ALERT
ALT-GRID-01549,REGIONAL_GRID_CELL,"Cell COARSE_C02651 (27.193N, 88.617E)",COARSE_C02651,East Sikkim,27.193,88.617,+24h,0.5573,High,HIGH,0.7398,0.4183,29.1,2026-09-08T18:05:43Z,ACTIVE,forecast_composite,SIMULATED / PROTOTYPE ALERT
ALT-GRID-01550,REGIONAL_GRID_CELL,"Cell COARSE_C02652 (27.193N, 88.618E)",COARSE_C02652,East Sikkim,27.193,88.618,+24h,0.5804,High,HIGH,0.7794,0.4183,29.1,2026-09-08T18:05:43Z,ACTIVE,forecast_composite,SIMULATED / PROTOTYPE ALERT
ALT-GRID-01551,REGIONAL_GRID_CELL,"Cell COARSE_C02656 (27.193N, 88.622E)",COARSE_C02656,East Sikkim,27.193,88.622,+24h,0.6665,High,HIGH,0.9269,0.4183,29.1,2026-09-08T18:05:43Z,ACTIVE,forecast_composite,SIMULATED / PROTOTYPE ALERT
ALT-GRID-01552,REGIONAL_GRID_CELL,"Cell COARSE_C02657 (27.193N, 88.623E)",COARSE_C02657,East Sikkim,27.193,88.623,+24h,0.5584,High,HIGH,0.7417,0.4183,29.1,2026-09-08T18:05:43Z,ACTIVE,forecast_composite,SIMULATED / PROTOTYPE ALERT
ALT-GRID-01553,REGIONAL_GRID_CELL,"Cell COARSE_C02661 (27.193N, 88.627E)",COARSE_C02661,East Sikkim,27.193,88.627,+24h,0.7058,High,HIGH,0.9942,0.4183,29.1,2026-09-08T18:05:43Z,ACTIVE,forecast_composite,SIMULATED / PROTOTYPE ALERT
ALT-GRID-01554,REGIONAL_GRID_CELL,"Cell COARSE_C02684 (27.193N, 88.650E)",COARSE_C02684,East Sikkim,27.193,88.65,+24h,0.5877,High,HIGH,0.7919,0.4183,29.1,2026-09-08T18:05:43Z,ACTIVE,forecast_composite,SIMULATED / PROTOTYPE ALERT
ALT-GRID-01555,REGIONAL_GRID_CELL,"Cell COARSE_C02815 (27.194N, 88.580E)",COARSE_C02815,East Sikkim,27.194,88.58,+24h,0.568,High,HIGH,0.7581,0.4183,29.0,2026-09-08T18:05:43Z,ACTIVE,forecast_composite,SIMULATED / PROTOTYPE ALERT
ALT-GRID-01556,REGIONAL_GRID_CELL,"Cell COARSE_C02816 (27.194N, 88.581E)",COARSE_C02816,East Sikkim,27.194,88.581,+24h,0.577,High,HIGH,0.7736,0.4183,29.0,2026-09-08T18:05:43Z,ACTIVE,forecast_composite,SIMULATED / PROTOTYPE ALERT
ALT-GRID-01557,REGIONAL_GRID_CELL,"Cell COARSE_C02817 (27.194N, 88.582E)",COARSE_C02817,East Sikkim,27.194,88.582,+24h,0.5572,High,HIGH,0.7396,0.4183,29.0,2026-09-08T18:05:43Z,ACTIVE,forecast_composite,SIMULATED / PROTOTYPE ALERT
ALT-GRID-01558,REGIONAL_GRID_CELL,"Cell COARSE_C02819 (27.194N, 88.584E)",COARSE_C02819,East Sikkim,27.194,88.584,+24h,0.5552,High,HIGH,0.7363,0.4183,29.0,2026-09-08T18:05:43Z,ACTIVE,forecast_composite,SIMULATED / PROTOTYPE ALERT
ALT-GRID-01559,REGIONAL_GRID_CELL,"Cell COARSE_C02822 (27.194N, 88.587E)",COARSE_C02822,East Sikkim,27.194,88.587,+24h,0.5567,High,HIGH,0.7389,0.4183,29.0,2026-09-08T18:05:43Z,ACTIVE,forecast_composite,SIMULATED / PROTOTYPE ALERT
ALT-GRID-01560,REGIONAL_GRID_CELL,"Cell COARSE_C02823 (27.194N, 88.588E)",COARSE_C02823,East Sikkim,27.194,88.588,+24h,0.5843,High,HIGH,0.7861,0.4183,29.0,2026-09-08T18:05:43Z,ACTIVE,forecast_composite,SIMULATED / PROTOTYPE ALERT
ALT-GRID-01561,REGIONAL_GRID_CELL,"Cell COARSE_C02824 (27.194N, 88.589E)",COARSE_C02824,East Sikkim,27.194,88.589,+24h,0.59,High,HIGH,0.7959,0.4183,29.0,2026-09-08T18:05:43Z,ACTIVE,forecast_composite,SIMULATED / PROTOTYPE ALERT
ALT-GRID-01562,REGIONAL_GRID_CELL,"Cell COARSE_C02825 (27.194N, 88.590E)",COARSE_C02825,East Sikkim,27.194,88.59,+24h,0.5702,High,HIGH,0.7619,0.4183,29.0,2026-09-08T18:05:43Z,ACTIVE,forecast_composite,SIMULATED / PROTOTYPE ALERT
ALT-GRID-01563,REGIONAL_GRID_CELL,"Cell COARSE_C02826 (27.194N, 88.591E)",COARSE_C02826,East Sikkim,27.194,88.591,+24h,0.5832,High,HIGH,0.7842,0.4183,29.0,2026-09-08T18:05:43Z,ACTIVE,forecast_composite,SIMULATED / PROTOTYPE ALERT
ALT-GRID-01564,REGIONAL_GRID_CELL,"Cell COARSE_C02827 (27.194N, 88.592E)",COARSE_C02827,East Sikkim,27.194,88.592,+24h,0.5577,High,HIGH,0.7405,0.4183,29.0,2026-09-08T18:05:43Z,ACTIVE,forecast_composite,SIMULATED / PROTOTYPE ALERT
ALT-GRID-01565,REGIONAL_GRID_CELL,"Cell COARSE_C02828 (27.194N, 88.593E)",COARSE_C02828,East Sikkim,27.194,88.593,+24h,0.5562,High,HIGH,0.738,0.4183,29.0,2026-09-08T18:05:43Z,ACTIVE,forecast_composite,SIMULATED / PROTOTYPE ALERT
ALT-GRID-01566,REGIONAL_GRID_CELL,"Cell COARSE_C02831 (27.194N, 88.596E)",COARSE_C02831,East Sikkim,27.194,88.596,+24h,0.5612,High,HIGH,0.7466,0.4183,29.0,2026-09-08T18:05:43Z,ACTIVE,forecast_composite,SIMULATED / PROTOTYPE ALERT
ALT-GRID-01567,REGIONAL_GRID_CELL,"Cell COARSE_C02833 (27.194N, 88.598E)",COARSE_C02833,East Sikkim,27.194,88.598,+24h,0.5546,High,HIGH,0.7353,0.4183,29.0,2026-09-08T18:05:43Z,ACTIVE,forecast_composite,SIMULATED / PROTOTYPE ALERT
ALT-GRID-01568,REGIONAL_GRID_CELL,"Cell COARSE_C02835 (27.194N, 88.600E)",COARSE_C02835,East Sikkim,27.194,88.6,+24h,0.5906,High,HIGH,0.7969,0.4183,29.0,2026-09-08T18:05:43Z,ACTIVE,forecast_composite,SIMULATED / PROTOTYPE ALERT
ALT-GRID-01569,REGIONAL_GRID_CELL,"Cell COARSE_C02836 (27.194N, 88.601E)",COARSE_C02836,East Sikkim,27.194,88.601,+24h,0.5776,High,HIGH,0.7746,0.4183,29.1,2026-09-08T18:05:43Z,ACTIVE,forecast_composite,SIMULATED / PROTOTYPE ALERT
ALT-GRID-01570,REGIONAL_GRID_CELL,"Cell COARSE_C02837 (27.194N, 88.602E)",COARSE_C02837,East Sikkim,27.194,88.602,+24h,0.5834,High,HIGH,0.7846,0.4183,29.1,2026-09-08T18:05:43Z,ACTIVE,forecast_composite,SIMULATED / PROTOTYPE ALERT
ALT-GRID-01571,REGIONAL_GRID_CELL,"Cell COARSE_C02839 (27.194N, 88.604E)",COARSE_C02839,East Sikkim,27.194,88.604,+24h,0.5758,High,HIGH,0.7715,0.4183,29.1,2026-09-08T18:05:43Z,ACTIVE,forecast_composite,SIMULATED / PROTOTYPE ALERT
ALT-GRID-01572,REGIONAL_GRID_CELL,"Cell COARSE_C02841 (27.194N, 88.606E)",COARSE_C02841,East Sikkim,27.194,88.606,+24h,0.6012,High,HIGH,0.815,0.4183,29.1,2026-09-08T18:05:43Z,ACTIVE,forecast_composite,SIMULATED / PROTOTYPE ALERT
ALT-GRID-01573,REGIONAL_GRID_CELL,"Cell COARSE_C02843 (27.194N, 88.608E)",COARSE_C02843,East Sikkim,27.194,88.608,+24h,0.6172,High,HIGH,0.8425,0.4183,29.1,2026-09-08T18:05:43Z,ACTIVE,forecast_composite,SIMULATED / PROTOTYPE ALERT
ALT-GRID-01574,REGIONAL_GRID_CELL,"Cell COARSE_C02844 (27.194N, 88.609E)",COARSE_C02844,East Sikkim,27.194,88.609,+24h,0.5753,High,HIGH,0.7706,0.4183,29.1,2026-09-08T18:05:43Z,ACTIVE,forecast_composite,SIMULATED / PROTOTYPE ALERT
ALT-GRID-01575,REGIONAL_GRID_CELL,"Cell COARSE_C02845 (27.194N, 88.610E)",COARSE_C02845,East Sikkim,27.194,88.61,+24h,0.6976,High,HIGH,0.9803,0.4183,29.1,2026-09-08T18:05:43Z,ACTIVE,forecast_composite,SIMULATED / PROTOTYPE ALERT
ALT-GRID-01576,REGIONAL_GRID_CELL,"Cell COARSE_C02846 (27.194N, 88.611E)",COARSE_C02846,East Sikkim,27.194,88.611,+24h,0.696,High,HIGH,0.9775,0.4183,29.1,2026-09-08T18:05:43Z,ACTIVE,forecast_composite,SIMULATED / PROTOTYPE ALERT
ALT-GRID-01577,REGIONAL_GRID_CELL,"Cell COARSE_C02847 (27.194N, 88.612E)",COARSE_C02847,East Sikkim,27.194,88.612,+24h,0.6956,High,HIGH,0.9768,0.4183,29.1,2026-09-08T18:05:43Z,ACTIVE,forecast_composite,SIMULATED / PROTOTYPE ALERT
ALT-GRID-01578,REGIONAL_GRID_CELL,"Cell COARSE_C02849 (27.194N, 88.614E)",COARSE_C02849,East Sikkim,27.194,88.614,+24h,0.5561,High,HIGH,0.7378,0.4183,29.1,2026-09-08T18:05:43Z,ACTIVE,forecast_composite,SIMULATED / PROTOTYPE ALERT
ALT-GRID-01579,REGIONAL_GRID_CELL,"Cell COARSE_C02850 (27.194N, 88.615E)",COARSE_C02850,East Sikkim,27.194,88.615,+24h,0.5777,High,HIGH,0.7748,0.4183,29.1,2026-09-08T18:05:43Z,ACTIVE,forecast_composite,SIMULATED / PROTOTYPE ALERT
ALT-GRID-01580,REGIONAL_GRID_CELL,"Cell COARSE_C02851 (27.194N, 88.616E)",COARSE_C02851,East Sikkim,27.194,88.616,+24h,0.5937,High,HIGH,0.8022,0.4183,29.1,2026-09-08T18:05:43Z,ACTIVE,forecast_composite,SIMULATED / PROTOTYPE ALERT
ALT-GRID-01581,REGIONAL_GRID_CELL,"Cell COARSE_C02852 (27.194N, 88.617E)",COARSE_C02852,East Sikkim,27.194,88.617,+24h,0.5544,High,HIGH,0.7349,0.4183,29.1,2026-09-08T18:05:43Z,ACTIVE,forecast_composite,SIMULATED / PROTOTYPE ALERT
ALT-GRID-01582,REGIONAL_GRID_CELL,"Cell COARSE_C02853 (27.194N, 88.618E)",COARSE_C02853,East Sikkim,27.194,88.618,+24h,0.5538,High,HIGH,0.7338,0.4183,29.1,2026-09-08T18:05:43Z,ACTIVE,forecast_composite,SIMULATED / PROTOTYPE ALERT
ALT-GRID-01583,REGIONAL_GRID_CELL,"Cell COARSE_C02858 (27.194N, 88.623E)",COARSE_C02858,East Sikkim,27.194,88.623,+24h,0.7066,High,HIGH,0.9956,0.4183,29.1,2026-09-08T18:05:43Z,ACTIVE,forecast_composite,SIMULATED / PROTOTYPE ALERT
ALT-GRID-01584,REGIONAL_GRID_CELL,"Cell COARSE_C02860 (27.194N, 88.625E)",COARSE_C02860,East Sikkim,27.194,88.625,+24h,0.6702,High,HIGH,0.9332,0.4183,29.1,2026-09-08T18:05:43Z,ACTIVE,forecast_composite,SIMULATED / PROTOTYPE ALERT
ALT-GRID-01585,REGIONAL_GRID_CELL,"Cell COARSE_C02870 (27.194N, 88.635E)",COARSE_C02870,East Sikkim,27.194,88.635,+24h,0.6809,High,HIGH,0.9516,0.4183,29.1,2026-09-08T18:05:43Z,ACTIVE,forecast_composite,SIMULATED / PROTOTYPE ALERT
ALT-GRID-01586,REGIONAL_GRID_CELL,"Cell COARSE_C02885 (27.194N, 88.650E)",COARSE_C02885,East Sikkim,27.194,88.65,+24h,0.5696,High,HIGH,0.7609,0.4183,29.1,2026-09-08T18:05:43Z,ACTIVE,forecast_composite,SIMULATED / PROTOTYPE ALERT
ALT-GRID-01587,REGIONAL_GRID_CELL,"Cell COARSE_C02924 (27.194N, 88.689E)",COARSE_C02924,East Sikkim,27.194,88.689,+24h,0.5564,High,HIGH,0.997,0.116,0.0,2026-09-08T18:05:43Z,ACTIVE,forecast_composite,SIMULATED / PROTOTYPE ALERT
ALT-GRID-01588,REGIONAL_GRID_CELL,"Cell COARSE_C03019 (27.195N, 88.583E)",COARSE_C03019,East Sikkim,27.195,88.583,+24h,0.5674,High,HIGH,0.7571,0.4183,29.0,2026-09-08T18:05:43Z,ACTIVE,forecast_composite,SIMULATED / PROTOTYPE ALERT
ALT-GRID-01589,REGIONAL_GRID_CELL,"Cell COARSE_C03024 (27.195N, 88.588E)",COARSE_C03024,East Sikkim,27.195,88.588,+24h,0.5615,High,HIGH,0.747,0.4183,29.0,2026-09-08T18:05:43Z,ACTIVE,forecast_composite,SIMULATED / PROTOTYPE ALERT
ALT-GRID-01590,REGIONAL_GRID_CELL,"Cell COARSE_C03026 (27.195N, 88.590E)",COARSE_C03026,East Sikkim,27.195,88.59,+24h,0.5649,High,HIGH,0.7528,0.4183,29.0,2026-09-08T18:05:43Z,ACTIVE,forecast_composite,SIMULATED / PROTOTYPE ALERT
ALT-GRID-01591,REGIONAL_GRID_CELL,"Cell COARSE_C03030 (27.195N, 88.594E)",COARSE_C03030,East Sikkim,27.195,88.594,+24h,0.5588,High,HIGH,0.7424,0.4183,29.0,2026-09-08T18:05:43Z,ACTIVE,forecast_composite,SIMULATED / PROTOTYPE ALERT
ALT-GRID-01592,REGIONAL_GRID_CELL,"Cell COARSE_C03034 (27.195N, 88.598E)",COARSE_C03034,East Sikkim,27.195,88.598,+24h,0.5502,High,HIGH,0.7277,0.4183,29.0,2026-09-08T18:05:43Z,ACTIVE,forecast_composite,SIMULATED / PROTOTYPE ALERT
ALT-GRID-01593,REGIONAL_GRID_CELL,"Cell COARSE_C03036 (27.195N, 88.600E)",COARSE_C03036,East Sikkim,27.195,88.6,+24h,0.5688,High,HIGH,0.7596,0.4183,29.0,2026-09-08T18:05:43Z,ACTIVE,forecast_composite,SIMULATED / PROTOTYPE ALERT
ALT-GRID-01594,REGIONAL_GRID_CELL,"Cell COARSE_C03038 (27.195N, 88.602E)",COARSE_C03038,East Sikkim,27.195,88.602,+24h,0.5544,High,HIGH,0.7348,0.4183,29.1,2026-09-08T18:05:43Z,ACTIVE,forecast_composite,SIMULATED / PROTOTYPE ALERT
ALT-GRID-01595,REGIONAL_GRID_CELL,"Cell COARSE_C03041 (27.195N, 88.605E)",COARSE_C03041,East Sikkim,27.195,88.605,+24h,0.5596,High,HIGH,0.7437,0.4183,29.1,2026-09-08T18:05:43Z,ACTIVE,forecast_composite,SIMULATED / PROTOTYPE ALERT
ALT-GRID-01596,REGIONAL_GRID_CELL,"Cell COARSE_C03045 (27.195N, 88.609E)",COARSE_C03045,East Sikkim,27.195,88.609,+24h,0.6179,High,HIGH,0.8436,0.4183,29.1,2026-09-08T18:05:43Z,ACTIVE,forecast_composite,SIMULATED / PROTOTYPE ALERT
ALT-GRID-01597,REGIONAL_GRID_CELL,"Cell COARSE_C03049 (27.195N, 88.613E)",COARSE_C03049,East Sikkim,27.195,88.613,+24h,0.6669,High,HIGH,0.9277,0.4183,29.1,2026-09-08T18:05:43Z,ACTIVE,forecast_composite,SIMULATED / PROTOTYPE ALERT
ALT-GRID-01598,REGIONAL_GRID_CELL,"Cell COARSE_C03050 (27.195N, 88.614E)",COARSE_C03050,East Sikkim,27.195,88.614,+24h,0.6619,High,HIGH,0.9191,0.4183,29.1,2026-09-08T18:05:43Z,ACTIVE,forecast_composite,SIMULATED / PROTOTYPE ALERT
ALT-GRID-01599,REGIONAL_GRID_CELL,"Cell COARSE_C03051 (27.195N, 88.615E)",COARSE_C03051,East Sikkim,27.195,88.615,+24h,0.6511,High,HIGH,0.9005,0.4183,29.1,2026-09-08T18:05:43Z,ACTIVE,forecast_composite,SIMULATED / PROTOTYPE ALERT
ALT-GRID-01600,REGIONAL_GRID_CELL,"Cell COARSE_C03056 (27.195N, 88.620E)",COARSE_C03056,East Sikkim,27.195,88.62,+24h,0.7057,High,HIGH,0.9941,0.4183,29.1,2026-09-08T18:05:43Z,ACTIVE,forecast_composite,SIMULATED / PROTOTYPE ALERT
ALT-GRID-01601,REGIONAL_GRID_CELL,"Cell COARSE_C03057 (27.195N, 88.621E)",COARSE_C03057,East Sikkim,27.195,88.621,+24h,0.7046,High,HIGH,0.9922,0.4183,29.1,2026-09-08T18:05:43Z,ACTIVE,forecast_composite,SIMULATED / PROTOTYPE ALERT
ALT-GRID-01602,REGIONAL_GRID_CELL,"Cell COARSE_C03058 (27.195N, 88.622E)",COARSE_C03058,East Sikkim,27.195,88.622,+24h,0.7052,High,HIGH,0.9932,0.4183,29.1,2026-09-08T18:05:43Z,ACTIVE,forecast_composite,SIMULATED / PROTOTYPE ALERT
ALT-GRID-01603,REGIONAL_GRID_CELL,"Cell COARSE_C03061 (27.195N, 88.625E)",COARSE_C03061,East Sikkim,27.195,88.625,+24h,0.7075,High,HIGH,0.9972,0.4183,29.1,2026-09-08T18:05:43Z,ACTIVE,forecast_composite,SIMULATED / PROTOTYPE ALERT
ALT-GRID-01604,REGIONAL_GRID_CELL,"Cell COARSE_C03064 (27.195N, 88.628E)",COARSE_C03064,East Sikkim,27.195,88.628,+24h,0.5579,High,HIGH,0.7408,0.4183,29.1,2026-09-08T18:05:43Z,ACTIVE,forecast_composite,SIMULATED / PROTOTYPE ALERT
ALT-GRID-01605,REGIONAL_GRID_CELL,"Cell COARSE_C03071 (27.195N, 88.635E)",COARSE_C03071,East Sikkim,27.195,88.635,+24h,0.5653,High,HIGH,0.7535,0.4183,29.1,2026-09-08T18:05:43Z,ACTIVE,forecast_composite,SIMULATED / PROTOTYPE ALERT
ALT-GRID-01606,REGIONAL_GRID_CELL,"Cell COARSE_C03073 (27.195N, 88.637E)",COARSE_C03073,East Sikkim,27.195,88.637,+24h,0.5542,High,HIGH,0.7346,0.4183,29.1,2026-09-08T18:05:43Z,ACTIVE,forecast_composite,SIMULATED / PROTOTYPE ALERT
ALT-GRID-01607,REGIONAL_GRID_CELL,"Cell COARSE_C03077 (27.195N, 88.641E)",COARSE_C03077,East Sikkim,27.195,88.641,+24h,0.5554,High,HIGH,0.7366,0.4183,29.1,2026-09-08T18:05:43Z,ACTIVE,forecast_composite,SIMULATED / PROTOTYPE ALERT
ALT-GRID-01608,REGIONAL_GRID_CELL,"Cell COARSE_C03078 (27.195N, 88.642E)",COARSE_C03078,East Sikkim,27.195,88.642,+24h,0.5645,High,HIGH,0.7522,0.4183,29.1,2026-09-08T18:05:43Z,ACTIVE,forecast_composite,SIMULATED / PROTOTYPE ALERT
ALT-GRID-01609,REGIONAL_GRID_CELL,"Cell COARSE_C03079 (27.195N, 88.643E)",COARSE_C03079,East Sikkim,27.195,88.643,+24h,0.55,High,HIGH,0.7274,0.4183,29.1,2026-09-08T18:05:43Z,ACTIVE,forecast_composite,SIMULATED / PROTOTYPE ALERT
ALT-GRID-01610,REGIONAL_GRID_CELL,"Cell COARSE_C03108 (27.195N, 88.672E)",COARSE_C03108,East Sikkim,27.195,88.672,+24h,0.5554,High,HIGH,0.995,0.116,0.0,2026-09-08T18:05:43Z,ACTIVE,forecast_composite,SIMULATED / PROTOTYPE ALERT
ALT-GRID-01611,REGIONAL_GRID_CELL,"Cell COARSE_C03217 (27.196N, 88.580E)",COARSE_C03217,East Sikkim,27.196,88.58,+24h,0.5893,High,HIGH,0.7946,0.4183,29.0,2026-09-08T18:05:43Z,ACTIVE,forecast_composite,SIMULATED / PROTOTYPE ALERT
ALT-GRID-01612,REGIONAL_GRID_CELL,"Cell COARSE_C03223 (27.196N, 88.586E)",COARSE_C03223,East Sikkim,27.196,88.586,+24h,0.551,High,HIGH,0.7291,0.4183,29.0,2026-09-08T18:05:43Z,ACTIVE,forecast_composite,SIMULATED / PROTOTYPE ALERT
ALT-GRID-01613,REGIONAL_GRID_CELL,"Cell COARSE_C03229 (27.196N, 88.592E)",COARSE_C03229,East Sikkim,27.196,88.592,+24h,0.5599,High,HIGH,0.7443,0.4183,29.0,2026-09-08T18:05:43Z,ACTIVE,forecast_composite,SIMULATED / PROTOTYPE ALERT
ALT-GRID-01614,REGIONAL_GRID_CELL,"Cell COARSE_C03230 (27.196N, 88.593E)",COARSE_C03230,East Sikkim,27.196,88.593,+24h,0.5748,High,HIGH,0.7699,0.4183,29.0,2026-09-08T18:05:43Z,ACTIVE,forecast_composite,SIMULATED / PROTOTYPE ALERT
ALT-GRID-01615,REGIONAL_GRID_CELL,"Cell COARSE_C03237 (27.196N, 88.600E)",COARSE_C03237,East Sikkim,27.196,88.6,+24h,0.5521,High,HIGH,0.7309,0.4183,29.0,2026-09-08T18:05:43Z,ACTIVE,forecast_composite,SIMULATED / PROTOTYPE ALERT
ALT-GRID-01616,REGIONAL_GRID_CELL,"Cell COARSE_C03239 (27.196N, 88.602E)",COARSE_C03239,East Sikkim,27.196,88.602,+24h,0.5537,High,HIGH,0.7337,0.4183,29.1,2026-09-08T18:05:43Z,ACTIVE,forecast_composite,SIMULATED / PROTOTYPE ALERT
ALT-GRID-01617,REGIONAL_GRID_CELL,"Cell COARSE_C03243 (27.196N, 88.606E)",COARSE_C03243,East Sikkim,27.196,88.606,+24h,0.5716,High,HIGH,0.7644,0.4183,29.1,2026-09-08T18:05:43Z,ACTIVE,forecast_composite,SIMULATED / PROTOTYPE ALERT
ALT-GRID-01618,REGIONAL_GRID_CELL,"Cell COARSE_C03246 (27.196N, 88.609E)",COARSE_C03246,East Sikkim,27.196,88.609,+24h,0.5671,High,HIGH,0.7566,0.4183,29.1,2026-09-08T18:05:43Z,ACTIVE,forecast_composite,SIMULATED / PROTOTYPE ALERT
ALT-GRID-01619,REGIONAL_GRID_CELL,"Cell COARSE_C03248 (27.196N, 88.611E)",COARSE_C03248,East Sikkim,27.196,88.611,+24h,0.7058,High,HIGH,0.9943,0.4183,29.1,2026-09-08T18:05:43Z,ACTIVE,forecast_composite,SIMULATED / PROTOTYPE ALERT
ALT-GRID-01620,REGIONAL_GRID_CELL,"Cell COARSE_C03250 (27.196N, 88.613E)",COARSE_C03250,East Sikkim,27.196,88.613,+24h,0.6844,High,HIGH,0.9576,0.4183,29.1,2026-09-08T18:05:43Z,ACTIVE,forecast_composite,SIMULATED / PROTOTYPE ALERT
ALT-GRID-01621,REGIONAL_GRID_CELL,"Cell COARSE_C03251 (27.196N, 88.614E)",COARSE_C03251,East Sikkim,27.196,88.614,+24h,0.686,High,HIGH,0.9604,0.4183,29.1,2026-09-08T18:05:43Z,ACTIVE,forecast_composite,SIMULATED / PROTOTYPE ALERT
ALT-GRID-01622,REGIONAL_GRID_CELL,"Cell COARSE_C03252 (27.196N, 88.615E)",COARSE_C03252,East Sikkim,27.196,88.615,+24h,0.7058,High,HIGH,0.9943,0.4183,29.1,2026-09-08T18:05:43Z,ACTIVE,forecast_composite,SIMULATED / PROTOTYPE ALERT
ALT-GRID-01623,REGIONAL_GRID_CELL,"Cell COARSE_C03253 (27.196N, 88.616E)",COARSE_C03253,East Sikkim,27.196,88.616,+24h,0.6604,High,HIGH,0.9165,0.4183,29.1,2026-09-08T18:05:43Z,ACTIVE,forecast_composite,SIMULATED / PROTOTYPE ALERT
ALT-GRID-01624,REGIONAL_GRID_CELL,"Cell COARSE_C03254 (27.196N, 88.617E)",COARSE_C03254,East Sikkim,27.196,88.617,+24h,0.6561,High,HIGH,0.9091,0.4183,29.1,2026-09-08T18:05:43Z,ACTIVE,forecast_composite,SIMULATED / PROTOTYPE ALERT
ALT-GRID-01625,REGIONAL_GRID_CELL,"Cell COARSE_C03255 (27.196N, 88.618E)",COARSE_C03255,East Sikkim,27.196,88.618,+24h,0.6819,High,HIGH,0.9534,0.4183,29.1,2026-09-08T18:05:43Z,ACTIVE,forecast_composite,SIMULATED / PROTOTYPE ALERT
ALT-GRID-01626,REGIONAL_GRID_CELL,"Cell COARSE_C03262 (27.196N, 88.625E)",COARSE_C03262,East Sikkim,27.196,88.625,+24h,0.5868,High,HIGH,0.7904,0.4183,29.1,2026-09-08T18:05:43Z,ACTIVE,forecast_composite,SIMULATED / PROTOTYPE ALERT
ALT-GRID-01627,REGIONAL_GRID_CELL,"Cell COARSE_C03263 (27.196N, 88.626E)",COARSE_C03263,East Sikkim,27.196,88.626,+24h,0.6173,High,HIGH,0.8426,0.4183,29.1,2026-09-08T18:05:43Z,ACTIVE,forecast_composite,SIMULATED / PROTOTYPE ALERT
ALT-GRID-01628,REGIONAL_GRID_CELL,"Cell COARSE_C03264 (27.196N, 88.627E)",COARSE_C03264,East Sikkim,27.196,88.627,+24h,0.6102,High,HIGH,0.8305,0.4183,29.1,2026-09-08T18:05:43Z,ACTIVE,forecast_composite,SIMULATED / PROTOTYPE ALERT
ALT-GRID-01629,REGIONAL_GRID_CELL,"Cell COARSE_C03265 (27.196N, 88.628E)",COARSE_C03265,East Sikkim,27.196,88.628,+24h,0.5527,High,HIGH,0.7319,0.4183,29.1,2026-09-08T18:05:43Z,ACTIVE,forecast_composite,SIMULATED / PROTOTYPE ALERT
ALT-GRID-01630,REGIONAL_GRID_CELL,"Cell COARSE_C03266 (27.196N, 88.629E)",COARSE_C03266,East Sikkim,27.196,88.629,+24h,0.5654,High,HIGH,0.7538,0.4183,29.1,2026-09-08T18:05:43Z,ACTIVE,forecast_composite,SIMULATED / PROTOTYPE ALERT
ALT-GRID-01631,REGIONAL_GRID_CELL,"Cell COARSE_C03267 (27.196N, 88.630E)",COARSE_C03267,East Sikkim,27.196,88.63,+24h,0.5611,High,HIGH,0.7464,0.4183,29.1,2026-09-08T18:05:43Z,ACTIVE,forecast_composite,SIMULATED / PROTOTYPE ALERT
ALT-GRID-01632,REGIONAL_GRID_CELL,"Cell COARSE_C03268 (27.196N, 88.631E)",COARSE_C03268,East Sikkim,27.196,88.631,+24h,0.7071,High,HIGH,0.9965,0.4183,29.1,2026-09-08T18:05:43Z,ACTIVE,forecast_composite,SIMULATED / PROTOTYPE ALERT
ALT-GRID-01633,REGIONAL_GRID_CELL,"Cell COARSE_C03269 (27.196N, 88.632E)",COARSE_C03269,East Sikkim,27.196,88.632,+24h,0.6696,High,HIGH,0.9322,0.4183,29.1,2026-09-08T18:05:43Z,ACTIVE,forecast_composite,SIMULATED / PROTOTYPE ALERT
ALT-GRID-01634,REGIONAL_GRID_CELL,"Cell COARSE_C03270 (27.196N, 88.633E)",COARSE_C03270,East Sikkim,27.196,88.633,+24h,0.6904,High,HIGH,0.9679,0.4183,29.1,2026-09-08T18:05:43Z,ACTIVE,forecast_composite,SIMULATED / PROTOTYPE ALERT
ALT-GRID-01635,REGIONAL_GRID_CELL,"Cell COARSE_C03418 (27.197N, 88.580E)",COARSE_C03418,East Sikkim,27.197,88.58,+24h,0.6259,High,HIGH,0.8574,0.4183,29.0,2026-09-08T18:05:43Z,ACTIVE,forecast_composite,SIMULATED / PROTOTYPE ALERT
ALT-GRID-01636,REGIONAL_GRID_CELL,"Cell COARSE_C03419 (27.197N, 88.581E)",COARSE_C03419,East Sikkim,27.197,88.581,+24h,0.6051,High,HIGH,0.8217,0.4183,29.0,2026-09-08T18:05:43Z,ACTIVE,forecast_composite,SIMULATED / PROTOTYPE ALERT
ALT-GRID-01637,REGIONAL_GRID_CELL,"Cell COARSE_C03422 (27.197N, 88.584E)",COARSE_C03422,East Sikkim,27.197,88.584,+24h,0.6794,High,HIGH,0.949,0.4183,29.0,2026-09-08T18:05:43Z,ACTIVE,forecast_composite,SIMULATED / PROTOTYPE ALERT
ALT-GRID-01638,REGIONAL_GRID_CELL,"Cell COARSE_C03447 (27.197N, 88.609E)",COARSE_C03447,East Sikkim,27.197,88.609,+24h,0.5797,High,HIGH,0.7782,0.4183,29.1,2026-09-08T18:05:43Z,ACTIVE,forecast_composite,SIMULATED / PROTOTYPE ALERT
ALT-GRID-01639,REGIONAL_GRID_CELL,"Cell COARSE_C03448 (27.197N, 88.610E)",COARSE_C03448,East Sikkim,27.197,88.61,+24h,0.5604,High,HIGH,0.7452,0.4183,29.1,2026-09-08T18:05:43Z,ACTIVE,forecast_composite,SIMULATED / PROTOTYPE ALERT
ALT-GRID-01640,REGIONAL_GRID_CELL,"Cell COARSE_C03449 (27.197N, 88.611E)",COARSE_C03449,East Sikkim,27.197,88.611,+24h,0.7068,High,HIGH,0.996,0.4183,29.1,2026-09-08T18:05:43Z,ACTIVE,forecast_composite,SIMULATED / PROTOTYPE ALERT
ALT-GRID-01641,REGIONAL_GRID_CELL,"Cell COARSE_C03450 (27.197N, 88.612E)",COARSE_C03450,East Sikkim,27.197,88.612,+24h,0.7058,High,HIGH,0.9943,0.4183,29.1,2026-09-08T18:05:43Z,ACTIVE,forecast_composite,SIMULATED / PROTOTYPE ALERT
ALT-GRID-01642,REGIONAL_GRID_CELL,"Cell COARSE_C03455 (27.197N, 88.617E)",COARSE_C03455,East Sikkim,27.197,88.617,+24h,0.6566,High,HIGH,0.9099,0.4183,29.1,2026-09-08T18:05:43Z,ACTIVE,forecast_composite,SIMULATED / PROTOTYPE ALERT
ALT-GRID-01643,REGIONAL_GRID_CELL,"Cell COARSE_C03456 (27.197N, 88.618E)",COARSE_C03456,East Sikkim,27.197,88.618,+24h,0.6559,High,HIGH,0.9087,0.4183,29.1,2026-09-08T18:05:43Z,ACTIVE,forecast_composite,SIMULATED / PROTOTYPE ALERT
ALT-GRID-01644,REGIONAL_GRID_CELL,"Cell COARSE_C03457 (27.197N, 88.619E)",COARSE_C03457,East Sikkim,27.197,88.619,+24h,0.6545,High,HIGH,0.9064,0.4183,29.1,2026-09-08T18:05:43Z,ACTIVE,forecast_composite,SIMULATED / PROTOTYPE ALERT
ALT-GRID-01645,REGIONAL_GRID_CELL,"Cell COARSE_C03458 (27.197N, 88.620E)",COARSE_C03458,East Sikkim,27.197,88.62,+24h,0.6633,High,HIGH,0.9215,0.4183,29.1,2026-09-08T18:05:43Z,ACTIVE,forecast_composite,SIMULATED / PROTOTYPE ALERT
ALT-GRID-01646,REGIONAL_GRID_CELL,"Cell COARSE_C03461 (27.197N, 88.623E)",COARSE_C03461,East Sikkim,27.197,88.623,+24h,0.6536,High,HIGH,0.9048,0.4183,29.1,2026-09-08T18:05:43Z,ACTIVE,forecast_composite,SIMULATED / PROTOTYPE ALERT
ALT-GRID-01647,REGIONAL_GRID_CELL,"Cell COARSE_C03462 (27.197N, 88.624E)",COARSE_C03462,East Sikkim,27.197,88.624,+24h,0.6828,High,HIGH,0.9549,0.4183,29.1,2026-09-08T18:05:43Z,ACTIVE,forecast_composite,SIMULATED / PROTOTYPE ALERT
ALT-GRID-01648,REGIONAL_GRID_CELL,"Cell COARSE_C03464 (27.197N, 88.626E)",COARSE_C03464,East Sikkim,27.197,88.626,+24h,0.6518,High,HIGH,0.9017,0.4183,29.1,2026-09-08T18:05:43Z,ACTIVE,forecast_composite,SIMULATED / PROTOTYPE ALERT
ALT-GRID-01649,REGIONAL_GRID_CELL,"Cell COARSE_C03465 (27.197N, 88.627E)",COARSE_C03465,East Sikkim,27.197,88.627,+24h,0.6575,High,HIGH,0.9115,0.4183,29.1,2026-09-08T18:05:43Z,ACTIVE,forecast_composite,SIMULATED / PROTOTYPE ALERT
ALT-GRID-01650,REGIONAL_GRID_CELL,"Cell COARSE_C03469 (27.197N, 88.631E)",COARSE_C03469,East Sikkim,27.197,88.631,+24h,0.6818,High,HIGH,0.9532,0.4183,29.1,2026-09-08T18:05:43Z,ACTIVE,forecast_composite,SIMULATED / PROTOTYPE ALERT
ALT-GRID-01651,REGIONAL_GRID_CELL,"Cell COARSE_C03470 (27.197N, 88.632E)",COARSE_C03470,East Sikkim,27.197,88.632,+24h,0.6509,High,HIGH,0.9002,0.4183,29.1,2026-09-08T18:05:43Z,ACTIVE,forecast_composite,SIMULATED / PROTOTYPE ALERT
ALT-GRID-01652,REGIONAL_GRID_CELL,"Cell COARSE_C03471 (27.197N, 88.633E)",COARSE_C03471,East Sikkim,27.197,88.633,+24h,0.6826,High,HIGH,0.9545,0.4183,29.1,2026-09-08T18:05:43Z,ACTIVE,forecast_composite,SIMULATED / PROTOTYPE ALERT
ALT-GRID-01653,REGIONAL_GRID_CELL,"Cell COARSE_C03487 (27.197N, 88.649E)",COARSE_C03487,East Sikkim,27.197,88.649,+24h,0.5664,High,HIGH,0.7554,0.4183,29.1,2026-09-08T18:05:43Z,ACTIVE,forecast_composite,SIMULATED / PROTOTYPE ALERT
ALT-GRID-01654,REGIONAL_GRID_CELL,"Cell COARSE_C03619 (27.198N, 88.580E)",COARSE_C03619,East Sikkim,27.198,88.58,+24h,0.6162,High,HIGH,0.8408,0.4183,29.0,2026-09-08T18:05:43Z,ACTIVE,forecast_composite,SIMULATED / PROTOTYPE ALERT
ALT-GRID-01655,REGIONAL_GRID_CELL,"Cell COARSE_C03620 (27.198N, 88.581E)",COARSE_C03620,East Sikkim,27.198,88.581,+24h,0.5518,High,HIGH,0.7305,0.4183,29.0,2026-09-08T18:05:43Z,ACTIVE,forecast_composite,SIMULATED / PROTOTYPE ALERT
ALT-GRID-01656,REGIONAL_GRID_CELL,"Cell COARSE_C03621 (27.198N, 88.582E)",COARSE_C03621,East Sikkim,27.198,88.582,+24h,0.554,High,HIGH,0.7342,0.4183,29.0,2026-09-08T18:05:43Z,ACTIVE,forecast_composite,SIMULATED / PROTOTYPE ALERT
ALT-GRID-01657,REGIONAL_GRID_CELL,"Cell COARSE_C03623 (27.198N, 88.584E)",COARSE_C03623,East Sikkim,27.198,88.584,+24h,0.5544,High,HIGH,0.7348,0.4183,29.0,2026-09-08T18:05:43Z,ACTIVE,forecast_composite,SIMULATED / PROTOTYPE ALERT
ALT-GRID-01658,REGIONAL_GRID_CELL,"Cell COARSE_C03634 (27.198N, 88.595E)",COARSE_C03634,East Sikkim,27.198,88.595,+24h,0.5591,High,HIGH,0.743,0.4183,29.0,2026-09-08T18:05:43Z,ACTIVE,forecast_composite,SIMULATED / PROTOTYPE ALERT
ALT-GRID-01659,REGIONAL_GRID_CELL,"Cell COARSE_C03646 (27.198N, 88.607E)",COARSE_C03646,East Sikkim,27.198,88.607,+24h,0.5512,High,HIGH,0.7294,0.4183,29.1,2026-09-08T18:05:43Z,ACTIVE,forecast_composite,SIMULATED / PROTOTYPE ALERT
ALT-GRID-01660,REGIONAL_GRID_CELL,"Cell COARSE_C03649 (27.198N, 88.610E)",COARSE_C03649,East Sikkim,27.198,88.61,+24h,0.7071,High,HIGH,0.9965,0.4183,29.1,2026-09-08T18:05:43Z,ACTIVE,forecast_composite,SIMULATED / PROTOTYPE ALERT
ALT-GRID-01661,REGIONAL_GRID_CELL,"Cell COARSE_C03651 (27.198N, 88.612E)",COARSE_C03651,East Sikkim,27.198,88.612,+24h,0.5543,High,HIGH,0.7347,0.4183,29.1,2026-09-08T18:05:43Z,ACTIVE,forecast_composite,SIMULATED / PROTOTYPE ALERT
ALT-GRID-01662,REGIONAL_GRID_CELL,"Cell COARSE_C03652 (27.198N, 88.613E)",COARSE_C03652,East Sikkim,27.198,88.613,+24h,0.581,High,HIGH,0.7804,0.4183,29.1,2026-09-08T18:05:43Z,ACTIVE,forecast_composite,SIMULATED / PROTOTYPE ALERT
ALT-GRID-01663,REGIONAL_GRID_CELL,"Cell COARSE_C03657 (27.198N, 88.618E)",COARSE_C03657,East Sikkim,27.198,88.618,+24h,0.5506,High,HIGH,0.7284,0.4183,29.1,2026-09-08T18:05:43Z,ACTIVE,forecast_composite,SIMULATED / PROTOTYPE ALERT
ALT-GRID-01664,REGIONAL_GRID_CELL,"Cell COARSE_C03659 (27.198N, 88.620E)",COARSE_C03659,East Sikkim,27.198,88.62,+24h,0.5506,High,HIGH,0.7283,0.4183,29.1,2026-09-08T18:05:43Z,ACTIVE,forecast_composite,SIMULATED / PROTOTYPE ALERT
ALT-GRID-01665,REGIONAL_GRID_CELL,"Cell COARSE_C03660 (27.198N, 88.621E)",COARSE_C03660,East Sikkim,27.198,88.621,+24h,0.55,Moderate,HIGH,0.7273,0.4183,29.1,2026-09-08T18:05:43Z,ACTIVE,forecast_composite,SIMULATED / PROTOTYPE ALERT
ALT-GRID-01666,REGIONAL_GRID_CELL,"Cell COARSE_C03661 (27.198N, 88.622E)",COARSE_C03661,East Sikkim,27.198,88.622,+24h,0.5568,High,HIGH,0.739,0.4183,29.1,2026-09-08T18:05:43Z,ACTIVE,forecast_composite,SIMULATED / PROTOTYPE ALERT
ALT-GRID-01667,REGIONAL_GRID_CELL,"Cell COARSE_C03662 (27.198N, 88.623E)",COARSE_C03662,East Sikkim,27.198,88.623,+24h,0.5528,High,HIGH,0.7322,0.4183,29.1,2026-09-08T18:05:43Z,ACTIVE,forecast_composite,SIMULATED / PROTOTYPE ALERT
ALT-GRID-01668,REGIONAL_GRID_CELL,"Cell COARSE_C03668 (27.198N, 88.629E)",COARSE_C03668,East Sikkim,27.198,88.629,+24h,0.6456,High,HIGH,0.8911,0.4183,29.1,2026-09-08T18:05:43Z,ACTIVE,forecast_composite,SIMULATED / PROTOTYPE ALERT
ALT-GRID-01669,REGIONAL_GRID_CELL,"Cell COARSE_C03669 (27.198N, 88.630E)",COARSE_C03669,East Sikkim,27.198,88.63,+24h,0.6637,High,HIGH,0.9222,0.4183,29.1,2026-09-08T18:05:43Z,ACTIVE,forecast_composite,SIMULATED / PROTOTYPE ALERT
ALT-GRID-01670,REGIONAL_GRID_CELL,"Cell COARSE_C03672 (27.198N, 88.633E)",COARSE_C03672,East Sikkim,27.198,88.633,+24h,0.5552,High,HIGH,0.7362,0.4183,29.1,2026-09-08T18:05:43Z,ACTIVE,forecast_composite,SIMULATED / PROTOTYPE ALERT
ALT-GRID-01671,REGIONAL_GRID_CELL,"Cell COARSE_C03673 (27.198N, 88.634E)",COARSE_C03673,East Sikkim,27.198,88.634,+24h,0.6779,High,HIGH,0.9465,0.4183,29.1,2026-09-08T18:05:43Z,ACTIVE,forecast_composite,SIMULATED / PROTOTYPE ALERT
ALT-GRID-01672,REGIONAL_GRID_CELL,"Cell COARSE_C03674 (27.198N, 88.635E)",COARSE_C03674,East Sikkim,27.198,88.635,+24h,0.6486,High,HIGH,0.8963,0.4183,29.1,2026-09-08T18:05:43Z,ACTIVE,forecast_composite,SIMULATED / PROTOTYPE ALERT
ALT-GRID-01673,REGIONAL_GRID_CELL,"Cell COARSE_C03681 (27.198N, 88.642E)",COARSE_C03681,East Sikkim,27.198,88.642,+24h,0.5518,High,HIGH,0.7305,0.4183,29.1,2026-09-08T18:05:43Z,ACTIVE,forecast_composite,SIMULATED / PROTOTYPE ALERT
ALT-GRID-01674,REGIONAL_GRID_CELL,"Cell COARSE_C03688 (27.198N, 88.649E)",COARSE_C03688,East Sikkim,27.198,88.649,+24h,0.5612,High,HIGH,0.7465,0.4183,29.1,2026-09-08T18:05:43Z,ACTIVE,forecast_composite,SIMULATED / PROTOTYPE ALERT
ALT-GRID-01675,REGIONAL_GRID_CELL,"Cell COARSE_C03820 (27.199N, 88.580E)",COARSE_C03820,East Sikkim,27.199,88.58,+24h,0.6037,High,HIGH,0.8193,0.4183,29.0,2026-09-08T18:05:43Z,ACTIVE,forecast_composite,SIMULATED / PROTOTYPE ALERT
ALT-GRID-01676,REGIONAL_GRID_CELL,"Cell COARSE_C03821 (27.199N, 88.581E)",COARSE_C03821,East Sikkim,27.199,88.581,+24h,0.5839,High,HIGH,0.7854,0.4183,29.0,2026-09-08T18:05:43Z,ACTIVE,forecast_composite,SIMULATED / PROTOTYPE ALERT
ALT-GRID-01677,REGIONAL_GRID_CELL,"Cell COARSE_C03824 (27.199N, 88.584E)",COARSE_C03824,East Sikkim,27.199,88.584,+24h,0.5848,High,HIGH,0.787,0.4183,29.0,2026-09-08T18:05:43Z,ACTIVE,forecast_composite,SIMULATED / PROTOTYPE ALERT
ALT-GRID-01678,REGIONAL_GRID_CELL,"Cell COARSE_C03825 (27.199N, 88.585E)",COARSE_C03825,East Sikkim,27.199,88.585,+24h,0.6096,High,HIGH,0.8294,0.4183,29.0,2026-09-08T18:05:43Z,ACTIVE,forecast_composite,SIMULATED / PROTOTYPE ALERT
ALT-GRID-01679,REGIONAL_GRID_CELL,"Cell COARSE_C03826 (27.199N, 88.586E)",COARSE_C03826,East Sikkim,27.199,88.586,+24h,0.5582,High,HIGH,0.7414,0.4183,29.0,2026-09-08T18:05:43Z,ACTIVE,forecast_composite,SIMULATED / PROTOTYPE ALERT
ALT-GRID-01680,REGIONAL_GRID_CELL,"Cell COARSE_C03835 (27.199N, 88.595E)",COARSE_C03835,East Sikkim,27.199,88.595,+24h,0.5611,High,HIGH,0.7463,0.4183,29.0,2026-09-08T18:05:43Z,ACTIVE,forecast_composite,SIMULATED / PROTOTYPE ALERT
ALT-GRID-01681,REGIONAL_GRID_CELL,"Cell COARSE_C03836 (27.199N, 88.596E)",COARSE_C03836,East Sikkim,27.199,88.596,+24h,0.5502,High,HIGH,0.7277,0.4183,29.0,2026-09-08T18:05:43Z,ACTIVE,forecast_composite,SIMULATED / PROTOTYPE ALERT
ALT-GRID-01682,REGIONAL_GRID_CELL,"Cell COARSE_C03838 (27.199N, 88.598E)",COARSE_C03838,East Sikkim,27.199,88.598,+24h,0.5538,High,HIGH,0.7338,0.4183,29.0,2026-09-08T18:05:43Z,ACTIVE,forecast_composite,SIMULATED / PROTOTYPE ALERT
ALT-GRID-01683,REGIONAL_GRID_CELL,"Cell COARSE_C03839 (27.199N, 88.599E)",COARSE_C03839,East Sikkim,27.199,88.599,+24h,0.5567,High,HIGH,0.7389,0.4183,29.0,2026-09-08T18:05:43Z,ACTIVE,forecast_composite,SIMULATED / PROTOTYPE ALERT
ALT-GRID-01684,REGIONAL_GRID_CELL,"Cell COARSE_C03849 (27.199N, 88.609E)",COARSE_C03849,East Sikkim,27.199,88.609,+24h,0.5685,High,HIGH,0.7591,0.4183,29.1,2026-09-08T18:05:43Z,ACTIVE,forecast_composite,SIMULATED / PROTOTYPE ALERT
ALT-GRID-01685,REGIONAL_GRID_CELL,"Cell COARSE_C03850 (27.199N, 88.610E)",COARSE_C03850,East Sikkim,27.199,88.61,+24h,0.5923,High,HIGH,0.7998,0.4183,29.1,2026-09-08T18:05:43Z,ACTIVE,forecast_composite,SIMULATED / PROTOTYPE ALERT
ALT-GRID-01686,REGIONAL_GRID_CELL,"Cell COARSE_C03852 (27.199N, 88.612E)",COARSE_C03852,East Sikkim,27.199,88.612,+24h,0.5689,High,HIGH,0.7598,0.4183,29.1,2026-09-08T18:05:43Z,ACTIVE,forecast_composite,SIMULATED / PROTOTYPE ALERT
ALT-GRID-01687,REGIONAL_GRID_CELL,"Cell COARSE_C03859 (27.199N, 88.619E)",COARSE_C03859,East Sikkim,27.199,88.619,+24h,0.5575,High,HIGH,0.7402,0.4183,29.1,2026-09-08T18:05:43Z,ACTIVE,forecast_composite,SIMULATED / PROTOTYPE ALERT
ALT-GRID-01688,REGIONAL_GRID_CELL,"Cell COARSE_C03862 (27.199N, 88.622E)",COARSE_C03862,East Sikkim,27.199,88.622,+24h,0.5701,High,HIGH,0.7617,0.4183,29.1,2026-09-08T18:05:43Z,ACTIVE,forecast_composite,SIMULATED / PROTOTYPE ALERT
ALT-GRID-01689,REGIONAL_GRID_CELL,"Cell COARSE_C03867 (27.199N, 88.627E)",COARSE_C03867,East Sikkim,27.199,88.627,+24h,0.5596,High,HIGH,0.7437,0.4183,29.1,2026-09-08T18:05:43Z,ACTIVE,forecast_composite,SIMULATED / PROTOTYPE ALERT
ALT-GRID-01690,REGIONAL_GRID_CELL,"Cell COARSE_C03869 (27.199N, 88.629E)",COARSE_C03869,East Sikkim,27.199,88.629,+24h,0.5524,High,HIGH,0.7314,0.4183,29.1,2026-09-08T18:05:43Z,ACTIVE,forecast_composite,SIMULATED / PROTOTYPE ALERT
ALT-GRID-01691,REGIONAL_GRID_CELL,"Cell COARSE_C03870 (27.199N, 88.630E)",COARSE_C03870,East Sikkim,27.199,88.63,+24h,0.5705,High,HIGH,0.7625,0.4183,29.1,2026-09-08T18:05:43Z,ACTIVE,forecast_composite,SIMULATED / PROTOTYPE ALERT
ALT-GRID-01692,REGIONAL_GRID_CELL,"Cell COARSE_C03871 (27.199N, 88.631E)",COARSE_C03871,East Sikkim,27.199,88.631,+24h,0.5684,High,HIGH,0.7589,0.4183,29.1,2026-09-08T18:05:43Z,ACTIVE,forecast_composite,SIMULATED / PROTOTYPE ALERT
ALT-GRID-01693,REGIONAL_GRID_CELL,"Cell COARSE_C03876 (27.199N, 88.636E)",COARSE_C03876,East Sikkim,27.199,88.636,+24h,0.65,High,HIGH,0.8986,0.4183,29.1,2026-09-08T18:05:43Z,ACTIVE,forecast_composite,SIMULATED / PROTOTYPE ALERT
ALT-GRID-01694,REGIONAL_GRID_CELL,"Cell COARSE_C03882 (27.199N, 88.642E)",COARSE_C03882,East Sikkim,27.199,88.642,+24h,0.5542,High,HIGH,0.7346,0.4183,29.1,2026-09-08T18:05:43Z,ACTIVE,forecast_composite,SIMULATED / PROTOTYPE ALERT
ALT-GRID-01695,REGIONAL_GRID_CELL,"Cell COARSE_C03889 (27.199N, 88.649E)",COARSE_C03889,East Sikkim,27.199,88.649,+24h,0.5865,High,HIGH,0.7899,0.4183,29.1,2026-09-08T18:05:43Z,ACTIVE,forecast_composite,SIMULATED / PROTOTYPE ALERT
ALT-GRID-01696,REGIONAL_GRID_CELL,"Cell COARSE_C03890 (27.199N, 88.650E)",COARSE_C03890,East Sikkim,27.199,88.65,+24h,0.585,High,HIGH,0.7873,0.4183,29.1,2026-09-08T18:05:43Z,ACTIVE,forecast_composite,SIMULATED / PROTOTYPE ALERT
ALT-GRID-01697,REGIONAL_GRID_CELL,"Cell COARSE_C04021 (27.200N, 88.580E)",COARSE_C04021,East Sikkim,27.2,88.58,+24h,0.5526,High,HIGH,0.7325,0.4174,28.7,2026-09-08T18:05:43Z,ACTIVE,forecast_composite,SIMULATED / PROTOTYPE ALERT
ALT-GRID-01698,REGIONAL_GRID_CELL,"Cell COARSE_C04022 (27.200N, 88.581E)",COARSE_C04022,East Sikkim,27.2,88.581,+24h,0.5777,High,HIGH,0.7755,0.4174,28.7,2026-09-08T18:05:43Z,ACTIVE,forecast_composite,SIMULATED / PROTOTYPE ALERT
ALT-GRID-01699,REGIONAL_GRID_CELL,"Cell COARSE_C04023 (27.200N, 88.582E)",COARSE_C04023,East Sikkim,27.2,88.582,+24h,0.5809,High,HIGH,0.781,0.4174,28.7,2026-09-08T18:05:43Z,ACTIVE,forecast_composite,SIMULATED / PROTOTYPE ALERT
ALT-GRID-01700,REGIONAL_GRID_CELL,"Cell COARSE_C04024 (27.200N, 88.583E)",COARSE_C04024,East Sikkim,27.2,88.583,+24h,0.6871,High,HIGH,0.9631,0.4174,28.7,2026-09-08T18:05:43Z,ACTIVE,forecast_composite,SIMULATED / PROTOTYPE ALERT
ALT-GRID-01701,REGIONAL_GRID_CELL,"Cell COARSE_C04025 (27.200N, 88.584E)",COARSE_C04025,East Sikkim,27.2,88.584,+24h,0.6879,High,HIGH,0.9644,0.4174,28.7,2026-09-08T18:05:43Z,ACTIVE,forecast_composite,SIMULATED / PROTOTYPE ALERT
ALT-GRID-01702,REGIONAL_GRID_CELL,"Cell COARSE_C04026 (27.200N, 88.585E)",COARSE_C04026,East Sikkim,27.2,88.585,+24h,0.5675,High,HIGH,0.7581,0.4174,28.7,2026-09-08T18:05:43Z,ACTIVE,forecast_composite,SIMULATED / PROTOTYPE ALERT
ALT-GRID-01703,REGIONAL_GRID_CELL,"Cell COARSE_C04027 (27.200N, 88.586E)",COARSE_C04027,East Sikkim,27.2,88.586,+24h,0.6254,High,HIGH,0.8572,0.4174,28.7,2026-09-08T18:05:43Z,ACTIVE,forecast_composite,SIMULATED / PROTOTYPE ALERT
ALT-GRID-01704,REGIONAL_GRID_CELL,"Cell COARSE_C04028 (27.200N, 88.587E)",COARSE_C04028,East Sikkim,27.2,88.587,+24h,0.6032,High,HIGH,0.8193,0.4174,28.7,2026-09-08T18:05:43Z,ACTIVE,forecast_composite,SIMULATED / PROTOTYPE ALERT
ALT-GRID-01705,REGIONAL_GRID_CELL,"Cell COARSE_C04030 (27.200N, 88.589E)",COARSE_C04030,East Sikkim,27.2,88.589,+24h,0.6736,High,HIGH,0.9399,0.4174,28.7,2026-09-08T18:05:43Z,ACTIVE,forecast_composite,SIMULATED / PROTOTYPE ALERT
ALT-GRID-01706,REGIONAL_GRID_CELL,"Cell COARSE_C04036 (27.200N, 88.595E)",COARSE_C04036,East Sikkim,27.2,88.595,+24h,0.6095,High,HIGH,0.8301,0.4174,28.7,2026-09-08T18:05:43Z,ACTIVE,forecast_composite,SIMULATED / PROTOTYPE ALERT
ALT-GRID-01707,REGIONAL_GRID_CELL,"Cell COARSE_C04037 (27.200N, 88.596E)",COARSE_C04037,East Sikkim,27.2,88.596,+24h,0.5532,High,HIGH,0.7336,0.4174,28.7,2026-09-08T18:05:43Z,ACTIVE,forecast_composite,SIMULATED / PROTOTYPE ALERT
ALT-GRID-01708,REGIONAL_GRID_CELL,"Cell COARSE_C04047 (27.200N, 88.606E)",COARSE_C04047,East Sikkim,27.2,88.606,+24h,0.55,High,HIGH,0.7422,0.399,27.5,2026-09-08T18:05:43Z,ACTIVE,forecast_composite,SIMULATED / PROTOTYPE ALERT
ALT-GRID-01709,REGIONAL_GRID_CELL,"Cell COARSE_C04048 (27.200N, 88.607E)",COARSE_C04048,East Sikkim,27.2,88.607,+24h,0.5666,High,HIGH,0.7707,0.399,27.5,2026-09-08T18:05:43Z,ACTIVE,forecast_composite,SIMULATED / PROTOTYPE ALERT
ALT-GRID-01710,REGIONAL_GRID_CELL,"Cell COARSE_C04050 (27.200N, 88.609E)",COARSE_C04050,East Sikkim,27.2,88.609,+24h,0.6969,High,HIGH,0.9955,0.399,27.5,2026-09-08T18:05:43Z,ACTIVE,forecast_composite,SIMULATED / PROTOTYPE ALERT
ALT-GRID-01711,REGIONAL_GRID_CELL,"Cell COARSE_C04051 (27.200N, 88.610E)",COARSE_C04051,East Sikkim,27.2,88.61,+24h,0.5579,High,HIGH,0.7557,0.399,27.5,2026-09-08T18:05:43Z,ACTIVE,forecast_composite,SIMULATED / PROTOTYPE ALERT
ALT-GRID-01712,REGIONAL_GRID_CELL,"Cell COARSE_C04061 (27.200N, 88.620E)",COARSE_C04061,East Sikkim,27.2,88.62,+24h,0.6724,High,HIGH,0.9533,0.399,27.5,2026-09-08T18:05:43Z,ACTIVE,forecast_composite,SIMULATED / PROTOTYPE ALERT
ALT-GRID-01713,REGIONAL_GRID_CELL,"Cell COARSE_C04068 (27.200N, 88.627E)",COARSE_C04068,East Sikkim,27.2,88.627,+24h,0.5602,High,HIGH,0.7597,0.399,27.5,2026-09-08T18:05:43Z,ACTIVE,forecast_composite,SIMULATED / PROTOTYPE ALERT
ALT-GRID-01714,REGIONAL_GRID_CELL,"Cell COARSE_C04069 (27.200N, 88.628E)",COARSE_C04069,East Sikkim,27.2,88.628,+24h,0.578,High,HIGH,0.7904,0.399,27.5,2026-09-08T18:05:43Z,ACTIVE,forecast_composite,SIMULATED / PROTOTYPE ALERT
ALT-GRID-01715,REGIONAL_GRID_CELL,"Cell COARSE_C04070 (27.200N, 88.629E)",COARSE_C04070,East Sikkim,27.2,88.629,+24h,0.5563,High,HIGH,0.7529,0.399,27.5,2026-09-08T18:05:43Z,ACTIVE,forecast_composite,SIMULATED / PROTOTYPE ALERT
ALT-GRID-01716,REGIONAL_GRID_CELL,"Cell COARSE_C04071 (27.200N, 88.630E)",COARSE_C04071,East Sikkim,27.2,88.63,+24h,0.551,High,HIGH,0.7439,0.399,27.5,2026-09-08T18:05:43Z,ACTIVE,forecast_composite,SIMULATED / PROTOTYPE ALERT
ALT-GRID-01717,REGIONAL_GRID_CELL,"Cell COARSE_C04073 (27.200N, 88.632E)",COARSE_C04073,East Sikkim,27.2,88.632,+24h,0.55,Moderate,HIGH,0.7421,0.399,27.5,2026-09-08T18:05:43Z,ACTIVE,forecast_composite,SIMULATED / PROTOTYPE ALERT
ALT-GRID-01718,REGIONAL_GRID_CELL,"Cell COARSE_C04083 (27.200N, 88.642E)",COARSE_C04083,East Sikkim,27.2,88.642,+24h,0.603,High,HIGH,0.8335,0.399,27.5,2026-09-08T18:05:43Z,ACTIVE,forecast_composite,SIMULATED / PROTOTYPE ALERT
ALT-GRID-01719,REGIONAL_GRID_CELL,"Cell COARSE_C04089 (27.200N, 88.648E)",COARSE_C04089,East Sikkim,27.2,88.648,+24h,0.5517,High,HIGH,0.745,0.399,27.5,2026-09-08T18:05:43Z,ACTIVE,forecast_composite,SIMULATED / PROTOTYPE ALERT
ALT-GRID-01720,REGIONAL_GRID_CELL,"Cell COARSE_C04090 (27.200N, 88.649E)",COARSE_C04090,East Sikkim,27.2,88.649,+24h,0.5669,High,HIGH,0.7713,0.399,27.5,2026-09-08T18:05:43Z,ACTIVE,forecast_composite,SIMULATED / PROTOTYPE ALERT
ALT-GRID-01721,REGIONAL_GRID_CELL,"Cell COARSE_C04091 (27.200N, 88.650E)",COARSE_C04091,East Sikkim,27.2,88.65,+24h,0.6102,High,HIGH,0.8459,0.399,27.5,2026-09-08T18:05:43Z,ACTIVE,forecast_composite,SIMULATED / PROTOTYPE ALERT
ALT-GRID-01722,REGIONAL_GRID_CELL,"Cell COARSE_C04222 (27.201N, 88.580E)",COARSE_C04222,East Sikkim,27.201,88.58,+24h,0.5941,High,HIGH,0.8036,0.4174,28.7,2026-09-08T18:05:43Z,ACTIVE,forecast_composite,SIMULATED / PROTOTYPE ALERT
ALT-GRID-01723,REGIONAL_GRID_CELL,"Cell COARSE_C04223 (27.201N, 88.581E)",COARSE_C04223,East Sikkim,27.201,88.581,+24h,0.5651,High,HIGH,0.7539,0.4174,28.7,2026-09-08T18:05:43Z,ACTIVE,forecast_composite,SIMULATED / PROTOTYPE ALERT
ALT-GRID-01724,REGIONAL_GRID_CELL,"Cell COARSE_C04224 (27.201N, 88.582E)",COARSE_C04224,East Sikkim,27.201,88.582,+24h,0.5701,High,HIGH,0.7625,0.4174,28.7,2026-09-08T18:05:43Z,ACTIVE,forecast_composite,SIMULATED / PROTOTYPE ALERT
ALT-GRID-01725,REGIONAL_GRID_CELL,"Cell COARSE_C04225 (27.201N, 88.583E)",COARSE_C04225,East Sikkim,27.201,88.583,+24h,0.5747,High,HIGH,0.7703,0.4174,28.7,2026-09-08T18:05:43Z,ACTIVE,forecast_composite,SIMULATED / PROTOTYPE ALERT
ALT-GRID-01726,REGIONAL_GRID_CELL,"Cell COARSE_C04226 (27.201N, 88.584E)",COARSE_C04226,East Sikkim,27.201,88.584,+24h,0.5608,High,HIGH,0.7466,0.4174,28.7,2026-09-08T18:05:43Z,ACTIVE,forecast_composite,SIMULATED / PROTOTYPE ALERT
ALT-GRID-01727,REGIONAL_GRID_CELL,"Cell COARSE_C04227 (27.201N, 88.585E)",COARSE_C04227,East Sikkim,27.201,88.585,+24h,0.5756,High,HIGH,0.772,0.4174,28.7,2026-09-08T18:05:43Z,ACTIVE,forecast_composite,SIMULATED / PROTOTYPE ALERT
ALT-GRID-01728,REGIONAL_GRID_CELL,"Cell COARSE_C04230 (27.201N, 88.588E)",COARSE_C04230,East Sikkim,27.201,88.588,+24h,0.6165,High,HIGH,0.842,0.4174,28.7,2026-09-08T18:05:43Z,ACTIVE,forecast_composite,SIMULATED / PROTOTYPE ALERT
ALT-GRID-01729,REGIONAL_GRID_CELL,"Cell COARSE_C04231 (27.201N, 88.589E)",COARSE_C04231,East Sikkim,27.201,88.589,+24h,0.5791,High,HIGH,0.778,0.4174,28.7,2026-09-08T18:05:43Z,ACTIVE,forecast_composite,SIMULATED / PROTOTYPE ALERT
ALT-GRID-01730,REGIONAL_GRID_CELL,"Cell COARSE_C04237 (27.201N, 88.595E)",COARSE_C04237,East Sikkim,27.201,88.595,+24h,0.5847,High,HIGH,0.7875,0.4174,28.7,2026-09-08T18:05:43Z,ACTIVE,forecast_composite,SIMULATED / PROTOTYPE ALERT
ALT-GRID-01731,REGIONAL_GRID_CELL,"Cell COARSE_C04249 (27.201N, 88.607E)",COARSE_C04249,East Sikkim,27.201,88.607,+24h,0.6967,High,HIGH,0.9952,0.399,27.5,2026-09-08T18:05:43Z,ACTIVE,forecast_composite,SIMULATED / PROTOTYPE ALERT
ALT-GRID-01732,REGIONAL_GRID_CELL,"Cell COARSE_C04270 (27.201N, 88.628E)",COARSE_C04270,East Sikkim,27.201,88.628,+24h,0.5737,High,HIGH,0.783,0.399,27.5,2026-09-08T18:05:43Z,ACTIVE,forecast_composite,SIMULATED / PROTOTYPE ALERT
ALT-GRID-01733,REGIONAL_GRID_CELL,"Cell COARSE_C04285 (27.201N, 88.643E)",COARSE_C04285,East Sikkim,27.201,88.643,+24h,0.6086,High,HIGH,0.8431,0.399,27.5,2026-09-08T18:05:43Z,ACTIVE,forecast_composite,SIMULATED / PROTOTYPE ALERT
ALT-GRID-01734,REGIONAL_GRID_CELL,"Cell COARSE_C04290 (27.201N, 88.648E)",COARSE_C04290,East Sikkim,27.201,88.648,+24h,0.5932,High,HIGH,0.8166,0.399,27.5,2026-09-08T18:05:43Z,ACTIVE,forecast_composite,SIMULATED / PROTOTYPE ALERT
ALT-GRID-01735,REGIONAL_GRID_CELL,"Cell COARSE_C04292 (27.201N, 88.650E)",COARSE_C04292,East Sikkim,27.201,88.65,+24h,0.5813,High,HIGH,0.7961,0.399,27.5,2026-09-08T18:05:43Z,ACTIVE,forecast_composite,SIMULATED / PROTOTYPE ALERT
ALT-GRID-01736,REGIONAL_GRID_CELL,"Cell COARSE_C04423 (27.202N, 88.580E)",COARSE_C04423,East Sikkim,27.202,88.58,+24h,0.6075,High,HIGH,0.8266,0.4174,28.7,2026-09-08T18:05:43Z,ACTIVE,forecast_composite,SIMULATED / PROTOTYPE ALERT
ALT-GRID-01737,REGIONAL_GRID_CELL,"Cell COARSE_C04424 (27.202N, 88.581E)",COARSE_C04424,East Sikkim,27.202,88.581,+24h,0.5855,High,HIGH,0.7888,0.4174,28.7,2026-09-08T18:05:43Z,ACTIVE,forecast_composite,SIMULATED / PROTOTYPE ALERT
ALT-GRID-01738,REGIONAL_GRID_CELL,"Cell COARSE_C04428 (27.202N, 88.585E)",COARSE_C04428,East Sikkim,27.202,88.585,+24h,0.5527,High,HIGH,0.7326,0.4174,28.7,2026-09-08T18:05:43Z,ACTIVE,forecast_composite,SIMULATED / PROTOTYPE ALERT
ALT-GRID-01739,REGIONAL_GRID_CELL,"Cell COARSE_C04429 (27.202N, 88.586E)",COARSE_C04429,East Sikkim,27.202,88.586,+24h,0.5901,High,HIGH,0.7967,0.4174,28.7,2026-09-08T18:05:43Z,ACTIVE,forecast_composite,SIMULATED / PROTOTYPE ALERT
ALT-GRID-01740,REGIONAL_GRID_CELL,"Cell COARSE_C04430 (27.202N, 88.587E)",COARSE_C04430,East Sikkim,27.202,88.587,+24h,0.5708,High,HIGH,0.7637,0.4174,28.7,2026-09-08T18:05:43Z,ACTIVE,forecast_composite,SIMULATED / PROTOTYPE ALERT
ALT-GRID-01741,REGIONAL_GRID_CELL,"Cell COARSE_C04431 (27.202N, 88.588E)",COARSE_C04431,East Sikkim,27.202,88.588,+24h,0.5646,High,HIGH,0.753,0.4174,28.7,2026-09-08T18:05:43Z,ACTIVE,forecast_composite,SIMULATED / PROTOTYPE ALERT
ALT-GRID-01742,REGIONAL_GRID_CELL,"Cell COARSE_C04432 (27.202N, 88.589E)",COARSE_C04432,East Sikkim,27.202,88.589,+24h,0.574,High,HIGH,0.7691,0.4174,28.7,2026-09-08T18:05:43Z,ACTIVE,forecast_composite,SIMULATED / PROTOTYPE ALERT
ALT-GRID-01743,REGIONAL_GRID_CELL,"Cell COARSE_C04438 (27.202N, 88.595E)",COARSE_C04438,East Sikkim,27.202,88.595,+24h,0.6116,High,HIGH,0.8336,0.4174,28.7,2026-09-08T18:05:43Z,ACTIVE,forecast_composite,SIMULATED / PROTOTYPE ALERT
ALT-GRID-01744,REGIONAL_GRID_CELL,"Cell COARSE_C04446 (27.202N, 88.603E)",COARSE_C04446,East Sikkim,27.202,88.603,+24h,0.5645,High,HIGH,0.7672,0.399,27.5,2026-09-08T18:05:43Z,ACTIVE,forecast_composite,SIMULATED / PROTOTYPE ALERT
ALT-GRID-01745,REGIONAL_GRID_CELL,"Cell COARSE_C04447 (27.202N, 88.604E)",COARSE_C04447,East Sikkim,27.202,88.604,+24h,0.5603,High,HIGH,0.7599,0.399,27.5,2026-09-08T18:05:43Z,ACTIVE,forecast_composite,SIMULATED / PROTOTYPE ALERT
ALT-GRID-01746,REGIONAL_GRID_CELL,"Cell COARSE_C04448 (27.202N, 88.605E)",COARSE_C04448,East Sikkim,27.202,88.605,+24h,0.5583,High,HIGH,0.7565,0.399,27.5,2026-09-08T18:05:43Z,ACTIVE,forecast_composite,SIMULATED / PROTOTYPE ALERT
ALT-GRID-01747,REGIONAL_GRID_CELL,"Cell COARSE_C04450 (27.202N, 88.607E)",COARSE_C04450,East Sikkim,27.202,88.607,+24h,0.6971,High,HIGH,0.9958,0.399,27.5,2026-09-08T18:05:43Z,ACTIVE,forecast_composite,SIMULATED / PROTOTYPE ALERT
ALT-GRID-01748,REGIONAL_GRID_CELL,"Cell COARSE_C04476 (27.202N, 88.633E)",COARSE_C04476,East Sikkim,27.202,88.633,+24h,0.638,High,HIGH,0.8939,0.399,27.5,2026-09-08T18:05:43Z,ACTIVE,forecast_composite,SIMULATED / PROTOTYPE ALERT
ALT-GRID-01749,REGIONAL_GRID_CELL,"Cell COARSE_C04483 (27.202N, 88.640E)",COARSE_C04483,East Sikkim,27.202,88.64,+24h,0.6203,High,HIGH,0.8634,0.399,27.5,2026-09-08T18:05:43Z,ACTIVE,forecast_composite,SIMULATED / PROTOTYPE ALERT
ALT-GRID-01750,REGIONAL_GRID_CELL,"Cell COARSE_C04486 (27.202N, 88.643E)",COARSE_C04486,East Sikkim,27.202,88.643,+24h,0.607,High,HIGH,0.8404,0.399,27.5,2026-09-08T18:05:43Z,ACTIVE,forecast_composite,SIMULATED / PROTOTYPE ALERT
ALT-GRID-01751,REGIONAL_GRID_CELL,"Cell COARSE_C04487 (27.202N, 88.644E)",COARSE_C04487,East Sikkim,27.202,88.644,+24h,0.5797,High,HIGH,0.7933,0.399,27.5,2026-09-08T18:05:43Z,ACTIVE,forecast_composite,SIMULATED / PROTOTYPE ALERT
ALT-GRID-01752,REGIONAL_GRID_CELL,"Cell COARSE_C04488 (27.202N, 88.645E)",COARSE_C04488,East Sikkim,27.202,88.645,+24h,0.5528,High,HIGH,0.7469,0.399,27.5,2026-09-08T18:05:43Z,ACTIVE,forecast_composite,SIMULATED / PROTOTYPE ALERT
ALT-GRID-01753,REGIONAL_GRID_CELL,"Cell COARSE_C04491 (27.202N, 88.648E)",COARSE_C04491,East Sikkim,27.202,88.648,+24h,0.5931,High,HIGH,0.8165,0.399,27.5,2026-09-08T18:05:43Z,ACTIVE,forecast_composite,SIMULATED / PROTOTYPE ALERT
ALT-GRID-01754,REGIONAL_GRID_CELL,"Cell COARSE_C04492 (27.202N, 88.649E)",COARSE_C04492,East Sikkim,27.202,88.649,+24h,0.5622,High,HIGH,0.7632,0.399,27.5,2026-09-08T18:05:43Z,ACTIVE,forecast_composite,SIMULATED / PROTOTYPE ALERT
ALT-GRID-01755,REGIONAL_GRID_CELL,"Cell COARSE_C04493 (27.202N, 88.650E)",COARSE_C04493,East Sikkim,27.202,88.65,+24h,0.5879,High,HIGH,0.8074,0.399,27.5,2026-09-08T18:05:43Z,ACTIVE,forecast_composite,SIMULATED / PROTOTYPE ALERT
ALT-GRID-01756,REGIONAL_GRID_CELL,"Cell COARSE_C04624 (27.203N, 88.580E)",COARSE_C04624,East Sikkim,27.203,88.58,+24h,0.5551,High,HIGH,0.7368,0.4174,28.7,2026-09-08T18:05:43Z,ACTIVE,forecast_composite,SIMULATED / PROTOTYPE ALERT
ALT-GRID-01757,REGIONAL_GRID_CELL,"Cell COARSE_C04625 (27.203N, 88.581E)",COARSE_C04625,East Sikkim,27.203,88.581,+24h,0.5884,High,HIGH,0.7938,0.4174,28.7,2026-09-08T18:05:43Z,ACTIVE,forecast_composite,SIMULATED / PROTOTYPE ALERT
ALT-GRID-01758,REGIONAL_GRID_CELL,"Cell COARSE_C04626 (27.203N, 88.582E)",COARSE_C04626,East Sikkim,27.203,88.582,+24h,0.5796,High,HIGH,0.7787,0.4174,28.7,2026-09-08T18:05:43Z,ACTIVE,forecast_composite,SIMULATED / PROTOTYPE ALERT
ALT-GRID-01759,REGIONAL_GRID_CELL,"Cell COARSE_C04627 (27.203N, 88.583E)",COARSE_C04627,East Sikkim,27.203,88.583,+24h,0.5786,High,HIGH,0.7771,0.4174,28.7,2026-09-08T18:05:43Z,ACTIVE,forecast_composite,SIMULATED / PROTOTYPE ALERT
ALT-GRID-01760,REGIONAL_GRID_CELL,"Cell COARSE_C04631 (27.203N, 88.587E)",COARSE_C04631,East Sikkim,27.203,88.587,+24h,0.5622,High,HIGH,0.7489,0.4174,28.7,2026-09-08T18:05:43Z,ACTIVE,forecast_composite,SIMULATED / PROTOTYPE ALERT
ALT-GRID-01761,REGIONAL_GRID_CELL,"Cell COARSE_C04639 (27.203N, 88.595E)",COARSE_C04639,East Sikkim,27.203,88.595,+24h,0.6517,High,HIGH,0.9024,0.4174,28.7,2026-09-08T18:05:43Z,ACTIVE,forecast_composite,SIMULATED / PROTOTYPE ALERT
ALT-GRID-01762,REGIONAL_GRID_CELL,"Cell COARSE_C04651 (27.203N, 88.607E)",COARSE_C04651,East Sikkim,27.203,88.607,+24h,0.5565,High,HIGH,0.7533,0.399,27.5,2026-09-08T18:05:43Z,ACTIVE,forecast_composite,SIMULATED / PROTOTYPE ALERT
ALT-GRID-01763,REGIONAL_GRID_CELL,"Cell COARSE_C04652 (27.203N, 88.608E)",COARSE_C04652,East Sikkim,27.203,88.608,+24h,0.5521,High,HIGH,0.7458,0.399,27.5,2026-09-08T18:05:43Z,ACTIVE,forecast_composite,SIMULATED / PROTOTYPE ALERT
ALT-GRID-01764,REGIONAL_GRID_CELL,"Cell COARSE_C04653 (27.203N, 88.609E)",COARSE_C04653,East Sikkim,27.203,88.609,+24h,0.672,High,HIGH,0.9526,0.399,27.5,2026-09-08T18:05:43Z,ACTIVE,forecast_composite,SIMULATED / PROTOTYPE ALERT
ALT-GRID-01765,REGIONAL_GRID_CELL,"Cell COARSE_C04679 (27.203N, 88.635E)",COARSE_C04679,East Sikkim,27.203,88.635,+24h,0.5528,High,HIGH,0.7469,0.399,27.5,2026-09-08T18:05:43Z,ACTIVE,forecast_composite,SIMULATED / PROTOTYPE ALERT
ALT-GRID-01766,REGIONAL_GRID_CELL,"Cell COARSE_C04685 (27.203N, 88.641E)",COARSE_C04685,East Sikkim,27.203,88.641,+24h,0.6437,High,HIGH,0.9038,0.399,27.5,2026-09-08T18:05:43Z,ACTIVE,forecast_composite,SIMULATED / PROTOTYPE ALERT
ALT-GRID-01767,REGIONAL_GRID_CELL,"Cell COARSE_C04686 (27.203N, 88.642E)",COARSE_C04686,East Sikkim,27.203,88.642,+24h,0.5697,High,HIGH,0.7761,0.399,27.5,2026-09-08T18:05:43Z,ACTIVE,forecast_composite,SIMULATED / PROTOTYPE ALERT
ALT-GRID-01768,REGIONAL_GRID_CELL,"Cell COARSE_C04687 (27.203N, 88.643E)",COARSE_C04687,East Sikkim,27.203,88.643,+24h,0.6099,High,HIGH,0.8455,0.399,27.5,2026-09-08T18:05:43Z,ACTIVE,forecast_composite,SIMULATED / PROTOTYPE ALERT
ALT-GRID-01769,REGIONAL_GRID_CELL,"Cell COARSE_C04688 (27.203N, 88.644E)",COARSE_C04688,East Sikkim,27.203,88.644,+24h,0.6276,High,HIGH,0.876,0.399,27.5,2026-09-08T18:05:43Z,ACTIVE,forecast_composite,SIMULATED / PROTOTYPE ALERT
ALT-GRID-01770,REGIONAL_GRID_CELL,"Cell COARSE_C04689 (27.203N, 88.645E)",COARSE_C04689,East Sikkim,27.203,88.645,+24h,0.6149,High,HIGH,0.8541,0.399,27.5,2026-09-08T18:05:43Z,ACTIVE,forecast_composite,SIMULATED / PROTOTYPE ALERT
ALT-GRID-01771,REGIONAL_GRID_CELL,"Cell COARSE_C04690 (27.203N, 88.646E)",COARSE_C04690,East Sikkim,27.203,88.646,+24h,0.6222,High,HIGH,0.8667,0.399,27.5,2026-09-08T18:05:43Z,ACTIVE,forecast_composite,SIMULATED / PROTOTYPE ALERT
ALT-GRID-01772,REGIONAL_GRID_CELL,"Cell COARSE_C04691 (27.203N, 88.647E)",COARSE_C04691,East Sikkim,27.203,88.647,+24h,0.5978,High,HIGH,0.8245,0.399,27.5,2026-09-08T18:05:43Z,ACTIVE,forecast_composite,SIMULATED / PROTOTYPE ALERT
ALT-GRID-01773,REGIONAL_GRID_CELL,"Cell COARSE_C04692 (27.203N, 88.648E)",COARSE_C04692,East Sikkim,27.203,88.648,+24h,0.6849,High,HIGH,0.9748,0.399,27.5,2026-09-08T18:05:43Z,ACTIVE,forecast_composite,SIMULATED / PROTOTYPE ALERT
ALT-GRID-01774,REGIONAL_GRID_CELL,"Cell COARSE_C04693 (27.203N, 88.649E)",COARSE_C04693,East Sikkim,27.203,88.649,+24h,0.5893,High,HIGH,0.8099,0.399,27.5,2026-09-08T18:05:43Z,ACTIVE,forecast_composite,SIMULATED / PROTOTYPE ALERT
ALT-GRID-01775,REGIONAL_GRID_CELL,"Cell COARSE_C04694 (27.203N, 88.650E)",COARSE_C04694,East Sikkim,27.203,88.65,+24h,0.5645,High,HIGH,0.7672,0.399,27.5,2026-09-08T18:05:43Z,ACTIVE,forecast_composite,SIMULATED / PROTOTYPE ALERT
ALT-GRID-01776,REGIONAL_GRID_CELL,"Cell COARSE_C04724 (27.203N, 88.680E)",COARSE_C04724,East Sikkim,27.203,88.68,+24h,0.5533,High,HIGH,0.9977,0.109,0.0,2026-09-08T18:05:43Z,ACTIVE,forecast_composite,SIMULATED / PROTOTYPE ALERT
ALT-GRID-01777,REGIONAL_GRID_CELL,"Cell COARSE_C04743 (27.203N, 88.699E)",COARSE_C04743,East Sikkim,27.203,88.699,+24h,0.5527,High,HIGH,0.9966,0.109,0.0,2026-09-08T18:05:43Z,ACTIVE,forecast_composite,SIMULATED / PROTOTYPE ALERT
ALT-GRID-01778,REGIONAL_GRID_CELL,"Cell COARSE_C04744 (27.203N, 88.700E)",COARSE_C04744,East Sikkim,27.203,88.7,+24h,0.553,High,HIGH,0.9971,0.109,0.0,2026-09-08T18:05:43Z,ACTIVE,forecast_composite,SIMULATED / PROTOTYPE ALERT
ALT-GRID-01779,REGIONAL_GRID_CELL,"Cell COARSE_C04745 (27.203N, 88.701E)",COARSE_C04745,East Sikkim,27.203,88.701,+24h,0.553,High,HIGH,0.9966,0.1095,0.0,2026-09-08T18:05:43Z,ACTIVE,forecast_composite,SIMULATED / PROTOTYPE ALERT
ALT-GRID-01780,REGIONAL_GRID_CELL,"Cell COARSE_C04747 (27.203N, 88.703E)",COARSE_C04747,East Sikkim,27.203,88.703,+24h,0.554,High,HIGH,0.9986,0.1095,0.0,2026-09-08T18:05:43Z,ACTIVE,forecast_composite,SIMULATED / PROTOTYPE ALERT
ALT-GRID-01781,REGIONAL_GRID_CELL,"Cell COARSE_C04827 (27.204N, 88.582E)",COARSE_C04827,East Sikkim,27.204,88.582,+24h,0.5549,High,HIGH,0.7364,0.4174,28.7,2026-09-08T18:05:43Z,ACTIVE,forecast_composite,SIMULATED / PROTOTYPE ALERT
ALT-GRID-01782,REGIONAL_GRID_CELL,"Cell COARSE_C04828 (27.204N, 88.583E)",COARSE_C04828,East Sikkim,27.204,88.583,+24h,0.5507,High,HIGH,0.7293,0.4174,28.7,2026-09-08T18:05:43Z,ACTIVE,forecast_composite,SIMULATED / PROTOTYPE ALERT
ALT-GRID-01783,REGIONAL_GRID_CELL,"Cell COARSE_C04829 (27.204N, 88.584E)",COARSE_C04829,East Sikkim,27.204,88.584,+24h,0.5511,High,HIGH,0.73,0.4174,28.7,2026-09-08T18:05:43Z,ACTIVE,forecast_composite,SIMULATED / PROTOTYPE ALERT
ALT-GRID-01784,REGIONAL_GRID_CELL,"Cell COARSE_C04840 (27.204N, 88.595E)",COARSE_C04840,East Sikkim,27.204,88.595,+24h,0.5857,High,HIGH,0.7893,0.4174,28.7,2026-09-08T18:05:43Z,ACTIVE,forecast_composite,SIMULATED / PROTOTYPE ALERT
ALT-GRID-01785,REGIONAL_GRID_CELL,"Cell COARSE_C04841 (27.204N, 88.596E)",COARSE_C04841,East Sikkim,27.204,88.596,+24h,0.5827,High,HIGH,0.7841,0.4174,28.7,2026-09-08T18:05:43Z,ACTIVE,forecast_composite,SIMULATED / PROTOTYPE ALERT
ALT-GRID-01786,REGIONAL_GRID_CELL,"Cell COARSE_C04842 (27.204N, 88.597E)",COARSE_C04842,East Sikkim,27.204,88.597,+24h,0.5616,High,HIGH,0.748,0.4174,28.7,2026-09-08T18:05:43Z,ACTIVE,forecast_composite,SIMULATED / PROTOTYPE ALERT
ALT-GRID-01787,REGIONAL_GRID_CELL,"Cell COARSE_C04846 (27.204N, 88.601E)",COARSE_C04846,East Sikkim,27.204,88.601,+24h,0.6954,High,HIGH,0.9929,0.399,27.5,2026-09-08T18:05:43Z,ACTIVE,forecast_composite,SIMULATED / PROTOTYPE ALERT
ALT-GRID-01788,REGIONAL_GRID_CELL,"Cell COARSE_C04849 (27.204N, 88.604E)",COARSE_C04849,East Sikkim,27.204,88.604,+24h,0.6964,High,HIGH,0.9947,0.399,27.5,2026-09-08T18:05:43Z,ACTIVE,forecast_composite,SIMULATED / PROTOTYPE ALERT
ALT-GRID-01789,REGIONAL_GRID_CELL,"Cell COARSE_C04852 (27.204N, 88.607E)",COARSE_C04852,East Sikkim,27.204,88.607,+24h,0.5633,High,HIGH,0.7651,0.399,27.5,2026-09-08T18:05:43Z,ACTIVE,forecast_composite,SIMULATED / PROTOTYPE ALERT
ALT-GRID-01790,REGIONAL_GRID_CELL,"Cell COARSE_C04858 (27.204N, 88.613E)",COARSE_C04858,Pakyong,27.204,88.613,+24h,0.5502,High,HIGH,0.7424,0.399,27.5,2026-09-08T18:05:43Z,ACTIVE,forecast_composite,SIMULATED / PROTOTYPE ALERT
ALT-GRID-01791,REGIONAL_GRID_CELL,"Cell COARSE_C04877 (27.204N, 88.632E)",COARSE_C04877,East Sikkim,27.204,88.632,+24h,0.55,Moderate,HIGH,0.7421,0.399,27.5,2026-09-08T18:05:43Z,ACTIVE,forecast_composite,SIMULATED / PROTOTYPE ALERT
ALT-GRID-01792,REGIONAL_GRID_CELL,"Cell COARSE_C04881 (27.204N, 88.636E)",COARSE_C04881,East Sikkim,27.204,88.636,+24h,0.5609,High,HIGH,0.7609,0.399,27.5,2026-09-08T18:05:43Z,ACTIVE,forecast_composite,SIMULATED / PROTOTYPE ALERT
ALT-GRID-01793,REGIONAL_GRID_CELL,"Cell COARSE_C04883 (27.204N, 88.638E)",COARSE_C04883,East Sikkim,27.204,88.638,+24h,0.568,High,HIGH,0.7731,0.399,27.5,2026-09-08T18:05:43Z,ACTIVE,forecast_composite,SIMULATED / PROTOTYPE ALERT
ALT-GRID-01794,REGIONAL_GRID_CELL,"Cell COARSE_C04887 (27.204N, 88.642E)",COARSE_C04887,East Sikkim,27.204,88.642,+24h,0.6628,High,HIGH,0.9367,0.399,27.5,2026-09-08T18:05:43Z,ACTIVE,forecast_composite,SIMULATED / PROTOTYPE ALERT
ALT-GRID-01795,REGIONAL_GRID_CELL,"Cell COARSE_C04889 (27.204N, 88.644E)",COARSE_C04889,East Sikkim,27.204,88.644,+24h,0.603,High,HIGH,0.8335,0.399,27.5,2026-09-08T18:05:43Z,ACTIVE,forecast_composite,SIMULATED / PROTOTYPE ALERT
ALT-GRID-01796,REGIONAL_GRID_CELL,"Cell COARSE_C04890 (27.204N, 88.645E)",COARSE_C04890,East Sikkim,27.204,88.645,+24h,0.6256,High,HIGH,0.8725,0.399,27.5,2026-09-08T18:05:43Z,ACTIVE,forecast_composite,SIMULATED / PROTOTYPE ALERT
ALT-GRID-01797,REGIONAL_GRID_CELL,"Cell COARSE_C04891 (27.204N, 88.646E)",COARSE_C04891,East Sikkim,27.204,88.646,+24h,0.6393,High,HIGH,0.8961,0.399,27.5,2026-09-08T18:05:43Z,ACTIVE,forecast_composite,SIMULATED / PROTOTYPE ALERT
ALT-GRID-01798,REGIONAL_GRID_CELL,"Cell COARSE_C04892 (27.204N, 88.647E)",COARSE_C04892,East Sikkim,27.204,88.647,+24h,0.6501,High,HIGH,0.9148,0.399,27.5,2026-09-08T18:05:43Z,ACTIVE,forecast_composite,SIMULATED / PROTOTYPE ALERT
ALT-GRID-01799,REGIONAL_GRID_CELL,"Cell COARSE_C04893 (27.204N, 88.648E)",COARSE_C04893,East Sikkim,27.204,88.648,+24h,0.6107,High,HIGH,0.8468,0.399,27.5,2026-09-08T18:05:43Z,ACTIVE,forecast_composite,SIMULATED / PROTOTYPE ALERT
ALT-GRID-01800,REGIONAL_GRID_CELL,"Cell COARSE_C04894 (27.204N, 88.649E)",COARSE_C04894,East Sikkim,27.204,88.649,+24h,0.6036,High,HIGH,0.8345,0.399,27.5,2026-09-08T18:05:43Z,ACTIVE,forecast_composite,SIMULATED / PROTOTYPE ALERT
ALT-GRID-01801,REGIONAL_GRID_CELL,"Cell COARSE_C04895 (27.204N, 88.650E)",COARSE_C04895,East Sikkim,27.204,88.65,+24h,0.5912,High,HIGH,0.8132,0.399,27.5,2026-09-08T18:05:43Z,ACTIVE,forecast_composite,SIMULATED / PROTOTYPE ALERT
ALT-GRID-01802,REGIONAL_GRID_CELL,"Cell COARSE_C05028 (27.205N, 88.582E)",COARSE_C05028,East Sikkim,27.205,88.582,+24h,0.6809,High,HIGH,0.9524,0.4174,28.7,2026-09-08T18:05:43Z,ACTIVE,forecast_composite,SIMULATED / PROTOTYPE ALERT
ALT-GRID-01803,REGIONAL_GRID_CELL,"Cell COARSE_C05039 (27.205N, 88.593E)",COARSE_C05039,East Sikkim,27.205,88.593,+24h,0.5579,High,HIGH,0.7416,0.4174,28.7,2026-09-08T18:05:43Z,ACTIVE,forecast_composite,SIMULATED / PROTOTYPE ALERT
ALT-GRID-01804,REGIONAL_GRID_CELL,"Cell COARSE_C05042 (27.205N, 88.596E)",COARSE_C05042,East Sikkim,27.205,88.596,+24h,0.5784,High,HIGH,0.7768,0.4174,28.7,2026-09-08T18:05:43Z,ACTIVE,forecast_composite,SIMULATED / PROTOTYPE ALERT
ALT-GRID-01805,REGIONAL_GRID_CELL,"Cell COARSE_C05043 (27.205N, 88.597E)",COARSE_C05043,East Sikkim,27.205,88.597,+24h,0.5505,High,HIGH,0.7289,0.4174,28.7,2026-09-08T18:05:43Z,ACTIVE,forecast_composite,SIMULATED / PROTOTYPE ALERT
ALT-GRID-01806,REGIONAL_GRID_CELL,"Cell COARSE_C05048 (27.205N, 88.602E)",COARSE_C05048,East Sikkim,27.205,88.602,+24h,0.6941,High,HIGH,0.9906,0.399,27.5,2026-09-08T18:05:43Z,ACTIVE,forecast_composite,SIMULATED / PROTOTYPE ALERT
ALT-GRID-01807,REGIONAL_GRID_CELL,"Cell COARSE_C05058 (27.205N, 88.612E)",COARSE_C05058,Pakyong,27.205,88.612,+24h,0.5822,High,HIGH,0.7977,0.399,27.5,2026-09-08T18:05:43Z,ACTIVE,forecast_composite,SIMULATED / PROTOTYPE ALERT
ALT-GRID-01808,REGIONAL_GRID_CELL,"Cell COARSE_C05059 (27.205N, 88.613E)",COARSE_C05059,Pakyong,27.205,88.613,+24h,0.5634,High,HIGH,0.7653,0.399,27.5,2026-09-08T18:05:43Z,ACTIVE,forecast_composite,SIMULATED / PROTOTYPE ALERT
ALT-GRID-01809,REGIONAL_GRID_CELL,"Cell COARSE_C05060 (27.205N, 88.614E)",COARSE_C05060,Pakyong,27.205,88.614,+24h,0.5574,High,HIGH,0.7548,0.399,27.5,2026-09-08T18:05:43Z,ACTIVE,forecast_composite,SIMULATED / PROTOTYPE ALERT
ALT-GRID-01810,REGIONAL_GRID_CELL,"Cell COARSE_C05088 (27.205N, 88.642E)",COARSE_C05088,East Sikkim,27.205,88.642,+24h,0.6664,High,HIGH,0.9429,0.399,27.5,2026-09-08T18:05:43Z,ACTIVE,forecast_composite,SIMULATED / PROTOTYPE ALERT
ALT-GRID-01811,REGIONAL_GRID_CELL,"Cell COARSE_C05089 (27.205N, 88.643E)",COARSE_C05089,East Sikkim,27.205,88.643,+24h,0.6262,High,HIGH,0.8735,0.399,27.5,2026-09-08T18:05:43Z,ACTIVE,forecast_composite,SIMULATED / PROTOTYPE ALERT
ALT-GRID-01812,REGIONAL_GRID_CELL,"Cell COARSE_C05090 (27.205N, 88.644E)",COARSE_C05090,East Sikkim,27.205,88.644,+24h,0.5517,High,HIGH,0.7451,0.399,27.5,2026-09-08T18:05:43Z,ACTIVE,forecast_composite,SIMULATED / PROTOTYPE ALERT
ALT-GRID-01813,REGIONAL_GRID_CELL,"Cell COARSE_C05091 (27.205N, 88.645E)",COARSE_C05091,East Sikkim,27.205,88.645,+24h,0.5831,High,HIGH,0.7992,0.399,27.5,2026-09-08T18:05:43Z,ACTIVE,forecast_composite,SIMULATED / PROTOTYPE ALERT
ALT-GRID-01814,REGIONAL_GRID_CELL,"Cell COARSE_C05092 (27.205N, 88.646E)",COARSE_C05092,East Sikkim,27.205,88.646,+24h,0.6287,High,HIGH,0.8778,0.399,27.5,2026-09-08T18:05:43Z,ACTIVE,forecast_composite,SIMULATED / PROTOTYPE ALERT
ALT-GRID-01815,REGIONAL_GRID_CELL,"Cell COARSE_C05093 (27.205N, 88.647E)",COARSE_C05093,East Sikkim,27.205,88.647,+24h,0.6192,High,HIGH,0.8615,0.399,27.5,2026-09-08T18:05:43Z,ACTIVE,forecast_composite,SIMULATED / PROTOTYPE ALERT
ALT-GRID-01816,REGIONAL_GRID_CELL,"Cell COARSE_C05094 (27.205N, 88.648E)",COARSE_C05094,East Sikkim,27.205,88.648,+24h,0.5778,High,HIGH,0.79,0.399,27.5,2026-09-08T18:05:43Z,ACTIVE,forecast_composite,SIMULATED / PROTOTYPE ALERT
ALT-GRID-01817,REGIONAL_GRID_CELL,"Cell COARSE_C05095 (27.205N, 88.649E)",COARSE_C05095,East Sikkim,27.205,88.649,+24h,0.6143,High,HIGH,0.8531,0.399,27.5,2026-09-08T18:05:43Z,ACTIVE,forecast_composite,SIMULATED / PROTOTYPE ALERT
ALT-GRID-01818,REGIONAL_GRID_CELL,"Cell COARSE_C05096 (27.205N, 88.650E)",COARSE_C05096,East Sikkim,27.205,88.65,+24h,0.6284,High,HIGH,0.8774,0.399,27.5,2026-09-08T18:05:43Z,ACTIVE,forecast_composite,SIMULATED / PROTOTYPE ALERT
ALT-GRID-01819,REGIONAL_GRID_CELL,"Cell COARSE_C05241 (27.206N, 88.594E)",COARSE_C05241,East Sikkim,27.206,88.594,+24h,0.6065,High,HIGH,0.8248,0.4174,28.7,2026-09-08T18:05:43Z,ACTIVE,forecast_composite,SIMULATED / PROTOTYPE ALERT
ALT-GRID-01820,REGIONAL_GRID_CELL,"Cell COARSE_C05242 (27.206N, 88.595E)",COARSE_C05242,East Sikkim,27.206,88.595,+24h,0.5525,High,HIGH,0.7323,0.4174,28.7,2026-09-08T18:05:43Z,ACTIVE,forecast_composite,SIMULATED / PROTOTYPE ALERT
ALT-GRID-01821,REGIONAL_GRID_CELL,"Cell COARSE_C05255 (27.206N, 88.608E)",COARSE_C05255,Pakyong,27.206,88.608,+24h,0.6974,High,HIGH,0.9964,0.399,27.5,2026-09-08T18:05:43Z,ACTIVE,forecast_composite,SIMULATED / PROTOTYPE ALERT
ALT-GRID-01822,REGIONAL_GRID_CELL,"Cell COARSE_C05257 (27.206N, 88.610E)",COARSE_C05257,Pakyong,27.206,88.61,+24h,0.6978,High,HIGH,0.9971,0.399,27.5,2026-09-08T18:05:43Z,ACTIVE,forecast_composite,SIMULATED / PROTOTYPE ALERT
ALT-GRID-01823,REGIONAL_GRID_CELL,"Cell COARSE_C05260 (27.206N, 88.613E)",COARSE_C05260,Pakyong,27.206,88.613,+24h,0.5578,High,HIGH,0.7556,0.399,27.5,2026-09-08T18:05:43Z,ACTIVE,forecast_composite,SIMULATED / PROTOTYPE ALERT
ALT-GRID-01824,REGIONAL_GRID_CELL,"Cell COARSE_C05289 (27.206N, 88.642E)",COARSE_C05289,East Sikkim,27.206,88.642,+24h,0.5564,High,HIGH,0.7531,0.399,27.5,2026-09-08T18:05:43Z,ACTIVE,forecast_composite,SIMULATED / PROTOTYPE ALERT
ALT-GRID-01825,REGIONAL_GRID_CELL,"Cell COARSE_C05290 (27.206N, 88.643E)",COARSE_C05290,East Sikkim,27.206,88.643,+24h,0.5608,High,HIGH,0.7607,0.399,27.5,2026-09-08T18:05:43Z,ACTIVE,forecast_composite,SIMULATED / PROTOTYPE ALERT
ALT-GRID-01826,REGIONAL_GRID_CELL,"Cell COARSE_C05291 (27.206N, 88.644E)",COARSE_C05291,East Sikkim,27.206,88.644,+24h,0.6685,High,HIGH,0.9465,0.399,27.5,2026-09-08T18:05:43Z,ACTIVE,forecast_composite,SIMULATED / PROTOTYPE ALERT
ALT-GRID-01827,REGIONAL_GRID_CELL,"Cell COARSE_C05294 (27.206N, 88.647E)",COARSE_C05294,East Sikkim,27.206,88.647,+24h,0.5974,High,HIGH,0.8239,0.399,27.5,2026-09-08T18:05:43Z,ACTIVE,forecast_composite,SIMULATED / PROTOTYPE ALERT
ALT-GRID-01828,REGIONAL_GRID_CELL,"Cell COARSE_C05295 (27.206N, 88.648E)",COARSE_C05295,East Sikkim,27.206,88.648,+24h,0.6362,High,HIGH,0.8908,0.399,27.5,2026-09-08T18:05:43Z,ACTIVE,forecast_composite,SIMULATED / PROTOTYPE ALERT
ALT-GRID-01829,REGIONAL_GRID_CELL,"Cell COARSE_C05296 (27.206N, 88.649E)",COARSE_C05296,East Sikkim,27.206,88.649,+24h,0.5843,High,HIGH,0.8012,0.399,27.5,2026-09-08T18:05:43Z,ACTIVE,forecast_composite,SIMULATED / PROTOTYPE ALERT
ALT-GRID-01830,REGIONAL_GRID_CELL,"Cell COARSE_C05297 (27.206N, 88.650E)",COARSE_C05297,East Sikkim,27.206,88.65,+24h,0.623,High,HIGH,0.868,0.399,27.5,2026-09-08T18:05:43Z,ACTIVE,forecast_composite,SIMULATED / PROTOTYPE ALERT
ALT-GRID-01831,REGIONAL_GRID_CELL,"Cell COARSE_C05361 (27.206N, 88.714E)",COARSE_C05361,East Sikkim,27.206,88.714,+24h,0.5544,High,HIGH,0.9993,0.1095,0.0,2026-09-08T18:05:43Z,ACTIVE,forecast_composite,SIMULATED / PROTOTYPE ALERT
ALT-GRID-01832,REGIONAL_GRID_CELL,"Cell COARSE_C05428 (27.207N, 88.580E)",COARSE_C05428,East Sikkim,27.207,88.58,+24h,0.5725,High,HIGH,0.7666,0.4174,28.7,2026-09-08T18:05:43Z,ACTIVE,forecast_composite,SIMULATED / PROTOTYPE ALERT
ALT-GRID-01833,REGIONAL_GRID_CELL,"Cell COARSE_C05441 (27.207N, 88.593E)",COARSE_C05441,East Sikkim,27.207,88.593,+24h,0.5959,High,HIGH,0.8067,0.4174,28.7,2026-09-08T18:05:43Z,ACTIVE,forecast_composite,SIMULATED / PROTOTYPE ALERT
ALT-GRID-01834,REGIONAL_GRID_CELL,"Cell COARSE_C05442 (27.207N, 88.594E)",COARSE_C05442,East Sikkim,27.207,88.594,+24h,0.5989,High,HIGH,0.8118,0.4174,28.7,2026-09-08T18:05:43Z,ACTIVE,forecast_composite,SIMULATED / PROTOTYPE ALERT
ALT-GRID-01835,REGIONAL_GRID_CELL,"Cell COARSE_C05443 (27.207N, 88.595E)",COARSE_C05443,East Sikkim,27.207,88.595,+24h,0.5706,High,HIGH,0.7634,0.4174,28.7,2026-09-08T18:05:43Z,ACTIVE,forecast_composite,SIMULATED / PROTOTYPE ALERT
ALT-GRID-01836,REGIONAL_GRID_CELL,"Cell COARSE_C05452 (27.207N, 88.604E)",COARSE_C05452,East Sikkim,27.207,88.604,+24h,0.6964,High,HIGH,0.9946,0.399,27.5,2026-09-08T18:05:43Z,ACTIVE,forecast_composite,SIMULATED / PROTOTYPE ALERT
ALT-GRID-01837,REGIONAL_GRID_CELL,"Cell COARSE_C05458 (27.207N, 88.610E)",COARSE_C05458,Pakyong,27.207,88.61,+24h,0.6747,High,HIGH,0.9572,0.399,27.5,2026-09-08T18:05:43Z,ACTIVE,forecast_composite,SIMULATED / PROTOTYPE ALERT
ALT-GRID-01838,REGIONAL_GRID_CELL,"Cell COARSE_C05490 (27.207N, 88.642E)",COARSE_C05490,East Sikkim,27.207,88.642,+24h,0.5563,High,HIGH,0.753,0.399,27.5,2026-09-08T18:05:43Z,ACTIVE,forecast_composite,SIMULATED / PROTOTYPE ALERT
ALT-GRID-01839,REGIONAL_GRID_CELL,"Cell COARSE_C05491 (27.207N, 88.643E)",COARSE_C05491,East Sikkim,27.207,88.643,+24h,0.6327,High,HIGH,0.8847,0.399,27.5,2026-09-08T18:05:43Z,ACTIVE,forecast_composite,SIMULATED / PROTOTYPE ALERT
ALT-GRID-01840,REGIONAL_GRID_CELL,"Cell COARSE_C05492 (27.207N, 88.644E)",COARSE_C05492,East Sikkim,27.207,88.644,+24h,0.6166,High,HIGH,0.857,0.399,27.5,2026-09-08T18:05:43Z,ACTIVE,forecast_composite,SIMULATED / PROTOTYPE ALERT
ALT-GRID-01841,REGIONAL_GRID_CELL,"Cell COARSE_C05495 (27.207N, 88.647E)",COARSE_C05495,East Sikkim,27.207,88.647,+24h,0.5547,High,HIGH,0.7503,0.399,27.5,2026-09-08T18:05:43Z,ACTIVE,forecast_composite,SIMULATED / PROTOTYPE ALERT
ALT-GRID-01842,REGIONAL_GRID_CELL,"Cell COARSE_C05496 (27.207N, 88.648E)",COARSE_C05496,East Sikkim,27.207,88.648,+24h,0.6294,High,HIGH,0.879,0.399,27.5,2026-09-08T18:05:43Z,ACTIVE,forecast_composite,SIMULATED / PROTOTYPE ALERT
ALT-GRID-01843,REGIONAL_GRID_CELL,"Cell COARSE_C05497 (27.207N, 88.649E)",COARSE_C05497,East Sikkim,27.207,88.649,+24h,0.6192,High,HIGH,0.8615,0.399,27.5,2026-09-08T18:05:43Z,ACTIVE,forecast_composite,SIMULATED / PROTOTYPE ALERT
ALT-GRID-01844,REGIONAL_GRID_CELL,"Cell COARSE_C05498 (27.207N, 88.650E)",COARSE_C05498,East Sikkim,27.207,88.65,+24h,0.6239,High,HIGH,0.8696,0.399,27.5,2026-09-08T18:05:43Z,ACTIVE,forecast_composite,SIMULATED / PROTOTYPE ALERT
ALT-GRID-01845,REGIONAL_GRID_CELL,"Cell COARSE_C05629 (27.208N, 88.580E)",COARSE_C05629,East Sikkim,27.208,88.58,+24h,0.573,High,HIGH,0.7675,0.4174,28.7,2026-09-08T18:05:43Z,ACTIVE,forecast_composite,SIMULATED / PROTOTYPE ALERT
ALT-GRID-01846,REGIONAL_GRID_CELL,"Cell COARSE_C05639 (27.208N, 88.590E)",COARSE_C05639,East Sikkim,27.208,88.59,+24h,0.5705,High,HIGH,0.7632,0.4174,28.7,2026-09-08T18:05:43Z,ACTIVE,forecast_composite,SIMULATED / PROTOTYPE ALERT
ALT-GRID-01847,REGIONAL_GRID_CELL,"Cell COARSE_C05641 (27.208N, 88.592E)",COARSE_C05641,East Sikkim,27.208,88.592,+24h,0.5506,High,HIGH,0.7291,0.4174,28.7,2026-09-08T18:05:43Z,ACTIVE,forecast_composite,SIMULATED / PROTOTYPE ALERT
ALT-GRID-01848,REGIONAL_GRID_CELL,"Cell COARSE_C05654 (27.208N, 88.605E)",COARSE_C05654,East Sikkim,27.208,88.605,+24h,0.6959,High,HIGH,0.9938,0.399,27.5,2026-09-08T18:05:43Z,ACTIVE,forecast_composite,SIMULATED / PROTOTYPE ALERT
ALT-GRID-01849,REGIONAL_GRID_CELL,"Cell COARSE_C05655 (27.208N, 88.606E)",COARSE_C05655,Pakyong,27.208,88.606,+24h,0.6957,High,HIGH,0.9934,0.399,27.5,2026-09-08T18:05:43Z,ACTIVE,forecast_composite,SIMULATED / PROTOTYPE ALERT
ALT-GRID-01850,REGIONAL_GRID_CELL,"Cell COARSE_C05674 (27.208N, 88.625E)",COARSE_C05674,East Sikkim,27.208,88.625,+24h,0.6195,High,HIGH,0.862,0.399,27.5,2026-09-08T18:05:43Z,ACTIVE,forecast_composite,SIMULATED / PROTOTYPE ALERT
ALT-GRID-01851,REGIONAL_GRID_CELL,"Cell COARSE_C05689 (27.208N, 88.640E)",COARSE_C05689,East Sikkim,27.208,88.64,+24h,0.5518,High,HIGH,0.7452,0.399,27.5,2026-09-08T18:05:43Z,ACTIVE,forecast_composite,SIMULATED / PROTOTYPE ALERT
ALT-GRID-01852,REGIONAL_GRID_CELL,"Cell COARSE_C05691 (27.208N, 88.642E)",COARSE_C05691,East Sikkim,27.208,88.642,+24h,0.5593,High,HIGH,0.7581,0.399,27.5,2026-09-08T18:05:43Z,ACTIVE,forecast_composite,SIMULATED / PROTOTYPE ALERT
ALT-GRID-01853,REGIONAL_GRID_CELL,"Cell COARSE_C05692 (27.208N, 88.643E)",COARSE_C05692,East Sikkim,27.208,88.643,+24h,0.5848,High,HIGH,0.8022,0.399,27.5,2026-09-08T18:05:43Z,ACTIVE,forecast_composite,SIMULATED / PROTOTYPE ALERT
ALT-GRID-01854,REGIONAL_GRID_CELL,"Cell COARSE_C05693 (27.208N, 88.644E)",COARSE_C05693,East Sikkim,27.208,88.644,+24h,0.6259,High,HIGH,0.873,0.399,27.5,2026-09-08T18:05:43Z,ACTIVE,forecast_composite,SIMULATED / PROTOTYPE ALERT
ALT-GRID-01855,REGIONAL_GRID_CELL,"Cell COARSE_C05694 (27.208N, 88.645E)",COARSE_C05694,East Sikkim,27.208,88.645,+24h,0.5912,High,HIGH,0.8131,0.399,27.5,2026-09-08T18:05:43Z,ACTIVE,forecast_composite,SIMULATED / PROTOTYPE ALERT
ALT-GRID-01856,REGIONAL_GRID_CELL,"Cell COARSE_C05697 (27.208N, 88.648E)",COARSE_C05697,East Sikkim,27.208,88.648,+24h,0.5556,High,HIGH,0.7518,0.399,27.5,2026-09-08T18:05:43Z,ACTIVE,forecast_composite,SIMULATED / PROTOTYPE ALERT
ALT-GRID-01857,REGIONAL_GRID_CELL,"Cell COARSE_C05698 (27.208N, 88.649E)",COARSE_C05698,East Sikkim,27.208,88.649,+24h,0.567,High,HIGH,0.7715,0.399,27.5,2026-09-08T18:05:43Z,ACTIVE,forecast_composite,SIMULATED / PROTOTYPE ALERT
ALT-GRID-01858,REGIONAL_GRID_CELL,"Cell COARSE_C05830 (27.209N, 88.580E)",COARSE_C05830,East Sikkim,27.209,88.58,+24h,0.5756,High,HIGH,0.772,0.4174,28.7,2026-09-08T18:05:43Z,ACTIVE,forecast_composite,SIMULATED / PROTOTYPE ALERT
ALT-GRID-01859,REGIONAL_GRID_CELL,"Cell COARSE_C05831 (27.209N, 88.581E)",COARSE_C05831,East Sikkim,27.209,88.581,+24h,0.5611,High,HIGH,0.747,0.4174,28.7,2026-09-08T18:05:43Z,ACTIVE,forecast_composite,SIMULATED / PROTOTYPE ALERT
ALT-GRID-01860,REGIONAL_GRID_CELL,"Cell COARSE_C05833 (27.209N, 88.583E)",COARSE_C05833,East Sikkim,27.209,88.583,+24h,0.5551,High,HIGH,0.7368,0.4174,28.7,2026-09-08T18:05:43Z,ACTIVE,forecast_composite,SIMULATED / PROTOTYPE ALERT
ALT-GRID-01861,REGIONAL_GRID_CELL,"Cell COARSE_C05843 (27.209N, 88.593E)",COARSE_C05843,East Sikkim,27.209,88.593,+24h,0.6743,High,HIGH,0.9411,0.4174,28.7,2026-09-08T18:05:43Z,ACTIVE,forecast_composite,SIMULATED / PROTOTYPE ALERT
ALT-GRID-01862,REGIONAL_GRID_CELL,"Cell COARSE_C05877 (27.209N, 88.627E)",COARSE_C05877,East Sikkim,27.209,88.627,+24h,0.6431,High,HIGH,0.9027,0.399,27.5,2026-09-08T18:05:43Z,ACTIVE,forecast_composite,SIMULATED / PROTOTYPE ALERT
ALT-GRID-01863,REGIONAL_GRID_CELL,"Cell COARSE_C05890 (27.209N, 88.640E)",COARSE_C05890,East Sikkim,27.209,88.64,+24h,0.5843,High,HIGH,0.8013,0.399,27.5,2026-09-08T18:05:43Z,ACTIVE,forecast_composite,SIMULATED / PROTOTYPE ALERT
ALT-GRID-01864,REGIONAL_GRID_CELL,"Cell COARSE_C05891 (27.209N, 88.641E)",COARSE_C05891,East Sikkim,27.209,88.641,+24h,0.5837,High,HIGH,0.8002,0.399,27.5,2026-09-08T18:05:43Z,ACTIVE,forecast_composite,SIMULATED / PROTOTYPE ALERT
ALT-GRID-01865,REGIONAL_GRID_CELL,"Cell COARSE_C05892 (27.209N, 88.642E)",COARSE_C05892,East Sikkim,27.209,88.642,+24h,0.5933,High,HIGH,0.8168,0.399,27.5,2026-09-08T18:05:43Z,ACTIVE,forecast_composite,SIMULATED / PROTOTYPE ALERT
ALT-GRID-01866,REGIONAL_GRID_CELL,"Cell COARSE_C05893 (27.209N, 88.643E)",COARSE_C05893,East Sikkim,27.209,88.643,+24h,0.6286,High,HIGH,0.8777,0.399,27.5,2026-09-08T18:05:43Z,ACTIVE,forecast_composite,SIMULATED / PROTOTYPE ALERT
ALT-GRID-01867,REGIONAL_GRID_CELL,"Cell COARSE_C05894 (27.209N, 88.644E)",COARSE_C05894,East Sikkim,27.209,88.644,+24h,0.5906,High,HIGH,0.8122,0.399,27.5,2026-09-08T18:05:43Z,ACTIVE,forecast_composite,SIMULATED / PROTOTYPE ALERT
ALT-GRID-01868,REGIONAL_GRID_CELL,"Cell COARSE_C05895 (27.209N, 88.645E)",COARSE_C05895,East Sikkim,27.209,88.645,+24h,0.6227,High,HIGH,0.8675,0.399,27.5,2026-09-08T18:05:43Z,ACTIVE,forecast_composite,SIMULATED / PROTOTYPE ALERT
ALT-GRID-01869,REGIONAL_GRID_CELL,"Cell COARSE_C05897 (27.209N, 88.647E)",COARSE_C05897,East Sikkim,27.209,88.647,+24h,0.6793,High,HIGH,0.9652,0.399,27.5,2026-09-08T18:05:43Z,ACTIVE,forecast_composite,SIMULATED / PROTOTYPE ALERT
ALT-GRID-01870,REGIONAL_GRID_CELL,"Cell COARSE_C05900 (27.209N, 88.650E)",COARSE_C05900,East Sikkim,27.209,88.65,+24h,0.5527,High,HIGH,0.7467,0.399,27.5,2026-09-08T18:05:43Z,ACTIVE,forecast_composite,SIMULATED / PROTOTYPE ALERT
ALT-GRID-01871,REGIONAL_GRID_CELL,"Cell COARSE_C05916 (27.209N, 88.666E)",COARSE_C05916,East Sikkim,27.209,88.666,+24h,0.5535,High,HIGH,0.9981,0.109,0.0,2026-09-08T18:05:43Z,ACTIVE,forecast_composite,SIMULATED / PROTOTYPE ALERT
ALT-GRID-01872,REGIONAL_GRID_CELL,"Cell COARSE_C06031 (27.210N, 88.580E)",COARSE_C06031,East Sikkim,27.21,88.58,+24h,0.5785,High,HIGH,0.7769,0.4174,28.7,2026-09-08T18:05:43Z,ACTIVE,forecast_composite,SIMULATED / PROTOTYPE ALERT
ALT-GRID-01873,REGIONAL_GRID_CELL,"Cell COARSE_C06032 (27.210N, 88.581E)",COARSE_C06032,East Sikkim,27.21,88.581,+24h,0.5677,High,HIGH,0.7583,0.4174,28.7,2026-09-08T18:05:43Z,ACTIVE,forecast_composite,SIMULATED / PROTOTYPE ALERT
ALT-GRID-01874,REGIONAL_GRID_CELL,"Cell COARSE_C06033 (27.210N, 88.582E)",COARSE_C06033,East Sikkim,27.21,88.582,+24h,0.5625,High,HIGH,0.7495,0.4174,28.7,2026-09-08T18:05:43Z,ACTIVE,forecast_composite,SIMULATED / PROTOTYPE ALERT
ALT-GRID-01875,REGIONAL_GRID_CELL,"Cell COARSE_C06038 (27.210N, 88.587E)",COARSE_C06038,East Sikkim,27.21,88.587,+24h,0.5539,High,HIGH,0.7348,0.4174,28.7,2026-09-08T18:05:43Z,ACTIVE,forecast_composite,SIMULATED / PROTOTYPE ALERT
ALT-GRID-01876,REGIONAL_GRID_CELL,"Cell COARSE_C06058 (27.210N, 88.607E)",COARSE_C06058,Pakyong,27.21,88.607,+24h,0.6969,High,HIGH,0.9955,0.399,27.5,2026-09-08T18:05:43Z,ACTIVE,forecast_composite,SIMULATED / PROTOTYPE ALERT
ALT-GRID-01877,REGIONAL_GRID_CELL,"Cell COARSE_C06076 (27.210N, 88.625E)",COARSE_C06076,East Sikkim,27.21,88.625,+24h,0.62,High,HIGH,0.8629,0.399,27.5,2026-09-08T18:05:43Z,ACTIVE,forecast_composite,SIMULATED / PROTOTYPE ALERT
ALT-GRID-01878,REGIONAL_GRID_CELL,"Cell COARSE_C06079 (27.210N, 88.628E)",COARSE_C06079,East Sikkim,27.21,88.628,+24h,0.6303,High,HIGH,0.8806,0.399,27.5,2026-09-08T18:05:43Z,ACTIVE,forecast_composite,SIMULATED / PROTOTYPE ALERT
ALT-GRID-01879,REGIONAL_GRID_CELL,"Cell COARSE_C06093 (27.210N, 88.642E)",COARSE_C06093,East Sikkim,27.21,88.642,+24h,0.5809,High,HIGH,0.7954,0.399,27.5,2026-09-08T18:05:43Z,ACTIVE,forecast_composite,SIMULATED / PROTOTYPE ALERT
ALT-GRID-01880,REGIONAL_GRID_CELL,"Cell COARSE_C06094 (27.210N, 88.643E)",COARSE_C06094,East Sikkim,27.21,88.643,+24h,0.5852,High,HIGH,0.8028,0.399,27.5,2026-09-08T18:05:43Z,ACTIVE,forecast_composite,SIMULATED / PROTOTYPE ALERT
ALT-GRID-01881,REGIONAL_GRID_CELL,"Cell COARSE_C06095 (27.210N, 88.644E)",COARSE_C06095,East Sikkim,27.21,88.644,+24h,0.5751,High,HIGH,0.7854,0.399,27.5,2026-09-08T18:05:43Z,ACTIVE,forecast_composite,SIMULATED / PROTOTYPE ALERT
ALT-GRID-01882,REGIONAL_GRID_CELL,"Cell COARSE_C06096 (27.210N, 88.645E)",COARSE_C06096,East Sikkim,27.21,88.645,+24h,0.6079,High,HIGH,0.8419,0.399,27.5,2026-09-08T18:05:43Z,ACTIVE,forecast_composite,SIMULATED / PROTOTYPE ALERT
ALT-GRID-01883,REGIONAL_GRID_CELL,"Cell COARSE_C06097 (27.210N, 88.646E)",COARSE_C06097,East Sikkim,27.21,88.646,+24h,0.6359,High,HIGH,0.8902,0.399,27.5,2026-09-08T18:05:43Z,ACTIVE,forecast_composite,SIMULATED / PROTOTYPE ALERT
ALT-GRID-01884,REGIONAL_GRID_CELL,"Cell COARSE_C06098 (27.210N, 88.647E)",COARSE_C06098,East Sikkim,27.21,88.647,+24h,0.5956,High,HIGH,0.8207,0.399,27.5,2026-09-08T18:05:43Z,ACTIVE,forecast_composite,SIMULATED / PROTOTYPE ALERT
ALT-GRID-01885,REGIONAL_GRID_CELL,"Cell COARSE_C06099 (27.210N, 88.648E)",COARSE_C06099,East Sikkim,27.21,88.648,+24h,0.5539,High,HIGH,0.7488,0.399,27.5,2026-09-08T18:05:43Z,ACTIVE,forecast_composite,SIMULATED / PROTOTYPE ALERT
ALT-GRID-01886,REGIONAL_GRID_CELL,"Cell COARSE_C06100 (27.210N, 88.649E)",COARSE_C06100,East Sikkim,27.21,88.649,+24h,0.5822,High,HIGH,0.7977,0.399,27.5,2026-09-08T18:05:43Z,ACTIVE,forecast_composite,SIMULATED / PROTOTYPE ALERT
ALT-GRID-01887,REGIONAL_GRID_CELL,"Cell COARSE_C06101 (27.210N, 88.650E)",COARSE_C06101,East Sikkim,27.21,88.65,+24h,0.6789,High,HIGH,0.9644,0.399,27.5,2026-09-08T18:05:43Z,ACTIVE,forecast_composite,SIMULATED / PROTOTYPE ALERT
ALT-GRID-01888,REGIONAL_GRID_CELL,"Cell COARSE_C06232 (27.211N, 88.580E)",COARSE_C06232,East Sikkim,27.211,88.58,+24h,0.5692,High,HIGH,0.761,0.4174,28.7,2026-09-08T18:05:43Z,ACTIVE,forecast_composite,SIMULATED / PROTOTYPE ALERT
ALT-GRID-01889,REGIONAL_GRID_CELL,"Cell COARSE_C06233 (27.211N, 88.581E)",COARSE_C06233,East Sikkim,27.211,88.581,+24h,0.5621,High,HIGH,0.7488,0.4174,28.7,2026-09-08T18:05:43Z,ACTIVE,forecast_composite,SIMULATED / PROTOTYPE ALERT
ALT-GRID-01890,REGIONAL_GRID_CELL,"Cell COARSE_C06234 (27.211N, 88.582E)",COARSE_C06234,East Sikkim,27.211,88.582,+24h,0.5672,High,HIGH,0.7576,0.4174,28.7,2026-09-08T18:05:43Z,ACTIVE,forecast_composite,SIMULATED / PROTOTYPE ALERT
ALT-GRID-01891,REGIONAL_GRID_CELL,"Cell COARSE_C06236 (27.211N, 88.584E)",COARSE_C06236,East Sikkim,27.211,88.584,+24h,0.5618,High,HIGH,0.7482,0.4174,28.7,2026-09-08T18:05:43Z,ACTIVE,forecast_composite,SIMULATED / PROTOTYPE ALERT
ALT-GRID-01892,REGIONAL_GRID_CELL,"Cell COARSE_C06240 (27.211N, 88.588E)",COARSE_C06240,East Sikkim,27.211,88.588,+24h,0.594,High,HIGH,0.8035,0.4174,28.7,2026-09-08T18:05:43Z,ACTIVE,forecast_composite,SIMULATED / PROTOTYPE ALERT
ALT-GRID-01893,REGIONAL_GRID_CELL,"Cell COARSE_C06260 (27.211N, 88.608E)",COARSE_C06260,Pakyong,27.211,88.608,+24h,0.6953,High,HIGH,0.9927,0.399,27.5,2026-09-08T18:05:43Z,ACTIVE,forecast_composite,SIMULATED / PROTOTYPE ALERT
ALT-GRID-01894,REGIONAL_GRID_CELL,"Cell COARSE_C06277 (27.211N, 88.625E)",COARSE_C06277,East Sikkim,27.211,88.625,+24h,0.6148,High,HIGH,0.8539,0.399,27.5,2026-09-08T18:05:43Z,ACTIVE,forecast_composite,SIMULATED / PROTOTYPE ALERT
ALT-GRID-01895,REGIONAL_GRID_CELL,"Cell COARSE_C06295 (27.211N, 88.643E)",COARSE_C06295,East Sikkim,27.211,88.643,+24h,0.5763,High,HIGH,0.7875,0.399,27.5,2026-09-08T18:05:43Z,ACTIVE,forecast_composite,SIMULATED / PROTOTYPE ALERT
ALT-GRID-01896,REGIONAL_GRID_CELL,"Cell COARSE_C06296 (27.211N, 88.644E)",COARSE_C06296,East Sikkim,27.211,88.644,+24h,0.5935,High,HIGH,0.8172,0.399,27.5,2026-09-08T18:05:43Z,ACTIVE,forecast_composite,SIMULATED / PROTOTYPE ALERT
ALT-GRID-01897,REGIONAL_GRID_CELL,"Cell COARSE_C06297 (27.211N, 88.645E)",COARSE_C06297,East Sikkim,27.211,88.645,+24h,0.5977,High,HIGH,0.8243,0.399,27.5,2026-09-08T18:05:43Z,ACTIVE,forecast_composite,SIMULATED / PROTOTYPE ALERT
ALT-GRID-01898,REGIONAL_GRID_CELL,"Cell COARSE_C06298 (27.211N, 88.646E)",COARSE_C06298,East Sikkim,27.211,88.646,+24h,0.6072,High,HIGH,0.8408,0.399,27.5,2026-09-08T18:05:43Z,ACTIVE,forecast_composite,SIMULATED / PROTOTYPE ALERT
ALT-GRID-01899,REGIONAL_GRID_CELL,"Cell COARSE_C06299 (27.211N, 88.647E)",COARSE_C06299,East Sikkim,27.211,88.647,+24h,0.6313,High,HIGH,0.8824,0.399,27.5,2026-09-08T18:05:43Z,ACTIVE,forecast_composite,SIMULATED / PROTOTYPE ALERT
ALT-GRID-01900,REGIONAL_GRID_CELL,"Cell COARSE_C06300 (27.211N, 88.648E)",COARSE_C06300,East Sikkim,27.211,88.648,+24h,0.6225,High,HIGH,0.8672,0.399,27.5,2026-09-08T18:05:43Z,ACTIVE,forecast_composite,SIMULATED / PROTOTYPE ALERT
ALT-GRID-01901,REGIONAL_GRID_CELL,"Cell COARSE_C06301 (27.211N, 88.649E)",COARSE_C06301,East Sikkim,27.211,88.649,+24h,0.5763,High,HIGH,0.7875,0.399,27.5,2026-09-08T18:05:43Z,ACTIVE,forecast_composite,SIMULATED / PROTOTYPE ALERT
ALT-GRID-01902,REGIONAL_GRID_CELL,"Cell COARSE_C06302 (27.211N, 88.650E)",COARSE_C06302,East Sikkim,27.211,88.65,+24h,0.6147,High,HIGH,0.8537,0.399,27.5,2026-09-08T18:05:43Z,ACTIVE,forecast_composite,SIMULATED / PROTOTYPE ALERT
ALT-GRID-01903,REGIONAL_GRID_CELL,"Cell COARSE_C06341 (27.211N, 88.689E)",COARSE_C06341,East Sikkim,27.211,88.689,+24h,0.5529,High,HIGH,0.9969,0.109,0.0,2026-09-08T18:05:43Z,ACTIVE,forecast_composite,SIMULATED / PROTOTYPE ALERT
ALT-GRID-01904,REGIONAL_GRID_CELL,"Cell COARSE_C06433 (27.212N, 88.580E)",COARSE_C06433,East Sikkim,27.212,88.58,+24h,0.6062,High,HIGH,0.8243,0.4174,28.7,2026-09-08T18:05:43Z,ACTIVE,forecast_composite,SIMULATED / PROTOTYPE ALERT
ALT-GRID-01905,REGIONAL_GRID_CELL,"Cell COARSE_C06434 (27.212N, 88.581E)",COARSE_C06434,East Sikkim,27.212,88.581,+24h,0.5786,High,HIGH,0.7771,0.4174,28.7,2026-09-08T18:05:43Z,ACTIVE,forecast_composite,SIMULATED / PROTOTYPE ALERT
ALT-GRID-01906,REGIONAL_GRID_CELL,"Cell COARSE_C06435 (27.212N, 88.582E)",COARSE_C06435,East Sikkim,27.212,88.582,+24h,0.5795,High,HIGH,0.7786,0.4174,28.7,2026-09-08T18:05:43Z,ACTIVE,forecast_composite,SIMULATED / PROTOTYPE ALERT
ALT-GRID-01907,REGIONAL_GRID_CELL,"Cell COARSE_C06436 (27.212N, 88.583E)",COARSE_C06436,East Sikkim,27.212,88.583,+24h,0.5737,High,HIGH,0.7687,0.4174,28.7,2026-09-08T18:05:43Z,ACTIVE,forecast_composite,SIMULATED / PROTOTYPE ALERT
ALT-GRID-01908,REGIONAL_GRID_CELL,"Cell COARSE_C06437 (27.212N, 88.584E)",COARSE_C06437,East Sikkim,27.212,88.584,+24h,0.5609,High,HIGH,0.7468,0.4174,28.7,2026-09-08T18:05:43Z,ACTIVE,forecast_composite,SIMULATED / PROTOTYPE ALERT
ALT-GRID-01909,REGIONAL_GRID_CELL,"Cell COARSE_C06438 (27.212N, 88.585E)",COARSE_C06438,East Sikkim,27.212,88.585,+24h,0.5531,High,HIGH,0.7334,0.4174,28.7,2026-09-08T18:05:43Z,ACTIVE,forecast_composite,SIMULATED / PROTOTYPE ALERT
ALT-GRID-01910,REGIONAL_GRID_CELL,"Cell COARSE_C06441 (27.212N, 88.588E)",COARSE_C06441,East Sikkim,27.212,88.588,+24h,0.6137,High,HIGH,0.8373,0.4174,28.7,2026-09-08T18:05:43Z,ACTIVE,forecast_composite,SIMULATED / PROTOTYPE ALERT
ALT-GRID-01911,REGIONAL_GRID_CELL,"Cell COARSE_C06455 (27.212N, 88.602E)",COARSE_C06455,Pakyong,27.212,88.602,+24h,0.6512,High,HIGH,0.9166,0.399,27.5,2026-09-08T18:05:43Z,ACTIVE,forecast_composite,SIMULATED / PROTOTYPE ALERT
ALT-GRID-01912,REGIONAL_GRID_CELL,"Cell COARSE_C06458 (27.212N, 88.605E)",COARSE_C06458,Pakyong,27.212,88.605,+24h,0.6964,High,HIGH,0.9946,0.399,27.5,2026-09-08T18:05:43Z,ACTIVE,forecast_composite,SIMULATED / PROTOTYPE ALERT
ALT-GRID-01913,REGIONAL_GRID_CELL,"Cell COARSE_C06461 (27.212N, 88.608E)",COARSE_C06461,Pakyong,27.212,88.608,+24h,0.6962,High,HIGH,0.9943,0.399,27.5,2026-09-08T18:05:43Z,ACTIVE,forecast_composite,SIMULATED / PROTOTYPE ALERT
ALT-GRID-01914,REGIONAL_GRID_CELL,"Cell COARSE_C06465 (27.212N, 88.612E)",COARSE_C06465,Pakyong,27.212,88.612,+24h,0.5575,High,HIGH,0.7551,0.399,27.5,2026-09-08T18:05:43Z,ACTIVE,forecast_composite,SIMULATED / PROTOTYPE ALERT
ALT-GRID-01915,REGIONAL_GRID_CELL,"Cell COARSE_C06496 (27.212N, 88.643E)",COARSE_C06496,East Sikkim,27.212,88.643,+24h,0.556,High,HIGH,0.7525,0.399,27.5,2026-09-08T18:05:43Z,ACTIVE,forecast_composite,SIMULATED / PROTOTYPE ALERT
ALT-GRID-01916,REGIONAL_GRID_CELL,"Cell COARSE_C06498 (27.212N, 88.645E)",COARSE_C06498,East Sikkim,27.212,88.645,+24h,0.5745,High,HIGH,0.7844,0.399,27.5,2026-09-08T18:05:43Z,ACTIVE,forecast_composite,SIMULATED / PROTOTYPE ALERT
ALT-GRID-01917,REGIONAL_GRID_CELL,"Cell COARSE_C06499 (27.212N, 88.646E)",COARSE_C06499,East Sikkim,27.212,88.646,+24h,0.5993,High,HIGH,0.8272,0.399,27.5,2026-09-08T18:05:43Z,ACTIVE,forecast_composite,SIMULATED / PROTOTYPE ALERT
ALT-GRID-01918,REGIONAL_GRID_CELL,"Cell COARSE_C06500 (27.212N, 88.647E)",COARSE_C06500,East Sikkim,27.212,88.647,+24h,0.5891,High,HIGH,0.8096,0.399,27.5,2026-09-08T18:05:43Z,ACTIVE,forecast_composite,SIMULATED / PROTOTYPE ALERT
ALT-GRID-01919,REGIONAL_GRID_CELL,"Cell COARSE_C06501 (27.212N, 88.648E)",COARSE_C06501,East Sikkim,27.212,88.648,+24h,0.6026,High,HIGH,0.8329,0.399,27.5,2026-09-08T18:05:43Z,ACTIVE,forecast_composite,SIMULATED / PROTOTYPE ALERT
ALT-GRID-01920,REGIONAL_GRID_CELL,"Cell COARSE_C06502 (27.212N, 88.649E)",COARSE_C06502,East Sikkim,27.212,88.649,+24h,0.6097,High,HIGH,0.845,0.399,27.5,2026-09-08T18:05:43Z,ACTIVE,forecast_composite,SIMULATED / PROTOTYPE ALERT
ALT-GRID-01921,REGIONAL_GRID_CELL,"Cell COARSE_C06503 (27.212N, 88.650E)",COARSE_C06503,East Sikkim,27.212,88.65,+24h,0.6341,High,HIGH,0.8872,0.399,27.5,2026-09-08T18:05:43Z,ACTIVE,forecast_composite,SIMULATED / PROTOTYPE ALERT
ALT-GRID-01922,REGIONAL_GRID_CELL,"Cell COARSE_C06634 (27.213N, 88.580E)",COARSE_C06634,East Sikkim,27.213,88.58,+24h,0.6293,High,HIGH,0.8639,0.4174,28.7,2026-09-08T18:05:43Z,ACTIVE,forecast_composite,SIMULATED / PROTOTYPE ALERT
ALT-GRID-01923,REGIONAL_GRID_CELL,"Cell COARSE_C06635 (27.213N, 88.581E)",COARSE_C06635,East Sikkim,27.213,88.581,+24h,0.5955,High,HIGH,0.806,0.4174,28.7,2026-09-08T18:05:43Z,ACTIVE,forecast_composite,SIMULATED / PROTOTYPE ALERT
ALT-GRID-01924,REGIONAL_GRID_CELL,"Cell COARSE_C06636 (27.213N, 88.582E)",COARSE_C06636,East Sikkim,27.213,88.582,+24h,0.5902,High,HIGH,0.7969,0.4174,28.7,2026-09-08T18:05:43Z,ACTIVE,forecast_composite,SIMULATED / PROTOTYPE ALERT
ALT-GRID-01925,REGIONAL_GRID_CELL,"Cell COARSE_C06637 (27.213N, 88.583E)",COARSE_C06637,East Sikkim,27.213,88.583,+24h,0.5862,High,HIGH,0.7901,0.4174,28.7,2026-09-08T18:05:43Z,ACTIVE,forecast_composite,SIMULATED / PROTOTYPE ALERT
ALT-GRID-01926,REGIONAL_GRID_CELL,"Cell COARSE_C06638 (27.213N, 88.584E)",COARSE_C06638,East Sikkim,27.213,88.584,+24h,0.5735,High,HIGH,0.7683,0.4174,28.7,2026-09-08T18:05:43Z,ACTIVE,forecast_composite,SIMULATED / PROTOTYPE ALERT
ALT-GRID-01927,REGIONAL_GRID_CELL,"Cell COARSE_C06639 (27.213N, 88.585E)",COARSE_C06639,East Sikkim,27.213,88.585,+24h,0.6121,High,HIGH,0.8345,0.4174,28.7,2026-09-08T18:05:43Z,ACTIVE,forecast_composite,SIMULATED / PROTOTYPE ALERT
ALT-GRID-01928,REGIONAL_GRID_CELL,"Cell COARSE_C06641 (27.213N, 88.587E)",COARSE_C06641,East Sikkim,27.213,88.587,+24h,0.569,High,HIGH,0.7606,0.4174,28.7,2026-09-08T18:05:43Z,ACTIVE,forecast_composite,SIMULATED / PROTOTYPE ALERT
ALT-GRID-01929,REGIONAL_GRID_CELL,"Cell COARSE_C06642 (27.213N, 88.588E)",COARSE_C06642,East Sikkim,27.213,88.588,+24h,0.594,High,HIGH,0.8035,0.4174,28.7,2026-09-08T18:05:43Z,ACTIVE,forecast_composite,SIMULATED / PROTOTYPE ALERT
ALT-GRID-01930,REGIONAL_GRID_CELL,"Cell COARSE_C06647 (27.213N, 88.593E)",COARSE_C06647,East Sikkim,27.213,88.593,+24h,0.6746,High,HIGH,0.9416,0.4174,28.7,2026-09-08T18:05:43Z,ACTIVE,forecast_composite,SIMULATED / PROTOTYPE ALERT
ALT-GRID-01931,REGIONAL_GRID_CELL,"Cell COARSE_C06663 (27.213N, 88.609E)",COARSE_C06663,Pakyong,27.213,88.609,+24h,0.6968,High,HIGH,0.9953,0.399,27.5,2026-09-08T18:05:43Z,ACTIVE,forecast_composite,SIMULATED / PROTOTYPE ALERT
ALT-GRID-01932,REGIONAL_GRID_CELL,"Cell COARSE_C06666 (27.213N, 88.612E)",COARSE_C06666,Pakyong,27.213,88.612,+24h,0.5532,High,HIGH,0.7477,0.399,27.5,2026-09-08T18:05:43Z,ACTIVE,forecast_composite,SIMULATED / PROTOTYPE ALERT
ALT-GRID-01933,REGIONAL_GRID_CELL,"Cell COARSE_C06687 (27.213N, 88.633E)",COARSE_C06687,East Sikkim,27.213,88.633,+24h,0.6969,High,HIGH,0.9954,0.399,27.5,2026-09-08T18:05:43Z,ACTIVE,forecast_composite,SIMULATED / PROTOTYPE ALERT
ALT-GRID-01934,REGIONAL_GRID_CELL,"Cell COARSE_C06697 (27.213N, 88.643E)",COARSE_C06697,East Sikkim,27.213,88.643,+24h,0.5551,High,HIGH,0.7509,0.399,27.5,2026-09-08T18:05:43Z,ACTIVE,forecast_composite,SIMULATED / PROTOTYPE ALERT
ALT-GRID-01935,REGIONAL_GRID_CELL,"Cell COARSE_C06699 (27.213N, 88.645E)",COARSE_C06699,East Sikkim,27.213,88.645,+24h,0.5577,High,HIGH,0.7554,0.399,27.5,2026-09-08T18:05:43Z,ACTIVE,forecast_composite,SIMULATED / PROTOTYPE ALERT
ALT-GRID-01936,REGIONAL_GRID_CELL,"Cell COARSE_C06700 (27.213N, 88.646E)",COARSE_C06700,East Sikkim,27.213,88.646,+24h,0.6068,High,HIGH,0.8401,0.399,27.5,2026-09-08T18:05:43Z,ACTIVE,forecast_composite,SIMULATED / PROTOTYPE ALERT
ALT-GRID-01937,REGIONAL_GRID_CELL,"Cell COARSE_C06701 (27.213N, 88.647E)",COARSE_C06701,East Sikkim,27.213,88.647,+24h,0.5862,High,HIGH,0.8045,0.399,27.5,2026-09-08T18:05:43Z,ACTIVE,forecast_composite,SIMULATED / PROTOTYPE ALERT
ALT-GRID-01938,REGIONAL_GRID_CELL,"Cell COARSE_C06702 (27.213N, 88.648E)",COARSE_C06702,East Sikkim,27.213,88.648,+24h,0.6121,High,HIGH,0.8493,0.399,27.5,2026-09-08T18:05:43Z,ACTIVE,forecast_composite,SIMULATED / PROTOTYPE ALERT
ALT-GRID-01939,REGIONAL_GRID_CELL,"Cell COARSE_C06704 (27.213N, 88.650E)",COARSE_C06704,East Sikkim,27.213,88.65,+24h,0.6153,High,HIGH,0.8547,0.399,27.5,2026-09-08T18:05:43Z,ACTIVE,forecast_composite,SIMULATED / PROTOTYPE ALERT
ALT-GRID-01940,REGIONAL_GRID_CELL,"Cell COARSE_C06781 (27.213N, 88.727E)",COARSE_C06781,East Sikkim,27.213,88.727,+24h,0.5543,High,HIGH,0.9992,0.1095,0.0,2026-09-08T18:05:43Z,ACTIVE,forecast_composite,SIMULATED / PROTOTYPE ALERT
ALT-GRID-01941,REGIONAL_GRID_CELL,"Cell COARSE_C06835 (27.214N, 88.580E)",COARSE_C06835,East Sikkim,27.214,88.58,+24h,0.5958,High,HIGH,0.8065,0.4174,28.7,2026-09-08T18:05:43Z,ACTIVE,forecast_composite,SIMULATED / PROTOTYPE ALERT
ALT-GRID-01942,REGIONAL_GRID_CELL,"Cell COARSE_C06836 (27.214N, 88.581E)",COARSE_C06836,East Sikkim,27.214,88.581,+24h,0.6034,High,HIGH,0.8195,0.4174,28.7,2026-09-08T18:05:43Z,ACTIVE,forecast_composite,SIMULATED / PROTOTYPE ALERT
ALT-GRID-01943,REGIONAL_GRID_CELL,"Cell COARSE_C06837 (27.214N, 88.582E)",COARSE_C06837,East Sikkim,27.214,88.582,+24h,0.5976,High,HIGH,0.8097,0.4174,28.7,2026-09-08T18:05:43Z,ACTIVE,forecast_composite,SIMULATED / PROTOTYPE ALERT
ALT-GRID-01944,REGIONAL_GRID_CELL,"Cell COARSE_C06838 (27.214N, 88.583E)",COARSE_C06838,East Sikkim,27.214,88.583,+24h,0.5841,High,HIGH,0.7865,0.4174,28.7,2026-09-08T18:05:43Z,ACTIVE,forecast_composite,SIMULATED / PROTOTYPE ALERT
ALT-GRID-01945,REGIONAL_GRID_CELL,"Cell COARSE_C06839 (27.214N, 88.584E)",COARSE_C06839,East Sikkim,27.214,88.584,+24h,0.5909,High,HIGH,0.7982,0.4174,28.7,2026-09-08T18:05:43Z,ACTIVE,forecast_composite,SIMULATED / PROTOTYPE ALERT
ALT-GRID-01946,REGIONAL_GRID_CELL,"Cell COARSE_C06840 (27.214N, 88.585E)",COARSE_C06840,East Sikkim,27.214,88.585,+24h,0.5766,High,HIGH,0.7736,0.4174,28.7,2026-09-08T18:05:43Z,ACTIVE,forecast_composite,SIMULATED / PROTOTYPE ALERT
ALT-GRID-01947,REGIONAL_GRID_CELL,"Cell COARSE_C06842 (27.214N, 88.587E)",COARSE_C06842,East Sikkim,27.214,88.587,+24h,0.5576,High,HIGH,0.7411,0.4174,28.7,2026-09-08T18:05:43Z,ACTIVE,forecast_composite,SIMULATED / PROTOTYPE ALERT
ALT-GRID-01948,REGIONAL_GRID_CELL,"Cell COARSE_C06843 (27.214N, 88.588E)",COARSE_C06843,East Sikkim,27.214,88.588,+24h,0.555,High,HIGH,0.7366,0.4174,28.7,2026-09-08T18:05:43Z,ACTIVE,forecast_composite,SIMULATED / PROTOTYPE ALERT
ALT-GRID-01949,REGIONAL_GRID_CELL,"Cell COARSE_C06863 (27.214N, 88.608E)",COARSE_C06863,Pakyong,27.214,88.608,+24h,0.6671,High,HIGH,0.9441,0.399,27.5,2026-09-08T18:05:43Z,ACTIVE,forecast_composite,SIMULATED / PROTOTYPE ALERT
ALT-GRID-01950,REGIONAL_GRID_CELL,"Cell COARSE_C06873 (27.214N, 88.618E)",COARSE_C06873,East Sikkim,27.214,88.618,+24h,0.6446,High,HIGH,0.9052,0.399,27.5,2026-09-08T18:05:43Z,ACTIVE,forecast_composite,SIMULATED / PROTOTYPE ALERT
ALT-GRID-01951,REGIONAL_GRID_CELL,"Cell COARSE_C06890 (27.214N, 88.635E)",COARSE_C06890,East Sikkim,27.214,88.635,+24h,0.6943,High,HIGH,0.991,0.399,27.5,2026-09-08T18:05:43Z,ACTIVE,forecast_composite,SIMULATED / PROTOTYPE ALERT
ALT-GRID-01952,REGIONAL_GRID_CELL,"Cell COARSE_C06900 (27.214N, 88.645E)",COARSE_C06900,East Sikkim,27.214,88.645,+24h,0.5942,High,HIGH,0.8184,0.399,27.5,2026-09-08T18:05:43Z,ACTIVE,forecast_composite,SIMULATED / PROTOTYPE ALERT
ALT-GRID-01953,REGIONAL_GRID_CELL,"Cell COARSE_C06901 (27.214N, 88.646E)",COARSE_C06901,East Sikkim,27.214,88.646,+24h,0.5781,High,HIGH,0.7905,0.399,27.5,2026-09-08T18:05:43Z,ACTIVE,forecast_composite,SIMULATED / PROTOTYPE ALERT
ALT-GRID-01954,REGIONAL_GRID_CELL,"Cell COARSE_C06902 (27.214N, 88.647E)",COARSE_C06902,East Sikkim,27.214,88.647,+24h,0.5992,High,HIGH,0.8269,0.399,27.5,2026-09-08T18:05:43Z,ACTIVE,forecast_composite,SIMULATED / PROTOTYPE ALERT
ALT-GRID-01955,REGIONAL_GRID_CELL,"Cell COARSE_C06903 (27.214N, 88.648E)",COARSE_C06903,East Sikkim,27.214,88.648,+24h,0.6193,High,HIGH,0.8616,0.399,27.5,2026-09-08T18:05:43Z,ACTIVE,forecast_composite,SIMULATED / PROTOTYPE ALERT
ALT-GRID-01956,REGIONAL_GRID_CELL,"Cell COARSE_C06904 (27.214N, 88.649E)",COARSE_C06904,East Sikkim,27.214,88.649,+24h,0.626,High,HIGH,0.8732,0.399,27.5,2026-09-08T18:05:43Z,ACTIVE,forecast_composite,SIMULATED / PROTOTYPE ALERT
ALT-GRID-01957,REGIONAL_GRID_CELL,"Cell COARSE_C06905 (27.214N, 88.650E)",COARSE_C06905,East Sikkim,27.214,88.65,+24h,0.6093,High,HIGH,0.8444,0.399,27.5,2026-09-08T18:05:43Z,ACTIVE,forecast_composite,SIMULATED / PROTOTYPE ALERT
ALT-GRID-01958,REGIONAL_GRID_CELL,"Cell COARSE_C07036 (27.215N, 88.580E)",COARSE_C07036,East Sikkim,27.215,88.58,+24h,0.6087,High,HIGH,0.8287,0.4174,28.7,2026-09-08T18:05:43Z,ACTIVE,forecast_composite,SIMULATED / PROTOTYPE ALERT
ALT-GRID-01959,REGIONAL_GRID_CELL,"Cell COARSE_C07037 (27.215N, 88.581E)",COARSE_C07037,East Sikkim,27.215,88.581,+24h,0.5727,High,HIGH,0.7669,0.4174,28.7,2026-09-08T18:05:43Z,ACTIVE,forecast_composite,SIMULATED / PROTOTYPE ALERT
ALT-GRID-01960,REGIONAL_GRID_CELL,"Cell COARSE_C07038 (27.215N, 88.582E)",COARSE_C07038,East Sikkim,27.215,88.582,+24h,0.6195,High,HIGH,0.8472,0.4174,28.7,2026-09-08T18:05:43Z,ACTIVE,forecast_composite,SIMULATED / PROTOTYPE ALERT
ALT-GRID-01961,REGIONAL_GRID_CELL,"Cell COARSE_C07040 (27.215N, 88.584E)",COARSE_C07040,East Sikkim,27.215,88.584,+24h,0.5776,High,HIGH,0.7754,0.4174,28.7,2026-09-08T18:05:43Z,ACTIVE,forecast_composite,SIMULATED / PROTOTYPE ALERT
ALT-GRID-01962,REGIONAL_GRID_CELL,"Cell COARSE_C07041 (27.215N, 88.585E)",COARSE_C07041,East Sikkim,27.215,88.585,+24h,0.5675,High,HIGH,0.758,0.4174,28.7,2026-09-08T18:05:43Z,ACTIVE,forecast_composite,SIMULATED / PROTOTYPE ALERT
ALT-GRID-01963,REGIONAL_GRID_CELL,"Cell COARSE_C07042 (27.215N, 88.586E)",COARSE_C07042,East Sikkim,27.215,88.586,+24h,0.5911,High,HIGH,0.7984,0.4174,28.7,2026-09-08T18:05:43Z,ACTIVE,forecast_composite,SIMULATED / PROTOTYPE ALERT
ALT-GRID-01964,REGIONAL_GRID_CELL,"Cell COARSE_C07043 (27.215N, 88.587E)",COARSE_C07043,East Sikkim,27.215,88.587,+24h,0.5691,High,HIGH,0.7608,0.4174,28.7,2026-09-08T18:05:43Z,ACTIVE,forecast_composite,SIMULATED / PROTOTYPE ALERT
ALT-GRID-01965,REGIONAL_GRID_CELL,"Cell COARSE_C07055 (27.215N, 88.599E)",COARSE_C07055,East Sikkim,27.215,88.599,+24h,0.5745,High,HIGH,0.7701,0.4174,28.7,2026-09-08T18:05:43Z,ACTIVE,forecast_composite,SIMULATED / PROTOTYPE ALERT
ALT-GRID-01966,REGIONAL_GRID_CELL,"Cell COARSE_C07064 (27.215N, 88.608E)",COARSE_C07064,East Sikkim,27.215,88.608,+24h,0.6859,High,HIGH,0.9765,0.399,27.5,2026-09-08T18:05:43Z,ACTIVE,forecast_composite,SIMULATED / PROTOTYPE ALERT
ALT-GRID-01967,REGIONAL_GRID_CELL,"Cell COARSE_C07065 (27.215N, 88.609E)",COARSE_C07065,East Sikkim,27.215,88.609,+24h,0.6701,High,HIGH,0.9493,0.399,27.5,2026-09-08T18:05:43Z,ACTIVE,forecast_composite,SIMULATED / PROTOTYPE ALERT
ALT-GRID-01968,REGIONAL_GRID_CELL,"Cell COARSE_C07099 (27.215N, 88.643E)",COARSE_C07099,East Sikkim,27.215,88.643,+24h,0.5537,High,HIGH,0.7485,0.399,27.5,2026-09-08T18:05:43Z,ACTIVE,forecast_composite,SIMULATED / PROTOTYPE ALERT
ALT-GRID-01969,REGIONAL_GRID_CELL,"Cell COARSE_C07100 (27.215N, 88.644E)",COARSE_C07100,East Sikkim,27.215,88.644,+24h,0.5707,High,HIGH,0.7778,0.399,27.5,2026-09-08T18:05:43Z,ACTIVE,forecast_composite,SIMULATED / PROTOTYPE ALERT
ALT-GRID-01970,REGIONAL_GRID_CELL,"Cell COARSE_C07101 (27.215N, 88.645E)",COARSE_C07101,East Sikkim,27.215,88.645,+24h,0.5855,High,HIGH,0.8033,0.399,27.5,2026-09-08T18:05:43Z,ACTIVE,forecast_composite,SIMULATED / PROTOTYPE ALERT
ALT-GRID-01971,REGIONAL_GRID_CELL,"Cell COARSE_C07102 (27.215N, 88.646E)",COARSE_C07102,East Sikkim,27.215,88.646,+24h,0.5775,High,HIGH,0.7896,0.399,27.5,2026-09-08T18:05:43Z,ACTIVE,forecast_composite,SIMULATED / PROTOTYPE ALERT
ALT-GRID-01972,REGIONAL_GRID_CELL,"Cell COARSE_C07103 (27.215N, 88.647E)",COARSE_C07103,East Sikkim,27.215,88.647,+24h,0.5798,High,HIGH,0.7935,0.399,27.5,2026-09-08T18:05:43Z,ACTIVE,forecast_composite,SIMULATED / PROTOTYPE ALERT
ALT-GRID-01973,REGIONAL_GRID_CELL,"Cell COARSE_C07104 (27.215N, 88.648E)",COARSE_C07104,East Sikkim,27.215,88.648,+24h,0.5959,High,HIGH,0.8212,0.399,27.5,2026-09-08T18:05:43Z,ACTIVE,forecast_composite,SIMULATED / PROTOTYPE ALERT
ALT-GRID-01974,REGIONAL_GRID_CELL,"Cell COARSE_C07105 (27.215N, 88.649E)",COARSE_C07105,East Sikkim,27.215,88.649,+24h,0.6457,High,HIGH,0.9072,0.399,27.5,2026-09-08T18:05:43Z,ACTIVE,forecast_composite,SIMULATED / PROTOTYPE ALERT
ALT-GRID-01975,REGIONAL_GRID_CELL,"Cell COARSE_C07106 (27.215N, 88.650E)",COARSE_C07106,East Sikkim,27.215,88.65,+24h,0.5999,High,HIGH,0.8281,0.399,27.5,2026-09-08T18:05:43Z,ACTIVE,forecast_composite,SIMULATED / PROTOTYPE ALERT
ALT-GRID-01976,REGIONAL_GRID_CELL,"Cell COARSE_C07237 (27.216N, 88.580E)",COARSE_C07237,East Sikkim,27.216,88.58,+24h,0.5828,High,HIGH,0.7843,0.4174,28.7,2026-09-08T18:05:43Z,ACTIVE,forecast_composite,SIMULATED / PROTOTYPE ALERT
ALT-GRID-01977,REGIONAL_GRID_CELL,"Cell COARSE_C07238 (27.216N, 88.581E)",COARSE_C07238,East Sikkim,27.216,88.581,+24h,0.5668,High,HIGH,0.7568,0.4174,28.7,2026-09-08T18:05:43Z,ACTIVE,forecast_composite,SIMULATED / PROTOTYPE ALERT
ALT-GRID-01978,REGIONAL_GRID_CELL,"Cell COARSE_C07241 (27.216N, 88.584E)",COARSE_C07241,East Sikkim,27.216,88.584,+24h,0.6021,High,HIGH,0.8174,0.4174,28.7,2026-09-08T18:05:43Z,ACTIVE,forecast_composite,SIMULATED / PROTOTYPE ALERT
ALT-GRID-01979,REGIONAL_GRID_CELL,"Cell COARSE_C07242 (27.216N, 88.585E)",COARSE_C07242,East Sikkim,27.216,88.585,+24h,0.5874,High,HIGH,0.7921,0.4174,28.7,2026-09-08T18:05:43Z,ACTIVE,forecast_composite,SIMULATED / PROTOTYPE ALERT
ALT-GRID-01980,REGIONAL_GRID_CELL,"Cell COARSE_C07243 (27.216N, 88.586E)",COARSE_C07243,East Sikkim,27.216,88.586,+24h,0.5595,High,HIGH,0.7444,0.4174,28.7,2026-09-08T18:05:43Z,ACTIVE,forecast_composite,SIMULATED / PROTOTYPE ALERT
ALT-GRID-01981,REGIONAL_GRID_CELL,"Cell COARSE_C07301 (27.216N, 88.644E)",COARSE_C07301,East Sikkim,27.216,88.644,+24h,0.5688,High,HIGH,0.7745,0.399,27.5,2026-09-08T18:05:43Z,ACTIVE,forecast_composite,SIMULATED / PROTOTYPE ALERT
ALT-GRID-01982,REGIONAL_GRID_CELL,"Cell COARSE_C07302 (27.216N, 88.645E)",COARSE_C07302,East Sikkim,27.216,88.645,+24h,0.5777,High,HIGH,0.7899,0.399,27.5,2026-09-08T18:05:43Z,ACTIVE,forecast_composite,SIMULATED / PROTOTYPE ALERT
ALT-GRID-01983,REGIONAL_GRID_CELL,"Cell COARSE_C07303 (27.216N, 88.646E)",COARSE_C07303,East Sikkim,27.216,88.646,+24h,0.5598,High,HIGH,0.759,0.399,27.5,2026-09-08T18:05:43Z,ACTIVE,forecast_composite,SIMULATED / PROTOTYPE ALERT
ALT-GRID-01984,REGIONAL_GRID_CELL,"Cell COARSE_C07304 (27.216N, 88.647E)",COARSE_C07304,East Sikkim,27.216,88.647,+24h,0.6154,High,HIGH,0.8549,0.399,27.5,2026-09-08T18:05:43Z,ACTIVE,forecast_composite,SIMULATED / PROTOTYPE ALERT
ALT-GRID-01985,REGIONAL_GRID_CELL,"Cell COARSE_C07305 (27.216N, 88.648E)",COARSE_C07305,East Sikkim,27.216,88.648,+24h,0.5898,High,HIGH,0.8107,0.399,27.5,2026-09-08T18:05:43Z,ACTIVE,forecast_composite,SIMULATED / PROTOTYPE ALERT
ALT-GRID-01986,REGIONAL_GRID_CELL,"Cell COARSE_C07306 (27.216N, 88.649E)",COARSE_C07306,East Sikkim,27.216,88.649,+24h,0.6371,High,HIGH,0.8923,0.399,27.5,2026-09-08T18:05:43Z,ACTIVE,forecast_composite,SIMULATED / PROTOTYPE ALERT
ALT-GRID-01987,REGIONAL_GRID_CELL,"Cell COARSE_C07307 (27.216N, 88.650E)",COARSE_C07307,East Sikkim,27.216,88.65,+24h,0.6163,High,HIGH,0.8564,0.399,27.5,2026-09-08T18:05:43Z,ACTIVE,forecast_composite,SIMULATED / PROTOTYPE ALERT
ALT-GRID-01988,REGIONAL_GRID_CELL,"Cell COARSE_C07442 (27.217N, 88.584E)",COARSE_C07442,East Sikkim,27.217,88.584,+24h,0.6044,High,HIGH,0.8213,0.4174,28.7,2026-09-08T18:05:43Z,ACTIVE,forecast_composite,SIMULATED / PROTOTYPE ALERT
ALT-GRID-01989,REGIONAL_GRID_CELL,"Cell COARSE_C07443 (27.217N, 88.585E)",COARSE_C07443,East Sikkim,27.217,88.585,+24h,0.5936,High,HIGH,0.8028,0.4174,28.7,2026-09-08T18:05:43Z,ACTIVE,forecast_composite,SIMULATED / PROTOTYPE ALERT
ALT-GRID-01990,REGIONAL_GRID_CELL,"Cell COARSE_C07458 (27.217N, 88.600E)",COARSE_C07458,East Sikkim,27.217,88.6,+24h,0.6741,High,HIGH,0.9408,0.4174,28.7,2026-09-08T18:05:43Z,ACTIVE,forecast_composite,SIMULATED / PROTOTYPE ALERT
ALT-GRID-01991,REGIONAL_GRID_CELL,"Cell COARSE_C07460 (27.217N, 88.602E)",COARSE_C07460,East Sikkim,27.217,88.602,+24h,0.6959,High,HIGH,0.9938,0.399,27.5,2026-09-08T18:05:43Z,ACTIVE,forecast_composite,SIMULATED / PROTOTYPE ALERT
ALT-GRID-01992,REGIONAL_GRID_CELL,"Cell COARSE_C07461 (27.217N, 88.603E)",COARSE_C07461,East Sikkim,27.217,88.603,+24h,0.696,High,HIGH,0.994,0.399,27.5,2026-09-08T18:05:43Z,ACTIVE,forecast_composite,SIMULATED / PROTOTYPE ALERT
ALT-GRID-01993,REGIONAL_GRID_CELL,"Cell COARSE_C07462 (27.217N, 88.604E)",COARSE_C07462,East Sikkim,27.217,88.604,+24h,0.6512,High,HIGH,0.9167,0.399,27.5,2026-09-08T18:05:43Z,ACTIVE,forecast_composite,SIMULATED / PROTOTYPE ALERT
ALT-GRID-01994,REGIONAL_GRID_CELL,"Cell COARSE_C07466 (27.217N, 88.608E)",COARSE_C07466,East Sikkim,27.217,88.608,+24h,0.5535,High,HIGH,0.7481,0.399,27.5,2026-09-08T18:05:43Z,ACTIVE,forecast_composite,SIMULATED / PROTOTYPE ALERT
ALT-GRID-01995,REGIONAL_GRID_CELL,"Cell COARSE_C07503 (27.217N, 88.645E)",COARSE_C07503,East Sikkim,27.217,88.645,+24h,0.5929,High,HIGH,0.8161,0.399,27.5,2026-09-08T18:05:43Z,ACTIVE,forecast_composite,SIMULATED / PROTOTYPE ALERT
ALT-GRID-01996,REGIONAL_GRID_CELL,"Cell COARSE_C07504 (27.217N, 88.646E)",COARSE_C07504,East Sikkim,27.217,88.646,+24h,0.5752,High,HIGH,0.7855,0.399,27.5,2026-09-08T18:05:43Z,ACTIVE,forecast_composite,SIMULATED / PROTOTYPE ALERT
ALT-GRID-01997,REGIONAL_GRID_CELL,"Cell COARSE_C07505 (27.217N, 88.647E)",COARSE_C07505,East Sikkim,27.217,88.647,+24h,0.5855,High,HIGH,0.8033,0.399,27.5,2026-09-08T18:05:43Z,ACTIVE,forecast_composite,SIMULATED / PROTOTYPE ALERT
ALT-GRID-01998,REGIONAL_GRID_CELL,"Cell COARSE_C07506 (27.217N, 88.648E)",COARSE_C07506,East Sikkim,27.217,88.648,+24h,0.6494,High,HIGH,0.9136,0.399,27.5,2026-09-08T18:05:43Z,ACTIVE,forecast_composite,SIMULATED / PROTOTYPE ALERT
ALT-GRID-01999,REGIONAL_GRID_CELL,"Cell COARSE_C07507 (27.217N, 88.649E)",COARSE_C07507,East Sikkim,27.217,88.649,+24h,0.5841,High,HIGH,0.8009,0.399,27.5,2026-09-08T18:05:43Z,ACTIVE,forecast_composite,SIMULATED / PROTOTYPE ALERT
ALT-GRID-02000,REGIONAL_GRID_CELL,"Cell COARSE_C07508 (27.217N, 88.650E)",COARSE_C07508,East Sikkim,27.217,88.65,+24h,0.6177,High,HIGH,0.8588,0.399,27.5,2026-09-08T18:05:43Z,ACTIVE,forecast_composite,SIMULATED / PROTOTYPE ALERT
ALT-GRID-02001,REGIONAL_GRID_CELL,"Cell COARSE_C07639 (27.218N, 88.580E)",COARSE_C07639,East Sikkim,27.218,88.58,+24h,0.6811,High,HIGH,0.9528,0.4174,28.7,2026-09-08T18:05:43Z,ACTIVE,forecast_composite,SIMULATED / PROTOTYPE ALERT
ALT-GRID-02002,REGIONAL_GRID_CELL,"Cell COARSE_C07642 (27.218N, 88.583E)",COARSE_C07642,East Sikkim,27.218,88.583,+24h,0.5667,High,HIGH,0.7566,0.4174,28.7,2026-09-08T18:05:43Z,ACTIVE,forecast_composite,SIMULATED / PROTOTYPE ALERT
ALT-GRID-02003,REGIONAL_GRID_CELL,"Cell COARSE_C07643 (27.218N, 88.584E)",COARSE_C07643,East Sikkim,27.218,88.584,+24h,0.5758,High,HIGH,0.7722,0.4174,28.7,2026-09-08T18:05:43Z,ACTIVE,forecast_composite,SIMULATED / PROTOTYPE ALERT
ALT-GRID-02004,REGIONAL_GRID_CELL,"Cell COARSE_C07693 (27.218N, 88.634E)",COARSE_C07693,East Sikkim,27.218,88.634,+24h,0.6611,High,HIGH,0.9337,0.399,27.5,2026-09-08T18:05:43Z,ACTIVE,forecast_composite,SIMULATED / PROTOTYPE ALERT
ALT-GRID-02005,REGIONAL_GRID_CELL,"Cell COARSE_C07701 (27.218N, 88.642E)",COARSE_C07701,East Sikkim,27.218,88.642,+24h,0.5614,High,HIGH,0.7617,0.399,27.5,2026-09-08T18:05:43Z,ACTIVE,forecast_composite,SIMULATED / PROTOTYPE ALERT
ALT-GRID-02006,REGIONAL_GRID_CELL,"Cell COARSE_C07702 (27.218N, 88.643E)",COARSE_C07702,East Sikkim,27.218,88.643,+24h,0.5721,High,HIGH,0.7803,0.399,27.5,2026-09-08T18:05:43Z,ACTIVE,forecast_composite,SIMULATED / PROTOTYPE ALERT
ALT-GRID-02007,REGIONAL_GRID_CELL,"Cell COARSE_C07703 (27.218N, 88.644E)",COARSE_C07703,East Sikkim,27.218,88.644,+24h,0.5645,High,HIGH,0.7671,0.399,27.5,2026-09-08T18:05:43Z,ACTIVE,forecast_composite,SIMULATED / PROTOTYPE ALERT
ALT-GRID-02008,REGIONAL_GRID_CELL,"Cell COARSE_C07704 (27.218N, 88.645E)",COARSE_C07704,East Sikkim,27.218,88.645,+24h,0.5691,High,HIGH,0.7751,0.399,27.5,2026-09-08T18:05:43Z,ACTIVE,forecast_composite,SIMULATED / PROTOTYPE ALERT
ALT-GRID-02009,REGIONAL_GRID_CELL,"Cell COARSE_C07705 (27.218N, 88.646E)",COARSE_C07705,East Sikkim,27.218,88.646,+24h,0.5923,High,HIGH,0.8151,0.399,27.5,2026-09-08T18:05:43Z,ACTIVE,forecast_composite,SIMULATED / PROTOTYPE ALERT
ALT-GRID-02010,REGIONAL_GRID_CELL,"Cell COARSE_C07706 (27.218N, 88.647E)",COARSE_C07706,East Sikkim,27.218,88.647,+24h,0.5593,High,HIGH,0.7581,0.399,27.5,2026-09-08T18:05:43Z,ACTIVE,forecast_composite,SIMULATED / PROTOTYPE ALERT
ALT-GRID-02011,REGIONAL_GRID_CELL,"Cell COARSE_C07707 (27.218N, 88.648E)",COARSE_C07707,East Sikkim,27.218,88.648,+24h,0.6078,High,HIGH,0.8418,0.399,27.5,2026-09-08T18:05:43Z,ACTIVE,forecast_composite,SIMULATED / PROTOTYPE ALERT
ALT-GRID-02012,REGIONAL_GRID_CELL,"Cell COARSE_C07708 (27.218N, 88.649E)",COARSE_C07708,East Sikkim,27.218,88.649,+24h,0.5825,High,HIGH,0.7981,0.399,27.5,2026-09-08T18:05:43Z,ACTIVE,forecast_composite,SIMULATED / PROTOTYPE ALERT
ALT-GRID-02013,REGIONAL_GRID_CELL,"Cell COARSE_C07709 (27.218N, 88.650E)",COARSE_C07709,East Sikkim,27.218,88.65,+24h,0.6834,High,HIGH,0.9722,0.399,27.5,2026-09-08T18:05:43Z,ACTIVE,forecast_composite,SIMULATED / PROTOTYPE ALERT
ALT-GRID-02014,REGIONAL_GRID_CELL,"Cell COARSE_C07711 (27.218N, 88.652E)",COARSE_C07711,East Sikkim,27.218,88.652,+24h,0.552,High,HIGH,0.9953,0.109,0.0,2026-09-08T18:05:43Z,ACTIVE,forecast_composite,SIMULATED / PROTOTYPE ALERT
ALT-GRID-02015,REGIONAL_GRID_CELL,"Cell COARSE_C07858 (27.219N, 88.598E)",COARSE_C07858,East Sikkim,27.219,88.598,+24h,0.6756,High,HIGH,0.9433,0.4174,28.7,2026-09-08T18:05:43Z,ACTIVE,forecast_composite,SIMULATED / PROTOTYPE ALERT
ALT-GRID-02016,REGIONAL_GRID_CELL,"Cell COARSE_C07860 (27.219N, 88.600E)",COARSE_C07860,East Sikkim,27.219,88.6,+24h,0.7058,High,HIGH,0.995,0.4174,28.7,2026-09-08T18:05:43Z,ACTIVE,forecast_composite,SIMULATED / PROTOTYPE ALERT
ALT-GRID-02017,REGIONAL_GRID_CELL,"Cell COARSE_C07861 (27.219N, 88.601E)",COARSE_C07861,East Sikkim,27.219,88.601,+24h,0.6669,High,HIGH,0.9438,0.399,27.5,2026-09-08T18:05:43Z,ACTIVE,forecast_composite,SIMULATED / PROTOTYPE ALERT
ALT-GRID-02018,REGIONAL_GRID_CELL,"Cell COARSE_C07893 (27.219N, 88.633E)",COARSE_C07893,East Sikkim,27.219,88.633,+24h,0.5502,High,HIGH,0.7424,0.399,27.5,2026-09-08T18:05:43Z,ACTIVE,forecast_composite,SIMULATED / PROTOTYPE ALERT
ALT-GRID-02019,REGIONAL_GRID_CELL,"Cell COARSE_C07898 (27.219N, 88.638E)",COARSE_C07898,East Sikkim,27.219,88.638,+24h,0.6734,High,HIGH,0.955,0.399,27.5,2026-09-08T18:05:43Z,ACTIVE,forecast_composite,SIMULATED / PROTOTYPE ALERT
ALT-GRID-02020,REGIONAL_GRID_CELL,"Cell COARSE_C07903 (27.219N, 88.643E)",COARSE_C07903,East Sikkim,27.219,88.643,+24h,0.576,High,HIGH,0.7869,0.399,27.5,2026-09-08T18:05:43Z,ACTIVE,forecast_composite,SIMULATED / PROTOTYPE ALERT
ALT-GRID-02021,REGIONAL_GRID_CELL,"Cell COARSE_C07906 (27.219N, 88.646E)",COARSE_C07906,East Sikkim,27.219,88.646,+24h,0.5768,High,HIGH,0.7884,0.399,27.5,2026-09-08T18:05:43Z,ACTIVE,forecast_composite,SIMULATED / PROTOTYPE ALERT
ALT-GRID-02022,REGIONAL_GRID_CELL,"Cell COARSE_C07908 (27.219N, 88.648E)",COARSE_C07908,East Sikkim,27.219,88.648,+24h,0.5573,High,HIGH,0.7547,0.399,27.5,2026-09-08T18:05:43Z,ACTIVE,forecast_composite,SIMULATED / PROTOTYPE ALERT
ALT-GRID-02023,REGIONAL_GRID_CELL,"Cell COARSE_C07909 (27.219N, 88.649E)",COARSE_C07909,East Sikkim,27.219,88.649,+24h,0.601,High,HIGH,0.8301,0.399,27.5,2026-09-08T18:05:43Z,ACTIVE,forecast_composite,SIMULATED / PROTOTYPE ALERT
ALT-GRID-02024,REGIONAL_GRID_CELL,"Cell COARSE_C08044 (27.220N, 88.583E)",COARSE_C08044,East Sikkim,27.22,88.583,+24h,0.6759,High,HIGH,0.9439,0.4174,28.7,2026-09-08T18:05:43Z,ACTIVE,forecast_composite,SIMULATED / PROTOTYPE ALERT
ALT-GRID-02025,REGIONAL_GRID_CELL,"Cell COARSE_C08055 (27.220N, 88.594E)",COARSE_C08055,East Sikkim,27.22,88.594,+24h,0.7061,High,HIGH,0.9955,0.4174,28.7,2026-09-08T18:05:43Z,ACTIVE,forecast_composite,SIMULATED / PROTOTYPE ALERT
ALT-GRID-02026,REGIONAL_GRID_CELL,"Cell COARSE_C08057 (27.220N, 88.596E)",COARSE_C08057,East Sikkim,27.22,88.596,+24h,0.555,High,HIGH,0.7366,0.4174,28.7,2026-09-08T18:05:43Z,ACTIVE,forecast_composite,SIMULATED / PROTOTYPE ALERT
ALT-GRID-02027,REGIONAL_GRID_CELL,"Cell COARSE_C08058 (27.220N, 88.597E)",COARSE_C08058,East Sikkim,27.22,88.597,+24h,0.7071,High,HIGH,0.9973,0.4174,28.7,2026-09-08T18:05:43Z,ACTIVE,forecast_composite,SIMULATED / PROTOTYPE ALERT
ALT-GRID-02028,REGIONAL_GRID_CELL,"Cell COARSE_C08062 (27.220N, 88.601E)",COARSE_C08062,East Sikkim,27.22,88.601,+24h,0.6713,High,HIGH,0.9513,0.399,27.5,2026-09-08T18:05:43Z,ACTIVE,forecast_composite,SIMULATED / PROTOTYPE ALERT
ALT-GRID-02029,REGIONAL_GRID_CELL,"Cell COARSE_C08092 (27.220N, 88.631E)",COARSE_C08092,East Sikkim,27.22,88.631,+24h,0.5789,High,HIGH,0.792,0.399,27.5,2026-09-08T18:05:43Z,ACTIVE,forecast_composite,SIMULATED / PROTOTYPE ALERT
ALT-GRID-02030,REGIONAL_GRID_CELL,"Cell COARSE_C08094 (27.220N, 88.633E)",COARSE_C08094,East Sikkim,27.22,88.633,+24h,0.5569,High,HIGH,0.7541,0.399,27.5,2026-09-08T18:05:43Z,ACTIVE,forecast_composite,SIMULATED / PROTOTYPE ALERT
ALT-GRID-02031,REGIONAL_GRID_CELL,"Cell COARSE_C08096 (27.220N, 88.635E)",COARSE_C08096,East Sikkim,27.22,88.635,+24h,0.559,High,HIGH,0.7577,0.399,27.5,2026-09-08T18:05:43Z,ACTIVE,forecast_composite,SIMULATED / PROTOTYPE ALERT
ALT-GRID-02032,REGIONAL_GRID_CELL,"Cell COARSE_C08101 (27.220N, 88.640E)",COARSE_C08101,East Sikkim,27.22,88.64,+24h,0.5575,High,HIGH,0.7551,0.399,27.5,2026-09-08T18:05:43Z,ACTIVE,forecast_composite,SIMULATED / PROTOTYPE ALERT
ALT-GRID-02033,REGIONAL_GRID_CELL,"Cell COARSE_C08105 (27.220N, 88.644E)",COARSE_C08105,East Sikkim,27.22,88.644,+24h,0.5658,High,HIGH,0.7693,0.399,27.5,2026-09-08T18:05:43Z,ACTIVE,forecast_composite,SIMULATED / PROTOTYPE ALERT
ALT-GRID-02034,REGIONAL_GRID_CELL,"Cell COARSE_C08106 (27.220N, 88.645E)",COARSE_C08106,East Sikkim,27.22,88.645,+24h,0.5529,High,HIGH,0.7471,0.399,27.5,2026-09-08T18:05:43Z,ACTIVE,forecast_composite,SIMULATED / PROTOTYPE ALERT
ALT-GRID-02035,REGIONAL_GRID_CELL,"Cell COARSE_C08107 (27.220N, 88.646E)",COARSE_C08107,East Sikkim,27.22,88.646,+24h,0.5676,High,HIGH,0.7724,0.399,27.5,2026-09-08T18:05:43Z,ACTIVE,forecast_composite,SIMULATED / PROTOTYPE ALERT
ALT-GRID-02036,REGIONAL_GRID_CELL,"Cell COARSE_C08108 (27.220N, 88.647E)",COARSE_C08108,East Sikkim,27.22,88.647,+24h,0.5826,High,HIGH,0.7983,0.399,27.5,2026-09-08T18:05:43Z,ACTIVE,forecast_composite,SIMULATED / PROTOTYPE ALERT
ALT-GRID-02037,REGIONAL_GRID_CELL,"Cell COARSE_C08109 (27.220N, 88.648E)",COARSE_C08109,East Sikkim,27.22,88.648,+24h,0.6026,High,HIGH,0.8329,0.399,27.5,2026-09-08T18:05:43Z,ACTIVE,forecast_composite,SIMULATED / PROTOTYPE ALERT
ALT-GRID-02038,REGIONAL_GRID_CELL,"Cell COARSE_C08110 (27.220N, 88.649E)",COARSE_C08110,East Sikkim,27.22,88.649,+24h,0.5589,High,HIGH,0.7574,0.399,27.5,2026-09-08T18:05:43Z,ACTIVE,forecast_composite,SIMULATED / PROTOTYPE ALERT
ALT-GRID-02039,REGIONAL_GRID_CELL,"Cell COARSE_C08111 (27.220N, 88.650E)",COARSE_C08111,East Sikkim,27.22,88.65,+24h,0.5509,High,HIGH,0.7436,0.399,27.5,2026-09-08T18:05:43Z,ACTIVE,forecast_composite,SIMULATED / PROTOTYPE ALERT
ALT-GRID-02040,REGIONAL_GRID_CELL,"Cell COARSE_C08190 (27.220N, 88.729E)",COARSE_C08190,East Sikkim,27.22,88.729,+24h,0.5537,High,HIGH,0.9979,0.1095,0.0,2026-09-08T18:05:43Z,ACTIVE,forecast_composite,SIMULATED / PROTOTYPE ALERT
ALT-GRID-02041,REGIONAL_GRID_CELL,"Cell COARSE_C08193 (27.220N, 88.732E)",COARSE_C08193,East Sikkim,27.22,88.732,+24h,0.5542,High,HIGH,0.999,0.1095,0.0,2026-09-08T18:05:43Z,ACTIVE,forecast_composite,SIMULATED / PROTOTYPE ALERT
ALT-GRID-02042,REGIONAL_GRID_CELL,"Cell COARSE_C08245 (27.221N, 88.583E)",COARSE_C08245,East Sikkim,27.221,88.583,+24h,0.6749,High,HIGH,0.9421,0.4174,28.7,2026-09-08T18:05:43Z,ACTIVE,forecast_composite,SIMULATED / PROTOTYPE ALERT
ALT-GRID-02043,REGIONAL_GRID_CELL,"Cell COARSE_C08246 (27.221N, 88.584E)",COARSE_C08246,East Sikkim,27.221,88.584,+24h,0.6639,High,HIGH,0.9233,0.4174,28.7,2026-09-08T18:05:43Z,ACTIVE,forecast_composite,SIMULATED / PROTOTYPE ALERT
ALT-GRID-02044,REGIONAL_GRID_CELL,"Cell COARSE_C08255 (27.221N, 88.593E)",COARSE_C08255,East Sikkim,27.221,88.593,+24h,0.6693,High,HIGH,0.9325,0.4174,28.7,2026-09-08T18:05:43Z,ACTIVE,forecast_composite,SIMULATED / PROTOTYPE ALERT
ALT-GRID-02045,REGIONAL_GRID_CELL,"Cell COARSE_C08259 (27.221N, 88.597E)",COARSE_C08259,East Sikkim,27.221,88.597,+24h,0.5539,High,HIGH,0.7347,0.4174,28.7,2026-09-08T18:05:43Z,ACTIVE,forecast_composite,SIMULATED / PROTOTYPE ALERT
ALT-GRID-02046,REGIONAL_GRID_CELL,"Cell COARSE_C08265 (27.221N, 88.603E)",COARSE_C08265,East Sikkim,27.221,88.603,+24h,0.6489,High,HIGH,0.9127,0.399,27.5,2026-09-08T18:05:43Z,ACTIVE,forecast_composite,SIMULATED / PROTOTYPE ALERT
ALT-GRID-02047,REGIONAL_GRID_CELL,"Cell COARSE_C08288 (27.221N, 88.626E)",COARSE_C08288,East Sikkim,27.221,88.626,+24h,0.657,High,HIGH,0.9267,0.399,27.5,2026-09-08T18:05:43Z,ACTIVE,forecast_composite,SIMULATED / PROTOTYPE ALERT
ALT-GRID-02048,REGIONAL_GRID_CELL,"Cell COARSE_C08293 (27.221N, 88.631E)",COARSE_C08293,East Sikkim,27.221,88.631,+24h,0.5609,High,HIGH,0.761,0.399,27.5,2026-09-08T18:05:43Z,ACTIVE,forecast_composite,SIMULATED / PROTOTYPE ALERT
ALT-GRID-02049,REGIONAL_GRID_CELL,"Cell COARSE_C08295 (27.221N, 88.633E)",COARSE_C08295,East Sikkim,27.221,88.633,+24h,0.5554,High,HIGH,0.7514,0.399,27.5,2026-09-08T18:05:43Z,ACTIVE,forecast_composite,SIMULATED / PROTOTYPE ALERT
ALT-GRID-02050,REGIONAL_GRID_CELL,"Cell COARSE_C08296 (27.221N, 88.634E)",COARSE_C08296,East Sikkim,27.221,88.634,+24h,0.5681,High,HIGH,0.7734,0.399,27.5,2026-09-08T18:05:43Z,ACTIVE,forecast_composite,SIMULATED / PROTOTYPE ALERT
ALT-GRID-02051,REGIONAL_GRID_CELL,"Cell COARSE_C08298 (27.221N, 88.636E)",COARSE_C08298,East Sikkim,27.221,88.636,+24h,0.5506,High,HIGH,0.7432,0.399,27.5,2026-09-08T18:05:43Z,ACTIVE,forecast_composite,SIMULATED / PROTOTYPE ALERT
ALT-GRID-02052,REGIONAL_GRID_CELL,"Cell COARSE_C08302 (27.221N, 88.640E)",COARSE_C08302,East Sikkim,27.221,88.64,+24h,0.5585,High,HIGH,0.7567,0.399,27.5,2026-09-08T18:05:43Z,ACTIVE,forecast_composite,SIMULATED / PROTOTYPE ALERT
ALT-GRID-02053,REGIONAL_GRID_CELL,"Cell COARSE_C08303 (27.221N, 88.641E)",COARSE_C08303,East Sikkim,27.221,88.641,+24h,0.6716,High,HIGH,0.9518,0.399,27.5,2026-09-08T18:05:43Z,ACTIVE,forecast_composite,SIMULATED / PROTOTYPE ALERT
ALT-GRID-02054,REGIONAL_GRID_CELL,"Cell COARSE_C08304 (27.221N, 88.642E)",COARSE_C08304,East Sikkim,27.221,88.642,+24h,0.5507,High,HIGH,0.7433,0.399,27.5,2026-09-08T18:05:43Z,ACTIVE,forecast_composite,SIMULATED / PROTOTYPE ALERT
ALT-GRID-02055,REGIONAL_GRID_CELL,"Cell COARSE_C08306 (27.221N, 88.644E)",COARSE_C08306,East Sikkim,27.221,88.644,+24h,0.5767,High,HIGH,0.7882,0.399,27.5,2026-09-08T18:05:43Z,ACTIVE,forecast_composite,SIMULATED / PROTOTYPE ALERT
ALT-GRID-02056,REGIONAL_GRID_CELL,"Cell COARSE_C08307 (27.221N, 88.645E)",COARSE_C08307,East Sikkim,27.221,88.645,+24h,0.6755,High,HIGH,0.9586,0.399,27.5,2026-09-08T18:05:43Z,ACTIVE,forecast_composite,SIMULATED / PROTOTYPE ALERT
ALT-GRID-02057,REGIONAL_GRID_CELL,"Cell COARSE_C08308 (27.221N, 88.646E)",COARSE_C08308,East Sikkim,27.221,88.646,+24h,0.5988,High,HIGH,0.8263,0.399,27.5,2026-09-08T18:05:43Z,ACTIVE,forecast_composite,SIMULATED / PROTOTYPE ALERT
ALT-GRID-02058,REGIONAL_GRID_CELL,"Cell COARSE_C08309 (27.221N, 88.647E)",COARSE_C08309,East Sikkim,27.221,88.647,+24h,0.5661,High,HIGH,0.7699,0.399,27.5,2026-09-08T18:05:43Z,ACTIVE,forecast_composite,SIMULATED / PROTOTYPE ALERT
ALT-GRID-02059,REGIONAL_GRID_CELL,"Cell COARSE_C08312 (27.221N, 88.650E)",COARSE_C08312,East Sikkim,27.221,88.65,+24h,0.5838,High,HIGH,0.8004,0.399,27.5,2026-09-08T18:05:43Z,ACTIVE,forecast_composite,SIMULATED / PROTOTYPE ALERT
ALT-GRID-02060,REGIONAL_GRID_CELL,"Cell COARSE_C08362 (27.221N, 88.700E)",COARSE_C08362,East Sikkim,27.221,88.7,+24h,0.5505,High,HIGH,0.9923,0.109,0.0,2026-09-08T18:05:43Z,ACTIVE,forecast_composite,SIMULATED / PROTOTYPE ALERT
ALT-GRID-02061,REGIONAL_GRID_CELL,"Cell COARSE_C08447 (27.222N, 88.584E)",COARSE_C08447,East Sikkim,27.222,88.584,+24h,0.6776,High,HIGH,0.9467,0.4174,28.7,2026-09-08T18:05:43Z,ACTIVE,forecast_composite,SIMULATED / PROTOTYPE ALERT
ALT-GRID-02062,REGIONAL_GRID_CELL,"Cell COARSE_C08455 (27.222N, 88.592E)",COARSE_C08455,East Sikkim,27.222,88.592,+24h,0.7066,High,HIGH,0.9965,0.4174,28.7,2026-09-08T18:05:43Z,ACTIVE,forecast_composite,SIMULATED / PROTOTYPE ALERT
ALT-GRID-02063,REGIONAL_GRID_CELL,"Cell COARSE_C08460 (27.222N, 88.597E)",COARSE_C08460,East Sikkim,27.222,88.597,+24h,0.6857,High,HIGH,0.9606,0.4174,28.7,2026-09-08T18:05:43Z,ACTIVE,forecast_composite,SIMULATED / PROTOTYPE ALERT
ALT-GRID-02064,REGIONAL_GRID_CELL,"Cell COARSE_C08468 (27.222N, 88.605E)",COARSE_C08468,East Sikkim,27.222,88.605,+24h,0.6474,High,HIGH,0.9101,0.399,27.5,2026-09-08T18:05:43Z,ACTIVE,forecast_composite,SIMULATED / PROTOTYPE ALERT
ALT-GRID-02065,REGIONAL_GRID_CELL,"Cell COARSE_C08503 (27.222N, 88.640E)",COARSE_C08503,East Sikkim,27.222,88.64,+24h,0.5558,High,HIGH,0.7522,0.399,27.5,2026-09-08T18:05:43Z,ACTIVE,forecast_composite,SIMULATED / PROTOTYPE ALERT
ALT-GRID-02066,REGIONAL_GRID_CELL,"Cell COARSE_C08505 (27.222N, 88.642E)",COARSE_C08505,East Sikkim,27.222,88.642,+24h,0.5781,High,HIGH,0.7905,0.399,27.5,2026-09-08T18:05:43Z,ACTIVE,forecast_composite,SIMULATED / PROTOTYPE ALERT
ALT-GRID-02067,REGIONAL_GRID_CELL,"Cell COARSE_C08506 (27.222N, 88.643E)",COARSE_C08506,East Sikkim,27.222,88.643,+24h,0.5614,High,HIGH,0.7618,0.399,27.5,2026-09-08T18:05:43Z,ACTIVE,forecast_composite,SIMULATED / PROTOTYPE ALERT
ALT-GRID-02068,REGIONAL_GRID_CELL,"Cell COARSE_C08507 (27.222N, 88.644E)",COARSE_C08507,East Sikkim,27.222,88.644,+24h,0.5709,High,HIGH,0.7781,0.399,27.5,2026-09-08T18:05:43Z,ACTIVE,forecast_composite,SIMULATED / PROTOTYPE ALERT
ALT-GRID-02069,REGIONAL_GRID_CELL,"Cell COARSE_C08508 (27.222N, 88.645E)",COARSE_C08508,East Sikkim,27.222,88.645,+24h,0.6727,High,HIGH,0.9538,0.399,27.5,2026-09-08T18:05:43Z,ACTIVE,forecast_composite,SIMULATED / PROTOTYPE ALERT
ALT-GRID-02070,REGIONAL_GRID_CELL,"Cell COARSE_C08509 (27.222N, 88.646E)",COARSE_C08509,East Sikkim,27.222,88.646,+24h,0.6197,High,HIGH,0.8624,0.399,27.5,2026-09-08T18:05:43Z,ACTIVE,forecast_composite,SIMULATED / PROTOTYPE ALERT
ALT-GRID-02071,REGIONAL_GRID_CELL,"Cell COARSE_C08510 (27.222N, 88.647E)",COARSE_C08510,East Sikkim,27.222,88.647,+24h,0.5531,High,HIGH,0.7475,0.399,27.5,2026-09-08T18:05:43Z,ACTIVE,forecast_composite,SIMULATED / PROTOTYPE ALERT
ALT-GRID-02072,REGIONAL_GRID_CELL,"Cell COARSE_C08512 (27.222N, 88.649E)",COARSE_C08512,East Sikkim,27.222,88.649,+24h,0.5514,High,HIGH,0.7445,0.399,27.5,2026-09-08T18:05:43Z,ACTIVE,forecast_composite,SIMULATED / PROTOTYPE ALERT
ALT-GRID-02073,REGIONAL_GRID_CELL,"Cell COARSE_C08513 (27.222N, 88.650E)",COARSE_C08513,East Sikkim,27.222,88.65,+24h,0.5703,High,HIGH,0.7771,0.399,27.5,2026-09-08T18:05:43Z,ACTIVE,forecast_composite,SIMULATED / PROTOTYPE ALERT
ALT-GRID-02074,REGIONAL_GRID_CELL,"Cell COARSE_C08598 (27.222N, 88.735E)",COARSE_C08598,East Sikkim,27.222,88.735,+24h,0.5537,High,HIGH,0.998,0.1095,0.0,2026-09-08T18:05:43Z,ACTIVE,forecast_composite,SIMULATED / PROTOTYPE ALERT
ALT-GRID-02075,REGIONAL_GRID_CELL,"Cell COARSE_C08601 (27.222N, 88.738E)",COARSE_C08601,East Sikkim,27.222,88.738,+24h,0.5535,High,HIGH,0.9975,0.1095,0.0,2026-09-08T18:05:43Z,ACTIVE,forecast_composite,SIMULATED / PROTOTYPE ALERT
ALT-GRID-02076,REGIONAL_GRID_CELL,"Cell COARSE_C08644 (27.223N, 88.580E)",COARSE_C08644,East Sikkim,27.223,88.58,+24h,0.5912,High,HIGH,0.7987,0.4174,28.7,2026-09-08T18:05:43Z,ACTIVE,forecast_composite,SIMULATED / PROTOTYPE ALERT
ALT-GRID-02077,REGIONAL_GRID_CELL,"Cell COARSE_C08645 (27.223N, 88.581E)",COARSE_C08645,East Sikkim,27.223,88.581,+24h,0.5919,High,HIGH,0.7998,0.4174,28.7,2026-09-08T18:05:43Z,ACTIVE,forecast_composite,SIMULATED / PROTOTYPE ALERT
ALT-GRID-02078,REGIONAL_GRID_CELL,"Cell COARSE_C08646 (27.223N, 88.582E)",COARSE_C08646,East Sikkim,27.223,88.582,+24h,0.5706,High,HIGH,0.7633,0.4174,28.7,2026-09-08T18:05:43Z,ACTIVE,forecast_composite,SIMULATED / PROTOTYPE ALERT
ALT-GRID-02079,REGIONAL_GRID_CELL,"Cell COARSE_C08654 (27.223N, 88.590E)",COARSE_C08654,East Sikkim,27.223,88.59,+24h,0.5537,High,HIGH,0.7344,0.4174,28.7,2026-09-08T18:05:43Z,ACTIVE,forecast_composite,SIMULATED / PROTOTYPE ALERT
ALT-GRID-02080,REGIONAL_GRID_CELL,"Cell COARSE_C08655 (27.223N, 88.591E)",COARSE_C08655,East Sikkim,27.223,88.591,+24h,0.6789,High,HIGH,0.9489,0.4174,28.7,2026-09-08T18:05:43Z,ACTIVE,forecast_composite,SIMULATED / PROTOTYPE ALERT
ALT-GRID-02081,REGIONAL_GRID_CELL,"Cell COARSE_C08670 (27.223N, 88.606E)",COARSE_C08670,East Sikkim,27.223,88.606,+24h,0.6495,High,HIGH,0.9138,0.399,27.5,2026-09-08T18:05:43Z,ACTIVE,forecast_composite,SIMULATED / PROTOTYPE ALERT
ALT-GRID-02082,REGIONAL_GRID_CELL,"Cell COARSE_C08696 (27.223N, 88.632E)",COARSE_C08696,East Sikkim,27.223,88.632,+24h,0.5509,High,HIGH,0.7437,0.399,27.5,2026-09-08T18:05:43Z,ACTIVE,forecast_composite,SIMULATED / PROTOTYPE ALERT
ALT-GRID-02083,REGIONAL_GRID_CELL,"Cell COARSE_C08705 (27.223N, 88.641E)",COARSE_C08705,East Sikkim,27.223,88.641,+24h,0.5643,High,HIGH,0.7667,0.399,27.5,2026-09-08T18:05:43Z,ACTIVE,forecast_composite,SIMULATED / PROTOTYPE ALERT
ALT-GRID-02084,REGIONAL_GRID_CELL,"Cell COARSE_C08706 (27.223N, 88.642E)",COARSE_C08706,East Sikkim,27.223,88.642,+24h,0.5609,High,HIGH,0.761,0.399,27.5,2026-09-08T18:05:43Z,ACTIVE,forecast_composite,SIMULATED / PROTOTYPE ALERT
ALT-GRID-02085,REGIONAL_GRID_CELL,"Cell COARSE_C08707 (27.223N, 88.643E)",COARSE_C08707,East Sikkim,27.223,88.643,+24h,0.5694,High,HIGH,0.7755,0.399,27.5,2026-09-08T18:05:43Z,ACTIVE,forecast_composite,SIMULATED / PROTOTYPE ALERT
ALT-GRID-02086,REGIONAL_GRID_CELL,"Cell COARSE_C08708 (27.223N, 88.644E)",COARSE_C08708,East Sikkim,27.223,88.644,+24h,0.5667,High,HIGH,0.7709,0.399,27.5,2026-09-08T18:05:43Z,ACTIVE,forecast_composite,SIMULATED / PROTOTYPE ALERT
ALT-GRID-02087,REGIONAL_GRID_CELL,"Cell COARSE_C08711 (27.223N, 88.647E)",COARSE_C08711,East Sikkim,27.223,88.647,+24h,0.5744,High,HIGH,0.7842,0.399,27.5,2026-09-08T18:05:43Z,ACTIVE,forecast_composite,SIMULATED / PROTOTYPE ALERT
ALT-GRID-02088,REGIONAL_GRID_CELL,"Cell COARSE_C08845 (27.224N, 88.580E)",COARSE_C08845,East Sikkim,27.224,88.58,+24h,0.571,High,HIGH,0.764,0.4174,28.7,2026-09-08T18:05:43Z,ACTIVE,forecast_composite,SIMULATED / PROTOTYPE ALERT
ALT-GRID-02089,REGIONAL_GRID_CELL,"Cell COARSE_C08848 (27.224N, 88.583E)",COARSE_C08848,East Sikkim,27.224,88.583,+24h,0.6971,High,HIGH,0.9801,0.4174,28.7,2026-09-08T18:05:43Z,ACTIVE,forecast_composite,SIMULATED / PROTOTYPE ALERT
ALT-GRID-02090,REGIONAL_GRID_CELL,"Cell COARSE_C08849 (27.224N, 88.584E)",COARSE_C08849,East Sikkim,27.224,88.584,+24h,0.6958,High,HIGH,0.9779,0.4174,28.7,2026-09-08T18:05:43Z,ACTIVE,forecast_composite,SIMULATED / PROTOTYPE ALERT
ALT-GRID-02091,REGIONAL_GRID_CELL,"Cell COARSE_C08850 (27.224N, 88.585E)",COARSE_C08850,East Sikkim,27.224,88.585,+24h,0.6754,High,HIGH,0.9429,0.4174,28.7,2026-09-08T18:05:43Z,ACTIVE,forecast_composite,SIMULATED / PROTOTYPE ALERT
ALT-GRID-02092,REGIONAL_GRID_CELL,"Cell COARSE_C08851 (27.224N, 88.586E)",COARSE_C08851,East Sikkim,27.224,88.586,+24h,0.6559,High,HIGH,0.9095,0.4174,28.7,2026-09-08T18:05:43Z,ACTIVE,forecast_composite,SIMULATED / PROTOTYPE ALERT
ALT-GRID-02093,REGIONAL_GRID_CELL,"Cell COARSE_C08865 (27.224N, 88.600E)",COARSE_C08865,East Sikkim,27.224,88.6,+24h,0.6364,High,HIGH,0.8761,0.4174,28.7,2026-09-08T18:05:43Z,ACTIVE,forecast_composite,SIMULATED / PROTOTYPE ALERT
ALT-GRID-02094,REGIONAL_GRID_CELL,"Cell COARSE_C08869 (27.224N, 88.604E)",COARSE_C08869,East Sikkim,27.224,88.604,+24h,0.6305,High,HIGH,0.8809,0.399,27.5,2026-09-08T18:05:43Z,ACTIVE,forecast_composite,SIMULATED / PROTOTYPE ALERT
ALT-GRID-02095,REGIONAL_GRID_CELL,"Cell COARSE_C08870 (27.224N, 88.605E)",COARSE_C08870,East Sikkim,27.224,88.605,+24h,0.6455,High,HIGH,0.9069,0.399,27.5,2026-09-08T18:05:43Z,ACTIVE,forecast_composite,SIMULATED / PROTOTYPE ALERT
ALT-GRID-02096,REGIONAL_GRID_CELL,"Cell COARSE_C08896 (27.224N, 88.631E)",COARSE_C08896,East Sikkim,27.224,88.631,+24h,0.564,High,HIGH,0.7662,0.399,27.5,2026-09-08T18:05:43Z,ACTIVE,forecast_composite,SIMULATED / PROTOTYPE ALERT
ALT-GRID-02097,REGIONAL_GRID_CELL,"Cell COARSE_C08899 (27.224N, 88.634E)",COARSE_C08899,East Sikkim,27.224,88.634,+24h,0.6769,High,HIGH,0.9609,0.399,27.5,2026-09-08T18:05:43Z,ACTIVE,forecast_composite,SIMULATED / PROTOTYPE ALERT
ALT-GRID-02098,REGIONAL_GRID_CELL,"Cell COARSE_C08900 (27.224N, 88.635E)",COARSE_C08900,East Sikkim,27.224,88.635,+24h,0.6652,High,HIGH,0.9408,0.399,27.5,2026-09-08T18:05:43Z,ACTIVE,forecast_composite,SIMULATED / PROTOTYPE ALERT
ALT-GRID-02099,REGIONAL_GRID_CELL,"Cell COARSE_C08901 (27.224N, 88.636E)",COARSE_C08901,East Sikkim,27.224,88.636,+24h,0.6679,High,HIGH,0.9454,0.399,27.5,2026-09-08T18:05:43Z,ACTIVE,forecast_composite,SIMULATED / PROTOTYPE ALERT
ALT-GRID-02100,REGIONAL_GRID_CELL,"Cell COARSE_C08906 (27.224N, 88.641E)",COARSE_C08906,East Sikkim,27.224,88.641,+24h,0.552,High,HIGH,0.7455,0.399,27.5,2026-09-08T18:05:43Z,ACTIVE,forecast_composite,SIMULATED / PROTOTYPE ALERT
ALT-GRID-02101,REGIONAL_GRID_CELL,"Cell COARSE_C08907 (27.224N, 88.642E)",COARSE_C08907,East Sikkim,27.224,88.642,+24h,0.5569,High,HIGH,0.754,0.399,27.5,2026-09-08T18:05:43Z,ACTIVE,forecast_composite,SIMULATED / PROTOTYPE ALERT
ALT-GRID-02102,REGIONAL_GRID_CELL,"Cell COARSE_C08908 (27.224N, 88.643E)",COARSE_C08908,East Sikkim,27.224,88.643,+24h,0.5698,High,HIGH,0.7763,0.399,27.5,2026-09-08T18:05:43Z,ACTIVE,forecast_composite,SIMULATED / PROTOTYPE ALERT
ALT-GRID-02103,REGIONAL_GRID_CELL,"Cell COARSE_C08909 (27.224N, 88.644E)",COARSE_C08909,East Sikkim,27.224,88.644,+24h,0.5682,High,HIGH,0.7735,0.399,27.5,2026-09-08T18:05:43Z,ACTIVE,forecast_composite,SIMULATED / PROTOTYPE ALERT
ALT-GRID-02104,REGIONAL_GRID_CELL,"Cell COARSE_C08910 (27.224N, 88.645E)",COARSE_C08910,East Sikkim,27.224,88.645,+24h,0.6752,High,HIGH,0.9581,0.399,27.5,2026-09-08T18:05:43Z,ACTIVE,forecast_composite,SIMULATED / PROTOTYPE ALERT
ALT-GRID-02105,REGIONAL_GRID_CELL,"Cell COARSE_C08913 (27.224N, 88.648E)",COARSE_C08913,East Sikkim,27.224,88.648,+24h,0.5734,High,HIGH,0.7825,0.399,27.5,2026-09-08T18:05:43Z,ACTIVE,forecast_composite,SIMULATED / PROTOTYPE ALERT
ALT-GRID-02106,REGIONAL_GRID_CELL,"Cell COARSE_C09004 (27.224N, 88.739E)",COARSE_C09004,East Sikkim,27.224,88.739,+24h,0.5524,High,HIGH,0.9954,0.1095,0.0,2026-09-08T18:05:43Z,ACTIVE,forecast_composite,SIMULATED / PROTOTYPE ALERT
ALT-GRID-02107,REGIONAL_GRID_CELL,"Cell COARSE_C09047 (27.225N, 88.581E)",COARSE_C09047,East Sikkim,27.225,88.581,+24h,0.5739,High,HIGH,0.769,0.4174,28.7,2026-09-08T18:05:43Z,ACTIVE,forecast_composite,SIMULATED / PROTOTYPE ALERT
ALT-GRID-02108,REGIONAL_GRID_CELL,"Cell COARSE_C09049 (27.225N, 88.583E)",COARSE_C09049,East Sikkim,27.225,88.583,+24h,0.676,High,HIGH,0.944,0.4174,28.7,2026-09-08T18:05:43Z,ACTIVE,forecast_composite,SIMULATED / PROTOTYPE ALERT
ALT-GRID-02109,REGIONAL_GRID_CELL,"Cell COARSE_C09050 (27.225N, 88.584E)",COARSE_C09050,East Sikkim,27.225,88.584,+24h,0.6881,High,HIGH,0.9647,0.4174,28.7,2026-09-08T18:05:43Z,ACTIVE,forecast_composite,SIMULATED / PROTOTYPE ALERT
ALT-GRID-02110,REGIONAL_GRID_CELL,"Cell COARSE_C09051 (27.225N, 88.585E)",COARSE_C09051,East Sikkim,27.225,88.585,+24h,0.6835,High,HIGH,0.9568,0.4174,28.7,2026-09-08T18:05:43Z,ACTIVE,forecast_composite,SIMULATED / PROTOTYPE ALERT
ALT-GRID-02111,REGIONAL_GRID_CELL,"Cell COARSE_C09052 (27.225N, 88.586E)",COARSE_C09052,East Sikkim,27.225,88.586,+24h,0.706,High,HIGH,0.9954,0.4174,28.7,2026-09-08T18:05:43Z,ACTIVE,forecast_composite,SIMULATED / PROTOTYPE ALERT
ALT-GRID-02112,REGIONAL_GRID_CELL,"Cell COARSE_C09053 (27.225N, 88.587E)",COARSE_C09053,East Sikkim,27.225,88.587,+24h,0.6625,High,HIGH,0.9209,0.4174,28.7,2026-09-08T18:05:43Z,ACTIVE,forecast_composite,SIMULATED / PROTOTYPE ALERT
ALT-GRID-02113,REGIONAL_GRID_CELL,"Cell COARSE_C09092 (27.225N, 88.626E)",COARSE_C09092,East Sikkim,27.225,88.626,+24h,0.6512,High,HIGH,0.9167,0.399,27.5,2026-09-08T18:05:43Z,ACTIVE,forecast_composite,SIMULATED / PROTOTYPE ALERT
ALT-GRID-02114,REGIONAL_GRID_CELL,"Cell COARSE_C09095 (27.225N, 88.629E)",COARSE_C09095,East Sikkim,27.225,88.629,+24h,0.6964,High,HIGH,0.9946,0.399,27.5,2026-09-08T18:05:43Z,ACTIVE,forecast_composite,SIMULATED / PROTOTYPE ALERT
ALT-GRID-02115,REGIONAL_GRID_CELL,"Cell COARSE_C09096 (27.225N, 88.630E)",COARSE_C09096,East Sikkim,27.225,88.63,+24h,0.697,High,HIGH,0.9957,0.399,27.5,2026-09-08T18:05:43Z,ACTIVE,forecast_composite,SIMULATED / PROTOTYPE ALERT
ALT-GRID-02116,REGIONAL_GRID_CELL,"Cell COARSE_C09101 (27.225N, 88.635E)",COARSE_C09101,East Sikkim,27.225,88.635,+24h,0.6643,High,HIGH,0.9393,0.399,27.5,2026-09-08T18:05:43Z,ACTIVE,forecast_composite,SIMULATED / PROTOTYPE ALERT
ALT-GRID-02117,REGIONAL_GRID_CELL,"Cell COARSE_C09102 (27.225N, 88.636E)",COARSE_C09102,East Sikkim,27.225,88.636,+24h,0.6736,High,HIGH,0.9553,0.399,27.5,2026-09-08T18:05:43Z,ACTIVE,forecast_composite,SIMULATED / PROTOTYPE ALERT
ALT-GRID-02118,REGIONAL_GRID_CELL,"Cell COARSE_C09108 (27.225N, 88.642E)",COARSE_C09108,East Sikkim,27.225,88.642,+24h,0.5595,High,HIGH,0.7585,0.399,27.5,2026-09-08T18:05:43Z,ACTIVE,forecast_composite,SIMULATED / PROTOTYPE ALERT
ALT-GRID-02119,REGIONAL_GRID_CELL,"Cell COARSE_C09111 (27.225N, 88.645E)",COARSE_C09111,East Sikkim,27.225,88.645,+24h,0.6748,High,HIGH,0.9573,0.399,27.5,2026-09-08T18:05:43Z,ACTIVE,forecast_composite,SIMULATED / PROTOTYPE ALERT
ALT-GRID-02120,REGIONAL_GRID_CELL,"Cell COARSE_C09113 (27.225N, 88.647E)",COARSE_C09113,East Sikkim,27.225,88.647,+24h,0.6743,High,HIGH,0.9565,0.399,27.5,2026-09-08T18:05:43Z,ACTIVE,forecast_composite,SIMULATED / PROTOTYPE ALERT
ALT-GRID-02121,REGIONAL_GRID_CELL,"Cell COARSE_C09114 (27.225N, 88.648E)",COARSE_C09114,East Sikkim,27.225,88.648,+24h,0.5543,High,HIGH,0.7496,0.399,27.5,2026-09-08T18:05:43Z,ACTIVE,forecast_composite,SIMULATED / PROTOTYPE ALERT
ALT-GRID-02122,REGIONAL_GRID_CELL,"Cell COARSE_C09115 (27.225N, 88.649E)",COARSE_C09115,East Sikkim,27.225,88.649,+24h,0.6106,High,HIGH,0.8466,0.399,27.5,2026-09-08T18:05:43Z,ACTIVE,forecast_composite,SIMULATED / PROTOTYPE ALERT
ALT-GRID-02123,REGIONAL_GRID_CELL,"Cell COARSE_C09204 (27.225N, 88.738E)",COARSE_C09204,East Sikkim,27.225,88.738,+24h,0.5518,High,HIGH,0.9944,0.1095,0.0,2026-09-08T18:05:43Z,ACTIVE,forecast_composite,SIMULATED / PROTOTYPE ALERT
ALT-GRID-02124,REGIONAL_GRID_CELL,"Cell COARSE_C09205 (27.225N, 88.739E)",COARSE_C09205,East Sikkim,27.225,88.739,+24h,0.5525,High,HIGH,0.9957,0.1095,0.0,2026-09-08T18:05:43Z,ACTIVE,forecast_composite,SIMULATED / PROTOTYPE ALERT
ALT-GRID-02125,REGIONAL_GRID_CELL,"Cell COARSE_C09249 (27.226N, 88.582E)",COARSE_C09249,East Sikkim,27.226,88.582,+24h,0.6583,High,HIGH,0.9137,0.4174,28.7,2026-09-08T18:05:43Z,ACTIVE,forecast_composite,SIMULATED / PROTOTYPE ALERT
ALT-GRID-02126,REGIONAL_GRID_CELL,"Cell COARSE_C09250 (27.226N, 88.583E)",COARSE_C09250,East Sikkim,27.226,88.583,+24h,0.6911,High,HIGH,0.9698,0.4174,28.7,2026-09-08T18:05:43Z,ACTIVE,forecast_composite,SIMULATED / PROTOTYPE ALERT
ALT-GRID-02127,REGIONAL_GRID_CELL,"Cell COARSE_C09251 (27.226N, 88.584E)",COARSE_C09251,East Sikkim,27.226,88.584,+24h,0.705,High,HIGH,0.9937,0.4174,28.7,2026-09-08T18:05:43Z,ACTIVE,forecast_composite,SIMULATED / PROTOTYPE ALERT
ALT-GRID-02128,REGIONAL_GRID_CELL,"Cell COARSE_C09252 (27.226N, 88.585E)",COARSE_C09252,East Sikkim,27.226,88.585,+24h,0.704,High,HIGH,0.9919,0.4174,28.7,2026-09-08T18:05:43Z,ACTIVE,forecast_composite,SIMULATED / PROTOTYPE ALERT
ALT-GRID-02129,REGIONAL_GRID_CELL,"Cell COARSE_C09253 (27.226N, 88.586E)",COARSE_C09253,East Sikkim,27.226,88.586,+24h,0.673,High,HIGH,0.9389,0.4174,28.7,2026-09-08T18:05:43Z,ACTIVE,forecast_composite,SIMULATED / PROTOTYPE ALERT
ALT-GRID-02130,REGIONAL_GRID_CELL,"Cell COARSE_C09254 (27.226N, 88.587E)",COARSE_C09254,East Sikkim,27.226,88.587,+24h,0.7054,High,HIGH,0.9944,0.4174,28.7,2026-09-08T18:05:43Z,ACTIVE,forecast_composite,SIMULATED / PROTOTYPE ALERT
ALT-GRID-02131,REGIONAL_GRID_CELL,"Cell COARSE_C09255 (27.226N, 88.588E)",COARSE_C09255,East Sikkim,27.226,88.588,+24h,0.6521,High,HIGH,0.903,0.4174,28.7,2026-09-08T18:05:43Z,ACTIVE,forecast_composite,SIMULATED / PROTOTYPE ALERT
ALT-GRID-02132,REGIONAL_GRID_CELL,"Cell COARSE_C09256 (27.226N, 88.589E)",COARSE_C09256,East Sikkim,27.226,88.589,+24h,0.7054,High,HIGH,0.9944,0.4174,28.7,2026-09-08T18:05:43Z,ACTIVE,forecast_composite,SIMULATED / PROTOTYPE ALERT
ALT-GRID-02133,REGIONAL_GRID_CELL,"Cell COARSE_C09259 (27.226N, 88.592E)",COARSE_C09259,East Sikkim,27.226,88.592,+24h,0.7036,High,HIGH,0.9913,0.4174,28.7,2026-09-08T18:05:43Z,ACTIVE,forecast_composite,SIMULATED / PROTOTYPE ALERT
ALT-GRID-02134,REGIONAL_GRID_CELL,"Cell COARSE_C09281 (27.226N, 88.614E)",COARSE_C09281,East Sikkim,27.226,88.614,+24h,0.6413,High,HIGH,0.8996,0.399,27.5,2026-09-08T18:05:43Z,ACTIVE,forecast_composite,SIMULATED / PROTOTYPE ALERT
ALT-GRID-02135,REGIONAL_GRID_CELL,"Cell COARSE_C09293 (27.226N, 88.626E)",COARSE_C09293,East Sikkim,27.226,88.626,+24h,0.6633,High,HIGH,0.9376,0.399,27.5,2026-09-08T18:05:43Z,ACTIVE,forecast_composite,SIMULATED / PROTOTYPE ALERT
ALT-GRID-02136,REGIONAL_GRID_CELL,"Cell COARSE_C09299 (27.226N, 88.632E)",COARSE_C09299,East Sikkim,27.226,88.632,+24h,0.6648,High,HIGH,0.9402,0.399,27.5,2026-09-08T18:05:43Z,ACTIVE,forecast_composite,SIMULATED / PROTOTYPE ALERT
ALT-GRID-02137,REGIONAL_GRID_CELL,"Cell COARSE_C09301 (27.226N, 88.634E)",COARSE_C09301,East Sikkim,27.226,88.634,+24h,0.6716,High,HIGH,0.9519,0.399,27.5,2026-09-08T18:05:43Z,ACTIVE,forecast_composite,SIMULATED / PROTOTYPE ALERT
ALT-GRID-02138,REGIONAL_GRID_CELL,"Cell COARSE_C09308 (27.226N, 88.641E)",COARSE_C09308,East Sikkim,27.226,88.641,+24h,0.559,High,HIGH,0.7577,0.399,27.5,2026-09-08T18:05:43Z,ACTIVE,forecast_composite,SIMULATED / PROTOTYPE ALERT
ALT-GRID-02139,REGIONAL_GRID_CELL,"Cell COARSE_C09311 (27.226N, 88.644E)",COARSE_C09311,East Sikkim,27.226,88.644,+24h,0.5608,High,HIGH,0.7607,0.399,27.5,2026-09-08T18:05:43Z,ACTIVE,forecast_composite,SIMULATED / PROTOTYPE ALERT
ALT-GRID-02140,REGIONAL_GRID_CELL,"Cell COARSE_C09317 (27.226N, 88.650E)",COARSE_C09317,East Sikkim,27.226,88.65,+24h,0.5539,High,HIGH,0.7489,0.399,27.5,2026-09-08T18:05:43Z,ACTIVE,forecast_composite,SIMULATED / PROTOTYPE ALERT
ALT-GRID-02141,REGIONAL_GRID_CELL,"Cell COARSE_C09404 (27.226N, 88.737E)",COARSE_C09404,East Sikkim,27.226,88.737,+24h,0.5532,High,HIGH,0.9971,0.1095,0.0,2026-09-08T18:05:43Z,ACTIVE,forecast_composite,SIMULATED / PROTOTYPE ALERT
ALT-GRID-02142,REGIONAL_GRID_CELL,"Cell COARSE_C09410 (27.226N, 88.743E)",COARSE_C09410,East Sikkim,27.226,88.743,+24h,0.5536,High,HIGH,0.9977,0.1095,0.0,2026-09-08T18:05:43Z,ACTIVE,forecast_composite,SIMULATED / PROTOTYPE ALERT
ALT-GRID-02143,REGIONAL_GRID_CELL,"Cell COARSE_C09412 (27.226N, 88.745E)",COARSE_C09412,East Sikkim,27.226,88.745,+24h,0.5539,High,HIGH,0.9984,0.1095,0.0,2026-09-08T18:05:43Z,ACTIVE,forecast_composite,SIMULATED / PROTOTYPE ALERT
ALT-GRID-02144,REGIONAL_GRID_CELL,"Cell COARSE_C09413 (27.226N, 88.746E)",COARSE_C09413,East Sikkim,27.226,88.746,+24h,0.554,High,HIGH,0.9986,0.1095,0.0,2026-09-08T18:05:43Z,ACTIVE,forecast_composite,SIMULATED / PROTOTYPE ALERT
ALT-GRID-02145,REGIONAL_GRID_CELL,"Cell COARSE_C09414 (27.226N, 88.747E)",COARSE_C09414,East Sikkim,27.226,88.747,+24h,0.5541,High,HIGH,0.9988,0.1095,0.0,2026-09-08T18:05:43Z,ACTIVE,forecast_composite,SIMULATED / PROTOTYPE ALERT
ALT-GRID-02146,REGIONAL_GRID_CELL,"Cell COARSE_C09450 (27.227N, 88.582E)",COARSE_C09450,East Sikkim,27.227,88.582,+24h,0.6486,High,HIGH,0.897,0.4174,28.7,2026-09-08T18:05:43Z,ACTIVE,forecast_composite,SIMULATED / PROTOTYPE ALERT
ALT-GRID-02147,REGIONAL_GRID_CELL,"Cell COARSE_C09451 (27.227N, 88.583E)",COARSE_C09451,East Sikkim,27.227,88.583,+24h,0.6482,High,HIGH,0.8964,0.4174,28.7,2026-09-08T18:05:43Z,ACTIVE,forecast_composite,SIMULATED / PROTOTYPE ALERT
ALT-GRID-02148,REGIONAL_GRID_CELL,"Cell COARSE_C09452 (27.227N, 88.584E)",COARSE_C09452,East Sikkim,27.227,88.584,+24h,0.6497,High,HIGH,0.899,0.4174,28.7,2026-09-08T18:05:43Z,ACTIVE,forecast_composite,SIMULATED / PROTOTYPE ALERT
ALT-GRID-02149,REGIONAL_GRID_CELL,"Cell COARSE_C09453 (27.227N, 88.585E)",COARSE_C09453,East Sikkim,27.227,88.585,+24h,0.7042,High,HIGH,0.9924,0.4174,28.7,2026-09-08T18:05:43Z,ACTIVE,forecast_composite,SIMULATED / PROTOTYPE ALERT
ALT-GRID-02150,REGIONAL_GRID_CELL,"Cell COARSE_C09454 (27.227N, 88.586E)",COARSE_C09454,East Sikkim,27.227,88.586,+24h,0.7049,High,HIGH,0.9935,0.4174,28.7,2026-09-08T18:05:43Z,ACTIVE,forecast_composite,SIMULATED / PROTOTYPE ALERT
ALT-GRID-02151,REGIONAL_GRID_CELL,"Cell COARSE_C09455 (27.227N, 88.587E)",COARSE_C09455,East Sikkim,27.227,88.587,+24h,0.6849,High,HIGH,0.9593,0.4174,28.7,2026-09-08T18:05:43Z,ACTIVE,forecast_composite,SIMULATED / PROTOTYPE ALERT
ALT-GRID-02152,REGIONAL_GRID_CELL,"Cell COARSE_C09456 (27.227N, 88.588E)",COARSE_C09456,East Sikkim,27.227,88.588,+24h,0.7037,High,HIGH,0.9915,0.4174,28.7,2026-09-08T18:05:43Z,ACTIVE,forecast_composite,SIMULATED / PROTOTYPE ALERT
ALT-GRID-02153,REGIONAL_GRID_CELL,"Cell COARSE_C09460 (27.227N, 88.592E)",COARSE_C09460,East Sikkim,27.227,88.592,+24h,0.7049,High,HIGH,0.9935,0.4174,28.7,2026-09-08T18:05:43Z,ACTIVE,forecast_composite,SIMULATED / PROTOTYPE ALERT
ALT-GRID-02154,REGIONAL_GRID_CELL,"Cell COARSE_C09480 (27.227N, 88.612E)",COARSE_C09480,East Sikkim,27.227,88.612,+24h,0.6339,High,HIGH,0.8869,0.399,27.5,2026-09-08T18:05:43Z,ACTIVE,forecast_composite,SIMULATED / PROTOTYPE ALERT
ALT-GRID-02155,REGIONAL_GRID_CELL,"Cell COARSE_C09488 (27.227N, 88.620E)",COARSE_C09488,East Sikkim,27.227,88.62,+24h,0.6637,High,HIGH,0.9382,0.399,27.5,2026-09-08T18:05:43Z,ACTIVE,forecast_composite,SIMULATED / PROTOTYPE ALERT
ALT-GRID-02156,REGIONAL_GRID_CELL,"Cell COARSE_C09493 (27.227N, 88.625E)",COARSE_C09493,East Sikkim,27.227,88.625,+24h,0.6656,High,HIGH,0.9415,0.399,27.5,2026-09-08T18:05:43Z,ACTIVE,forecast_composite,SIMULATED / PROTOTYPE ALERT
ALT-GRID-02157,REGIONAL_GRID_CELL,"Cell COARSE_C09494 (27.227N, 88.626E)",COARSE_C09494,East Sikkim,27.227,88.626,+24h,0.6672,High,HIGH,0.9443,0.399,27.5,2026-09-08T18:05:43Z,ACTIVE,forecast_composite,SIMULATED / PROTOTYPE ALERT
ALT-GRID-02158,REGIONAL_GRID_CELL,"Cell COARSE_C09496 (27.227N, 88.628E)",COARSE_C09496,East Sikkim,27.227,88.628,+24h,0.6546,High,HIGH,0.9226,0.399,27.5,2026-09-08T18:05:43Z,ACTIVE,forecast_composite,SIMULATED / PROTOTYPE ALERT
ALT-GRID-02159,REGIONAL_GRID_CELL,"Cell COARSE_C09497 (27.227N, 88.629E)",COARSE_C09497,East Sikkim,27.227,88.629,+24h,0.6547,High,HIGH,0.9227,0.399,27.5,2026-09-08T18:05:43Z,ACTIVE,forecast_composite,SIMULATED / PROTOTYPE ALERT
ALT-GRID-02160,REGIONAL_GRID_CELL,"Cell COARSE_C09499 (27.227N, 88.631E)",COARSE_C09499,East Sikkim,27.227,88.631,+24h,0.6676,High,HIGH,0.945,0.399,27.5,2026-09-08T18:05:43Z,ACTIVE,forecast_composite,SIMULATED / PROTOTYPE ALERT
ALT-GRID-02161,REGIONAL_GRID_CELL,"Cell COARSE_C09500 (27.227N, 88.632E)",COARSE_C09500,East Sikkim,27.227,88.632,+24h,0.6671,High,HIGH,0.944,0.399,27.5,2026-09-08T18:05:43Z,ACTIVE,forecast_composite,SIMULATED / PROTOTYPE ALERT
ALT-GRID-02162,REGIONAL_GRID_CELL,"Cell COARSE_C09511 (27.227N, 88.643E)",COARSE_C09511,East Sikkim,27.227,88.643,+24h,0.5707,High,HIGH,0.7778,0.399,27.5,2026-09-08T18:05:43Z,ACTIVE,forecast_composite,SIMULATED / PROTOTYPE ALERT
ALT-GRID-02163,REGIONAL_GRID_CELL,"Cell COARSE_C09517 (27.227N, 88.649E)",COARSE_C09517,East Sikkim,27.227,88.649,+24h,0.5689,High,HIGH,0.7747,0.399,27.5,2026-09-08T18:05:43Z,ACTIVE,forecast_composite,SIMULATED / PROTOTYPE ALERT
ALT-GRID-02164,REGIONAL_GRID_CELL,"Cell COARSE_C09607 (27.227N, 88.739E)",COARSE_C09607,East Sikkim,27.227,88.739,+24h,0.5524,High,HIGH,0.9954,0.1095,0.0,2026-09-08T18:05:43Z,ACTIVE,forecast_composite,SIMULATED / PROTOTYPE ALERT
ALT-GRID-02165,REGIONAL_GRID_CELL,"Cell COARSE_C09650 (27.228N, 88.581E)",COARSE_C09650,East Sikkim,27.228,88.581,+24h,0.6517,High,HIGH,0.9024,0.4174,28.7,2026-09-08T18:05:43Z,ACTIVE,forecast_composite,SIMULATED / PROTOTYPE ALERT
ALT-GRID-02166,REGIONAL_GRID_CELL,"Cell COARSE_C09651 (27.228N, 88.582E)",COARSE_C09651,East Sikkim,27.228,88.582,+24h,0.6492,High,HIGH,0.8981,0.4174,28.7,2026-09-08T18:05:43Z,ACTIVE,forecast_composite,SIMULATED / PROTOTYPE ALERT
ALT-GRID-02167,REGIONAL_GRID_CELL,"Cell COARSE_C09652 (27.228N, 88.583E)",COARSE_C09652,East Sikkim,27.228,88.583,+24h,0.6392,High,HIGH,0.8809,0.4174,28.7,2026-09-08T18:05:43Z,ACTIVE,forecast_composite,SIMULATED / PROTOTYPE ALERT
ALT-GRID-02168,REGIONAL_GRID_CELL,"Cell COARSE_C09653 (27.228N, 88.584E)",COARSE_C09653,East Sikkim,27.228,88.584,+24h,0.7049,High,HIGH,0.9936,0.4174,28.7,2026-09-08T18:05:43Z,ACTIVE,forecast_composite,SIMULATED / PROTOTYPE ALERT
ALT-GRID-02169,REGIONAL_GRID_CELL,"Cell COARSE_C09654 (27.228N, 88.585E)",COARSE_C09654,East Sikkim,27.228,88.585,+24h,0.7056,High,HIGH,0.9947,0.4174,28.7,2026-09-08T18:05:43Z,ACTIVE,forecast_composite,SIMULATED / PROTOTYPE ALERT
ALT-GRID-02170,REGIONAL_GRID_CELL,"Cell COARSE_C09655 (27.228N, 88.586E)",COARSE_C09655,East Sikkim,27.228,88.586,+24h,0.7027,High,HIGH,0.9897,0.4174,28.7,2026-09-08T18:05:43Z,ACTIVE,forecast_composite,SIMULATED / PROTOTYPE ALERT
ALT-GRID-02171,REGIONAL_GRID_CELL,"Cell COARSE_C09656 (27.228N, 88.587E)",COARSE_C09656,East Sikkim,27.228,88.587,+24h,0.6572,High,HIGH,0.9118,0.4174,28.7,2026-09-08T18:05:43Z,ACTIVE,forecast_composite,SIMULATED / PROTOTYPE ALERT
ALT-GRID-02172,REGIONAL_GRID_CELL,"Cell COARSE_C09657 (27.228N, 88.588E)",COARSE_C09657,East Sikkim,27.228,88.588,+24h,0.7026,High,HIGH,0.9896,0.4174,28.7,2026-09-08T18:05:43Z,ACTIVE,forecast_composite,SIMULATED / PROTOTYPE ALERT
ALT-GRID-02173,REGIONAL_GRID_CELL,"Cell COARSE_C09658 (27.228N, 88.589E)",COARSE_C09658,East Sikkim,27.228,88.589,+24h,0.6241,High,HIGH,0.855,0.4174,28.7,2026-09-08T18:05:43Z,ACTIVE,forecast_composite,SIMULATED / PROTOTYPE ALERT
ALT-GRID-02174,REGIONAL_GRID_CELL,"Cell COARSE_C09661 (27.228N, 88.592E)",COARSE_C09661,East Sikkim,27.228,88.592,+24h,0.7046,High,HIGH,0.993,0.4174,28.7,2026-09-08T18:05:43Z,ACTIVE,forecast_composite,SIMULATED / PROTOTYPE ALERT
ALT-GRID-02175,REGIONAL_GRID_CELL,"Cell COARSE_C09695 (27.228N, 88.626E)",COARSE_C09695,East Sikkim,27.228,88.626,+24h,0.6608,High,HIGH,0.9332,0.399,27.5,2026-09-08T18:05:43Z,ACTIVE,forecast_composite,SIMULATED / PROTOTYPE ALERT
ALT-GRID-02176,REGIONAL_GRID_CELL,"Cell COARSE_C09698 (27.228N, 88.629E)",COARSE_C09698,East Sikkim,27.228,88.629,+24h,0.6459,High,HIGH,0.9075,0.399,27.5,2026-09-08T18:05:43Z,ACTIVE,forecast_composite,SIMULATED / PROTOTYPE ALERT
ALT-GRID-02177,REGIONAL_GRID_CELL,"Cell COARSE_C09713 (27.228N, 88.644E)",COARSE_C09713,East Sikkim,27.228,88.644,+24h,0.5773,High,HIGH,0.7892,0.399,27.5,2026-09-08T18:05:43Z,ACTIVE,forecast_composite,SIMULATED / PROTOTYPE ALERT
ALT-GRID-02178,REGIONAL_GRID_CELL,"Cell COARSE_C09719 (27.228N, 88.650E)",COARSE_C09719,East Sikkim,27.228,88.65,+24h,0.5533,High,HIGH,0.7478,0.399,27.5,2026-09-08T18:05:43Z,ACTIVE,forecast_composite,SIMULATED / PROTOTYPE ALERT
ALT-GRID-02179,REGIONAL_GRID_CELL,"Cell COARSE_C09812 (27.228N, 88.743E)",COARSE_C09812,East Sikkim,27.228,88.743,+24h,0.5536,High,HIGH,0.9978,0.1095,0.0,2026-09-08T18:05:43Z,ACTIVE,forecast_composite,SIMULATED / PROTOTYPE ALERT
ALT-GRID-02180,REGIONAL_GRID_CELL,"Cell COARSE_C09854 (27.229N, 88.584E)",COARSE_C09854,East Sikkim,27.229,88.584,+24h,0.6244,High,HIGH,0.8555,0.4174,28.7,2026-09-08T18:05:43Z,ACTIVE,forecast_composite,SIMULATED / PROTOTYPE ALERT
ALT-GRID-02181,REGIONAL_GRID_CELL,"Cell COARSE_C09855 (27.229N, 88.585E)",COARSE_C09855,East Sikkim,27.229,88.585,+24h,0.6724,High,HIGH,0.9379,0.4174,28.7,2026-09-08T18:05:43Z,ACTIVE,forecast_composite,SIMULATED / PROTOTYPE ALERT
ALT-GRID-02182,REGIONAL_GRID_CELL,"Cell COARSE_C09856 (27.229N, 88.586E)",COARSE_C09856,East Sikkim,27.229,88.586,+24h,0.7031,High,HIGH,0.9905,0.4174,28.7,2026-09-08T18:05:43Z,ACTIVE,forecast_composite,SIMULATED / PROTOTYPE ALERT
ALT-GRID-02183,REGIONAL_GRID_CELL,"Cell COARSE_C09857 (27.229N, 88.587E)",COARSE_C09857,East Sikkim,27.229,88.587,+24h,0.6321,High,HIGH,0.8687,0.4174,28.7,2026-09-08T18:05:43Z,ACTIVE,forecast_composite,SIMULATED / PROTOTYPE ALERT
ALT-GRID-02184,REGIONAL_GRID_CELL,"Cell COARSE_C09858 (27.229N, 88.588E)",COARSE_C09858,East Sikkim,27.229,88.588,+24h,0.6997,High,HIGH,0.9846,0.4174,28.7,2026-09-08T18:05:43Z,ACTIVE,forecast_composite,SIMULATED / PROTOTYPE ALERT
ALT-GRID-02185,REGIONAL_GRID_CELL,"Cell COARSE_C09887 (27.229N, 88.617E)",COARSE_C09887,East Sikkim,27.229,88.617,+24h,0.639,High,HIGH,0.8956,0.399,27.5,2026-09-08T18:05:43Z,ACTIVE,forecast_composite,SIMULATED / PROTOTYPE ALERT
ALT-GRID-02186,REGIONAL_GRID_CELL,"Cell COARSE_C09920 (27.229N, 88.650E)",COARSE_C09920,East Sikkim,27.229,88.65,+24h,0.5605,High,HIGH,0.7603,0.399,27.5,2026-09-08T18:05:43Z,ACTIVE,forecast_composite,SIMULATED / PROTOTYPE ALERT
ALT-GRID-02187,REGIONAL_GRID_CELL,"Cell COARSE_C10056 (27.230N, 88.585E)",COARSE_C10056,East Sikkim,27.23,88.585,+24h,0.6346,High,HIGH,0.873,0.4174,28.7,2026-09-08T18:05:43Z,ACTIVE,forecast_composite,SIMULATED / PROTOTYPE ALERT
ALT-GRID-02188,REGIONAL_GRID_CELL,"Cell COARSE_C10057 (27.230N, 88.586E)",COARSE_C10057,East Sikkim,27.23,88.586,+24h,0.6265,High,HIGH,0.8591,0.4174,28.7,2026-09-08T18:05:43Z,ACTIVE,forecast_composite,SIMULATED / PROTOTYPE ALERT
ALT-GRID-02189,REGIONAL_GRID_CELL,"Cell COARSE_C10058 (27.230N, 88.587E)",COARSE_C10058,East Sikkim,27.23,88.587,+24h,0.66,High,HIGH,0.9165,0.4174,28.7,2026-09-08T18:05:43Z,ACTIVE,forecast_composite,SIMULATED / PROTOTYPE ALERT
ALT-GRID-02190,REGIONAL_GRID_CELL,"Cell COARSE_C10059 (27.230N, 88.588E)",COARSE_C10059,East Sikkim,27.23,88.588,+24h,0.606,High,HIGH,0.8241,0.4174,28.7,2026-09-08T18:05:43Z,ACTIVE,forecast_composite,SIMULATED / PROTOTYPE ALERT
ALT-GRID-02191,REGIONAL_GRID_CELL,"Cell COARSE_C10060 (27.230N, 88.589E)",COARSE_C10060,East Sikkim,27.23,88.589,+24h,0.7014,High,HIGH,0.9875,0.4174,28.7,2026-09-08T18:05:43Z,ACTIVE,forecast_composite,SIMULATED / PROTOTYPE ALERT
ALT-GRID-02192,REGIONAL_GRID_CELL,"Cell COARSE_C10067 (27.230N, 88.596E)",COARSE_C10067,East Sikkim,27.23,88.596,+24h,0.7043,High,HIGH,0.9925,0.4174,28.7,2026-09-08T18:05:43Z,ACTIVE,forecast_composite,SIMULATED / PROTOTYPE ALERT
ALT-GRID-02193,REGIONAL_GRID_CELL,"Cell COARSE_C10068 (27.230N, 88.597E)",COARSE_C10068,East Sikkim,27.23,88.597,+24h,0.6462,High,HIGH,0.8929,0.4174,28.7,2026-09-08T18:05:43Z,ACTIVE,forecast_composite,SIMULATED / PROTOTYPE ALERT
ALT-GRID-02194,REGIONAL_GRID_CELL,"Cell COARSE_C10069 (27.230N, 88.598E)",COARSE_C10069,East Sikkim,27.23,88.598,+24h,0.6476,High,HIGH,0.8953,0.4174,28.7,2026-09-08T18:05:43Z,ACTIVE,forecast_composite,SIMULATED / PROTOTYPE ALERT
ALT-GRID-02195,REGIONAL_GRID_CELL,"Cell COARSE_C10095 (27.230N, 88.624E)",COARSE_C10095,East Sikkim,27.23,88.624,+24h,0.5539,High,HIGH,0.7488,0.399,27.5,2026-09-08T18:05:43Z,ACTIVE,forecast_composite,SIMULATED / PROTOTYPE ALERT
ALT-GRID-02196,REGIONAL_GRID_CELL,"Cell COARSE_C10108 (27.230N, 88.637E)",COARSE_C10108,East Sikkim,27.23,88.637,+24h,0.6637,High,HIGH,0.9383,0.399,27.5,2026-09-08T18:05:43Z,ACTIVE,forecast_composite,SIMULATED / PROTOTYPE ALERT
ALT-GRID-02197,REGIONAL_GRID_CELL,"Cell COARSE_C10114 (27.230N, 88.643E)",COARSE_C10114,East Sikkim,27.23,88.643,+24h,0.5565,High,HIGH,0.7534,0.399,27.5,2026-09-08T18:05:43Z,ACTIVE,forecast_composite,SIMULATED / PROTOTYPE ALERT
ALT-GRID-02198,REGIONAL_GRID_CELL,"Cell COARSE_C10115 (27.230N, 88.644E)",COARSE_C10115,East Sikkim,27.23,88.644,+24h,0.5696,High,HIGH,0.776,0.399,27.5,2026-09-08T18:05:43Z,ACTIVE,forecast_composite,SIMULATED / PROTOTYPE ALERT
ALT-GRID-02199,REGIONAL_GRID_CELL,"Cell COARSE_C10117 (27.230N, 88.646E)",COARSE_C10117,East Sikkim,27.23,88.646,+24h,0.5531,High,HIGH,0.7475,0.399,27.5,2026-09-08T18:05:43Z,ACTIVE,forecast_composite,SIMULATED / PROTOTYPE ALERT
ALT-GRID-02200,REGIONAL_GRID_CELL,"Cell COARSE_C10118 (27.230N, 88.647E)",COARSE_C10118,East Sikkim,27.23,88.647,+24h,0.5819,High,HIGH,0.7971,0.399,27.5,2026-09-08T18:05:43Z,ACTIVE,forecast_composite,SIMULATED / PROTOTYPE ALERT
ALT-GRID-02201,REGIONAL_GRID_CELL,"Cell COARSE_C10119 (27.230N, 88.648E)",COARSE_C10119,East Sikkim,27.23,88.648,+24h,0.5506,High,HIGH,0.7431,0.399,27.5,2026-09-08T18:05:43Z,ACTIVE,forecast_composite,SIMULATED / PROTOTYPE ALERT
ALT-GRID-02202,REGIONAL_GRID_CELL,"Cell COARSE_C10120 (27.230N, 88.649E)",COARSE_C10120,East Sikkim,27.23,88.649,+24h,0.564,High,HIGH,0.7663,0.399,27.5,2026-09-08T18:05:43Z,ACTIVE,forecast_composite,SIMULATED / PROTOTYPE ALERT
ALT-GRID-02203,REGIONAL_GRID_CELL,"Cell COARSE_C10258 (27.231N, 88.586E)",COARSE_C10258,East Sikkim,27.231,88.586,+24h,0.635,High,HIGH,0.8738,0.4174,28.7,2026-09-08T18:05:43Z,ACTIVE,forecast_composite,SIMULATED / PROTOTYPE ALERT
ALT-GRID-02204,REGIONAL_GRID_CELL,"Cell COARSE_C10259 (27.231N, 88.587E)",COARSE_C10259,East Sikkim,27.231,88.587,+24h,0.6237,High,HIGH,0.8544,0.4174,28.7,2026-09-08T18:05:43Z,ACTIVE,forecast_composite,SIMULATED / PROTOTYPE ALERT
ALT-GRID-02205,REGIONAL_GRID_CELL,"Cell COARSE_C10260 (27.231N, 88.588E)",COARSE_C10260,East Sikkim,27.231,88.588,+24h,0.6061,High,HIGH,0.8242,0.4174,28.7,2026-09-08T18:05:43Z,ACTIVE,forecast_composite,SIMULATED / PROTOTYPE ALERT
ALT-GRID-02206,REGIONAL_GRID_CELL,"Cell COARSE_C10269 (27.231N, 88.597E)",COARSE_C10269,East Sikkim,27.231,88.597,+24h,0.6359,High,HIGH,0.8753,0.4174,28.7,2026-09-08T18:05:43Z,ACTIVE,forecast_composite,SIMULATED / PROTOTYPE ALERT
ALT-GRID-02207,REGIONAL_GRID_CELL,"Cell COARSE_C10314 (27.231N, 88.642E)",COARSE_C10314,East Sikkim,27.231,88.642,+24h,0.5687,High,HIGH,0.7744,0.399,27.5,2026-09-08T18:05:43Z,ACTIVE,forecast_composite,SIMULATED / PROTOTYPE ALERT
ALT-GRID-02208,REGIONAL_GRID_CELL,"Cell COARSE_C10315 (27.231N, 88.643E)",COARSE_C10315,East Sikkim,27.231,88.643,+24h,0.579,High,HIGH,0.7922,0.399,27.5,2026-09-08T18:05:43Z,ACTIVE,forecast_composite,SIMULATED / PROTOTYPE ALERT
ALT-GRID-02209,REGIONAL_GRID_CELL,"Cell COARSE_C10316 (27.231N, 88.644E)",COARSE_C10316,East Sikkim,27.231,88.644,+24h,0.573,High,HIGH,0.7817,0.399,27.5,2026-09-08T18:05:43Z,ACTIVE,forecast_composite,SIMULATED / PROTOTYPE ALERT
ALT-GRID-02210,REGIONAL_GRID_CELL,"Cell COARSE_C10317 (27.231N, 88.645E)",COARSE_C10317,East Sikkim,27.231,88.645,+24h,0.5749,High,HIGH,0.7851,0.399,27.5,2026-09-08T18:05:43Z,ACTIVE,forecast_composite,SIMULATED / PROTOTYPE ALERT
ALT-GRID-02211,REGIONAL_GRID_CELL,"Cell COARSE_C10318 (27.231N, 88.646E)",COARSE_C10318,East Sikkim,27.231,88.646,+24h,0.5558,High,HIGH,0.7521,0.399,27.5,2026-09-08T18:05:43Z,ACTIVE,forecast_composite,SIMULATED / PROTOTYPE ALERT
ALT-GRID-02212,REGIONAL_GRID_CELL,"Cell COARSE_C10435 (27.231N, 88.763E)",COARSE_C10435,East Sikkim,27.231,88.763,+24h,0.552,High,HIGH,0.9962,0.108,0.0,2026-09-08T18:05:43Z,ACTIVE,forecast_composite,SIMULATED / PROTOTYPE ALERT
ALT-GRID-02213,REGIONAL_GRID_CELL,"Cell COARSE_C10461 (27.232N, 88.588E)",COARSE_C10461,East Sikkim,27.232,88.588,+24h,0.7008,High,HIGH,0.9865,0.4174,28.7,2026-09-08T18:05:43Z,ACTIVE,forecast_composite,SIMULATED / PROTOTYPE ALERT
ALT-GRID-02214,REGIONAL_GRID_CELL,"Cell COARSE_C10462 (27.232N, 88.589E)",COARSE_C10462,East Sikkim,27.232,88.589,+24h,0.613,High,HIGH,0.836,0.4174,28.7,2026-09-08T18:05:43Z,ACTIVE,forecast_composite,SIMULATED / PROTOTYPE ALERT
ALT-GRID-02215,REGIONAL_GRID_CELL,"Cell COARSE_C10491 (27.232N, 88.618E)",COARSE_C10491,East Sikkim,27.232,88.618,+24h,0.626,High,HIGH,0.8732,0.399,27.5,2026-09-08T18:05:43Z,ACTIVE,forecast_composite,SIMULATED / PROTOTYPE ALERT
ALT-GRID-02216,REGIONAL_GRID_CELL,"Cell COARSE_C10493 (27.232N, 88.620E)",COARSE_C10493,East Sikkim,27.232,88.62,+24h,0.6272,High,HIGH,0.8753,0.399,27.5,2026-09-08T18:05:43Z,ACTIVE,forecast_composite,SIMULATED / PROTOTYPE ALERT
ALT-GRID-02217,REGIONAL_GRID_CELL,"Cell COARSE_C10513 (27.232N, 88.640E)",COARSE_C10513,East Sikkim,27.232,88.64,+24h,0.5853,High,HIGH,0.803,0.399,27.5,2026-09-08T18:05:43Z,ACTIVE,forecast_composite,SIMULATED / PROTOTYPE ALERT
ALT-GRID-02218,REGIONAL_GRID_CELL,"Cell COARSE_C10514 (27.232N, 88.641E)",COARSE_C10514,East Sikkim,27.232,88.641,+24h,0.5911,High,HIGH,0.813,0.399,27.5,2026-09-08T18:05:43Z,ACTIVE,forecast_composite,SIMULATED / PROTOTYPE ALERT
ALT-GRID-02219,REGIONAL_GRID_CELL,"Cell COARSE_C10515 (27.232N, 88.642E)",COARSE_C10515,East Sikkim,27.232,88.642,+24h,0.5885,High,HIGH,0.8085,0.399,27.5,2026-09-08T18:05:43Z,ACTIVE,forecast_composite,SIMULATED / PROTOTYPE ALERT
ALT-GRID-02220,REGIONAL_GRID_CELL,"Cell COARSE_C10516 (27.232N, 88.643E)",COARSE_C10516,East Sikkim,27.232,88.643,+24h,0.5933,High,HIGH,0.8168,0.399,27.5,2026-09-08T18:05:43Z,ACTIVE,forecast_composite,SIMULATED / PROTOTYPE ALERT
ALT-GRID-02221,REGIONAL_GRID_CELL,"Cell COARSE_C10517 (27.232N, 88.644E)",COARSE_C10517,East Sikkim,27.232,88.644,+24h,0.5589,High,HIGH,0.7575,0.399,27.5,2026-09-08T18:05:43Z,ACTIVE,forecast_composite,SIMULATED / PROTOTYPE ALERT
ALT-GRID-02222,REGIONAL_GRID_CELL,"Cell COARSE_C10518 (27.232N, 88.645E)",COARSE_C10518,East Sikkim,27.232,88.645,+24h,0.574,High,HIGH,0.7835,0.399,27.5,2026-09-08T18:05:43Z,ACTIVE,forecast_composite,SIMULATED / PROTOTYPE ALERT
ALT-GRID-02223,REGIONAL_GRID_CELL,"Cell COARSE_C10520 (27.232N, 88.647E)",COARSE_C10520,East Sikkim,27.232,88.647,+24h,0.5535,High,HIGH,0.7481,0.399,27.5,2026-09-08T18:05:43Z,ACTIVE,forecast_composite,SIMULATED / PROTOTYPE ALERT
ALT-GRID-02224,REGIONAL_GRID_CELL,"Cell COARSE_C10521 (27.232N, 88.648E)",COARSE_C10521,East Sikkim,27.232,88.648,+24h,0.5732,High,HIGH,0.7821,0.399,27.5,2026-09-08T18:05:43Z,ACTIVE,forecast_composite,SIMULATED / PROTOTYPE ALERT
ALT-GRID-02225,REGIONAL_GRID_CELL,"Cell COARSE_C10522 (27.232N, 88.649E)",COARSE_C10522,East Sikkim,27.232,88.649,+24h,0.5792,High,HIGH,0.7924,0.399,27.5,2026-09-08T18:05:43Z,ACTIVE,forecast_composite,SIMULATED / PROTOTYPE ALERT
ALT-GRID-02226,REGIONAL_GRID_CELL,"Cell COARSE_C10523 (27.232N, 88.650E)",COARSE_C10523,East Sikkim,27.232,88.65,+24h,0.5683,High,HIGH,0.7736,0.399,27.5,2026-09-08T18:05:43Z,ACTIVE,forecast_composite,SIMULATED / PROTOTYPE ALERT
ALT-GRID-02227,REGIONAL_GRID_CELL,"Cell COARSE_C10662 (27.233N, 88.588E)",COARSE_C10662,East Sikkim,27.233,88.588,+24h,0.7008,High,HIGH,0.9865,0.4174,28.7,2026-09-08T18:05:43Z,ACTIVE,forecast_composite,SIMULATED / PROTOTYPE ALERT
ALT-GRID-02228,REGIONAL_GRID_CELL,"Cell COARSE_C10663 (27.233N, 88.589E)",COARSE_C10663,East Sikkim,27.233,88.589,+24h,0.7024,High,HIGH,0.9893,0.4174,28.7,2026-09-08T18:05:43Z,ACTIVE,forecast_composite,SIMULATED / PROTOTYPE ALERT
ALT-GRID-02229,REGIONAL_GRID_CELL,"Cell COARSE_C10691 (27.233N, 88.617E)",COARSE_C10691,East Sikkim,27.233,88.617,+24h,0.6494,High,HIGH,0.9135,0.399,27.5,2026-09-08T18:05:43Z,ACTIVE,forecast_composite,SIMULATED / PROTOTYPE ALERT
ALT-GRID-02230,REGIONAL_GRID_CELL,"Cell COARSE_C10713 (27.233N, 88.639E)",COARSE_C10713,East Sikkim,27.233,88.639,+24h,0.5592,High,HIGH,0.7579,0.399,27.5,2026-09-08T18:05:43Z,ACTIVE,forecast_composite,SIMULATED / PROTOTYPE ALERT
ALT-GRID-02231,REGIONAL_GRID_CELL,"Cell COARSE_C10859 (27.234N, 88.584E)",COARSE_C10859,East Sikkim,27.234,88.584,+24h,0.5753,High,HIGH,0.7714,0.4174,28.7,2026-09-08T18:05:43Z,ACTIVE,forecast_composite,SIMULATED / PROTOTYPE ALERT
ALT-GRID-02232,REGIONAL_GRID_CELL,"Cell COARSE_C10860 (27.234N, 88.585E)",COARSE_C10860,East Sikkim,27.234,88.585,+24h,0.5696,High,HIGH,0.7617,0.4174,28.7,2026-09-08T18:05:43Z,ACTIVE,forecast_composite,SIMULATED / PROTOTYPE ALERT
ALT-GRID-02233,REGIONAL_GRID_CELL,"Cell COARSE_C10864 (27.234N, 88.589E)",COARSE_C10864,East Sikkim,27.234,88.589,+24h,0.7019,High,HIGH,0.9884,0.4174,28.7,2026-09-08T18:05:43Z,ACTIVE,forecast_composite,SIMULATED / PROTOTYPE ALERT
ALT-GRID-02234,REGIONAL_GRID_CELL,"Cell COARSE_C10865 (27.234N, 88.590E)",COARSE_C10865,East Sikkim,27.234,88.59,+24h,0.6078,High,HIGH,0.8271,0.4174,28.7,2026-09-08T18:05:43Z,ACTIVE,forecast_composite,SIMULATED / PROTOTYPE ALERT
ALT-GRID-02235,REGIONAL_GRID_CELL,"Cell COARSE_C10872 (27.234N, 88.597E)",COARSE_C10872,East Sikkim,27.234,88.597,+24h,0.6229,High,HIGH,0.8529,0.4174,28.7,2026-09-08T18:05:43Z,ACTIVE,forecast_composite,SIMULATED / PROTOTYPE ALERT
ALT-GRID-02236,REGIONAL_GRID_CELL,"Cell COARSE_C10883 (27.234N, 88.608E)",COARSE_C10883,East Sikkim,27.234,88.608,+24h,0.6339,High,HIGH,0.8869,0.399,27.5,2026-09-08T18:05:43Z,ACTIVE,forecast_composite,SIMULATED / PROTOTYPE ALERT
ALT-GRID-02237,REGIONAL_GRID_CELL,"Cell COARSE_C10884 (27.234N, 88.609E)",COARSE_C10884,East Sikkim,27.234,88.609,+24h,0.6353,High,HIGH,0.8892,0.399,27.5,2026-09-08T18:05:43Z,ACTIVE,forecast_composite,SIMULATED / PROTOTYPE ALERT
ALT-GRID-02238,REGIONAL_GRID_CELL,"Cell COARSE_C11065 (27.235N, 88.589E)",COARSE_C11065,East Sikkim,27.235,88.589,+24h,0.7034,High,HIGH,0.9909,0.4174,28.7,2026-09-08T18:05:43Z,ACTIVE,forecast_composite,SIMULATED / PROTOTYPE ALERT
ALT-GRID-02239,REGIONAL_GRID_CELL,"Cell COARSE_C11066 (27.235N, 88.590E)",COARSE_C11066,East Sikkim,27.235,88.59,+24h,0.7012,High,HIGH,0.9872,0.4174,28.7,2026-09-08T18:05:43Z,ACTIVE,forecast_composite,SIMULATED / PROTOTYPE ALERT
ALT-GRID-02240,REGIONAL_GRID_CELL,"Cell COARSE_C11067 (27.235N, 88.591E)",COARSE_C11067,East Sikkim,27.235,88.591,+24h,0.6121,High,HIGH,0.8344,0.4174,28.7,2026-09-08T18:05:43Z,ACTIVE,forecast_composite,SIMULATED / PROTOTYPE ALERT
ALT-GRID-02241,REGIONAL_GRID_CELL,"Cell COARSE_C11068 (27.235N, 88.592E)",COARSE_C11068,East Sikkim,27.235,88.592,+24h,0.5895,High,HIGH,0.7958,0.4174,28.7,2026-09-08T18:05:43Z,ACTIVE,forecast_composite,SIMULATED / PROTOTYPE ALERT
ALT-GRID-02242,REGIONAL_GRID_CELL,"Cell COARSE_C11069 (27.235N, 88.593E)",COARSE_C11069,East Sikkim,27.235,88.593,+24h,0.6003,High,HIGH,0.8143,0.4174,28.7,2026-09-08T18:05:43Z,ACTIVE,forecast_composite,SIMULATED / PROTOTYPE ALERT
ALT-GRID-02243,REGIONAL_GRID_CELL,"Cell COARSE_C11118 (27.235N, 88.642E)",COARSE_C11118,East Sikkim,27.235,88.642,+24h,0.5509,High,HIGH,0.7437,0.399,27.5,2026-09-08T18:05:43Z,ACTIVE,forecast_composite,SIMULATED / PROTOTYPE ALERT
ALT-GRID-02244,REGIONAL_GRID_CELL,"Cell COARSE_C11120 (27.235N, 88.644E)",COARSE_C11120,East Sikkim,27.235,88.644,+24h,0.5927,High,HIGH,0.8158,0.399,27.5,2026-09-08T18:05:43Z,ACTIVE,forecast_composite,SIMULATED / PROTOTYPE ALERT
ALT-GRID-02245,REGIONAL_GRID_CELL,"Cell COARSE_C11163 (27.235N, 88.687E)",COARSE_C11163,East Sikkim,27.235,88.687,+24h,0.5503,High,HIGH,0.992,0.109,0.0,2026-09-08T18:05:43Z,ACTIVE,forecast_composite,SIMULATED / PROTOTYPE ALERT
ALT-GRID-02246,REGIONAL_GRID_CELL,"Cell COARSE_C11266 (27.236N, 88.589E)",COARSE_C11266,East Sikkim,27.236,88.589,+24h,0.7036,High,HIGH,0.9913,0.4174,28.7,2026-09-08T18:05:43Z,ACTIVE,forecast_composite,SIMULATED / PROTOTYPE ALERT
ALT-GRID-02247,REGIONAL_GRID_CELL,"Cell COARSE_C11267 (27.236N, 88.590E)",COARSE_C11267,East Sikkim,27.236,88.59,+24h,0.7017,High,HIGH,0.988,0.4174,28.7,2026-09-08T18:05:43Z,ACTIVE,forecast_composite,SIMULATED / PROTOTYPE ALERT
ALT-GRID-02248,REGIONAL_GRID_CELL,"Cell COARSE_C11268 (27.236N, 88.591E)",COARSE_C11268,East Sikkim,27.236,88.591,+24h,0.5988,High,HIGH,0.8117,0.4174,28.7,2026-09-08T18:05:43Z,ACTIVE,forecast_composite,SIMULATED / PROTOTYPE ALERT
ALT-GRID-02249,REGIONAL_GRID_CELL,"Cell COARSE_C11270 (27.236N, 88.593E)",COARSE_C11270,East Sikkim,27.236,88.593,+24h,0.7004,High,HIGH,0.9858,0.4174,28.7,2026-09-08T18:05:43Z,ACTIVE,forecast_composite,SIMULATED / PROTOTYPE ALERT
ALT-GRID-02250,REGIONAL_GRID_CELL,"Cell COARSE_C11292 (27.236N, 88.615E)",COARSE_C11292,East Sikkim,27.236,88.615,+24h,0.6508,High,HIGH,0.9159,0.399,27.5,2026-09-08T18:05:43Z,ACTIVE,forecast_composite,SIMULATED / PROTOTYPE ALERT
ALT-GRID-02251,REGIONAL_GRID_CELL,"Cell COARSE_C11294 (27.236N, 88.617E)",COARSE_C11294,East Sikkim,27.236,88.617,+24h,0.6475,High,HIGH,0.9102,0.399,27.5,2026-09-08T18:05:43Z,ACTIVE,forecast_composite,SIMULATED / PROTOTYPE ALERT
ALT-GRID-02252,REGIONAL_GRID_CELL,"Cell COARSE_C11468 (27.237N, 88.590E)",COARSE_C11468,East Sikkim,27.237,88.59,+24h,0.7033,High,HIGH,0.9908,0.4174,28.7,2026-09-08T18:05:43Z,ACTIVE,forecast_composite,SIMULATED / PROTOTYPE ALERT
ALT-GRID-02253,REGIONAL_GRID_CELL,"Cell COARSE_C11469 (27.237N, 88.591E)",COARSE_C11469,East Sikkim,27.237,88.591,+24h,0.7035,High,HIGH,0.9912,0.4174,28.7,2026-09-08T18:05:43Z,ACTIVE,forecast_composite,SIMULATED / PROTOTYPE ALERT
ALT-GRID-02254,REGIONAL_GRID_CELL,"Cell COARSE_C11471 (27.237N, 88.593E)",COARSE_C11471,East Sikkim,27.237,88.593,+24h,0.703,High,HIGH,0.9902,0.4174,28.7,2026-09-08T18:05:43Z,ACTIVE,forecast_composite,SIMULATED / PROTOTYPE ALERT
ALT-GRID-02255,REGIONAL_GRID_CELL,"Cell COARSE_C11473 (27.237N, 88.595E)",COARSE_C11473,East Sikkim,27.237,88.595,+24h,0.6262,High,HIGH,0.8587,0.4174,28.7,2026-09-08T18:05:43Z,ACTIVE,forecast_composite,SIMULATED / PROTOTYPE ALERT
ALT-GRID-02256,REGIONAL_GRID_CELL,"Cell COARSE_C11669 (27.238N, 88.590E)",COARSE_C11669,East Sikkim,27.238,88.59,+24h,0.6226,High,HIGH,0.8524,0.4174,28.7,2026-09-08T18:05:43Z,ACTIVE,forecast_composite,SIMULATED / PROTOTYPE ALERT
ALT-GRID-02257,REGIONAL_GRID_CELL,"Cell COARSE_C11670 (27.238N, 88.591E)",COARSE_C11670,East Sikkim,27.238,88.591,+24h,0.7033,High,HIGH,0.9907,0.4174,28.7,2026-09-08T18:05:43Z,ACTIVE,forecast_composite,SIMULATED / PROTOTYPE ALERT
ALT-GRID-02258,REGIONAL_GRID_CELL,"Cell COARSE_C11671 (27.238N, 88.592E)",COARSE_C11671,East Sikkim,27.238,88.592,+24h,0.7019,High,HIGH,0.9883,0.4174,28.7,2026-09-08T18:05:43Z,ACTIVE,forecast_composite,SIMULATED / PROTOTYPE ALERT
ALT-GRID-02259,REGIONAL_GRID_CELL,"Cell COARSE_C11672 (27.238N, 88.593E)",COARSE_C11672,East Sikkim,27.238,88.593,+24h,0.7037,High,HIGH,0.9915,0.4174,28.7,2026-09-08T18:05:43Z,ACTIVE,forecast_composite,SIMULATED / PROTOTYPE ALERT
ALT-GRID-02260,REGIONAL_GRID_CELL,"Cell COARSE_C11675 (27.238N, 88.596E)",COARSE_C11675,East Sikkim,27.238,88.596,+24h,0.6368,High,HIGH,0.8768,0.4174,28.7,2026-09-08T18:05:43Z,ACTIVE,forecast_composite,SIMULATED / PROTOTYPE ALERT
ALT-GRID-02261,REGIONAL_GRID_CELL,"Cell COARSE_C11711 (27.238N, 88.632E)",COARSE_C11711,East Sikkim,27.238,88.632,+24h,0.6025,High,HIGH,0.8326,0.399,27.5,2026-09-08T18:05:43Z,ACTIVE,forecast_composite,SIMULATED / PROTOTYPE ALERT
ALT-GRID-02262,REGIONAL_GRID_CELL,"Cell COARSE_C11870 (27.239N, 88.590E)",COARSE_C11870,East Sikkim,27.239,88.59,+24h,0.6074,High,HIGH,0.8265,0.4174,28.7,2026-09-08T18:05:43Z,ACTIVE,forecast_composite,SIMULATED / PROTOTYPE ALERT
ALT-GRID-02263,REGIONAL_GRID_CELL,"Cell COARSE_C11871 (27.239N, 88.591E)",COARSE_C11871,East Sikkim,27.239,88.591,+24h,0.622,High,HIGH,0.8515,0.4174,28.7,2026-09-08T18:05:43Z,ACTIVE,forecast_composite,SIMULATED / PROTOTYPE ALERT
ALT-GRID-02264,REGIONAL_GRID_CELL,"Cell COARSE_C11872 (27.239N, 88.592E)",COARSE_C11872,East Sikkim,27.239,88.592,+24h,0.7033,High,HIGH,0.9908,0.4174,28.7,2026-09-08T18:05:43Z,ACTIVE,forecast_composite,SIMULATED / PROTOTYPE ALERT
ALT-GRID-02265,REGIONAL_GRID_CELL,"Cell COARSE_C11873 (27.239N, 88.593E)",COARSE_C11873,East Sikkim,27.239,88.593,+24h,0.6447,High,HIGH,0.8903,0.4174,28.7,2026-09-08T18:05:43Z,ACTIVE,forecast_composite,SIMULATED / PROTOTYPE ALERT
ALT-GRID-02266,REGIONAL_GRID_CELL,"Cell COARSE_C11875 (27.239N, 88.595E)",COARSE_C11875,East Sikkim,27.239,88.595,+24h,0.6371,High,HIGH,0.8773,0.4174,28.7,2026-09-08T18:05:43Z,ACTIVE,forecast_composite,SIMULATED / PROTOTYPE ALERT
ALT-GRID-02267,REGIONAL_GRID_CELL,"Cell COARSE_C11877 (27.239N, 88.597E)",COARSE_C11877,East Sikkim,27.239,88.597,+24h,0.6288,High,HIGH,0.8631,0.4174,28.7,2026-09-08T18:05:43Z,ACTIVE,forecast_composite,SIMULATED / PROTOTYPE ALERT
ALT-GRID-02268,REGIONAL_GRID_CELL,"Cell COARSE_C11885 (27.239N, 88.605E)",COARSE_C11885,East Sikkim,27.239,88.605,+24h,0.6316,High,HIGH,0.8829,0.399,27.5,2026-09-08T18:05:43Z,ACTIVE,forecast_composite,SIMULATED / PROTOTYPE ALERT
ALT-GRID-02269,REGIONAL_GRID_CELL,"Cell COARSE_C11895 (27.239N, 88.615E)",COARSE_C11895,East Sikkim,27.239,88.615,+24h,0.5545,High,HIGH,0.7499,0.399,27.5,2026-09-08T18:05:43Z,ACTIVE,forecast_composite,SIMULATED / PROTOTYPE ALERT
ALT-GRID-02270,REGIONAL_GRID_CELL,"Cell COARSE_C11905 (27.239N, 88.625E)",COARSE_C11905,East Sikkim,27.239,88.625,+24h,0.662,High,HIGH,0.9352,0.399,27.5,2026-09-08T18:05:43Z,ACTIVE,forecast_composite,SIMULATED / PROTOTYPE ALERT
ALT-GRID-02271,REGIONAL_GRID_CELL,"Cell COARSE_C12073 (27.240N, 88.592E)",COARSE_C12073,East Sikkim,27.24,88.592,+24h,0.7034,High,HIGH,0.9909,0.4174,28.7,2026-09-08T18:05:43Z,ACTIVE,forecast_composite,SIMULATED / PROTOTYPE ALERT
ALT-GRID-02272,REGIONAL_GRID_CELL,"Cell COARSE_C12074 (27.240N, 88.593E)",COARSE_C12074,East Sikkim,27.24,88.593,+24h,0.702,High,HIGH,0.9886,0.4174,28.7,2026-09-08T18:05:43Z,ACTIVE,forecast_composite,SIMULATED / PROTOTYPE ALERT
ALT-GRID-02273,REGIONAL_GRID_CELL,"Cell COARSE_C12075 (27.240N, 88.594E)",COARSE_C12075,East Sikkim,27.24,88.594,+24h,0.6234,High,HIGH,0.8539,0.4174,28.7,2026-09-08T18:05:43Z,ACTIVE,forecast_composite,SIMULATED / PROTOTYPE ALERT
ALT-GRID-02274,REGIONAL_GRID_CELL,"Cell COARSE_C12093 (27.240N, 88.612E)",COARSE_C12093,East Sikkim,27.24,88.612,+24h,0.6523,High,HIGH,0.9186,0.399,27.5,2026-09-08T18:05:43Z,ACTIVE,forecast_composite,SIMULATED / PROTOTYPE ALERT
ALT-GRID-02275,REGIONAL_GRID_CELL,"Cell COARSE_C12096 (27.240N, 88.615E)",COARSE_C12096,East Sikkim,27.24,88.615,+24h,0.568,High,HIGH,0.7732,0.399,27.5,2026-09-08T18:05:43Z,ACTIVE,forecast_composite,SIMULATED / PROTOTYPE ALERT
ALT-GRID-02276,REGIONAL_GRID_CELL,"Cell COARSE_C12097 (27.240N, 88.616E)",COARSE_C12097,East Sikkim,27.24,88.616,+24h,0.552,High,HIGH,0.7456,0.399,27.5,2026-09-08T18:05:43Z,ACTIVE,forecast_composite,SIMULATED / PROTOTYPE ALERT
ALT-GRID-02277,REGIONAL_GRID_CELL,"Cell COARSE_C12099 (27.240N, 88.618E)",COARSE_C12099,East Sikkim,27.24,88.618,+24h,0.5943,High,HIGH,0.8185,0.399,27.5,2026-09-08T18:05:43Z,ACTIVE,forecast_composite,SIMULATED / PROTOTYPE ALERT
ALT-GRID-02278,REGIONAL_GRID_CELL,"Cell COARSE_C12274 (27.241N, 88.592E)",COARSE_C12274,East Sikkim,27.241,88.592,+24h,0.6226,High,HIGH,0.8524,0.4174,28.7,2026-09-08T18:05:43Z,ACTIVE,forecast_composite,SIMULATED / PROTOTYPE ALERT
ALT-GRID-02279,REGIONAL_GRID_CELL,"Cell COARSE_C12275 (27.241N, 88.593E)",COARSE_C12275,East Sikkim,27.241,88.593,+24h,0.6339,High,HIGH,0.8718,0.4174,28.7,2026-09-08T18:05:43Z,ACTIVE,forecast_composite,SIMULATED / PROTOTYPE ALERT
ALT-GRID-02280,REGIONAL_GRID_CELL,"Cell COARSE_C12276 (27.241N, 88.594E)",COARSE_C12276,East Sikkim,27.241,88.594,+24h,0.7033,High,HIGH,0.9908,0.4174,28.7,2026-09-08T18:05:43Z,ACTIVE,forecast_composite,SIMULATED / PROTOTYPE ALERT
ALT-GRID-02281,REGIONAL_GRID_CELL,"Cell COARSE_C12284 (27.241N, 88.602E)",COARSE_C12284,East Sikkim,27.241,88.602,+24h,0.6906,High,HIGH,0.9846,0.399,27.5,2026-09-08T18:05:43Z,ACTIVE,forecast_composite,SIMULATED / PROTOTYPE ALERT
ALT-GRID-02282,REGIONAL_GRID_CELL,"Cell COARSE_C12285 (27.241N, 88.603E)",COARSE_C12285,East Sikkim,27.241,88.603,+24h,0.693,High,HIGH,0.9888,0.399,27.5,2026-09-08T18:05:43Z,ACTIVE,forecast_composite,SIMULATED / PROTOTYPE ALERT
ALT-GRID-02283,REGIONAL_GRID_CELL,"Cell COARSE_C12297 (27.241N, 88.615E)",COARSE_C12297,East Sikkim,27.241,88.615,+24h,0.5831,High,HIGH,0.7992,0.399,27.5,2026-09-08T18:05:43Z,ACTIVE,forecast_composite,SIMULATED / PROTOTYPE ALERT
ALT-GRID-02284,REGIONAL_GRID_CELL,"Cell COARSE_C12299 (27.241N, 88.617E)",COARSE_C12299,East Sikkim,27.241,88.617,+24h,0.561,High,HIGH,0.7611,0.399,27.5,2026-09-08T18:05:43Z,ACTIVE,forecast_composite,SIMULATED / PROTOTYPE ALERT
ALT-GRID-02285,REGIONAL_GRID_CELL,"Cell COARSE_C12309 (27.241N, 88.627E)",COARSE_C12309,East Sikkim,27.241,88.627,+24h,0.5717,High,HIGH,0.7796,0.399,27.5,2026-09-08T18:05:43Z,ACTIVE,forecast_composite,SIMULATED / PROTOTYPE ALERT
ALT-GRID-02286,REGIONAL_GRID_CELL,"Cell COARSE_C12479 (27.242N, 88.596E)",COARSE_C12479,East Sikkim,27.242,88.596,+24h,0.7038,High,HIGH,0.9916,0.4174,28.7,2026-09-08T18:05:43Z,ACTIVE,forecast_composite,SIMULATED / PROTOTYPE ALERT
ALT-GRID-02287,REGIONAL_GRID_CELL,"Cell COARSE_C12486 (27.242N, 88.603E)",COARSE_C12486,East Sikkim,27.242,88.603,+24h,0.6908,High,HIGH,0.985,0.399,27.5,2026-09-08T18:05:43Z,ACTIVE,forecast_composite,SIMULATED / PROTOTYPE ALERT
ALT-GRID-02288,REGIONAL_GRID_CELL,"Cell COARSE_C12490 (27.242N, 88.607E)",COARSE_C12490,East Sikkim,27.242,88.607,+24h,0.6433,High,HIGH,0.9031,0.399,27.5,2026-09-08T18:05:43Z,ACTIVE,forecast_composite,SIMULATED / PROTOTYPE ALERT
ALT-GRID-02289,REGIONAL_GRID_CELL,"Cell COARSE_C12493 (27.242N, 88.610E)",COARSE_C12493,East Sikkim,27.242,88.61,+24h,0.6469,High,HIGH,0.9093,0.399,27.5,2026-09-08T18:05:43Z,ACTIVE,forecast_composite,SIMULATED / PROTOTYPE ALERT
ALT-GRID-02290,REGIONAL_GRID_CELL,"Cell COARSE_C12498 (27.242N, 88.615E)",COARSE_C12498,East Sikkim,27.242,88.615,+24h,0.5627,High,HIGH,0.764,0.399,27.5,2026-09-08T18:05:43Z,ACTIVE,forecast_composite,SIMULATED / PROTOTYPE ALERT
ALT-GRID-02291,REGIONAL_GRID_CELL,"Cell COARSE_C12499 (27.242N, 88.616E)",COARSE_C12499,East Sikkim,27.242,88.616,+24h,0.556,High,HIGH,0.7524,0.399,27.5,2026-09-08T18:05:43Z,ACTIVE,forecast_composite,SIMULATED / PROTOTYPE ALERT
ALT-GRID-02292,REGIONAL_GRID_CELL,"Cell COARSE_C12502 (27.242N, 88.619E)",COARSE_C12502,East Sikkim,27.242,88.619,+24h,0.5505,High,HIGH,0.7429,0.399,27.5,2026-09-08T18:05:43Z,ACTIVE,forecast_composite,SIMULATED / PROTOTYPE ALERT
ALT-GRID-02293,REGIONAL_GRID_CELL,"Cell COARSE_C12510 (27.242N, 88.627E)",COARSE_C12510,East Sikkim,27.242,88.627,+24h,0.5632,High,HIGH,0.7649,0.399,27.5,2026-09-08T18:05:43Z,ACTIVE,forecast_composite,SIMULATED / PROTOTYPE ALERT
ALT-GRID-02294,REGIONAL_GRID_CELL,"Cell COARSE_C12511 (27.242N, 88.628E)",COARSE_C12511,East Sikkim,27.242,88.628,+24h,0.5514,High,HIGH,0.7445,0.399,27.5,2026-09-08T18:05:43Z,ACTIVE,forecast_composite,SIMULATED / PROTOTYPE ALERT
ALT-GRID-02295,REGIONAL_GRID_CELL,"Cell COARSE_C12681 (27.243N, 88.597E)",COARSE_C12681,East Sikkim,27.243,88.597,+24h,0.7032,High,HIGH,0.9906,0.4174,28.7,2026-09-08T18:05:43Z,ACTIVE,forecast_composite,SIMULATED / PROTOTYPE ALERT
ALT-GRID-02296,REGIONAL_GRID_CELL,"Cell COARSE_C12683 (27.243N, 88.599E)",COARSE_C12683,East Sikkim,27.243,88.599,+24h,0.699,High,HIGH,0.9834,0.4174,28.7,2026-09-08T18:05:43Z,ACTIVE,forecast_composite,SIMULATED / PROTOTYPE ALERT
ALT-GRID-02297,REGIONAL_GRID_CELL,"Cell COARSE_C12693 (27.243N, 88.609E)",COARSE_C12693,East Sikkim,27.243,88.609,+24h,0.6962,High,HIGH,0.9942,0.399,27.5,2026-09-08T18:05:43Z,ACTIVE,forecast_composite,SIMULATED / PROTOTYPE ALERT
ALT-GRID-02298,REGIONAL_GRID_CELL,"Cell COARSE_C12700 (27.243N, 88.616E)",COARSE_C12700,East Sikkim,27.243,88.616,+24h,0.6048,High,HIGH,0.8367,0.399,27.5,2026-09-08T18:05:43Z,ACTIVE,forecast_composite,SIMULATED / PROTOTYPE ALERT
ALT-GRID-02299,REGIONAL_GRID_CELL,"Cell COARSE_C12701 (27.243N, 88.617E)",COARSE_C12701,East Sikkim,27.243,88.617,+24h,0.5847,High,HIGH,0.8019,0.399,27.5,2026-09-08T18:05:43Z,ACTIVE,forecast_composite,SIMULATED / PROTOTYPE ALERT
ALT-GRID-02300,REGIONAL_GRID_CELL,"Cell COARSE_C12702 (27.243N, 88.618E)",COARSE_C12702,East Sikkim,27.243,88.618,+24h,0.5767,High,HIGH,0.7881,0.399,27.5,2026-09-08T18:05:43Z,ACTIVE,forecast_composite,SIMULATED / PROTOTYPE ALERT
ALT-GRID-02301,REGIONAL_GRID_CELL,"Cell COARSE_C12703 (27.243N, 88.619E)",COARSE_C12703,East Sikkim,27.243,88.619,+24h,0.6095,High,HIGH,0.8448,0.399,27.5,2026-09-08T18:05:43Z,ACTIVE,forecast_composite,SIMULATED / PROTOTYPE ALERT
ALT-GRID-02302,REGIONAL_GRID_CELL,"Cell COARSE_C12707 (27.243N, 88.623E)",COARSE_C12707,East Sikkim,27.243,88.623,+24h,0.5815,High,HIGH,0.7964,0.399,27.5,2026-09-08T18:05:43Z,ACTIVE,forecast_composite,SIMULATED / PROTOTYPE ALERT
ALT-GRID-02303,REGIONAL_GRID_CELL,"Cell COARSE_C12880 (27.244N, 88.595E)",COARSE_C12880,East Sikkim,27.244,88.595,+24h,0.6525,High,HIGH,0.9037,0.4174,28.7,2026-09-08T18:05:43Z,ACTIVE,forecast_composite,SIMULATED / PROTOTYPE ALERT
ALT-GRID-02304,REGIONAL_GRID_CELL,"Cell COARSE_C12887 (27.244N, 88.602E)",COARSE_C12887,Pakyong,27.244,88.602,+24h,0.6948,High,HIGH,0.9918,0.399,27.5,2026-09-08T18:05:43Z,ACTIVE,forecast_composite,SIMULATED / PROTOTYPE ALERT
ALT-GRID-02305,REGIONAL_GRID_CELL,"Cell COARSE_C12894 (27.244N, 88.609E)",COARSE_C12894,East Sikkim,27.244,88.609,+24h,0.6918,High,HIGH,0.9866,0.399,27.5,2026-09-08T18:05:43Z,ACTIVE,forecast_composite,SIMULATED / PROTOTYPE ALERT
ALT-GRID-02306,REGIONAL_GRID_CELL,"Cell COARSE_C12895 (27.244N, 88.610E)",COARSE_C12895,East Sikkim,27.244,88.61,+24h,0.652,High,HIGH,0.918,0.399,27.5,2026-09-08T18:05:43Z,ACTIVE,forecast_composite,SIMULATED / PROTOTYPE ALERT
ALT-GRID-02307,REGIONAL_GRID_CELL,"Cell COARSE_C12896 (27.244N, 88.611E)",COARSE_C12896,East Sikkim,27.244,88.611,+24h,0.6956,High,HIGH,0.9932,0.399,27.5,2026-09-08T18:05:43Z,ACTIVE,forecast_composite,SIMULATED / PROTOTYPE ALERT
ALT-GRID-02308,REGIONAL_GRID_CELL,"Cell COARSE_C12900 (27.244N, 88.615E)",COARSE_C12900,East Sikkim,27.244,88.615,+24h,0.5637,High,HIGH,0.7657,0.399,27.5,2026-09-08T18:05:43Z,ACTIVE,forecast_composite,SIMULATED / PROTOTYPE ALERT
ALT-GRID-02309,REGIONAL_GRID_CELL,"Cell COARSE_C12901 (27.244N, 88.616E)",COARSE_C12901,East Sikkim,27.244,88.616,+24h,0.6082,High,HIGH,0.8425,0.399,27.5,2026-09-08T18:05:43Z,ACTIVE,forecast_composite,SIMULATED / PROTOTYPE ALERT
ALT-GRID-02310,REGIONAL_GRID_CELL,"Cell COARSE_C12902 (27.244N, 88.617E)",COARSE_C12902,East Sikkim,27.244,88.617,+24h,0.5925,High,HIGH,0.8154,0.399,27.5,2026-09-08T18:05:43Z,ACTIVE,forecast_composite,SIMULATED / PROTOTYPE ALERT
ALT-GRID-02311,REGIONAL_GRID_CELL,"Cell COARSE_C12903 (27.244N, 88.618E)",COARSE_C12903,East Sikkim,27.244,88.618,+24h,0.5608,High,HIGH,0.7608,0.399,27.5,2026-09-08T18:05:43Z,ACTIVE,forecast_composite,SIMULATED / PROTOTYPE ALERT
ALT-GRID-02312,REGIONAL_GRID_CELL,"Cell COARSE_C12904 (27.244N, 88.619E)",COARSE_C12904,East Sikkim,27.244,88.619,+24h,0.592,High,HIGH,0.8146,0.399,27.5,2026-09-08T18:05:43Z,ACTIVE,forecast_composite,SIMULATED / PROTOTYPE ALERT
ALT-GRID-02313,REGIONAL_GRID_CELL,"Cell COARSE_C12905 (27.244N, 88.620E)",COARSE_C12905,East Sikkim,27.244,88.62,+24h,0.5932,High,HIGH,0.8166,0.399,27.5,2026-09-08T18:05:43Z,ACTIVE,forecast_composite,SIMULATED / PROTOTYPE ALERT
ALT-GRID-02314,REGIONAL_GRID_CELL,"Cell COARSE_C12906 (27.244N, 88.621E)",COARSE_C12906,East Sikkim,27.244,88.621,+24h,0.5953,High,HIGH,0.8202,0.399,27.5,2026-09-08T18:05:43Z,ACTIVE,forecast_composite,SIMULATED / PROTOTYPE ALERT
ALT-GRID-02315,REGIONAL_GRID_CELL,"Cell COARSE_C12907 (27.244N, 88.622E)",COARSE_C12907,East Sikkim,27.244,88.622,+24h,0.5968,High,HIGH,0.8229,0.399,27.5,2026-09-08T18:05:43Z,ACTIVE,forecast_composite,SIMULATED / PROTOTYPE ALERT
ALT-GRID-02316,REGIONAL_GRID_CELL,"Cell COARSE_C12908 (27.244N, 88.623E)",COARSE_C12908,East Sikkim,27.244,88.623,+24h,0.5564,High,HIGH,0.7531,0.399,27.5,2026-09-08T18:05:43Z,ACTIVE,forecast_composite,SIMULATED / PROTOTYPE ALERT
ALT-GRID-02317,REGIONAL_GRID_CELL,"Cell COARSE_C13091 (27.245N, 88.605E)",COARSE_C13091,East Sikkim,27.245,88.605,+24h,0.6422,High,HIGH,0.9012,0.399,27.5,2026-09-08T18:05:43Z,ACTIVE,forecast_composite,SIMULATED / PROTOTYPE ALERT
ALT-GRID-02318,REGIONAL_GRID_CELL,"Cell COARSE_C13106 (27.245N, 88.620E)",COARSE_C13106,East Sikkim,27.245,88.62,+24h,0.5528,High,HIGH,0.7469,0.399,27.5,2026-09-08T18:05:43Z,ACTIVE,forecast_composite,SIMULATED / PROTOTYPE ALERT
ALT-GRID-02319,REGIONAL_GRID_CELL,"Cell COARSE_C13109 (27.245N, 88.623E)",COARSE_C13109,East Sikkim,27.245,88.623,+24h,0.5924,High,HIGH,0.8152,0.399,27.5,2026-09-08T18:05:43Z,ACTIVE,forecast_composite,SIMULATED / PROTOTYPE ALERT
ALT-GRID-02320,REGIONAL_GRID_CELL,"Cell COARSE_C13110 (27.245N, 88.624E)",COARSE_C13110,East Sikkim,27.245,88.624,+24h,0.5766,High,HIGH,0.788,0.399,27.5,2026-09-08T18:05:43Z,ACTIVE,forecast_composite,SIMULATED / PROTOTYPE ALERT
ALT-GRID-02321,REGIONAL_GRID_CELL,"Cell COARSE_C13111 (27.245N, 88.625E)",COARSE_C13111,East Sikkim,27.245,88.625,+24h,0.5601,High,HIGH,0.7596,0.399,27.5,2026-09-08T18:05:43Z,ACTIVE,forecast_composite,SIMULATED / PROTOTYPE ALERT
ALT-GRID-02322,REGIONAL_GRID_CELL,"Cell COARSE_C13115 (27.245N, 88.629E)",COARSE_C13115,East Sikkim,27.245,88.629,+24h,0.5588,High,HIGH,0.7573,0.399,27.5,2026-09-08T18:05:43Z,ACTIVE,forecast_composite,SIMULATED / PROTOTYPE ALERT
ALT-GRID-02323,REGIONAL_GRID_CELL,"Cell COARSE_C13137 (27.245N, 88.651E)",COARSE_C13137,East Sikkim,27.245,88.651,+24h,0.5516,High,HIGH,0.9944,0.109,0.0,2026-09-08T18:05:43Z,ACTIVE,forecast_composite,SIMULATED / PROTOTYPE ALERT
ALT-GRID-02324,REGIONAL_GRID_CELL,"Cell COARSE_C13149 (27.245N, 88.663E)",COARSE_C13149,East Sikkim,27.245,88.663,+24h,0.5514,High,HIGH,0.9941,0.109,0.0,2026-09-08T18:05:43Z,ACTIVE,forecast_composite,SIMULATED / PROTOTYPE ALERT
ALT-GRID-02325,REGIONAL_GRID_CELL,"Cell COARSE_C13276 (27.246N, 88.589E)",COARSE_C13276,East Sikkim,27.246,88.589,+24h,0.6474,High,HIGH,0.8949,0.4174,28.7,2026-09-08T18:05:43Z,ACTIVE,forecast_composite,SIMULATED / PROTOTYPE ALERT
ALT-GRID-02326,REGIONAL_GRID_CELL,"Cell COARSE_C13281 (27.246N, 88.594E)",COARSE_C13281,East Sikkim,27.246,88.594,+24h,0.7042,High,HIGH,0.9923,0.4174,28.7,2026-09-08T18:05:43Z,ACTIVE,forecast_composite,SIMULATED / PROTOTYPE ALERT
ALT-GRID-02327,REGIONAL_GRID_CELL,"Cell COARSE_C13285 (27.246N, 88.598E)",COARSE_C13285,East Sikkim,27.246,88.598,+24h,0.6514,High,HIGH,0.9019,0.4174,28.7,2026-09-08T18:05:43Z,ACTIVE,forecast_composite,SIMULATED / PROTOTYPE ALERT
ALT-GRID-02328,REGIONAL_GRID_CELL,"Cell COARSE_C13300 (27.246N, 88.613E)",COARSE_C13300,East Sikkim,27.246,88.613,+24h,0.6326,High,HIGH,0.8845,0.399,27.5,2026-09-08T18:05:43Z,ACTIVE,forecast_composite,SIMULATED / PROTOTYPE ALERT
ALT-GRID-02329,REGIONAL_GRID_CELL,"Cell COARSE_C13307 (27.246N, 88.620E)",COARSE_C13307,East Sikkim,27.246,88.62,+24h,0.5618,High,HIGH,0.7625,0.399,27.5,2026-09-08T18:05:43Z,ACTIVE,forecast_composite,SIMULATED / PROTOTYPE ALERT
ALT-GRID-02330,REGIONAL_GRID_CELL,"Cell COARSE_C13313 (27.246N, 88.626E)",COARSE_C13313,East Sikkim,27.246,88.626,+24h,0.5566,High,HIGH,0.7535,0.399,27.5,2026-09-08T18:05:43Z,ACTIVE,forecast_composite,SIMULATED / PROTOTYPE ALERT
ALT-GRID-02331,REGIONAL_GRID_CELL,"Cell COARSE_C13495 (27.247N, 88.607E)",COARSE_C13495,East Sikkim,27.247,88.607,+24h,0.6537,High,HIGH,0.921,0.399,27.5,2026-09-08T18:05:43Z,ACTIVE,forecast_composite,SIMULATED / PROTOTYPE ALERT
ALT-GRID-02332,REGIONAL_GRID_CELL,"Cell COARSE_C13509 (27.247N, 88.621E)",COARSE_C13509,East Sikkim,27.247,88.621,+24h,0.5545,High,HIGH,0.7498,0.399,27.5,2026-09-08T18:05:43Z,ACTIVE,forecast_composite,SIMULATED / PROTOTYPE ALERT
ALT-GRID-02333,REGIONAL_GRID_CELL,"Cell COARSE_C13515 (27.247N, 88.627E)",COARSE_C13515,East Sikkim,27.247,88.627,+24h,0.5571,High,HIGH,0.7543,0.399,27.5,2026-09-08T18:05:43Z,ACTIVE,forecast_composite,SIMULATED / PROTOTYPE ALERT
ALT-GRID-02334,REGIONAL_GRID_CELL,"Cell COARSE_C13687 (27.248N, 88.598E)",COARSE_C13687,East Sikkim,27.248,88.598,+24h,0.7052,High,HIGH,0.9941,0.4174,28.7,2026-09-08T18:05:43Z,ACTIVE,forecast_composite,SIMULATED / PROTOTYPE ALERT
ALT-GRID-02335,REGIONAL_GRID_CELL,"Cell COARSE_C13694 (27.248N, 88.605E)",COARSE_C13694,East Sikkim,27.248,88.605,+24h,0.697,High,HIGH,0.9957,0.399,27.5,2026-09-08T18:05:43Z,ACTIVE,forecast_composite,SIMULATED / PROTOTYPE ALERT
ALT-GRID-02336,REGIONAL_GRID_CELL,"Cell COARSE_C13711 (27.248N, 88.622E)",COARSE_C13711,East Sikkim,27.248,88.622,+24h,0.5579,High,HIGH,0.7558,0.399,27.5,2026-09-08T18:05:43Z,ACTIVE,forecast_composite,SIMULATED / PROTOTYPE ALERT
ALT-GRID-02337,REGIONAL_GRID_CELL,"Cell COARSE_C13874 (27.249N, 88.584E)",COARSE_C13874,East Sikkim,27.249,88.584,+24h,0.6808,High,HIGH,0.9523,0.4174,28.7,2026-09-08T18:05:43Z,ACTIVE,forecast_composite,SIMULATED / PROTOTYPE ALERT
ALT-GRID-02338,REGIONAL_GRID_CELL,"Cell COARSE_C13887 (27.249N, 88.597E)",COARSE_C13887,East Sikkim,27.249,88.597,+24h,0.7049,High,HIGH,0.9936,0.4174,28.7,2026-09-08T18:05:43Z,ACTIVE,forecast_composite,SIMULATED / PROTOTYPE ALERT
ALT-GRID-02339,REGIONAL_GRID_CELL,"Cell COARSE_C13895 (27.249N, 88.605E)",COARSE_C13895,East Sikkim,27.249,88.605,+24h,0.6969,High,HIGH,0.9955,0.399,27.5,2026-09-08T18:05:43Z,ACTIVE,forecast_composite,SIMULATED / PROTOTYPE ALERT
ALT-GRID-02340,REGIONAL_GRID_CELL,"Cell COARSE_C13898 (27.249N, 88.608E)",COARSE_C13898,East Sikkim,27.249,88.608,+24h,0.6946,High,HIGH,0.9915,0.399,27.5,2026-09-08T18:05:43Z,ACTIVE,forecast_composite,SIMULATED / PROTOTYPE ALERT
ALT-GRID-02341,REGIONAL_GRID_CELL,"Cell COARSE_C13909 (27.249N, 88.619E)",COARSE_C13909,East Sikkim,27.249,88.619,+24h,0.5648,High,HIGH,0.7677,0.399,27.5,2026-09-08T18:05:43Z,ACTIVE,forecast_composite,SIMULATED / PROTOTYPE ALERT
ALT-GRID-02342,REGIONAL_GRID_CELL,"Cell COARSE_C14075 (27.250N, 88.584E)",COARSE_C14075,East Sikkim,27.25,88.584,+24h,0.6646,High,HIGH,0.9939,0.3361,22.6,2026-09-08T18:05:43Z,ACTIVE,forecast_composite,SIMULATED / PROTOTYPE ALERT
ALT-GRID-02343,REGIONAL_GRID_CELL,"Cell COARSE_C14081 (27.250N, 88.590E)",COARSE_C14081,East Sikkim,27.25,88.59,+24h,0.5805,High,HIGH,0.8456,0.3361,22.6,2026-09-08T18:05:43Z,ACTIVE,forecast_composite,SIMULATED / PROTOTYPE ALERT
ALT-GRID-02344,REGIONAL_GRID_CELL,"Cell COARSE_C14290 (27.251N, 88.598E)",COARSE_C14290,East Sikkim,27.251,88.598,+24h,0.6654,High,HIGH,0.9953,0.3361,22.6,2026-09-08T18:05:43Z,ACTIVE,forecast_composite,SIMULATED / PROTOTYPE ALERT
ALT-GRID-02345,REGIONAL_GRID_CELL,"Cell COARSE_C15096 (27.255N, 88.600E)",COARSE_C15096,East Sikkim,27.255,88.6,+24h,0.5523,High,HIGH,0.7959,0.3361,22.6,2026-09-08T18:05:43Z,ACTIVE,forecast_composite,SIMULATED / PROTOTYPE ALERT
ALT-GRID-02346,REGIONAL_GRID_CELL,"Cell COARSE_C15288 (27.256N, 88.591E)",COARSE_C15288,East Sikkim,27.256,88.591,+24h,0.63,High,HIGH,0.9328,0.3361,22.6,2026-09-08T18:05:43Z,ACTIVE,forecast_composite,SIMULATED / PROTOTYPE ALERT
ALT-GRID-02347,REGIONAL_GRID_CELL,"Cell COARSE_C15492 (27.257N, 88.594E)",COARSE_C15492,East Sikkim,27.257,88.594,+24h,0.6231,High,HIGH,0.9208,0.3361,22.6,2026-09-08T18:05:43Z,ACTIVE,forecast_composite,SIMULATED / PROTOTYPE ALERT
ALT-GRID-02348,REGIONAL_GRID_CELL,"Cell COARSE_C15899 (27.259N, 88.599E)",COARSE_C15899,East Sikkim,27.259,88.599,+24h,0.5515,High,HIGH,0.7945,0.3361,22.6,2026-09-08T18:05:43Z,ACTIVE,forecast_composite,SIMULATED / PROTOTYPE ALERT
ALT-GRID-02349,REGIONAL_GRID_CELL,"Cell COARSE_C16491 (27.262N, 88.588E)",COARSE_C16491,East Sikkim,27.262,88.588,+24h,0.556,High,HIGH,0.8024,0.3361,22.6,2026-09-08T18:05:43Z,ACTIVE,forecast_composite,SIMULATED / PROTOTYPE ALERT
ALT-GRID-02350,REGIONAL_GRID_CELL,"Cell COARSE_C16492 (27.262N, 88.589E)",COARSE_C16492,East Sikkim,27.262,88.589,+24h,0.5855,High,HIGH,0.8545,0.3361,22.6,2026-09-08T18:05:43Z,ACTIVE,forecast_composite,SIMULATED / PROTOTYPE ALERT
ALT-GRID-02351,REGIONAL_GRID_CELL,"Cell COARSE_C16493 (27.262N, 88.590E)",COARSE_C16493,East Sikkim,27.262,88.59,+24h,0.5968,High,HIGH,0.8744,0.3361,22.6,2026-09-08T18:05:43Z,ACTIVE,forecast_composite,SIMULATED / PROTOTYPE ALERT
ALT-GRID-02352,REGIONAL_GRID_CELL,"Cell COARSE_C16494 (27.262N, 88.591E)",COARSE_C16494,East Sikkim,27.262,88.591,+24h,0.5631,High,HIGH,0.815,0.3361,22.6,2026-09-08T18:05:43Z,ACTIVE,forecast_composite,SIMULATED / PROTOTYPE ALERT
ALT-GRID-02353,REGIONAL_GRID_CELL,"Cell COARSE_C16498 (27.262N, 88.595E)",COARSE_C16498,East Sikkim,27.262,88.595,+24h,0.5522,High,HIGH,0.7957,0.3361,22.6,2026-09-08T18:05:43Z,ACTIVE,forecast_composite,SIMULATED / PROTOTYPE ALERT
ALT-GRID-02354,REGIONAL_GRID_CELL,"Cell COARSE_C16501 (27.262N, 88.598E)",COARSE_C16501,East Sikkim,27.262,88.598,+24h,0.5663,High,HIGH,0.8206,0.3361,22.6,2026-09-08T18:05:43Z,ACTIVE,forecast_composite,SIMULATED / PROTOTYPE ALERT
ALT-GRID-02355,REGIONAL_GRID_CELL,"Cell COARSE_C16503 (27.262N, 88.600E)",COARSE_C16503,East Sikkim,27.262,88.6,+24h,0.5599,High,HIGH,0.8093,0.3361,22.6,2026-09-08T18:05:43Z,ACTIVE,forecast_composite,SIMULATED / PROTOTYPE ALERT
ALT-GRID-02356,REGIONAL_GRID_CELL,"Cell COARSE_C16689 (27.263N, 88.585E)",COARSE_C16689,East Sikkim,27.263,88.585,+24h,0.5672,High,HIGH,0.8222,0.3361,22.6,2026-09-08T18:05:43Z,ACTIVE,forecast_composite,SIMULATED / PROTOTYPE ALERT
ALT-GRID-02357,REGIONAL_GRID_CELL,"Cell COARSE_C16690 (27.263N, 88.586E)",COARSE_C16690,East Sikkim,27.263,88.586,+24h,0.5755,High,HIGH,0.8368,0.3361,22.6,2026-09-08T18:05:43Z,ACTIVE,forecast_composite,SIMULATED / PROTOTYPE ALERT
ALT-GRID-02358,REGIONAL_GRID_CELL,"Cell COARSE_C16691 (27.263N, 88.587E)",COARSE_C16691,East Sikkim,27.263,88.587,+24h,0.5707,High,HIGH,0.8283,0.3361,22.6,2026-09-08T18:05:43Z,ACTIVE,forecast_composite,SIMULATED / PROTOTYPE ALERT
ALT-GRID-02359,REGIONAL_GRID_CELL,"Cell COARSE_C16692 (27.263N, 88.588E)",COARSE_C16692,East Sikkim,27.263,88.588,+24h,0.5714,High,HIGH,0.8296,0.3361,22.6,2026-09-08T18:05:43Z,ACTIVE,forecast_composite,SIMULATED / PROTOTYPE ALERT
ALT-GRID-02360,REGIONAL_GRID_CELL,"Cell COARSE_C16695 (27.263N, 88.591E)",COARSE_C16695,East Sikkim,27.263,88.591,+24h,0.5587,High,HIGH,0.8071,0.3361,22.6,2026-09-08T18:05:43Z,ACTIVE,forecast_composite,SIMULATED / PROTOTYPE ALERT
ALT-GRID-02361,REGIONAL_GRID_CELL,"Cell COARSE_C16696 (27.263N, 88.592E)",COARSE_C16696,East Sikkim,27.263,88.592,+24h,0.5752,High,HIGH,0.8363,0.3361,22.6,2026-09-08T18:05:43Z,ACTIVE,forecast_composite,SIMULATED / PROTOTYPE ALERT
ALT-GRID-02362,REGIONAL_GRID_CELL,"Cell COARSE_C16704 (27.263N, 88.600E)",COARSE_C16704,East Sikkim,27.263,88.6,+24h,0.6552,High,HIGH,0.9773,0.3361,22.6,2026-09-08T18:05:43Z,ACTIVE,forecast_composite,SIMULATED / PROTOTYPE ALERT
ALT-GRID-02363,REGIONAL_GRID_CELL,"Cell COARSE_C16885 (27.264N, 88.580E)",COARSE_C16885,East Sikkim,27.264,88.58,+24h,0.5526,High,HIGH,0.7965,0.3361,22.6,2026-09-08T18:05:43Z,ACTIVE,forecast_composite,SIMULATED / PROTOTYPE ALERT
ALT-GRID-02364,REGIONAL_GRID_CELL,"Cell COARSE_C16890 (27.264N, 88.585E)",COARSE_C16890,East Sikkim,27.264,88.585,+24h,0.5855,High,HIGH,0.8545,0.3361,22.6,2026-09-08T18:05:43Z,ACTIVE,forecast_composite,SIMULATED / PROTOTYPE ALERT
ALT-GRID-02365,REGIONAL_GRID_CELL,"Cell COARSE_C16891 (27.264N, 88.586E)",COARSE_C16891,East Sikkim,27.264,88.586,+24h,0.5863,High,HIGH,0.8558,0.3361,22.6,2026-09-08T18:05:43Z,ACTIVE,forecast_composite,SIMULATED / PROTOTYPE ALERT
ALT-GRID-02366,REGIONAL_GRID_CELL,"Cell COARSE_C16897 (27.264N, 88.592E)",COARSE_C16897,East Sikkim,27.264,88.592,+24h,0.5802,High,HIGH,0.845,0.3361,22.6,2026-09-08T18:05:43Z,ACTIVE,forecast_composite,SIMULATED / PROTOTYPE ALERT
ALT-GRID-02367,REGIONAL_GRID_CELL,"Cell COARSE_C17093 (27.265N, 88.587E)",COARSE_C17093,East Sikkim,27.265,88.587,+24h,0.5587,High,HIGH,0.8072,0.3361,22.6,2026-09-08T18:05:43Z,ACTIVE,forecast_composite,SIMULATED / PROTOTYPE ALERT
ALT-GRID-02368,REGIONAL_GRID_CELL,"Cell COARSE_C17094 (27.265N, 88.588E)",COARSE_C17094,East Sikkim,27.265,88.588,+24h,0.5717,High,HIGH,0.8301,0.3361,22.6,2026-09-08T18:05:43Z,ACTIVE,forecast_composite,SIMULATED / PROTOTYPE ALERT
ALT-GRID-02369,REGIONAL_GRID_CELL,"Cell COARSE_C17100 (27.265N, 88.594E)",COARSE_C17100,East Sikkim,27.265,88.594,+24h,0.5686,High,HIGH,0.8246,0.3361,22.6,2026-09-08T18:05:43Z,ACTIVE,forecast_composite,SIMULATED / PROTOTYPE ALERT
ALT-GRID-02370,REGIONAL_GRID_CELL,"Cell COARSE_C17101 (27.265N, 88.595E)",COARSE_C17101,East Sikkim,27.265,88.595,+24h,0.5916,High,HIGH,0.8651,0.3361,22.6,2026-09-08T18:05:43Z,ACTIVE,forecast_composite,SIMULATED / PROTOTYPE ALERT
ALT-GRID-02371,REGIONAL_GRID_CELL,"Cell COARSE_C17102 (27.265N, 88.596E)",COARSE_C17102,East Sikkim,27.265,88.596,+24h,0.5894,High,HIGH,0.8613,0.3361,22.6,2026-09-08T18:05:43Z,ACTIVE,forecast_composite,SIMULATED / PROTOTYPE ALERT
ALT-GRID-02372,REGIONAL_GRID_CELL,"Cell COARSE_C17104 (27.265N, 88.598E)",COARSE_C17104,East Sikkim,27.265,88.598,+24h,0.5657,High,HIGH,0.8195,0.3361,22.6,2026-09-08T18:05:43Z,ACTIVE,forecast_composite,SIMULATED / PROTOTYPE ALERT
ALT-GRID-02373,REGIONAL_GRID_CELL,"Cell COARSE_C17105 (27.265N, 88.599E)",COARSE_C17105,East Sikkim,27.265,88.599,+24h,0.6494,High,HIGH,0.9671,0.3361,22.6,2026-09-08T18:05:43Z,ACTIVE,forecast_composite,SIMULATED / PROTOTYPE ALERT
ALT-GRID-02374,REGIONAL_GRID_CELL,"Cell COARSE_C17301 (27.266N, 88.594E)",COARSE_C17301,East Sikkim,27.266,88.594,+24h,0.6375,High,HIGH,0.9461,0.3361,22.6,2026-09-08T18:05:43Z,ACTIVE,forecast_composite,SIMULATED / PROTOTYPE ALERT
ALT-GRID-02375,REGIONAL_GRID_CELL,"Cell COARSE_C17488 (27.267N, 88.580E)",COARSE_C17488,East Sikkim,27.267,88.58,+24h,0.6214,High,HIGH,0.9177,0.3361,22.6,2026-09-08T18:05:43Z,ACTIVE,forecast_composite,SIMULATED / PROTOTYPE ALERT
ALT-GRID-02376,REGIONAL_GRID_CELL,"Cell COARSE_C17489 (27.267N, 88.581E)",COARSE_C17489,East Sikkim,27.267,88.581,+24h,0.6242,High,HIGH,0.9226,0.3361,22.6,2026-09-08T18:05:43Z,ACTIVE,forecast_composite,SIMULATED / PROTOTYPE ALERT
ALT-GRID-02377,REGIONAL_GRID_CELL,"Cell COARSE_C17494 (27.267N, 88.586E)",COARSE_C17494,East Sikkim,27.267,88.586,+24h,0.552,High,HIGH,0.7953,0.3361,22.6,2026-09-08T18:05:43Z,ACTIVE,forecast_composite,SIMULATED / PROTOTYPE ALERT
ALT-GRID-02378,REGIONAL_GRID_CELL,"Cell COARSE_C17497 (27.267N, 88.589E)",COARSE_C17497,East Sikkim,27.267,88.589,+24h,0.6218,High,HIGH,0.9184,0.3361,22.6,2026-09-08T18:05:43Z,ACTIVE,forecast_composite,SIMULATED / PROTOTYPE ALERT
ALT-GRID-02379,REGIONAL_GRID_CELL,"Cell COARSE_C17689 (27.268N, 88.580E)",COARSE_C17689,East Sikkim,27.268,88.58,+24h,0.6055,High,HIGH,0.8896,0.3361,22.6,2026-09-08T18:05:43Z,ACTIVE,forecast_composite,SIMULATED / PROTOTYPE ALERT
ALT-GRID-02380,REGIONAL_GRID_CELL,"Cell COARSE_C17690 (27.268N, 88.581E)",COARSE_C17690,East Sikkim,27.268,88.581,+24h,0.6371,High,HIGH,0.9454,0.3361,22.6,2026-09-08T18:05:43Z,ACTIVE,forecast_composite,SIMULATED / PROTOTYPE ALERT
ALT-GRID-02381,REGIONAL_GRID_CELL,"Cell COARSE_C17898 (27.269N, 88.588E)",COARSE_C17898,East Sikkim,27.269,88.588,+24h,0.666,High,HIGH,0.9964,0.3361,22.6,2026-09-08T18:05:43Z,ACTIVE,forecast_composite,SIMULATED / PROTOTYPE ALERT
ALT-GRID-02382,REGIONAL_GRID_CELL,"Cell COARSE_C17899 (27.269N, 88.589E)",COARSE_C17899,East Sikkim,27.269,88.589,+24h,0.6266,High,HIGH,0.9269,0.3361,22.6,2026-09-08T18:05:43Z,ACTIVE,forecast_composite,SIMULATED / PROTOTYPE ALERT
ALT-GRID-02383,REGIONAL_GRID_CELL,"Cell COARSE_C18091 (27.270N, 88.580E)",COARSE_C18091,East Sikkim,27.27,88.58,+24h,0.6655,High,HIGH,0.9954,0.3361,22.6,2026-09-08T18:05:43Z,ACTIVE,forecast_composite,SIMULATED / PROTOTYPE ALERT
ALT-GRID-02384,REGIONAL_GRID_CELL,"Cell COARSE_C18101 (27.270N, 88.590E)",COARSE_C18101,East Sikkim,27.27,88.59,+24h,0.5544,High,HIGH,0.7996,0.3361,22.6,2026-09-08T18:05:43Z,ACTIVE,forecast_composite,SIMULATED / PROTOTYPE ALERT
ALT-GRID-02385,REGIONAL_GRID_CELL,"Cell COARSE_C18105 (27.270N, 88.594E)",COARSE_C18105,East Sikkim,27.27,88.594,+24h,0.6663,High,HIGH,0.9968,0.3361,22.6,2026-09-08T18:05:43Z,ACTIVE,forecast_composite,SIMULATED / PROTOTYPE ALERT
ALT-GRID-02386,REGIONAL_GRID_CELL,"Cell COARSE_C18302 (27.271N, 88.590E)",COARSE_C18302,East Sikkim,27.271,88.59,+24h,0.6642,High,HIGH,0.9932,0.3361,22.6,2026-09-08T18:05:43Z,ACTIVE,forecast_composite,SIMULATED / PROTOTYPE ALERT
ALT-GRID-02387,REGIONAL_GRID_CELL,"Cell COARSE_C18304 (27.271N, 88.592E)",COARSE_C18304,East Sikkim,27.271,88.592,+24h,0.6195,High,HIGH,0.9143,0.3361,22.6,2026-09-08T18:05:43Z,ACTIVE,forecast_composite,SIMULATED / PROTOTYPE ALERT
ALT-GRID-02388,REGIONAL_GRID_CELL,"Cell COARSE_C18305 (27.271N, 88.593E)",COARSE_C18305,East Sikkim,27.271,88.593,+24h,0.6253,High,HIGH,0.9246,0.3361,22.6,2026-09-08T18:05:43Z,ACTIVE,forecast_composite,SIMULATED / PROTOTYPE ALERT
ALT-GRID-02389,REGIONAL_GRID_CELL,"Cell COARSE_C18306 (27.271N, 88.594E)",COARSE_C18306,East Sikkim,27.271,88.594,+24h,0.6263,High,HIGH,0.9264,0.3361,22.6,2026-09-08T18:05:43Z,ACTIVE,forecast_composite,SIMULATED / PROTOTYPE ALERT
ALT-GRID-02390,REGIONAL_GRID_CELL,"Cell COARSE_C18505 (27.272N, 88.592E)",COARSE_C18505,East Sikkim,27.272,88.592,+24h,0.6033,High,HIGH,0.8858,0.3361,22.6,2026-09-08T18:05:43Z,ACTIVE,forecast_composite,SIMULATED / PROTOTYPE ALERT
ALT-GRID-02391,REGIONAL_GRID_CELL,"Cell COARSE_C18509 (27.272N, 88.596E)",COARSE_C18509,East Sikkim,27.272,88.596,+24h,0.6651,High,HIGH,0.9947,0.3361,22.6,2026-09-08T18:05:43Z,ACTIVE,forecast_composite,SIMULATED / PROTOTYPE ALERT
ALT-GRID-02392,REGIONAL_GRID_CELL,"Cell COARSE_C18714 (27.273N, 88.600E)",COARSE_C18714,East Sikkim,27.273,88.6,+24h,0.6376,High,HIGH,0.9462,0.3361,22.6,2026-09-08T18:05:43Z,ACTIVE,forecast_composite,SIMULATED / PROTOTYPE ALERT
ALT-GRID-02393,REGIONAL_GRID_CELL,"Cell COARSE_C19100 (27.275N, 88.584E)",COARSE_C19100,East Sikkim,27.275,88.584,+24h,0.6653,High,HIGH,0.9952,0.3361,22.6,2026-09-08T18:05:43Z,ACTIVE,forecast_composite,SIMULATED / PROTOTYPE ALERT
ALT-GRID-02394,REGIONAL_GRID_CELL,"Cell COARSE_C19108 (27.275N, 88.592E)",COARSE_C19108,East Sikkim,27.275,88.592,+24h,0.664,High,HIGH,0.9928,0.3361,22.6,2026-09-08T18:05:43Z,ACTIVE,forecast_composite,SIMULATED / PROTOTYPE ALERT
ALT-GRID-02395,REGIONAL_GRID_CELL,"Cell COARSE_C19111 (27.275N, 88.595E)",COARSE_C19111,East Sikkim,27.275,88.595,+24h,0.5778,High,HIGH,0.8408,0.3361,22.6,2026-09-08T18:05:43Z,ACTIVE,forecast_composite,SIMULATED / PROTOTYPE ALERT
ALT-GRID-02396,REGIONAL_GRID_CELL,"Cell COARSE_C19313 (27.276N, 88.596E)",COARSE_C19313,East Sikkim,27.276,88.596,+24h,0.6021,High,HIGH,0.8837,0.3361,22.6,2026-09-08T18:05:43Z,ACTIVE,forecast_composite,SIMULATED / PROTOTYPE ALERT
ALT-GRID-02397,REGIONAL_GRID_CELL,"Cell COARSE_C19501 (27.277N, 88.583E)",COARSE_C19501,East Sikkim,27.277,88.583,+24h,0.5961,High,HIGH,0.8731,0.3361,22.6,2026-09-08T18:05:43Z,ACTIVE,forecast_composite,SIMULATED / PROTOTYPE ALERT
ALT-GRID-02398,REGIONAL_GRID_CELL,"Cell COARSE_C19515 (27.277N, 88.597E)",COARSE_C19515,East Sikkim,27.277,88.597,+24h,0.6182,High,HIGH,0.9121,0.3361,22.6,2026-09-08T18:05:43Z,ACTIVE,forecast_composite,SIMULATED / PROTOTYPE ALERT
ALT-GRID-02399,REGIONAL_GRID_CELL,"Cell COARSE_C19516 (27.277N, 88.598E)",COARSE_C19516,East Sikkim,27.277,88.598,+24h,0.5887,High,HIGH,0.86,0.3361,22.6,2026-09-08T18:05:43Z,ACTIVE,forecast_composite,SIMULATED / PROTOTYPE ALERT
ALT-GRID-02400,REGIONAL_GRID_CELL,"Cell COARSE_C19517 (27.277N, 88.599E)",COARSE_C19517,East Sikkim,27.277,88.599,+24h,0.6169,High,HIGH,0.9097,0.3361,22.6,2026-09-08T18:05:43Z,ACTIVE,forecast_composite,SIMULATED / PROTOTYPE ALERT
ALT-GRID-02401,REGIONAL_GRID_CELL,"Cell COARSE_C19705 (27.278N, 88.586E)",COARSE_C19705,East Sikkim,27.278,88.586,+24h,0.6654,High,HIGH,0.9953,0.3361,22.6,2026-09-08T18:05:43Z,ACTIVE,forecast_composite,SIMULATED / PROTOTYPE ALERT
ALT-GRID-02402,REGIONAL_GRID_CELL,"Cell COARSE_C19711 (27.278N, 88.592E)",COARSE_C19711,East Sikkim,27.278,88.592,+24h,0.6651,High,HIGH,0.9948,0.3361,22.6,2026-09-08T18:05:43Z,ACTIVE,forecast_composite,SIMULATED / PROTOTYPE ALERT
ALT-GRID-02403,REGIONAL_GRID_CELL,"Cell COARSE_C19912 (27.279N, 88.592E)",COARSE_C19912,East Sikkim,27.279,88.592,+24h,0.664,High,HIGH,0.9928,0.3361,22.6,2026-09-08T18:05:43Z,ACTIVE,forecast_composite,SIMULATED / PROTOTYPE ALERT
ALT-GRID-02404,REGIONAL_GRID_CELL,"Cell COARSE_C19913 (27.279N, 88.593E)",COARSE_C19913,East Sikkim,27.279,88.593,+24h,0.6633,High,HIGH,0.9916,0.3361,22.6,2026-09-08T18:05:43Z,ACTIVE,forecast_composite,SIMULATED / PROTOTYPE ALERT
ALT-GRID-02405,REGIONAL_GRID_CELL,"Cell COARSE_C19914 (27.279N, 88.594E)",COARSE_C19914,East Sikkim,27.279,88.594,+24h,0.6615,High,HIGH,0.9885,0.3361,22.6,2026-09-08T18:05:43Z,ACTIVE,forecast_composite,SIMULATED / PROTOTYPE ALERT
ALT-GRID-02406,REGIONAL_GRID_CELL,"Cell COARSE_C19915 (27.279N, 88.595E)",COARSE_C19915,East Sikkim,27.279,88.595,+24h,0.6442,High,HIGH,0.958,0.3361,22.6,2026-09-08T18:05:43Z,ACTIVE,forecast_composite,SIMULATED / PROTOTYPE ALERT
ALT-GRID-02407,REGIONAL_GRID_CELL,"Cell COARSE_C19916 (27.279N, 88.596E)",COARSE_C19916,East Sikkim,27.279,88.596,+24h,0.6394,High,HIGH,0.9494,0.3361,22.6,2026-09-08T18:05:43Z,ACTIVE,forecast_composite,SIMULATED / PROTOTYPE ALERT
ALT-GRID-02408,REGIONAL_GRID_CELL,"Cell COARSE_C20112 (27.280N, 88.591E)",COARSE_C20112,East Sikkim,27.28,88.591,+24h,0.5569,High,HIGH,0.804,0.3361,22.6,2026-09-08T18:05:43Z,ACTIVE,forecast_composite,SIMULATED / PROTOTYPE ALERT
ALT-GRID-02409,REGIONAL_GRID_CELL,"Cell COARSE_C20114 (27.280N, 88.593E)",COARSE_C20114,East Sikkim,27.28,88.593,+24h,0.6658,High,HIGH,0.996,0.3361,22.6,2026-09-08T18:05:43Z,ACTIVE,forecast_composite,SIMULATED / PROTOTYPE ALERT
ALT-GRID-02410,REGIONAL_GRID_CELL,"Cell COARSE_C20117 (27.280N, 88.596E)",COARSE_C20117,East Sikkim,27.28,88.596,+24h,0.661,High,HIGH,0.9876,0.3361,22.6,2026-09-08T18:05:43Z,ACTIVE,forecast_composite,SIMULATED / PROTOTYPE ALERT
ALT-GRID-02411,REGIONAL_GRID_CELL,"Cell COARSE_C20118 (27.280N, 88.597E)",COARSE_C20118,East Sikkim,27.28,88.597,+24h,0.665,High,HIGH,0.9946,0.3361,22.6,2026-09-08T18:05:43Z,ACTIVE,forecast_composite,SIMULATED / PROTOTYPE ALERT
ALT-GRID-02412,REGIONAL_GRID_CELL,"Cell COARSE_C20318 (27.281N, 88.596E)",COARSE_C20318,East Sikkim,27.281,88.596,+24h,0.6631,High,HIGH,0.9912,0.3361,22.6,2026-09-08T18:05:43Z,ACTIVE,forecast_composite,SIMULATED / PROTOTYPE ALERT
ALT-GRID-02413,REGIONAL_GRID_CELL,"Cell COARSE_C20319 (27.281N, 88.597E)",COARSE_C20319,East Sikkim,27.281,88.597,+24h,0.6626,High,HIGH,0.9903,0.3361,22.6,2026-09-08T18:05:43Z,ACTIVE,forecast_composite,SIMULATED / PROTOTYPE ALERT
ALT-GRID-02414,REGIONAL_GRID_CELL,"Cell COARSE_C20513 (27.282N, 88.590E)",COARSE_C20513,East Sikkim,27.282,88.59,+24h,0.6253,High,HIGH,0.9246,0.3361,22.6,2026-09-08T18:05:43Z,ACTIVE,forecast_composite,SIMULATED / PROTOTYPE ALERT
ALT-GRID-02415,REGIONAL_GRID_CELL,"Cell COARSE_C20515 (27.282N, 88.592E)",COARSE_C20515,East Sikkim,27.282,88.592,+24h,0.6406,High,HIGH,0.9516,0.3361,22.6,2026-09-08T18:05:43Z,ACTIVE,forecast_composite,SIMULATED / PROTOTYPE ALERT
ALT-GRID-02416,REGIONAL_GRID_CELL,"Cell COARSE_C20518 (27.282N, 88.595E)",COARSE_C20518,East Sikkim,27.282,88.595,+24h,0.663,High,HIGH,0.9911,0.3361,22.6,2026-09-08T18:05:43Z,ACTIVE,forecast_composite,SIMULATED / PROTOTYPE ALERT
ALT-GRID-02417,REGIONAL_GRID_CELL,"Cell COARSE_C20718 (27.283N, 88.594E)",COARSE_C20718,East Sikkim,27.283,88.594,+24h,0.6638,High,HIGH,0.9925,0.3361,22.6,2026-09-08T18:05:43Z,ACTIVE,forecast_composite,SIMULATED / PROTOTYPE ALERT
ALT-GRID-02418,REGIONAL_GRID_CELL,"Cell COARSE_C20919 (27.284N, 88.594E)",COARSE_C20919,East Sikkim,27.284,88.594,+24h,0.6647,High,HIGH,0.994,0.3361,22.6,2026-09-08T18:05:43Z,ACTIVE,forecast_composite,SIMULATED / PROTOTYPE ALERT
ALT-GRID-02419,REGIONAL_GRID_CELL,"Cell COARSE_C20923 (27.284N, 88.598E)",COARSE_C20923,East Sikkim,27.284,88.598,+24h,0.6642,High,HIGH,0.9931,0.3361,22.6,2026-09-08T18:05:43Z,ACTIVE,forecast_composite,SIMULATED / PROTOTYPE ALERT
ALT-GRID-02420,REGIONAL_GRID_CELL,"Cell COARSE_C21113 (27.285N, 88.587E)",COARSE_C21113,East Sikkim,27.285,88.587,+24h,0.6107,High,HIGH,0.8988,0.3361,22.6,2026-09-08T18:05:43Z,ACTIVE,forecast_composite,SIMULATED / PROTOTYPE ALERT
ALT-GRID-02421,REGIONAL_GRID_CELL,"Cell COARSE_C21118 (27.285N, 88.592E)",COARSE_C21118,East Sikkim,27.285,88.592,+24h,0.6211,High,HIGH,0.9172,0.3361,22.6,2026-09-08T18:05:43Z,ACTIVE,forecast_composite,SIMULATED / PROTOTYPE ALERT
ALT-GRID-02422,REGIONAL_GRID_CELL,"Cell COARSE_C21119 (27.285N, 88.593E)",COARSE_C21119,East Sikkim,27.285,88.593,+24h,0.6056,High,HIGH,0.8898,0.3361,22.6,2026-09-08T18:05:43Z,ACTIVE,forecast_composite,SIMULATED / PROTOTYPE ALERT
ALT-GRID-02423,REGIONAL_GRID_CELL,"Cell COARSE_C21723 (27.288N, 88.594E)",COARSE_C21723,East Sikkim,27.288,88.594,+24h,0.6632,High,HIGH,0.9914,0.3361,22.6,2026-09-08T18:05:43Z,ACTIVE,forecast_composite,SIMULATED / PROTOTYPE ALERT
ALT-GRID-02424,REGIONAL_GRID_CELL,"Cell COARSE_C21923 (27.289N, 88.593E)",COARSE_C21923,East Sikkim,27.289,88.593,+24h,0.6633,High,HIGH,0.9916,0.3361,22.6,2026-09-08T18:05:43Z,ACTIVE,forecast_composite,SIMULATED / PROTOTYPE ALERT
ALT-GRID-02425,REGIONAL_GRID_CELL,"Cell COARSE_C21930 (27.289N, 88.600E)",COARSE_C21930,East Sikkim,27.289,88.6,+24h,0.6623,High,HIGH,0.9899,0.3361,22.6,2026-09-08T18:05:43Z,ACTIVE,forecast_composite,SIMULATED / PROTOTYPE ALERT
ALT-GRID-02426,REGIONAL_GRID_CELL,"Cell COARSE_C22120 (27.290N, 88.589E)",COARSE_C22120,East Sikkim,27.29,88.589,+24h,0.6631,High,HIGH,0.9913,0.3361,22.6,2026-09-08T18:05:43Z,ACTIVE,forecast_composite,SIMULATED / PROTOTYPE ALERT
ALT-GRID-02427,REGIONAL_GRID_CELL,"Cell COARSE_C22122 (27.290N, 88.591E)",COARSE_C22122,East Sikkim,27.29,88.591,+24h,0.6642,High,HIGH,0.9932,0.3361,22.6,2026-09-08T18:05:43Z,ACTIVE,forecast_composite,SIMULATED / PROTOTYPE ALERT
ALT-GRID-02428,REGIONAL_GRID_CELL,"Cell COARSE_C22123 (27.290N, 88.592E)",COARSE_C22123,East Sikkim,27.29,88.592,+24h,0.6634,High,HIGH,0.9918,0.3361,22.6,2026-09-08T18:05:43Z,ACTIVE,forecast_composite,SIMULATED / PROTOTYPE ALERT
ALT-GRID-02429,REGIONAL_GRID_CELL,"Cell COARSE_C22126 (27.290N, 88.595E)",COARSE_C22126,East Sikkim,27.29,88.595,+24h,0.584,High,HIGH,0.8518,0.3361,22.6,2026-09-08T18:05:43Z,ACTIVE,forecast_composite,SIMULATED / PROTOTYPE ALERT
ALT-GRID-02430,REGIONAL_GRID_CELL,"Cell COARSE_C22127 (27.290N, 88.596E)",COARSE_C22127,East Sikkim,27.29,88.596,+24h,0.6627,High,HIGH,0.9905,0.3361,22.6,2026-09-08T18:05:43Z,ACTIVE,forecast_composite,SIMULATED / PROTOTYPE ALERT
ALT-GRID-02431,REGIONAL_GRID_CELL,"Cell COARSE_C22128 (27.290N, 88.597E)",COARSE_C22128,East Sikkim,27.29,88.597,+24h,0.6602,High,HIGH,0.9862,0.3361,22.6,2026-09-08T18:05:43Z,ACTIVE,forecast_composite,SIMULATED / PROTOTYPE ALERT
ALT-GRID-02432,REGIONAL_GRID_CELL,"Cell COARSE_C22323 (27.291N, 88.591E)",COARSE_C22323,East Sikkim,27.291,88.591,+24h,0.6645,High,HIGH,0.9937,0.3361,22.6,2026-09-08T18:05:43Z,ACTIVE,forecast_composite,SIMULATED / PROTOTYPE ALERT
ALT-GRID-02433,REGIONAL_GRID_CELL,"Cell COARSE_C22326 (27.291N, 88.594E)",COARSE_C22326,East Sikkim,27.291,88.594,+24h,0.6637,High,HIGH,0.9923,0.3361,22.6,2026-09-08T18:05:43Z,ACTIVE,forecast_composite,SIMULATED / PROTOTYPE ALERT
ALT-GRID-02434,REGIONAL_GRID_CELL,"Cell COARSE_C22331 (27.291N, 88.599E)",COARSE_C22331,East Sikkim,27.291,88.599,+24h,0.6654,High,HIGH,0.9953,0.3361,22.6,2026-09-08T18:05:43Z,ACTIVE,forecast_composite,SIMULATED / PROTOTYPE ALERT
ALT-GRID-02435,REGIONAL_GRID_CELL,"Cell COARSE_C22522 (27.292N, 88.589E)",COARSE_C22522,East Sikkim,27.292,88.589,+24h,0.6156,High,HIGH,0.9075,0.3361,22.6,2026-09-08T18:05:43Z,ACTIVE,forecast_composite,SIMULATED / PROTOTYPE ALERT
ALT-GRID-02436,REGIONAL_GRID_CELL,"Cell COARSE_C22523 (27.292N, 88.590E)",COARSE_C22523,East Sikkim,27.292,88.59,+24h,0.665,High,HIGH,0.9945,0.3361,22.6,2026-09-08T18:05:43Z,ACTIVE,forecast_composite,SIMULATED / PROTOTYPE ALERT
ALT-GRID-02437,REGIONAL_GRID_CELL,"Cell COARSE_C22525 (27.292N, 88.592E)",COARSE_C22525,East Sikkim,27.292,88.592,+24h,0.6647,High,HIGH,0.994,0.3361,22.6,2026-09-08T18:05:43Z,ACTIVE,forecast_composite,SIMULATED / PROTOTYPE ALERT
ALT-GRID-02438,REGIONAL_GRID_CELL,"Cell COARSE_C22528 (27.292N, 88.595E)",COARSE_C22528,East Sikkim,27.292,88.595,+24h,0.6623,High,HIGH,0.9899,0.3361,22.6,2026-09-08T18:05:43Z,ACTIVE,forecast_composite,SIMULATED / PROTOTYPE ALERT
ALT-GRID-02439,REGIONAL_GRID_CELL,"Cell COARSE_C22725 (27.293N, 88.591E)",COARSE_C22725,East Sikkim,27.293,88.591,+24h,0.662,High,HIGH,0.9893,0.3361,22.6,2026-09-08T18:05:43Z,ACTIVE,forecast_composite,SIMULATED / PROTOTYPE ALERT
ALT-GRID-02440,REGIONAL_GRID_CELL,"Cell COARSE_C22726 (27.293N, 88.592E)",COARSE_C22726,East Sikkim,27.293,88.592,+24h,0.6638,High,HIGH,0.9924,0.3361,22.6,2026-09-08T18:05:43Z,ACTIVE,forecast_composite,SIMULATED / PROTOTYPE ALERT
ALT-GRID-02441,REGIONAL_GRID_CELL,"Cell COARSE_C22924 (27.294N, 88.589E)",COARSE_C22924,East Sikkim,27.294,88.589,+24h,0.6618,High,HIGH,0.989,0.3361,22.6,2026-09-08T18:05:43Z,ACTIVE,forecast_composite,SIMULATED / PROTOTYPE ALERT
ALT-GRID-02442,REGIONAL_GRID_CELL,"Cell COARSE_C22925 (27.294N, 88.590E)",COARSE_C22925,East Sikkim,27.294,88.59,+24h,0.663,High,HIGH,0.9911,0.3361,22.6,2026-09-08T18:05:43Z,ACTIVE,forecast_composite,SIMULATED / PROTOTYPE ALERT
ALT-GRID-02443,REGIONAL_GRID_CELL,"Cell COARSE_C22926 (27.294N, 88.591E)",COARSE_C22926,East Sikkim,27.294,88.591,+24h,0.6629,High,HIGH,0.9909,0.3361,22.6,2026-09-08T18:05:43Z,ACTIVE,forecast_composite,SIMULATED / PROTOTYPE ALERT
ALT-GRID-02444,REGIONAL_GRID_CELL,"Cell COARSE_C22927 (27.294N, 88.592E)",COARSE_C22927,East Sikkim,27.294,88.592,+24h,0.664,High,HIGH,0.9929,0.3361,22.6,2026-09-08T18:05:43Z,ACTIVE,forecast_composite,SIMULATED / PROTOTYPE ALERT
ALT-GRID-02445,REGIONAL_GRID_CELL,"Cell COARSE_C23125 (27.295N, 88.589E)",COARSE_C23125,East Sikkim,27.295,88.589,+24h,0.561,High,HIGH,0.8113,0.3361,22.6,2026-09-08T18:05:43Z,ACTIVE,forecast_composite,SIMULATED / PROTOTYPE ALERT
ALT-GRID-02446,REGIONAL_GRID_CELL,"Cell COARSE_C23337 (27.296N, 88.600E)",COARSE_C23337,East Sikkim,27.296,88.6,+24h,0.6631,High,HIGH,0.9913,0.3361,22.6,2026-09-08T18:05:43Z,ACTIVE,forecast_composite,SIMULATED / PROTOTYPE ALERT
ALT-GRID-02447,REGIONAL_GRID_CELL,"Cell COARSE_C23939 (27.299N, 88.599E)",COARSE_C23939,East Sikkim,27.299,88.599,+24h,0.6621,High,HIGH,0.9895,0.3361,22.6,2026-09-08T18:05:43Z,ACTIVE,forecast_composite,SIMULATED / PROTOTYPE ALERT
ALT-GRID-02448,REGIONAL_GRID_CELL,"Cell COARSE_C24327 (27.301N, 88.585E)",COARSE_C24327,East Sikkim,27.301,88.585,+24h,0.6083,High,HIGH,0.9004,0.3293,21.4,2026-09-08T18:05:43Z,ACTIVE,forecast_composite,SIMULATED / PROTOTYPE ALERT
ALT-GRID-02449,REGIONAL_GRID_CELL,"Cell COARSE_C24730 (27.303N, 88.586E)",COARSE_C24730,East Sikkim,27.303,88.586,+24h,0.6093,High,HIGH,0.9022,0.3293,21.4,2026-09-08T18:05:43Z,ACTIVE,forecast_composite,SIMULATED / PROTOTYPE ALERT
ALT-GRID-02450,REGIONAL_GRID_CELL,"Cell COARSE_C24926 (27.304N, 88.581E)",COARSE_C24926,East Sikkim,27.304,88.581,+24h,0.663,High,HIGH,0.997,0.3293,21.4,2026-09-08T18:05:43Z,ACTIVE,forecast_composite,SIMULATED / PROTOTYPE ALERT
ALT-GRID-02451,REGIONAL_GRID_CELL,"Cell COARSE_C24942 (27.304N, 88.597E)",COARSE_C24942,East Sikkim,27.304,88.597,+24h,0.6564,High,HIGH,0.9855,0.3293,21.4,2026-09-08T18:05:43Z,ACTIVE,forecast_composite,SIMULATED / PROTOTYPE ALERT
ALT-GRID-02452,REGIONAL_GRID_CELL,"Cell COARSE_C24944 (27.304N, 88.599E)",COARSE_C24944,East Sikkim,27.304,88.599,+24h,0.6587,High,HIGH,0.9894,0.3293,21.4,2026-09-08T18:05:43Z,ACTIVE,forecast_composite,SIMULATED / PROTOTYPE ALERT
ALT-GRID-02453,REGIONAL_GRID_CELL,"Cell COARSE_C25141 (27.305N, 88.595E)",COARSE_C25141,East Sikkim,27.305,88.595,+24h,0.656,High,HIGH,0.9847,0.3293,21.4,2026-09-08T18:05:43Z,ACTIVE,forecast_composite,SIMULATED / PROTOTYPE ALERT
ALT-GRID-02454,REGIONAL_GRID_CELL,"Cell COARSE_C25145 (27.305N, 88.599E)",COARSE_C25145,East Sikkim,27.305,88.599,+24h,0.6568,High,HIGH,0.9861,0.3293,21.4,2026-09-08T18:05:43Z,ACTIVE,forecast_composite,SIMULATED / PROTOTYPE ALERT
ALT-GRID-02455,REGIONAL_GRID_CELL,"Cell COARSE_C25332 (27.306N, 88.585E)",COARSE_C25332,East Sikkim,27.306,88.585,+24h,0.5988,High,HIGH,0.8837,0.3293,21.4,2026-09-08T18:05:43Z,ACTIVE,forecast_composite,SIMULATED / PROTOTYPE ALERT
ALT-GRID-02456,REGIONAL_GRID_CELL,"Cell COARSE_C25333 (27.306N, 88.586E)",COARSE_C25333,East Sikkim,27.306,88.586,+24h,0.6104,High,HIGH,0.9041,0.3293,21.4,2026-09-08T18:05:43Z,ACTIVE,forecast_composite,SIMULATED / PROTOTYPE ALERT
ALT-GRID-02457,REGIONAL_GRID_CELL,"Cell COARSE_C25529 (27.307N, 88.581E)",COARSE_C25529,East Sikkim,27.307,88.581,+24h,0.5516,High,HIGH,0.8002,0.3293,21.4,2026-09-08T18:05:43Z,ACTIVE,forecast_composite,SIMULATED / PROTOTYPE ALERT
ALT-GRID-02458,REGIONAL_GRID_CELL,"Cell COARSE_C25532 (27.307N, 88.584E)",COARSE_C25532,East Sikkim,27.307,88.584,+24h,0.6594,High,HIGH,0.9907,0.3293,21.4,2026-09-08T18:05:43Z,ACTIVE,forecast_composite,SIMULATED / PROTOTYPE ALERT
ALT-GRID-02459,REGIONAL_GRID_CELL,"Cell COARSE_C25533 (27.307N, 88.585E)",COARSE_C25533,East Sikkim,27.307,88.585,+24h,0.5901,High,HIGH,0.8682,0.3293,21.4,2026-09-08T18:05:43Z,ACTIVE,forecast_composite,SIMULATED / PROTOTYPE ALERT
ALT-GRID-02460,REGIONAL_GRID_CELL,"Cell COARSE_C25545 (27.307N, 88.597E)",COARSE_C25545,East Sikkim,27.307,88.597,+24h,0.6564,High,HIGH,0.9855,0.3293,21.4,2026-09-08T18:05:43Z,ACTIVE,forecast_composite,SIMULATED / PROTOTYPE ALERT
ALT-GRID-02461,REGIONAL_GRID_CELL,"Cell COARSE_C25547 (27.307N, 88.599E)",COARSE_C25547,East Sikkim,27.307,88.599,+24h,0.6493,High,HIGH,0.9729,0.3293,21.4,2026-09-08T18:05:43Z,ACTIVE,forecast_composite,SIMULATED / PROTOTYPE ALERT
ALT-GRID-02462,REGIONAL_GRID_CELL,"Cell COARSE_C25731 (27.308N, 88.582E)",COARSE_C25731,East Sikkim,27.308,88.582,+24h,0.6633,High,HIGH,0.9976,0.3293,21.4,2026-09-08T18:05:43Z,ACTIVE,forecast_composite,SIMULATED / PROTOTYPE ALERT
ALT-GRID-02463,REGIONAL_GRID_CELL,"Cell COARSE_C25744 (27.308N, 88.595E)",COARSE_C25744,East Sikkim,27.308,88.595,+24h,0.6578,High,HIGH,0.9879,0.3293,21.4,2026-09-08T18:05:43Z,ACTIVE,forecast_composite,SIMULATED / PROTOTYPE ALERT
ALT-GRID-02464,REGIONAL_GRID_CELL,"Cell COARSE_C25934 (27.309N, 88.584E)",COARSE_C25934,East Sikkim,27.309,88.584,+24h,0.6606,High,HIGH,0.9928,0.3293,21.4,2026-09-08T18:05:43Z,ACTIVE,forecast_composite,SIMULATED / PROTOTYPE ALERT
ALT-GRID-02465,REGIONAL_GRID_CELL,"Cell COARSE_C25938 (27.309N, 88.588E)",COARSE_C25938,East Sikkim,27.309,88.588,+24h,0.6608,High,HIGH,0.9932,0.3293,21.4,2026-09-08T18:05:43Z,ACTIVE,forecast_composite,SIMULATED / PROTOTYPE ALERT
ALT-GRID-02466,REGIONAL_GRID_CELL,"Cell COARSE_C25940 (27.309N, 88.590E)",COARSE_C25940,East Sikkim,27.309,88.59,+24h,0.6601,High,HIGH,0.992,0.3293,21.4,2026-09-08T18:05:43Z,ACTIVE,forecast_composite,SIMULATED / PROTOTYPE ALERT
ALT-GRID-02467,REGIONAL_GRID_CELL,"Cell COARSE_C25941 (27.309N, 88.591E)",COARSE_C25941,East Sikkim,27.309,88.591,+24h,0.6598,High,HIGH,0.9914,0.3293,21.4,2026-09-08T18:05:43Z,ACTIVE,forecast_composite,SIMULATED / PROTOTYPE ALERT
ALT-GRID-02468,REGIONAL_GRID_CELL,"Cell COARSE_C25944 (27.309N, 88.594E)",COARSE_C25944,East Sikkim,27.309,88.594,+24h,0.6605,High,HIGH,0.9926,0.3293,21.4,2026-09-08T18:05:43Z,ACTIVE,forecast_composite,SIMULATED / PROTOTYPE ALERT
ALT-GRID-02469,REGIONAL_GRID_CELL,"Cell COARSE_C25945 (27.309N, 88.595E)",COARSE_C25945,East Sikkim,27.309,88.595,+24h,0.6587,High,HIGH,0.9894,0.3293,21.4,2026-09-08T18:05:43Z,ACTIVE,forecast_composite,SIMULATED / PROTOTYPE ALERT
ALT-GRID-02470,REGIONAL_GRID_CELL,"Cell COARSE_C25946 (27.309N, 88.596E)",COARSE_C25946,East Sikkim,27.309,88.596,+24h,0.6581,High,HIGH,0.9884,0.3293,21.4,2026-09-08T18:05:43Z,ACTIVE,forecast_composite,SIMULATED / PROTOTYPE ALERT
ALT-GRID-02471,REGIONAL_GRID_CELL,"Cell COARSE_C26131 (27.310N, 88.580E)",COARSE_C26131,East Sikkim,27.31,88.58,+24h,0.6444,High,HIGH,0.9642,0.3293,21.4,2026-09-08T18:05:43Z,ACTIVE,forecast_composite,SIMULATED / PROTOTYPE ALERT
ALT-GRID-02472,REGIONAL_GRID_CELL,"Cell COARSE_C26135 (27.310N, 88.584E)",COARSE_C26135,East Sikkim,27.31,88.584,+24h,0.66,High,HIGH,0.9917,0.3293,21.4,2026-09-08T18:05:43Z,ACTIVE,forecast_composite,SIMULATED / PROTOTYPE ALERT
ALT-GRID-02473,REGIONAL_GRID_CELL,"Cell COARSE_C26141 (27.310N, 88.590E)",COARSE_C26141,East Sikkim,27.31,88.59,+24h,0.6602,High,HIGH,0.9922,0.3293,21.4,2026-09-08T18:05:43Z,ACTIVE,forecast_composite,SIMULATED / PROTOTYPE ALERT
ALT-GRID-02474,REGIONAL_GRID_CELL,"Cell COARSE_C26144 (27.310N, 88.593E)",COARSE_C26144,East Sikkim,27.31,88.593,+24h,0.6585,High,HIGH,0.9892,0.3293,21.4,2026-09-08T18:05:43Z,ACTIVE,forecast_composite,SIMULATED / PROTOTYPE ALERT
ALT-GRID-02475,REGIONAL_GRID_CELL,"Cell COARSE_C26146 (27.310N, 88.595E)",COARSE_C26146,East Sikkim,27.31,88.595,+24h,0.658,High,HIGH,0.9882,0.3293,21.4,2026-09-08T18:05:43Z,ACTIVE,forecast_composite,SIMULATED / PROTOTYPE ALERT
ALT-GRID-02476,REGIONAL_GRID_CELL,"Cell COARSE_C26147 (27.310N, 88.596E)",COARSE_C26147,East Sikkim,27.31,88.596,+24h,0.658,High,HIGH,0.9882,0.3293,21.4,2026-09-08T18:05:43Z,ACTIVE,forecast_composite,SIMULATED / PROTOTYPE ALERT
ALT-GRID-02477,REGIONAL_GRID_CELL,"Cell COARSE_C26148 (27.310N, 88.597E)",COARSE_C26148,East Sikkim,27.31,88.597,+24h,0.6587,High,HIGH,0.9894,0.3293,21.4,2026-09-08T18:05:43Z,ACTIVE,forecast_composite,SIMULATED / PROTOTYPE ALERT
ALT-GRID-02478,REGIONAL_GRID_CELL,"Cell COARSE_C26341 (27.311N, 88.589E)",COARSE_C26341,Gangtok District,27.311,88.589,+24h,0.6622,High,HIGH,0.9957,0.3293,21.4,2026-09-08T18:05:43Z,ACTIVE,forecast_composite,SIMULATED / PROTOTYPE ALERT
ALT-GRID-02479,REGIONAL_GRID_CELL,"Cell COARSE_C26342 (27.311N, 88.590E)",COARSE_C26342,Gangtok District,27.311,88.59,+24h,0.6599,High,HIGH,0.9916,0.3293,21.4,2026-09-08T18:05:43Z,ACTIVE,forecast_composite,SIMULATED / PROTOTYPE ALERT
ALT-GRID-02480,REGIONAL_GRID_CELL,"Cell COARSE_C26343 (27.311N, 88.591E)",COARSE_C26343,Gangtok District,27.311,88.591,+24h,0.6578,High,HIGH,0.9879,0.3293,21.4,2026-09-08T18:05:43Z,ACTIVE,forecast_composite,SIMULATED / PROTOTYPE ALERT
ALT-GRID-02481,REGIONAL_GRID_CELL,"Cell COARSE_C26347 (27.311N, 88.595E)",COARSE_C26347,East Sikkim,27.311,88.595,+24h,0.66,High,HIGH,0.9917,0.3293,21.4,2026-09-08T18:05:43Z,ACTIVE,forecast_composite,SIMULATED / PROTOTYPE ALERT
ALT-GRID-02482,REGIONAL_GRID_CELL,"Cell COARSE_C26348 (27.311N, 88.596E)",COARSE_C26348,East Sikkim,27.311,88.596,+24h,0.6588,High,HIGH,0.9896,0.3293,21.4,2026-09-08T18:05:43Z,ACTIVE,forecast_composite,SIMULATED / PROTOTYPE ALERT
ALT-GRID-02483,REGIONAL_GRID_CELL,"Cell COARSE_C26349 (27.311N, 88.597E)",COARSE_C26349,East Sikkim,27.311,88.597,+24h,0.6596,High,HIGH,0.991,0.3293,21.4,2026-09-08T18:05:43Z,ACTIVE,forecast_composite,SIMULATED / PROTOTYPE ALERT
ALT-GRID-02484,REGIONAL_GRID_CELL,"Cell COARSE_C26350 (27.311N, 88.598E)",COARSE_C26350,East Sikkim,27.311,88.598,+24h,0.6583,High,HIGH,0.9887,0.3293,21.4,2026-09-08T18:05:43Z,ACTIVE,forecast_composite,SIMULATED / PROTOTYPE ALERT
ALT-GRID-02485,REGIONAL_GRID_CELL,"Cell COARSE_C26545 (27.312N, 88.592E)",COARSE_C26545,Gangtok District,27.312,88.592,+24h,0.6592,High,HIGH,0.9904,0.3293,21.4,2026-09-08T18:05:43Z,ACTIVE,forecast_composite,SIMULATED / PROTOTYPE ALERT
ALT-GRID-02486,REGIONAL_GRID_CELL,"Cell COARSE_C26546 (27.312N, 88.593E)",COARSE_C26546,East Sikkim,27.312,88.593,+24h,0.6607,High,HIGH,0.993,0.3293,21.4,2026-09-08T18:05:43Z,ACTIVE,forecast_composite,SIMULATED / PROTOTYPE ALERT
ALT-GRID-02487,REGIONAL_GRID_CELL,"Cell COARSE_C26549 (27.312N, 88.596E)",COARSE_C26549,East Sikkim,27.312,88.596,+24h,0.6579,High,HIGH,0.988,0.3293,21.4,2026-09-08T18:05:43Z,ACTIVE,forecast_composite,SIMULATED / PROTOTYPE ALERT
ALT-GRID-02488,REGIONAL_GRID_CELL,"Cell COARSE_C26552 (27.312N, 88.599E)",COARSE_C26552,East Sikkim,27.312,88.599,+24h,0.6597,High,HIGH,0.9912,0.3293,21.4,2026-09-08T18:05:43Z,ACTIVE,forecast_composite,SIMULATED / PROTOTYPE ALERT
ALT-GRID-02489,REGIONAL_GRID_CELL,"Cell COARSE_C26735 (27.313N, 88.581E)",COARSE_C26735,Gangtok District,27.313,88.581,+24h,0.6455,High,HIGH,0.9662,0.3293,21.4,2026-09-08T18:05:43Z,ACTIVE,forecast_composite,SIMULATED / PROTOTYPE ALERT
ALT-GRID-02490,REGIONAL_GRID_CELL,"Cell COARSE_C26747 (27.313N, 88.593E)",COARSE_C26747,Gangtok District,27.313,88.593,+24h,0.6604,High,HIGH,0.9925,0.3293,21.4,2026-09-08T18:05:43Z,ACTIVE,forecast_composite,SIMULATED / PROTOTYPE ALERT
ALT-GRID-02491,REGIONAL_GRID_CELL,"Cell COARSE_C26749 (27.313N, 88.595E)",COARSE_C26749,East Sikkim,27.313,88.595,+24h,0.6611,High,HIGH,0.9937,0.3293,21.4,2026-09-08T18:05:43Z,ACTIVE,forecast_composite,SIMULATED / PROTOTYPE ALERT
ALT-GRID-02492,REGIONAL_GRID_CELL,"Cell COARSE_C26753 (27.313N, 88.599E)",COARSE_C26753,East Sikkim,27.313,88.599,+24h,0.6153,High,HIGH,0.9127,0.3293,21.4,2026-09-08T18:05:43Z,ACTIVE,forecast_composite,SIMULATED / PROTOTYPE ALERT
ALT-GRID-02493,REGIONAL_GRID_CELL,"Cell COARSE_C26754 (27.313N, 88.600E)",COARSE_C26754,East Sikkim,27.313,88.6,+24h,0.6588,High,HIGH,0.9897,0.3293,21.4,2026-09-08T18:05:43Z,ACTIVE,forecast_composite,SIMULATED / PROTOTYPE ALERT
ALT-GRID-02494,REGIONAL_GRID_CELL,"Cell COARSE_C26948 (27.314N, 88.593E)",COARSE_C26948,Gangtok District,27.314,88.593,+24h,0.6616,High,HIGH,0.9946,0.3293,21.4,2026-09-08T18:05:43Z,ACTIVE,forecast_composite,SIMULATED / PROTOTYPE ALERT
ALT-GRID-02495,REGIONAL_GRID_CELL,"Cell COARSE_C26950 (27.314N, 88.595E)",COARSE_C26950,East Sikkim,27.314,88.595,+24h,0.6606,High,HIGH,0.9928,0.3293,21.4,2026-09-08T18:05:43Z,ACTIVE,forecast_composite,SIMULATED / PROTOTYPE ALERT
ALT-GRID-02496,REGIONAL_GRID_CELL,"Cell COARSE_C26952 (27.314N, 88.597E)",COARSE_C26952,East Sikkim,27.314,88.597,+24h,0.6593,High,HIGH,0.9906,0.3293,21.4,2026-09-08T18:05:43Z,ACTIVE,forecast_composite,SIMULATED / PROTOTYPE ALERT
ALT-GRID-02497,REGIONAL_GRID_CELL,"Cell COARSE_C27136 (27.315N, 88.580E)",COARSE_C27136,Gangtok District,27.315,88.58,+24h,0.641,High,HIGH,0.9582,0.3293,21.4,2026-09-08T18:05:43Z,ACTIVE,forecast_composite,SIMULATED / PROTOTYPE ALERT
ALT-GRID-02498,REGIONAL_GRID_CELL,"Cell COARSE_C27151 (27.315N, 88.595E)",COARSE_C27151,Gangtok District,27.315,88.595,+24h,0.6609,High,HIGH,0.9933,0.3293,21.4,2026-09-08T18:05:43Z,ACTIVE,forecast_composite,SIMULATED / PROTOTYPE ALERT
ALT-GRID-02499,REGIONAL_GRID_CELL,"Cell COARSE_C27156 (27.315N, 88.600E)",COARSE_C27156,East Sikkim,27.315,88.6,+24h,0.6595,High,HIGH,0.9909,0.3293,21.4,2026-09-08T18:05:43Z,ACTIVE,forecast_composite,SIMULATED / PROTOTYPE ALERT
ALT-GRID-02500,REGIONAL_GRID_CELL,"Cell COARSE_C27352 (27.316N, 88.595E)",COARSE_C27352,Gangtok District,27.316,88.595,+24h,0.6614,High,HIGH,0.9942,0.3293,21.4,2026-09-08T18:05:43Z,ACTIVE,forecast_composite,SIMULATED / PROTOTYPE ALERT
ALT-GRID-02501,REGIONAL_GRID_CELL,"Cell COARSE_C27353 (27.316N, 88.596E)",COARSE_C27353,Gangtok District,27.316,88.596,+24h,0.66,High,HIGH,0.9918,0.3293,21.4,2026-09-08T18:05:43Z,ACTIVE,forecast_composite,SIMULATED / PROTOTYPE ALERT
ALT-GRID-02502,REGIONAL_GRID_CELL,"Cell COARSE_C27354 (27.316N, 88.597E)",COARSE_C27354,East Sikkim,27.316,88.597,+24h,0.6603,High,HIGH,0.9923,0.3293,21.4,2026-09-08T18:05:43Z,ACTIVE,forecast_composite,SIMULATED / PROTOTYPE ALERT
ALT-GRID-02503,REGIONAL_GRID_CELL,"Cell COARSE_C27357 (27.316N, 88.600E)",COARSE_C27357,East Sikkim,27.316,88.6,+24h,0.6606,High,HIGH,0.9928,0.3293,21.4,2026-09-08T18:05:43Z,ACTIVE,forecast_composite,SIMULATED / PROTOTYPE ALERT
ALT-GRID-02504,REGIONAL_GRID_CELL,"Cell COARSE_C27538 (27.317N, 88.580E)",COARSE_C27538,Gangtok District,27.317,88.58,+24h,0.5527,High,HIGH,0.8022,0.3293,21.4,2026-09-08T18:05:43Z,ACTIVE,forecast_composite,SIMULATED / PROTOTYPE ALERT
ALT-GRID-02505,REGIONAL_GRID_CELL,"Cell COARSE_C27539 (27.317N, 88.581E)",COARSE_C27539,Gangtok District,27.317,88.581,+24h,0.5743,High,HIGH,0.8404,0.3293,21.4,2026-09-08T18:05:43Z,ACTIVE,forecast_composite,SIMULATED / PROTOTYPE ALERT
ALT-GRID-02506,REGIONAL_GRID_CELL,"Cell COARSE_C27554 (27.317N, 88.596E)",COARSE_C27554,Gangtok District,27.317,88.596,+24h,0.6593,High,HIGH,0.9906,0.3293,21.4,2026-09-08T18:05:43Z,ACTIVE,forecast_composite,SIMULATED / PROTOTYPE ALERT
ALT-GRID-02507,REGIONAL_GRID_CELL,"Cell COARSE_C27555 (27.317N, 88.597E)",COARSE_C27555,Gangtok District,27.317,88.597,+24h,0.6594,High,HIGH,0.9907,0.3293,21.4,2026-09-08T18:05:43Z,ACTIVE,forecast_composite,SIMULATED / PROTOTYPE ALERT
ALT-GRID-02508,REGIONAL_GRID_CELL,"Cell COARSE_C27556 (27.317N, 88.598E)",COARSE_C27556,East Sikkim,27.317,88.598,+24h,0.6603,High,HIGH,0.9923,0.3293,21.4,2026-09-08T18:05:43Z,ACTIVE,forecast_composite,SIMULATED / PROTOTYPE ALERT
ALT-GRID-02509,REGIONAL_GRID_CELL,"Cell COARSE_C27558 (27.317N, 88.600E)",COARSE_C27558,East Sikkim,27.317,88.6,+24h,0.612,High,HIGH,0.9069,0.3293,21.4,2026-09-08T18:05:43Z,ACTIVE,forecast_composite,SIMULATED / PROTOTYPE ALERT
ALT-GRID-02510,REGIONAL_GRID_CELL,"Cell COARSE_C27750 (27.318N, 88.591E)",COARSE_C27750,Gangtok District,27.318,88.591,+24h,0.6102,High,HIGH,0.9037,0.3293,21.4,2026-09-08T18:05:43Z,ACTIVE,forecast_composite,SIMULATED / PROTOTYPE ALERT
ALT-GRID-02511,REGIONAL_GRID_CELL,"Cell COARSE_C27753 (27.318N, 88.594E)",COARSE_C27753,Gangtok District,27.318,88.594,+24h,0.6627,High,HIGH,0.9966,0.3293,21.4,2026-09-08T18:05:43Z,ACTIVE,forecast_composite,SIMULATED / PROTOTYPE ALERT
ALT-GRID-02512,REGIONAL_GRID_CELL,"Cell COARSE_C27754 (27.318N, 88.595E)",COARSE_C27754,Gangtok District,27.318,88.595,+24h,0.6607,High,HIGH,0.993,0.3293,21.4,2026-09-08T18:05:43Z,ACTIVE,forecast_composite,SIMULATED / PROTOTYPE ALERT
ALT-GRID-02513,REGIONAL_GRID_CELL,"Cell COARSE_C27755 (27.318N, 88.596E)",COARSE_C27755,Gangtok District,27.318,88.596,+24h,0.5935,High,HIGH,0.8743,0.3293,21.4,2026-09-08T18:05:43Z,ACTIVE,forecast_composite,SIMULATED / PROTOTYPE ALERT
ALT-GRID-02514,REGIONAL_GRID_CELL,"Cell COARSE_C27759 (27.318N, 88.600E)",COARSE_C27759,East Sikkim,27.318,88.6,+24h,0.6108,High,HIGH,0.9049,0.3293,21.4,2026-09-08T18:05:43Z,ACTIVE,forecast_composite,SIMULATED / PROTOTYPE ALERT
ALT-GRID-02515,REGIONAL_GRID_CELL,"Cell COARSE_C27949 (27.319N, 88.589E)",COARSE_C27949,Gangtok District,27.319,88.589,+24h,0.6338,High,HIGH,0.9454,0.3293,21.4,2026-09-08T18:05:43Z,ACTIVE,forecast_composite,SIMULATED / PROTOTYPE ALERT
ALT-GRID-02516,REGIONAL_GRID_CELL,"Cell COARSE_C27957 (27.319N, 88.597E)",COARSE_C27957,Gangtok District,27.319,88.597,+24h,0.6598,High,HIGH,0.9914,0.3293,21.4,2026-09-08T18:05:43Z,ACTIVE,forecast_composite,SIMULATED / PROTOTYPE ALERT
ALT-GRID-02517,REGIONAL_GRID_CELL,"Cell COARSE_C27960 (27.319N, 88.600E)",COARSE_C27960,East Sikkim,27.319,88.6,+24h,0.6596,High,HIGH,0.991,0.3293,21.4,2026-09-08T18:05:43Z,ACTIVE,forecast_composite,SIMULATED / PROTOTYPE ALERT
ALT-GRID-02518,REGIONAL_GRID_CELL,"Cell COARSE_C28158 (27.320N, 88.597E)",COARSE_C28158,Gangtok District,27.32,88.597,+24h,0.6605,High,HIGH,0.9926,0.3293,21.4,2026-09-08T18:05:43Z,ACTIVE,forecast_composite,SIMULATED / PROTOTYPE ALERT
ALT-GRID-02519,REGIONAL_GRID_CELL,"Cell COARSE_C28161 (27.320N, 88.600E)",COARSE_C28161,Gangtok District,27.32,88.6,+24h,0.6594,High,HIGH,0.9907,0.3293,21.4,2026-09-08T18:05:43Z,ACTIVE,forecast_composite,SIMULATED / PROTOTYPE ALERT
ALT-GRID-02520,REGIONAL_GRID_CELL,"Cell COARSE_C28360 (27.321N, 88.598E)",COARSE_C28360,Gangtok District,27.321,88.598,+24h,0.6606,High,HIGH,0.9928,0.3293,21.4,2026-09-08T18:05:43Z,ACTIVE,forecast_composite,SIMULATED / PROTOTYPE ALERT
ALT-GRID-02521,REGIONAL_GRID_CELL,"Cell COARSE_C28557 (27.322N, 88.594E)",COARSE_C28557,Gangtok District,27.322,88.594,+24h,0.6619,High,HIGH,0.9952,0.3293,21.4,2026-09-08T18:05:43Z,ACTIVE,forecast_composite,SIMULATED / PROTOTYPE ALERT
ALT-GRID-02522,REGIONAL_GRID_CELL,"Cell COARSE_C28558 (27.322N, 88.595E)",COARSE_C28558,Gangtok District,27.322,88.595,+24h,0.6342,High,HIGH,0.9461,0.3293,21.4,2026-09-08T18:05:43Z,ACTIVE,forecast_composite,SIMULATED / PROTOTYPE ALERT
ALT-GRID-02523,REGIONAL_GRID_CELL,"Cell COARSE_C28560 (27.322N, 88.597E)",COARSE_C28560,Gangtok District,27.322,88.597,+24h,0.6603,High,HIGH,0.9923,0.3293,21.4,2026-09-08T18:05:43Z,ACTIVE,forecast_composite,SIMULATED / PROTOTYPE ALERT
ALT-GRID-02524,REGIONAL_GRID_CELL,"Cell COARSE_C28561 (27.322N, 88.598E)",COARSE_C28561,Gangtok District,27.322,88.598,+24h,0.6145,High,HIGH,0.9114,0.3293,21.4,2026-09-08T18:05:43Z,ACTIVE,forecast_composite,SIMULATED / PROTOTYPE ALERT
ALT-GRID-02525,REGIONAL_GRID_CELL,"Cell COARSE_C28959 (27.324N, 88.594E)",COARSE_C28959,Gangtok District,27.324,88.594,+24h,0.6189,High,HIGH,0.9192,0.3293,21.4,2026-09-08T18:05:43Z,ACTIVE,forecast_composite,SIMULATED / PROTOTYPE ALERT
ALT-GRID-02526,REGIONAL_GRID_CELL,"Cell COARSE_C29362 (27.326N, 88.595E)",COARSE_C29362,Gangtok District,27.326,88.595,+24h,0.6211,High,HIGH,0.9231,0.3293,21.4,2026-09-08T18:05:43Z,ACTIVE,forecast_composite,SIMULATED / PROTOTYPE ALERT
ALT-GRID-02527,REGIONAL_GRID_CELL,"Cell COARSE_C29366 (27.326N, 88.599E)",COARSE_C29366,Gangtok District,27.326,88.599,+24h,0.6138,High,HIGH,0.9101,0.3293,21.4,2026-09-08T18:05:43Z,ACTIVE,forecast_composite,SIMULATED / PROTOTYPE ALERT
ALT-GRID-02528,REGIONAL_GRID_CELL,"Cell COARSE_C29564 (27.327N, 88.596E)",COARSE_C29564,Gangtok District,27.327,88.596,+24h,0.639,High,HIGH,0.9547,0.3293,21.4,2026-09-08T18:05:43Z,ACTIVE,forecast_composite,SIMULATED / PROTOTYPE ALERT
ALT-GRID-02529,REGIONAL_GRID_CELL,"Cell COARSE_C30153 (27.330N, 88.582E)",COARSE_C30153,Gangtok District,27.33,88.582,+24h,0.6594,High,HIGH,0.9907,0.3293,21.4,2026-09-08T18:05:43Z,ACTIVE,forecast_composite,SIMULATED / PROTOTYPE ALERT
ALT-GRID-02530,REGIONAL_GRID_CELL,"Cell COARSE_C30161 (27.330N, 88.590E)",COARSE_C30161,Gangtok District,27.33,88.59,+24h,0.6167,High,HIGH,0.9152,0.3293,21.4,2026-09-08T18:05:43Z,ACTIVE,forecast_composite,SIMULATED / PROTOTYPE ALERT
ALT-GRID-02531,REGIONAL_GRID_CELL,"Cell COARSE_C30353 (27.331N, 88.581E)",COARSE_C30353,Gangtok District,27.331,88.581,+24h,0.5743,High,HIGH,0.8404,0.3293,21.4,2026-09-08T18:05:43Z,ACTIVE,forecast_composite,SIMULATED / PROTOTYPE ALERT
ALT-GRID-02532,REGIONAL_GRID_CELL,"Cell COARSE_C30556 (27.332N, 88.583E)",COARSE_C30556,Gangtok District,27.332,88.583,+24h,0.6592,High,HIGH,0.9904,0.3293,21.4,2026-09-08T18:05:43Z,ACTIVE,forecast_composite,SIMULATED / PROTOTYPE ALERT
ALT-GRID-02533,REGIONAL_GRID_CELL,"Cell COARSE_C30562 (27.332N, 88.589E)",COARSE_C30562,Gangtok District,27.332,88.589,+24h,0.6166,High,HIGH,0.915,0.3293,21.4,2026-09-08T18:05:43Z,ACTIVE,forecast_composite,SIMULATED / PROTOTYPE ALERT
ALT-GRID-02534,REGIONAL_GRID_CELL,"Cell COARSE_C30760 (27.333N, 88.586E)",COARSE_C30760,Gangtok District,27.333,88.586,+24h,0.612,High,HIGH,0.9069,0.3293,21.4,2026-09-08T18:05:43Z,ACTIVE,forecast_composite,SIMULATED / PROTOTYPE ALERT
ALT-GRID-02535,REGIONAL_GRID_CELL,"Cell COARSE_C30761 (27.333N, 88.587E)",COARSE_C30761,Gangtok District,27.333,88.587,+24h,0.6205,High,HIGH,0.922,0.3293,21.4,2026-09-08T18:05:43Z,ACTIVE,forecast_composite,SIMULATED / PROTOTYPE ALERT
ALT-GRID-02536,REGIONAL_GRID_CELL,"Cell COARSE_C30962 (27.334N, 88.587E)",COARSE_C30962,Gangtok District,27.334,88.587,+24h,0.6209,High,HIGH,0.9226,0.3293,21.4,2026-09-08T18:05:43Z,ACTIVE,forecast_composite,SIMULATED / PROTOTYPE ALERT
ALT-GRID-02537,REGIONAL_GRID_CELL,"Cell COARSE_C31166 (27.335N, 88.590E)",COARSE_C31166,Gangtok District,27.335,88.59,+24h,0.6608,High,HIGH,0.9932,0.3293,21.4,2026-09-08T18:05:43Z,ACTIVE,forecast_composite,SIMULATED / PROTOTYPE ALERT
ALT-GRID-02538,REGIONAL_GRID_CELL,"Cell COARSE_C31172 (27.335N, 88.596E)",COARSE_C31172,Gangtok District,27.335,88.596,+24h,0.6623,High,HIGH,0.9958,0.3293,21.4,2026-09-08T18:05:43Z,ACTIVE,forecast_composite,SIMULATED / PROTOTYPE ALERT
ALT-GRID-02539,REGIONAL_GRID_CELL,"Cell COARSE_C31762 (27.338N, 88.583E)",COARSE_C31762,Gangtok District,27.338,88.583,+24h,0.6588,High,HIGH,0.9897,0.3293,21.4,2026-09-08T18:05:43Z,ACTIVE,forecast_composite,SIMULATED / PROTOTYPE ALERT
ALT-GRID-02540,REGIONAL_GRID_CELL,"Cell COARSE_C31969 (27.339N, 88.589E)",COARSE_C31969,Gangtok District,27.339,88.589,+24h,0.6115,High,HIGH,0.9061,0.3293,21.4,2026-09-08T18:05:43Z,ACTIVE,forecast_composite,SIMULATED / PROTOTYPE ALERT
ALT-GRID-02541,REGIONAL_GRID_CELL,"Cell COARSE_C31974 (27.339N, 88.594E)",COARSE_C31974,East Sikkim,27.339,88.594,+24h,0.6292,High,HIGH,0.9373,0.3293,21.4,2026-09-08T18:05:43Z,ACTIVE,forecast_composite,SIMULATED / PROTOTYPE ALERT
ALT-GRID-02542,REGIONAL_GRID_CELL,"Cell COARSE_C32161 (27.340N, 88.580E)",COARSE_C32161,Gangtok District,27.34,88.58,+24h,0.5631,High,HIGH,0.8206,0.3293,21.4,2026-09-08T18:05:43Z,ACTIVE,forecast_composite,SIMULATED / PROTOTYPE ALERT
ALT-GRID-02543,REGIONAL_GRID_CELL,"Cell COARSE_C32175 (27.340N, 88.594E)",COARSE_C32175,East Sikkim,27.34,88.594,+24h,0.6051,High,HIGH,0.8948,0.3293,21.4,2026-09-08T18:05:43Z,ACTIVE,forecast_composite,SIMULATED / PROTOTYPE ALERT
ALT-GRID-02544,REGIONAL_GRID_CELL,"Cell COARSE_C32373 (27.341N, 88.591E)",COARSE_C32373,East Sikkim,27.341,88.591,+24h,0.6339,High,HIGH,0.9457,0.3293,21.4,2026-09-08T18:05:43Z,ACTIVE,forecast_composite,SIMULATED / PROTOTYPE ALERT
ALT-GRID-02545,REGIONAL_GRID_CELL,"Cell COARSE_C32376 (27.341N, 88.594E)",COARSE_C32376,East Sikkim,27.341,88.594,+24h,0.6405,High,HIGH,0.9573,0.3293,21.4,2026-09-08T18:05:43Z,ACTIVE,forecast_composite,SIMULATED / PROTOTYPE ALERT
ALT-GRID-02546,REGIONAL_GRID_CELL,"Cell COARSE_C32568 (27.342N, 88.585E)",COARSE_C32568,East Sikkim,27.342,88.585,+24h,0.6594,High,HIGH,0.9908,0.3293,21.4,2026-09-08T18:05:43Z,ACTIVE,forecast_composite,SIMULATED / PROTOTYPE ALERT
ALT-GRID-02547,REGIONAL_GRID_CELL,"Cell COARSE_C32577 (27.342N, 88.594E)",COARSE_C32577,East Sikkim,27.342,88.594,+24h,0.6127,High,HIGH,0.9082,0.3293,21.4,2026-09-08T18:05:43Z,ACTIVE,forecast_composite,SIMULATED / PROTOTYPE ALERT
ALT-GRID-02548,REGIONAL_GRID_CELL,"Cell COARSE_C32768 (27.343N, 88.584E)",COARSE_C32768,East Sikkim,27.343,88.584,+24h,0.5956,High,HIGH,0.878,0.3293,21.4,2026-09-08T18:05:43Z,ACTIVE,forecast_composite,SIMULATED / PROTOTYPE ALERT
ALT-GRID-02549,REGIONAL_GRID_CELL,"Cell COARSE_C32777 (27.343N, 88.593E)",COARSE_C32777,East Sikkim,27.343,88.593,+24h,0.6166,High,HIGH,0.9151,0.3293,21.4,2026-09-08T18:05:43Z,ACTIVE,forecast_composite,SIMULATED / PROTOTYPE ALERT
ALT-GRID-02550,REGIONAL_GRID_CELL,"Cell COARSE_C32784 (27.343N, 88.600E)",COARSE_C32784,East Sikkim,27.343,88.6,+24h,0.6612,High,HIGH,0.9939,0.3293,21.4,2026-09-08T18:05:43Z,ACTIVE,forecast_composite,SIMULATED / PROTOTYPE ALERT
ALT-GRID-02551,REGIONAL_GRID_CELL,"Cell COARSE_C32967 (27.344N, 88.582E)",COARSE_C32967,East Sikkim,27.344,88.582,+24h,0.6031,High,HIGH,0.8912,0.3293,21.4,2026-09-08T18:05:43Z,ACTIVE,forecast_composite,SIMULATED / PROTOTYPE ALERT
ALT-GRID-02552,REGIONAL_GRID_CELL,"Cell COARSE_C32972 (27.344N, 88.587E)",COARSE_C32972,East Sikkim,27.344,88.587,+24h,0.6298,High,HIGH,0.9385,0.3293,21.4,2026-09-08T18:05:43Z,ACTIVE,forecast_composite,SIMULATED / PROTOTYPE ALERT
ALT-GRID-02553,REGIONAL_GRID_CELL,"Cell COARSE_C32973 (27.344N, 88.588E)",COARSE_C32973,East Sikkim,27.344,88.588,+24h,0.6194,High,HIGH,0.9201,0.3293,21.4,2026-09-08T18:05:43Z,ACTIVE,forecast_composite,SIMULATED / PROTOTYPE ALERT
ALT-GRID-02554,REGIONAL_GRID_CELL,"Cell COARSE_C32979 (27.344N, 88.594E)",COARSE_C32979,East Sikkim,27.344,88.594,+24h,0.6194,High,HIGH,0.9201,0.3293,21.4,2026-09-08T18:05:43Z,ACTIVE,forecast_composite,SIMULATED / PROTOTYPE ALERT
ALT-GRID-02555,REGIONAL_GRID_CELL,"Cell COARSE_C33173 (27.345N, 88.587E)",COARSE_C33173,East Sikkim,27.345,88.587,+24h,0.6054,High,HIGH,0.8953,0.3293,21.4,2026-09-08T18:05:43Z,ACTIVE,forecast_composite,SIMULATED / PROTOTYPE ALERT
ALT-GRID-02556,REGIONAL_GRID_CELL,"Cell COARSE_C33383 (27.346N, 88.596E)",COARSE_C33383,East Sikkim,27.346,88.596,+24h,0.6084,High,HIGH,0.9006,0.3293,21.4,2026-09-08T18:05:43Z,ACTIVE,forecast_composite,SIMULATED / PROTOTYPE ALERT
ALT-GRID-02557,REGIONAL_GRID_CELL,"Cell COARSE_C33384 (27.346N, 88.597E)",COARSE_C33384,East Sikkim,27.346,88.597,+24h,0.6602,High,HIGH,0.9922,0.3293,21.4,2026-09-08T18:05:43Z,ACTIVE,forecast_composite,SIMULATED / PROTOTYPE ALERT
ALT-GRID-02558,REGIONAL_GRID_CELL,"Cell COARSE_C33584 (27.347N, 88.596E)",COARSE_C33584,East Sikkim,27.347,88.596,+24h,0.6253,High,HIGH,0.9305,0.3293,21.4,2026-09-08T18:05:43Z,ACTIVE,forecast_composite,SIMULATED / PROTOTYPE ALERT
ALT-GRID-02559,REGIONAL_GRID_CELL,"Cell COARSE_C33585 (27.347N, 88.597E)",COARSE_C33585,East Sikkim,27.347,88.597,+24h,0.6111,High,HIGH,0.9053,0.3293,21.4,2026-09-08T18:05:43Z,ACTIVE,forecast_composite,SIMULATED / PROTOTYPE ALERT
ALT-GRID-02560,REGIONAL_GRID_CELL,"Cell COARSE_C33588 (27.347N, 88.600E)",COARSE_C33588,East Sikkim,27.347,88.6,+24h,0.6615,High,HIGH,0.9945,0.3293,21.4,2026-09-08T18:05:43Z,ACTIVE,forecast_composite,SIMULATED / PROTOTYPE ALERT
ALT-GRID-02561,REGIONAL_GRID_CELL,"Cell COARSE_C33770 (27.348N, 88.581E)",COARSE_C33770,East Sikkim,27.348,88.581,+24h,0.5917,High,HIGH,0.8711,0.3293,21.4,2026-09-08T18:05:43Z,ACTIVE,forecast_composite,SIMULATED / PROTOTYPE ALERT
ALT-GRID-02562,REGIONAL_GRID_CELL,"Cell COARSE_C33782 (27.348N, 88.593E)",COARSE_C33782,East Sikkim,27.348,88.593,+24h,0.5966,High,HIGH,0.8797,0.3293,21.4,2026-09-08T18:05:43Z,ACTIVE,forecast_composite,SIMULATED / PROTOTYPE ALERT
ALT-GRID-02563,REGIONAL_GRID_CELL,"Cell COARSE_C33785 (27.348N, 88.596E)",COARSE_C33785,East Sikkim,27.348,88.596,+24h,0.6615,High,HIGH,0.9945,0.3293,21.4,2026-09-08T18:05:43Z,ACTIVE,forecast_composite,SIMULATED / PROTOTYPE ALERT
ALT-GRID-02564,REGIONAL_GRID_CELL,"Cell COARSE_C33971 (27.349N, 88.581E)",COARSE_C33971,East Sikkim,27.349,88.581,+24h,0.6084,High,HIGH,0.9006,0.3293,21.4,2026-09-08T18:05:43Z,ACTIVE,forecast_composite,SIMULATED / PROTOTYPE ALERT
ALT-GRID-02565,REGIONAL_GRID_CELL,"Cell COARSE_C33986 (27.349N, 88.596E)",COARSE_C33986,East Sikkim,27.349,88.596,+24h,0.6127,High,HIGH,0.9082,0.3293,21.4,2026-09-08T18:05:43Z,ACTIVE,forecast_composite,SIMULATED / PROTOTYPE ALERT
ALT-GRID-02566,REGIONAL_GRID_CELL,"Cell COARSE_C33987 (27.349N, 88.597E)",COARSE_C33987,East Sikkim,27.349,88.597,+24h,0.6336,High,HIGH,0.9452,0.3293,21.4,2026-09-08T18:05:43Z,ACTIVE,forecast_composite,SIMULATED / PROTOTYPE ALERT
ALT-GRID-02567,REGIONAL_GRID_CELL,"Cell COARSE_C33988 (27.349N, 88.598E)",COARSE_C33988,East Sikkim,27.349,88.598,+24h,0.6343,High,HIGH,0.9464,0.3293,21.4,2026-09-08T18:05:43Z,ACTIVE,forecast_composite,SIMULATED / PROTOTYPE ALERT
ALT-GRID-02568,REGIONAL_GRID_CELL,"Cell COARSE_C34171 (27.350N, 88.580E)",COARSE_C34171,East Sikkim,27.35,88.58,+24h,0.6518,High,HIGH,0.855,0.4762,36.7,2026-09-08T18:05:43Z,ACTIVE,forecast_composite,SIMULATED / PROTOTYPE ALERT
ALT-GRID-02569,REGIONAL_GRID_CELL,"Cell COARSE_C34173 (27.350N, 88.582E)",COARSE_C34173,East Sikkim,27.35,88.582,+24h,0.6972,High,HIGH,0.9313,0.4762,36.7,2026-09-08T18:05:43Z,ACTIVE,forecast_composite,SIMULATED / PROTOTYPE ALERT
ALT-GRID-02570,REGIONAL_GRID_CELL,"Cell COARSE_C34177 (27.350N, 88.586E)",COARSE_C34177,East Sikkim,27.35,88.586,+24h,0.5568,High,HIGH,0.6955,0.4762,36.7,2026-09-08T18:05:43Z,ACTIVE,forecast_composite,SIMULATED / PROTOTYPE ALERT
ALT-GRID-02571,REGIONAL_GRID_CELL,"Cell COARSE_C34185 (27.350N, 88.594E)",COARSE_C34185,East Sikkim,27.35,88.594,+24h,0.5512,High,HIGH,0.686,0.4762,36.7,2026-09-08T18:05:43Z,ACTIVE,forecast_composite,SIMULATED / PROTOTYPE ALERT
ALT-GRID-02572,REGIONAL_GRID_CELL,"Cell COARSE_C34190 (27.350N, 88.599E)",COARSE_C34190,East Sikkim,27.35,88.599,+24h,0.7089,High,HIGH,0.951,0.4762,36.7,2026-09-08T18:05:43Z,ACTIVE,forecast_composite,SIMULATED / PROTOTYPE ALERT
ALT-GRID-02573,REGIONAL_GRID_CELL,"Cell COARSE_C34192 (27.350N, 88.601E)",COARSE_C34192,East Sikkim,27.35,88.601,+24h,0.6939,High,HIGH,0.9452,0.4525,35.3,2026-09-08T18:05:43Z,ACTIVE,forecast_composite,SIMULATED / PROTOTYPE ALERT
ALT-GRID-02574,REGIONAL_GRID_CELL,"Cell COARSE_C34194 (27.350N, 88.603E)",COARSE_C34194,East Sikkim,27.35,88.603,+24h,0.5618,High,HIGH,0.7215,0.4525,35.3,2026-09-08T18:05:43Z,ACTIVE,forecast_composite,SIMULATED / PROTOTYPE ALERT
ALT-GRID-02575,REGIONAL_GRID_CELL,"Cell COARSE_C34206 (27.350N, 88.615E)",COARSE_C34206,East Sikkim,27.35,88.615,+24h,0.6709,High,HIGH,0.9063,0.4525,35.3,2026-09-08T18:05:43Z,ACTIVE,forecast_composite,SIMULATED / PROTOTYPE ALERT
ALT-GRID-02576,REGIONAL_GRID_CELL,"Cell COARSE_C34208 (27.350N, 88.617E)",COARSE_C34208,East Sikkim,27.35,88.617,+24h,0.6517,High,HIGH,0.8738,0.4525,35.3,2026-09-08T18:05:43Z,ACTIVE,forecast_composite,SIMULATED / PROTOTYPE ALERT
ALT-GRID-02577,REGIONAL_GRID_CELL,"Cell COARSE_C34211 (27.350N, 88.620E)",COARSE_C34211,East Sikkim,27.35,88.62,+24h,0.7174,High,HIGH,0.985,0.4525,35.3,2026-09-08T18:05:43Z,ACTIVE,forecast_composite,SIMULATED / PROTOTYPE ALERT
ALT-GRID-02578,REGIONAL_GRID_CELL,"Cell COARSE_C34213 (27.350N, 88.622E)",COARSE_C34213,East Sikkim,27.35,88.622,+24h,0.7157,High,HIGH,0.9822,0.4525,35.3,2026-09-08T18:05:43Z,ACTIVE,forecast_composite,SIMULATED / PROTOTYPE ALERT
ALT-GRID-02579,REGIONAL_GRID_CELL,"Cell COARSE_C34217 (27.350N, 88.626E)",COARSE_C34217,East Sikkim,27.35,88.626,+24h,0.7131,High,HIGH,0.9778,0.4525,35.3,2026-09-08T18:05:43Z,ACTIVE,forecast_composite,SIMULATED / PROTOTYPE ALERT
ALT-GRID-02580,REGIONAL_GRID_CELL,"Cell COARSE_C34230 (27.350N, 88.639E)",COARSE_C34230,East Sikkim,27.35,88.639,+24h,0.6133,High,HIGH,0.8087,0.4525,35.3,2026-09-08T18:05:43Z,ACTIVE,forecast_composite,SIMULATED / PROTOTYPE ALERT
ALT-GRID-02581,REGIONAL_GRID_CELL,"Cell COARSE_C34234 (27.350N, 88.643E)",COARSE_C34234,East Sikkim,27.35,88.643,+24h,0.7071,High,HIGH,0.9676,0.4525,35.3,2026-09-08T18:05:43Z,ACTIVE,forecast_composite,SIMULATED / PROTOTYPE ALERT
ALT-GRID-02582,REGIONAL_GRID_CELL,"Cell COARSE_C00010 (27.180N, 88.589E)",COARSE_C00010,East Sikkim,27.18,88.589,+48h,0.6125,High,HIGH,0.8806,0.3618,25.1,2026-09-08T18:05:43Z,ACTIVE,forecast_composite,SIMULATED / PROTOTYPE ALERT
ALT-GRID-02583,REGIONAL_GRID_CELL,"Cell COARSE_C00016 (27.180N, 88.595E)",COARSE_C00016,East Sikkim,27.18,88.595,+48h,0.6289,High,HIGH,0.9092,0.3618,25.1,2026-09-08T18:05:43Z,ACTIVE,forecast_composite,SIMULATED / PROTOTYPE ALERT
ALT-GRID-02584,REGIONAL_GRID_CELL,"Cell COARSE_C00017 (27.180N, 88.596E)",COARSE_C00017,East Sikkim,27.18,88.596,+48h,0.6283,High,HIGH,0.9082,0.3618,25.1,2026-09-08T18:05:43Z,ACTIVE,forecast_composite,SIMULATED / PROTOTYPE ALERT
ALT-GRID-02585,REGIONAL_GRID_CELL,"Cell COARSE_C00018 (27.180N, 88.597E)",COARSE_C00018,East Sikkim,27.18,88.597,+48h,0.6164,High,HIGH,0.8874,0.3618,25.1,2026-09-08T18:05:43Z,ACTIVE,forecast_composite,SIMULATED / PROTOTYPE ALERT
ALT-GRID-02586,REGIONAL_GRID_CELL,"Cell COARSE_C00044 (27.180N, 88.623E)",COARSE_C00044,East Sikkim,27.18,88.623,+48h,0.6523,High,HIGH,0.95,0.3618,25.2,2026-09-08T18:05:43Z,ACTIVE,forecast_composite,SIMULATED / PROTOTYPE ALERT
ALT-GRID-02587,REGIONAL_GRID_CELL,"Cell COARSE_C00045 (27.180N, 88.624E)",COARSE_C00045,East Sikkim,27.18,88.624,+48h,0.6513,High,HIGH,0.9483,0.3618,25.2,2026-09-08T18:05:43Z,ACTIVE,forecast_composite,SIMULATED / PROTOTYPE ALERT
ALT-GRID-02588,REGIONAL_GRID_CELL,"Cell COARSE_C00046 (27.180N, 88.625E)",COARSE_C00046,East Sikkim,27.18,88.625,+48h,0.6519,High,HIGH,0.9494,0.3618,25.2,2026-09-08T18:05:43Z,ACTIVE,forecast_composite,SIMULATED / PROTOTYPE ALERT
ALT-GRID-02589,REGIONAL_GRID_CELL,"Cell COARSE_C00047 (27.180N, 88.626E)",COARSE_C00047,East Sikkim,27.18,88.626,+48h,0.6643,High,HIGH,0.9711,0.3618,25.2,2026-09-08T18:05:43Z,ACTIVE,forecast_composite,SIMULATED / PROTOTYPE ALERT
ALT-GRID-02590,REGIONAL_GRID_CELL,"Cell COARSE_C00049 (27.180N, 88.628E)",COARSE_C00049,East Sikkim,27.18,88.628,+48h,0.64,High,HIGH,0.9286,0.3618,25.2,2026-09-08T18:05:43Z,ACTIVE,forecast_composite,SIMULATED / PROTOTYPE ALERT
ALT-GRID-02591,REGIONAL_GRID_CELL,"Cell COARSE_C00052 (27.180N, 88.631E)",COARSE_C00052,East Sikkim,27.18,88.631,+48h,0.6271,High,HIGH,0.9061,0.3618,25.2,2026-09-08T18:05:43Z,ACTIVE,forecast_composite,SIMULATED / PROTOTYPE ALERT
ALT-GRID-02592,REGIONAL_GRID_CELL,"Cell COARSE_C00059 (27.180N, 88.638E)",COARSE_C00059,East Sikkim,27.18,88.638,+48h,0.6764,High,HIGH,0.9921,0.3618,25.2,2026-09-08T18:05:43Z,ACTIVE,forecast_composite,SIMULATED / PROTOTYPE ALERT
ALT-GRID-02593,REGIONAL_GRID_CELL,"Cell COARSE_C00234 (27.181N, 88.612E)",COARSE_C00234,East Sikkim,27.181,88.612,+48h,0.6349,High,HIGH,0.9196,0.3618,25.2,2026-09-08T18:05:43Z,ACTIVE,forecast_composite,SIMULATED / PROTOTYPE ALERT
ALT-GRID-02594,REGIONAL_GRID_CELL,"Cell COARSE_C00245 (27.181N, 88.623E)",COARSE_C00245,East Sikkim,27.181,88.623,+48h,0.6518,High,HIGH,0.9492,0.3618,25.2,2026-09-08T18:05:43Z,ACTIVE,forecast_composite,SIMULATED / PROTOTYPE ALERT
ALT-GRID-02595,REGIONAL_GRID_CELL,"Cell COARSE_C00250 (27.181N, 88.628E)",COARSE_C00250,East Sikkim,27.181,88.628,+48h,0.6355,High,HIGH,0.9208,0.3618,25.2,2026-09-08T18:05:43Z,ACTIVE,forecast_composite,SIMULATED / PROTOTYPE ALERT
ALT-GRID-02596,REGIONAL_GRID_CELL,"Cell COARSE_C00253 (27.181N, 88.631E)",COARSE_C00253,East Sikkim,27.181,88.631,+48h,0.6168,High,HIGH,0.888,0.3618,25.2,2026-09-08T18:05:43Z,ACTIVE,forecast_composite,SIMULATED / PROTOTYPE ALERT
ALT-GRID-02597,REGIONAL_GRID_CELL,"Cell COARSE_C00259 (27.181N, 88.637E)",COARSE_C00259,East Sikkim,27.181,88.637,+48h,0.677,High,HIGH,0.9933,0.3618,25.2,2026-09-08T18:05:43Z,ACTIVE,forecast_composite,SIMULATED / PROTOTYPE ALERT
ALT-GRID-02598,REGIONAL_GRID_CELL,"Cell COARSE_C00264 (27.181N, 88.642E)",COARSE_C00264,East Sikkim,27.181,88.642,+48h,0.6757,High,HIGH,0.991,0.3618,25.2,2026-09-08T18:05:43Z,ACTIVE,forecast_composite,SIMULATED / PROTOTYPE ALERT
ALT-GRID-02599,REGIONAL_GRID_CELL,"Cell COARSE_C00438 (27.182N, 88.615E)",COARSE_C00438,East Sikkim,27.182,88.615,+48h,0.659,High,HIGH,0.9617,0.3618,25.2,2026-09-08T18:05:43Z,ACTIVE,forecast_composite,SIMULATED / PROTOTYPE ALERT
ALT-GRID-02600,REGIONAL_GRID_CELL,"Cell COARSE_C00439 (27.182N, 88.616E)",COARSE_C00439,East Sikkim,27.182,88.616,+48h,0.5562,High,HIGH,0.7821,0.3618,25.2,2026-09-08T18:05:43Z,ACTIVE,forecast_composite,SIMULATED / PROTOTYPE ALERT
ALT-GRID-02601,REGIONAL_GRID_CELL,"Cell COARSE_C00440 (27.182N, 88.617E)",COARSE_C00440,East Sikkim,27.182,88.617,+48h,0.5723,High,HIGH,0.8103,0.3618,25.2,2026-09-08T18:05:43Z,ACTIVE,forecast_composite,SIMULATED / PROTOTYPE ALERT
ALT-GRID-02602,REGIONAL_GRID_CELL,"Cell COARSE_C00443 (27.182N, 88.620E)",COARSE_C00443,East Sikkim,27.182,88.62,+48h,0.6506,High,HIGH,0.9471,0.3618,25.2,2026-09-08T18:05:43Z,ACTIVE,forecast_composite,SIMULATED / PROTOTYPE ALERT
ALT-GRID-02603,REGIONAL_GRID_CELL,"Cell COARSE_C00444 (27.182N, 88.621E)",COARSE_C00444,East Sikkim,27.182,88.621,+48h,0.6184,High,HIGH,0.8909,0.3618,25.2,2026-09-08T18:05:43Z,ACTIVE,forecast_composite,SIMULATED / PROTOTYPE ALERT
ALT-GRID-02604,REGIONAL_GRID_CELL,"Cell COARSE_C00445 (27.182N, 88.622E)",COARSE_C00445,East Sikkim,27.182,88.622,+48h,0.6246,High,HIGH,0.9017,0.3618,25.2,2026-09-08T18:05:43Z,ACTIVE,forecast_composite,SIMULATED / PROTOTYPE ALERT
ALT-GRID-02605,REGIONAL_GRID_CELL,"Cell COARSE_C00467 (27.182N, 88.644E)",COARSE_C00467,East Sikkim,27.182,88.644,+48h,0.6048,High,HIGH,0.867,0.3618,25.2,2026-09-08T18:05:43Z,ACTIVE,forecast_composite,SIMULATED / PROTOTYPE ALERT
ALT-GRID-02606,REGIONAL_GRID_CELL,"Cell COARSE_C00604 (27.183N, 88.580E)",COARSE_C00604,East Sikkim,27.183,88.58,+48h,0.6354,High,HIGH,0.9206,0.3618,25.1,2026-09-08T18:05:43Z,ACTIVE,forecast_composite,SIMULATED / PROTOTYPE ALERT
ALT-GRID-02607,REGIONAL_GRID_CELL,"Cell COARSE_C00630 (27.183N, 88.606E)",COARSE_C00630,East Sikkim,27.183,88.606,+48h,0.5694,High,HIGH,0.8052,0.3618,25.2,2026-09-08T18:05:43Z,ACTIVE,forecast_composite,SIMULATED / PROTOTYPE ALERT
ALT-GRID-02608,REGIONAL_GRID_CELL,"Cell COARSE_C00642 (27.183N, 88.618E)",COARSE_C00642,East Sikkim,27.183,88.618,+48h,0.6021,High,HIGH,0.8623,0.3618,25.2,2026-09-08T18:05:43Z,ACTIVE,forecast_composite,SIMULATED / PROTOTYPE ALERT
ALT-GRID-02609,REGIONAL_GRID_CELL,"Cell COARSE_C00658 (27.183N, 88.634E)",COARSE_C00658,East Sikkim,27.183,88.634,+48h,0.676,High,HIGH,0.9915,0.3618,25.2,2026-09-08T18:05:43Z,ACTIVE,forecast_composite,SIMULATED / PROTOTYPE ALERT
ALT-GRID-02610,REGIONAL_GRID_CELL,"Cell COARSE_C00660 (27.183N, 88.636E)",COARSE_C00660,East Sikkim,27.183,88.636,+48h,0.6226,High,HIGH,0.8981,0.3618,25.2,2026-09-08T18:05:43Z,ACTIVE,forecast_composite,SIMULATED / PROTOTYPE ALERT
ALT-GRID-02611,REGIONAL_GRID_CELL,"Cell COARSE_C00812 (27.184N, 88.587E)",COARSE_C00812,East Sikkim,27.184,88.587,+48h,0.5683,High,HIGH,0.8033,0.3618,25.1,2026-09-08T18:05:43Z,ACTIVE,forecast_composite,SIMULATED / PROTOTYPE ALERT
ALT-GRID-02612,REGIONAL_GRID_CELL,"Cell COARSE_C00813 (27.184N, 88.588E)",COARSE_C00813,East Sikkim,27.184,88.588,+48h,0.5741,High,HIGH,0.8134,0.3618,25.1,2026-09-08T18:05:43Z,ACTIVE,forecast_composite,SIMULATED / PROTOTYPE ALERT
ALT-GRID-02613,REGIONAL_GRID_CELL,"Cell COARSE_C00814 (27.184N, 88.589E)",COARSE_C00814,East Sikkim,27.184,88.589,+48h,0.5613,High,HIGH,0.791,0.3618,25.1,2026-09-08T18:05:43Z,ACTIVE,forecast_composite,SIMULATED / PROTOTYPE ALERT
ALT-GRID-02614,REGIONAL_GRID_CELL,"Cell COARSE_C01006 (27.185N, 88.580E)",COARSE_C01006,East Sikkim,27.185,88.58,+48h,0.5625,High,HIGH,0.7931,0.3618,25.1,2026-09-08T18:05:43Z,ACTIVE,forecast_composite,SIMULATED / PROTOTYPE ALERT
ALT-GRID-02615,REGIONAL_GRID_CELL,"Cell COARSE_C01007 (27.185N, 88.581E)",COARSE_C01007,East Sikkim,27.185,88.581,+48h,0.5776,High,HIGH,0.8195,0.3618,25.1,2026-09-08T18:05:43Z,ACTIVE,forecast_composite,SIMULATED / PROTOTYPE ALERT
ALT-GRID-02616,REGIONAL_GRID_CELL,"Cell COARSE_C01012 (27.185N, 88.586E)",COARSE_C01012,East Sikkim,27.185,88.586,+48h,0.5639,High,HIGH,0.7957,0.3618,25.1,2026-09-08T18:05:43Z,ACTIVE,forecast_composite,SIMULATED / PROTOTYPE ALERT
ALT-GRID-02617,REGIONAL_GRID_CELL,"Cell COARSE_C01013 (27.185N, 88.587E)",COARSE_C01013,East Sikkim,27.185,88.587,+48h,0.5855,High,HIGH,0.8334,0.3618,25.1,2026-09-08T18:05:43Z,ACTIVE,forecast_composite,SIMULATED / PROTOTYPE ALERT
ALT-GRID-02618,REGIONAL_GRID_CELL,"Cell COARSE_C01014 (27.185N, 88.588E)",COARSE_C01014,East Sikkim,27.185,88.588,+48h,0.6131,High,HIGH,0.8815,0.3618,25.1,2026-09-08T18:05:43Z,ACTIVE,forecast_composite,SIMULATED / PROTOTYPE ALERT
ALT-GRID-02619,REGIONAL_GRID_CELL,"Cell COARSE_C01015 (27.185N, 88.589E)",COARSE_C01015,East Sikkim,27.185,88.589,+48h,0.5882,High,HIGH,0.8381,0.3618,25.1,2026-09-08T18:05:43Z,ACTIVE,forecast_composite,SIMULATED / PROTOTYPE ALERT
ALT-GRID-02620,REGIONAL_GRID_CELL,"Cell COARSE_C01016 (27.185N, 88.590E)",COARSE_C01016,East Sikkim,27.185,88.59,+48h,0.6178,High,HIGH,0.8898,0.3618,25.1,2026-09-08T18:05:43Z,ACTIVE,forecast_composite,SIMULATED / PROTOTYPE ALERT
ALT-GRID-02621,REGIONAL_GRID_CELL,"Cell COARSE_C01017 (27.185N, 88.591E)",COARSE_C01017,East Sikkim,27.185,88.591,+48h,0.5573,High,HIGH,0.784,0.3618,25.1,2026-09-08T18:05:43Z,ACTIVE,forecast_composite,SIMULATED / PROTOTYPE ALERT
ALT-GRID-02622,REGIONAL_GRID_CELL,"Cell COARSE_C01018 (27.185N, 88.592E)",COARSE_C01018,East Sikkim,27.185,88.592,+48h,0.5504,High,HIGH,0.772,0.3618,25.1,2026-09-08T18:05:43Z,ACTIVE,forecast_composite,SIMULATED / PROTOTYPE ALERT
ALT-GRID-02623,REGIONAL_GRID_CELL,"Cell COARSE_C01021 (27.185N, 88.595E)",COARSE_C01021,East Sikkim,27.185,88.595,+48h,0.5607,High,HIGH,0.7901,0.3618,25.1,2026-09-08T18:05:43Z,ACTIVE,forecast_composite,SIMULATED / PROTOTYPE ALERT
ALT-GRID-02624,REGIONAL_GRID_CELL,"Cell COARSE_C01026 (27.185N, 88.600E)",COARSE_C01026,East Sikkim,27.185,88.6,+48h,0.5512,High,HIGH,0.7734,0.3618,25.1,2026-09-08T18:05:43Z,ACTIVE,forecast_composite,SIMULATED / PROTOTYPE ALERT
ALT-GRID-02625,REGIONAL_GRID_CELL,"Cell COARSE_C01057 (27.185N, 88.631E)",COARSE_C01057,East Sikkim,27.185,88.631,+48h,0.6756,High,HIGH,0.9908,0.3618,25.2,2026-09-08T18:05:43Z,ACTIVE,forecast_composite,SIMULATED / PROTOTYPE ALERT
ALT-GRID-02626,REGIONAL_GRID_CELL,"Cell COARSE_C01208 (27.186N, 88.581E)",COARSE_C01208,East Sikkim,27.186,88.581,+48h,0.5871,High,HIGH,0.8361,0.3618,25.1,2026-09-08T18:05:43Z,ACTIVE,forecast_composite,SIMULATED / PROTOTYPE ALERT
ALT-GRID-02627,REGIONAL_GRID_CELL,"Cell COARSE_C01209 (27.186N, 88.582E)",COARSE_C01209,East Sikkim,27.186,88.582,+48h,0.5925,High,HIGH,0.8456,0.3618,25.1,2026-09-08T18:05:43Z,ACTIVE,forecast_composite,SIMULATED / PROTOTYPE ALERT
ALT-GRID-02628,REGIONAL_GRID_CELL,"Cell COARSE_C01212 (27.186N, 88.585E)",COARSE_C01212,East Sikkim,27.186,88.585,+48h,0.6413,High,HIGH,0.9308,0.3618,25.1,2026-09-08T18:05:43Z,ACTIVE,forecast_composite,SIMULATED / PROTOTYPE ALERT
ALT-GRID-02629,REGIONAL_GRID_CELL,"Cell COARSE_C01213 (27.186N, 88.586E)",COARSE_C01213,East Sikkim,27.186,88.586,+48h,0.6194,High,HIGH,0.8925,0.3618,25.1,2026-09-08T18:05:43Z,ACTIVE,forecast_composite,SIMULATED / PROTOTYPE ALERT
ALT-GRID-02630,REGIONAL_GRID_CELL,"Cell COARSE_C01216 (27.186N, 88.589E)",COARSE_C01216,East Sikkim,27.186,88.589,+48h,0.6378,High,HIGH,0.9248,0.3618,25.1,2026-09-08T18:05:43Z,ACTIVE,forecast_composite,SIMULATED / PROTOTYPE ALERT
ALT-GRID-02631,REGIONAL_GRID_CELL,"Cell COARSE_C01217 (27.186N, 88.590E)",COARSE_C01217,East Sikkim,27.186,88.59,+48h,0.5992,High,HIGH,0.8573,0.3618,25.1,2026-09-08T18:05:43Z,ACTIVE,forecast_composite,SIMULATED / PROTOTYPE ALERT
ALT-GRID-02632,REGIONAL_GRID_CELL,"Cell COARSE_C01218 (27.186N, 88.591E)",COARSE_C01218,East Sikkim,27.186,88.591,+48h,0.6232,High,HIGH,0.8993,0.3618,25.1,2026-09-08T18:05:43Z,ACTIVE,forecast_composite,SIMULATED / PROTOTYPE ALERT
ALT-GRID-02633,REGIONAL_GRID_CELL,"Cell COARSE_C01219 (27.186N, 88.592E)",COARSE_C01219,East Sikkim,27.186,88.592,+48h,0.5938,High,HIGH,0.8479,0.3618,25.1,2026-09-08T18:05:43Z,ACTIVE,forecast_composite,SIMULATED / PROTOTYPE ALERT
ALT-GRID-02634,REGIONAL_GRID_CELL,"Cell COARSE_C01222 (27.186N, 88.595E)",COARSE_C01222,East Sikkim,27.186,88.595,+48h,0.5927,High,HIGH,0.8459,0.3618,25.1,2026-09-08T18:05:43Z,ACTIVE,forecast_composite,SIMULATED / PROTOTYPE ALERT
ALT-GRID-02635,REGIONAL_GRID_CELL,"Cell COARSE_C01223 (27.186N, 88.596E)",COARSE_C01223,East Sikkim,27.186,88.596,+48h,0.5884,High,HIGH,0.8385,0.3618,25.1,2026-09-08T18:05:43Z,ACTIVE,forecast_composite,SIMULATED / PROTOTYPE ALERT
ALT-GRID-02636,REGIONAL_GRID_CELL,"Cell COARSE_C01224 (27.186N, 88.597E)",COARSE_C01224,East Sikkim,27.186,88.597,+48h,0.5587,High,HIGH,0.7866,0.3618,25.1,2026-09-08T18:05:43Z,ACTIVE,forecast_composite,SIMULATED / PROTOTYPE ALERT
ALT-GRID-02637,REGIONAL_GRID_CELL,"Cell COARSE_C01227 (27.186N, 88.600E)",COARSE_C01227,East Sikkim,27.186,88.6,+48h,0.5838,High,HIGH,0.8304,0.3618,25.1,2026-09-08T18:05:43Z,ACTIVE,forecast_composite,SIMULATED / PROTOTYPE ALERT
ALT-GRID-02638,REGIONAL_GRID_CELL,"Cell COARSE_C01255 (27.186N, 88.628E)",COARSE_C01255,East Sikkim,27.186,88.628,+48h,0.6768,High,HIGH,0.9929,0.3618,25.2,2026-09-08T18:05:43Z,ACTIVE,forecast_composite,SIMULATED / PROTOTYPE ALERT
ALT-GRID-02639,REGIONAL_GRID_CELL,"Cell COARSE_C01411 (27.187N, 88.583E)",COARSE_C01411,East Sikkim,27.187,88.583,+48h,0.6238,High,HIGH,0.9002,0.3618,25.1,2026-09-08T18:05:43Z,ACTIVE,forecast_composite,SIMULATED / PROTOTYPE ALERT
ALT-GRID-02640,REGIONAL_GRID_CELL,"Cell COARSE_C01412 (27.187N, 88.584E)",COARSE_C01412,East Sikkim,27.187,88.584,+48h,0.6033,High,HIGH,0.8645,0.3618,25.1,2026-09-08T18:05:43Z,ACTIVE,forecast_composite,SIMULATED / PROTOTYPE ALERT
ALT-GRID-02641,REGIONAL_GRID_CELL,"Cell COARSE_C01414 (27.187N, 88.586E)",COARSE_C01414,East Sikkim,27.187,88.586,+48h,0.5586,High,HIGH,0.7863,0.3618,25.1,2026-09-08T18:05:43Z,ACTIVE,forecast_composite,SIMULATED / PROTOTYPE ALERT
ALT-GRID-02642,REGIONAL_GRID_CELL,"Cell COARSE_C01419 (27.187N, 88.591E)",COARSE_C01419,East Sikkim,27.187,88.591,+48h,0.6377,High,HIGH,0.9245,0.3618,25.1,2026-09-08T18:05:43Z,ACTIVE,forecast_composite,SIMULATED / PROTOTYPE ALERT
ALT-GRID-02643,REGIONAL_GRID_CELL,"Cell COARSE_C01420 (27.187N, 88.592E)",COARSE_C01420,East Sikkim,27.187,88.592,+48h,0.5737,High,HIGH,0.8128,0.3618,25.1,2026-09-08T18:05:43Z,ACTIVE,forecast_composite,SIMULATED / PROTOTYPE ALERT
ALT-GRID-02644,REGIONAL_GRID_CELL,"Cell COARSE_C01422 (27.187N, 88.594E)",COARSE_C01422,East Sikkim,27.187,88.594,+48h,0.5863,High,HIGH,0.8347,0.3618,25.1,2026-09-08T18:05:43Z,ACTIVE,forecast_composite,SIMULATED / PROTOTYPE ALERT
ALT-GRID-02645,REGIONAL_GRID_CELL,"Cell COARSE_C01423 (27.187N, 88.595E)",COARSE_C01423,East Sikkim,27.187,88.595,+48h,0.6202,High,HIGH,0.894,0.3618,25.1,2026-09-08T18:05:43Z,ACTIVE,forecast_composite,SIMULATED / PROTOTYPE ALERT
ALT-GRID-02646,REGIONAL_GRID_CELL,"Cell COARSE_C01424 (27.187N, 88.596E)",COARSE_C01424,East Sikkim,27.187,88.596,+48h,0.5861,High,HIGH,0.8344,0.3618,25.1,2026-09-08T18:05:43Z,ACTIVE,forecast_composite,SIMULATED / PROTOTYPE ALERT
ALT-GRID-02647,REGIONAL_GRID_CELL,"Cell COARSE_C01425 (27.187N, 88.597E)",COARSE_C01425,East Sikkim,27.187,88.597,+48h,0.568,High,HIGH,0.8028,0.3618,25.1,2026-09-08T18:05:43Z,ACTIVE,forecast_composite,SIMULATED / PROTOTYPE ALERT
ALT-GRID-02648,REGIONAL_GRID_CELL,"Cell COARSE_C01426 (27.187N, 88.598E)",COARSE_C01426,East Sikkim,27.187,88.598,+48h,0.5632,High,HIGH,0.7944,0.3618,25.1,2026-09-08T18:05:43Z,ACTIVE,forecast_composite,SIMULATED / PROTOTYPE ALERT
ALT-GRID-02649,REGIONAL_GRID_CELL,"Cell COARSE_C01428 (27.187N, 88.600E)",COARSE_C01428,East Sikkim,27.187,88.6,+48h,0.6441,High,HIGH,0.9357,0.3618,25.1,2026-09-08T18:05:43Z,ACTIVE,forecast_composite,SIMULATED / PROTOTYPE ALERT
ALT-GRID-02650,REGIONAL_GRID_CELL,"Cell COARSE_C01430 (27.187N, 88.602E)",COARSE_C01430,East Sikkim,27.187,88.602,+48h,0.5562,High,HIGH,0.7821,0.3618,25.2,2026-09-08T18:05:43Z,ACTIVE,forecast_composite,SIMULATED / PROTOTYPE ALERT
ALT-GRID-02651,REGIONAL_GRID_CELL,"Cell COARSE_C01431 (27.187N, 88.603E)",COARSE_C01431,East Sikkim,27.187,88.603,+48h,0.5526,High,HIGH,0.7758,0.3618,25.2,2026-09-08T18:05:43Z,ACTIVE,forecast_composite,SIMULATED / PROTOTYPE ALERT
ALT-GRID-02652,REGIONAL_GRID_CELL,"Cell COARSE_C01611 (27.188N, 88.582E)",COARSE_C01611,East Sikkim,27.188,88.582,+48h,0.6669,High,HIGH,0.9755,0.3618,25.1,2026-09-08T18:05:43Z,ACTIVE,forecast_composite,SIMULATED / PROTOTYPE ALERT
ALT-GRID-02653,REGIONAL_GRID_CELL,"Cell COARSE_C01614 (27.188N, 88.585E)",COARSE_C01614,East Sikkim,27.188,88.585,+48h,0.562,High,HIGH,0.7923,0.3618,25.1,2026-09-08T18:05:43Z,ACTIVE,forecast_composite,SIMULATED / PROTOTYPE ALERT
ALT-GRID-02654,REGIONAL_GRID_CELL,"Cell COARSE_C01615 (27.188N, 88.586E)",COARSE_C01615,East Sikkim,27.188,88.586,+48h,0.5664,High,HIGH,0.8,0.3618,25.1,2026-09-08T18:05:43Z,ACTIVE,forecast_composite,SIMULATED / PROTOTYPE ALERT
ALT-GRID-02655,REGIONAL_GRID_CELL,"Cell COARSE_C01621 (27.188N, 88.592E)",COARSE_C01621,East Sikkim,27.188,88.592,+48h,0.5651,High,HIGH,0.7977,0.3618,25.1,2026-09-08T18:05:43Z,ACTIVE,forecast_composite,SIMULATED / PROTOTYPE ALERT
ALT-GRID-02656,REGIONAL_GRID_CELL,"Cell COARSE_C01622 (27.188N, 88.593E)",COARSE_C01622,East Sikkim,27.188,88.593,+48h,0.5697,High,HIGH,0.8058,0.3618,25.1,2026-09-08T18:05:43Z,ACTIVE,forecast_composite,SIMULATED / PROTOTYPE ALERT
ALT-GRID-02657,REGIONAL_GRID_CELL,"Cell COARSE_C01623 (27.188N, 88.594E)",COARSE_C01623,East Sikkim,27.188,88.594,+48h,0.637,High,HIGH,0.9234,0.3618,25.1,2026-09-08T18:05:43Z,ACTIVE,forecast_composite,SIMULATED / PROTOTYPE ALERT
ALT-GRID-02658,REGIONAL_GRID_CELL,"Cell COARSE_C01632 (27.188N, 88.603E)",COARSE_C01632,East Sikkim,27.188,88.603,+48h,0.5639,High,HIGH,0.7956,0.3618,25.2,2026-09-08T18:05:43Z,ACTIVE,forecast_composite,SIMULATED / PROTOTYPE ALERT
ALT-GRID-02659,REGIONAL_GRID_CELL,"Cell COARSE_C01633 (27.188N, 88.604E)",COARSE_C01633,East Sikkim,27.188,88.604,+48h,0.5582,High,HIGH,0.7857,0.3618,25.2,2026-09-08T18:05:43Z,ACTIVE,forecast_composite,SIMULATED / PROTOTYPE ALERT
ALT-GRID-02660,REGIONAL_GRID_CELL,"Cell COARSE_C01654 (27.188N, 88.625E)",COARSE_C01654,East Sikkim,27.188,88.625,+48h,0.6758,High,HIGH,0.9912,0.3618,25.2,2026-09-08T18:05:43Z,ACTIVE,forecast_composite,SIMULATED / PROTOTYPE ALERT
ALT-GRID-02661,REGIONAL_GRID_CELL,"Cell COARSE_C01674 (27.188N, 88.645E)",COARSE_C01674,East Sikkim,27.188,88.645,+48h,0.5623,High,HIGH,0.7929,0.3618,25.2,2026-09-08T18:05:43Z,ACTIVE,forecast_composite,SIMULATED / PROTOTYPE ALERT
ALT-GRID-02662,REGIONAL_GRID_CELL,"Cell COARSE_C01817 (27.189N, 88.587E)",COARSE_C01817,East Sikkim,27.189,88.587,+48h,0.5785,High,HIGH,0.8212,0.3618,25.1,2026-09-08T18:05:43Z,ACTIVE,forecast_composite,SIMULATED / PROTOTYPE ALERT
ALT-GRID-02663,REGIONAL_GRID_CELL,"Cell COARSE_C01820 (27.189N, 88.590E)",COARSE_C01820,East Sikkim,27.189,88.59,+48h,0.6208,High,HIGH,0.8951,0.3618,25.1,2026-09-08T18:05:43Z,ACTIVE,forecast_composite,SIMULATED / PROTOTYPE ALERT
ALT-GRID-02664,REGIONAL_GRID_CELL,"Cell COARSE_C01824 (27.189N, 88.594E)",COARSE_C01824,East Sikkim,27.189,88.594,+48h,0.5851,High,HIGH,0.8327,0.3618,25.1,2026-09-08T18:05:43Z,ACTIVE,forecast_composite,SIMULATED / PROTOTYPE ALERT
ALT-GRID-02665,REGIONAL_GRID_CELL,"Cell COARSE_C01826 (27.189N, 88.596E)",COARSE_C01826,East Sikkim,27.189,88.596,+48h,0.5815,High,HIGH,0.8263,0.3618,25.1,2026-09-08T18:05:43Z,ACTIVE,forecast_composite,SIMULATED / PROTOTYPE ALERT
ALT-GRID-02666,REGIONAL_GRID_CELL,"Cell COARSE_C01827 (27.189N, 88.597E)",COARSE_C01827,East Sikkim,27.189,88.597,+48h,0.6258,High,HIGH,0.9038,0.3618,25.1,2026-09-08T18:05:43Z,ACTIVE,forecast_composite,SIMULATED / PROTOTYPE ALERT
ALT-GRID-02667,REGIONAL_GRID_CELL,"Cell COARSE_C01828 (27.189N, 88.598E)",COARSE_C01828,East Sikkim,27.189,88.598,+48h,0.6259,High,HIGH,0.904,0.3618,25.1,2026-09-08T18:05:43Z,ACTIVE,forecast_composite,SIMULATED / PROTOTYPE ALERT
ALT-GRID-02668,REGIONAL_GRID_CELL,"Cell COARSE_C01830 (27.189N, 88.600E)",COARSE_C01830,East Sikkim,27.189,88.6,+48h,0.5623,High,HIGH,0.7929,0.3618,25.1,2026-09-08T18:05:43Z,ACTIVE,forecast_composite,SIMULATED / PROTOTYPE ALERT
ALT-GRID-02669,REGIONAL_GRID_CELL,"Cell COARSE_C01840 (27.189N, 88.610E)",COARSE_C01840,East Sikkim,27.189,88.61,+48h,0.6297,High,HIGH,0.9106,0.3618,25.2,2026-09-08T18:05:43Z,ACTIVE,forecast_composite,SIMULATED / PROTOTYPE ALERT
ALT-GRID-02670,REGIONAL_GRID_CELL,"Cell COARSE_C01841 (27.189N, 88.611E)",COARSE_C01841,East Sikkim,27.189,88.611,+48h,0.6154,High,HIGH,0.8856,0.3618,25.2,2026-09-08T18:05:43Z,ACTIVE,forecast_composite,SIMULATED / PROTOTYPE ALERT
ALT-GRID-02671,REGIONAL_GRID_CELL,"Cell COARSE_C01844 (27.189N, 88.614E)",COARSE_C01844,East Sikkim,27.189,88.614,+48h,0.6496,High,HIGH,0.9454,0.3618,25.2,2026-09-08T18:05:43Z,ACTIVE,forecast_composite,SIMULATED / PROTOTYPE ALERT
ALT-GRID-02672,REGIONAL_GRID_CELL,"Cell COARSE_C01845 (27.189N, 88.615E)",COARSE_C01845,East Sikkim,27.189,88.615,+48h,0.6427,High,HIGH,0.9333,0.3618,25.2,2026-09-08T18:05:43Z,ACTIVE,forecast_composite,SIMULATED / PROTOTYPE ALERT
ALT-GRID-02673,REGIONAL_GRID_CELL,"Cell COARSE_C02011 (27.190N, 88.580E)",COARSE_C02011,East Sikkim,27.19,88.58,+48h,0.555,High,HIGH,0.7801,0.3618,25.1,2026-09-08T18:05:43Z,ACTIVE,forecast_composite,SIMULATED / PROTOTYPE ALERT
ALT-GRID-02674,REGIONAL_GRID_CELL,"Cell COARSE_C02012 (27.190N, 88.581E)",COARSE_C02012,East Sikkim,27.19,88.581,+48h,0.5519,High,HIGH,0.7746,0.3618,25.1,2026-09-08T18:05:43Z,ACTIVE,forecast_composite,SIMULATED / PROTOTYPE ALERT
ALT-GRID-02675,REGIONAL_GRID_CELL,"Cell COARSE_C02015 (27.190N, 88.584E)",COARSE_C02015,East Sikkim,27.19,88.584,+48h,0.6063,High,HIGH,0.8697,0.3618,25.1,2026-09-08T18:05:43Z,ACTIVE,forecast_composite,SIMULATED / PROTOTYPE ALERT
ALT-GRID-02676,REGIONAL_GRID_CELL,"Cell COARSE_C02016 (27.190N, 88.585E)",COARSE_C02016,East Sikkim,27.19,88.585,+48h,0.6714,High,HIGH,0.9835,0.3618,25.1,2026-09-08T18:05:43Z,ACTIVE,forecast_composite,SIMULATED / PROTOTYPE ALERT
ALT-GRID-02677,REGIONAL_GRID_CELL,"Cell COARSE_C02021 (27.190N, 88.590E)",COARSE_C02021,East Sikkim,27.19,88.59,+48h,0.6177,High,HIGH,0.8897,0.3618,25.1,2026-09-08T18:05:43Z,ACTIVE,forecast_composite,SIMULATED / PROTOTYPE ALERT
ALT-GRID-02678,REGIONAL_GRID_CELL,"Cell COARSE_C02024 (27.190N, 88.593E)",COARSE_C02024,East Sikkim,27.19,88.593,+48h,0.6334,High,HIGH,0.917,0.3618,25.1,2026-09-08T18:05:43Z,ACTIVE,forecast_composite,SIMULATED / PROTOTYPE ALERT
ALT-GRID-02679,REGIONAL_GRID_CELL,"Cell COARSE_C02025 (27.190N, 88.594E)",COARSE_C02025,East Sikkim,27.19,88.594,+48h,0.6653,High,HIGH,0.9728,0.3618,25.1,2026-09-08T18:05:43Z,ACTIVE,forecast_composite,SIMULATED / PROTOTYPE ALERT
ALT-GRID-02680,REGIONAL_GRID_CELL,"Cell COARSE_C02027 (27.190N, 88.596E)",COARSE_C02027,East Sikkim,27.19,88.596,+48h,0.6683,High,HIGH,0.978,0.3618,25.1,2026-09-08T18:05:43Z,ACTIVE,forecast_composite,SIMULATED / PROTOTYPE ALERT
ALT-GRID-02681,REGIONAL_GRID_CELL,"Cell COARSE_C02028 (27.190N, 88.597E)",COARSE_C02028,East Sikkim,27.19,88.597,+48h,0.6495,High,HIGH,0.9452,0.3618,25.1,2026-09-08T18:05:43Z,ACTIVE,forecast_composite,SIMULATED / PROTOTYPE ALERT
ALT-GRID-02682,REGIONAL_GRID_CELL,"Cell COARSE_C02070 (27.190N, 88.639E)",COARSE_C02070,East Sikkim,27.19,88.639,+48h,0.6526,High,HIGH,0.9506,0.3618,25.2,2026-09-08T18:05:43Z,ACTIVE,forecast_composite,SIMULATED / PROTOTYPE ALERT
ALT-GRID-02683,REGIONAL_GRID_CELL,"Cell COARSE_C02071 (27.190N, 88.640E)",COARSE_C02071,East Sikkim,27.19,88.64,+48h,0.6665,High,HIGH,0.9748,0.3618,25.2,2026-09-08T18:05:43Z,ACTIVE,forecast_composite,SIMULATED / PROTOTYPE ALERT
ALT-GRID-02684,REGIONAL_GRID_CELL,"Cell COARSE_C02072 (27.190N, 88.641E)",COARSE_C02072,East Sikkim,27.19,88.641,+48h,0.6574,High,HIGH,0.959,0.3618,25.2,2026-09-08T18:05:43Z,ACTIVE,forecast_composite,SIMULATED / PROTOTYPE ALERT
ALT-GRID-02685,REGIONAL_GRID_CELL,"Cell COARSE_C02214 (27.191N, 88.582E)",COARSE_C02214,East Sikkim,27.191,88.582,+48h,0.5514,High,HIGH,0.7737,0.3618,25.1,2026-09-08T18:05:43Z,ACTIVE,forecast_composite,SIMULATED / PROTOTYPE ALERT
ALT-GRID-02686,REGIONAL_GRID_CELL,"Cell COARSE_C02215 (27.191N, 88.583E)",COARSE_C02215,East Sikkim,27.191,88.583,+48h,0.5743,High,HIGH,0.8137,0.3618,25.1,2026-09-08T18:05:43Z,ACTIVE,forecast_composite,SIMULATED / PROTOTYPE ALERT
ALT-GRID-02687,REGIONAL_GRID_CELL,"Cell COARSE_C02216 (27.191N, 88.584E)",COARSE_C02216,East Sikkim,27.191,88.584,+48h,0.5771,High,HIGH,0.8187,0.3618,25.1,2026-09-08T18:05:43Z,ACTIVE,forecast_composite,SIMULATED / PROTOTYPE ALERT
ALT-GRID-02688,REGIONAL_GRID_CELL,"Cell COARSE_C02217 (27.191N, 88.585E)",COARSE_C02217,East Sikkim,27.191,88.585,+48h,0.6378,High,HIGH,0.9248,0.3618,25.1,2026-09-08T18:05:43Z,ACTIVE,forecast_composite,SIMULATED / PROTOTYPE ALERT
ALT-GRID-02689,REGIONAL_GRID_CELL,"Cell COARSE_C02218 (27.191N, 88.586E)",COARSE_C02218,East Sikkim,27.191,88.586,+48h,0.6066,High,HIGH,0.8703,0.3618,25.1,2026-09-08T18:05:43Z,ACTIVE,forecast_composite,SIMULATED / PROTOTYPE ALERT
ALT-GRID-02690,REGIONAL_GRID_CELL,"Cell COARSE_C02219 (27.191N, 88.587E)",COARSE_C02219,East Sikkim,27.191,88.587,+48h,0.5803,High,HIGH,0.8243,0.3618,25.1,2026-09-08T18:05:43Z,ACTIVE,forecast_composite,SIMULATED / PROTOTYPE ALERT
ALT-GRID-02691,REGIONAL_GRID_CELL,"Cell COARSE_C02220 (27.191N, 88.588E)",COARSE_C02220,East Sikkim,27.191,88.588,+48h,0.554,High,HIGH,0.7784,0.3618,25.1,2026-09-08T18:05:43Z,ACTIVE,forecast_composite,SIMULATED / PROTOTYPE ALERT
ALT-GRID-02692,REGIONAL_GRID_CELL,"Cell COARSE_C02221 (27.191N, 88.589E)",COARSE_C02221,East Sikkim,27.191,88.589,+48h,0.5566,High,HIGH,0.7829,0.3618,25.1,2026-09-08T18:05:43Z,ACTIVE,forecast_composite,SIMULATED / PROTOTYPE ALERT
ALT-GRID-02693,REGIONAL_GRID_CELL,"Cell COARSE_C02222 (27.191N, 88.590E)",COARSE_C02222,East Sikkim,27.191,88.59,+48h,0.5567,High,HIGH,0.783,0.3618,25.1,2026-09-08T18:05:43Z,ACTIVE,forecast_composite,SIMULATED / PROTOTYPE ALERT
ALT-GRID-02694,REGIONAL_GRID_CELL,"Cell COARSE_C02223 (27.191N, 88.591E)",COARSE_C02223,East Sikkim,27.191,88.591,+48h,0.6448,High,HIGH,0.9369,0.3618,25.1,2026-09-08T18:05:43Z,ACTIVE,forecast_composite,SIMULATED / PROTOTYPE ALERT
ALT-GRID-02695,REGIONAL_GRID_CELL,"Cell COARSE_C02225 (27.191N, 88.593E)",COARSE_C02225,East Sikkim,27.191,88.593,+48h,0.6635,High,HIGH,0.9697,0.3618,25.1,2026-09-08T18:05:43Z,ACTIVE,forecast_composite,SIMULATED / PROTOTYPE ALERT
ALT-GRID-02696,REGIONAL_GRID_CELL,"Cell COARSE_C02226 (27.191N, 88.594E)",COARSE_C02226,East Sikkim,27.191,88.594,+48h,0.5618,High,HIGH,0.7919,0.3618,25.1,2026-09-08T18:05:43Z,ACTIVE,forecast_composite,SIMULATED / PROTOTYPE ALERT
ALT-GRID-02697,REGIONAL_GRID_CELL,"Cell COARSE_C02227 (27.191N, 88.595E)",COARSE_C02227,East Sikkim,27.191,88.595,+48h,0.5654,High,HIGH,0.7983,0.3618,25.1,2026-09-08T18:05:43Z,ACTIVE,forecast_composite,SIMULATED / PROTOTYPE ALERT
ALT-GRID-02698,REGIONAL_GRID_CELL,"Cell COARSE_C02228 (27.191N, 88.596E)",COARSE_C02228,East Sikkim,27.191,88.596,+48h,0.557,High,HIGH,0.7836,0.3618,25.1,2026-09-08T18:05:43Z,ACTIVE,forecast_composite,SIMULATED / PROTOTYPE ALERT
ALT-GRID-02699,REGIONAL_GRID_CELL,"Cell COARSE_C02229 (27.191N, 88.597E)",COARSE_C02229,East Sikkim,27.191,88.597,+48h,0.593,High,HIGH,0.8465,0.3618,25.1,2026-09-08T18:05:43Z,ACTIVE,forecast_composite,SIMULATED / PROTOTYPE ALERT
ALT-GRID-02700,REGIONAL_GRID_CELL,"Cell COARSE_C02233 (27.191N, 88.601E)",COARSE_C02233,East Sikkim,27.191,88.601,+48h,0.5915,High,HIGH,0.8438,0.3618,25.2,2026-09-08T18:05:43Z,ACTIVE,forecast_composite,SIMULATED / PROTOTYPE ALERT
ALT-GRID-02701,REGIONAL_GRID_CELL,"Cell COARSE_C02234 (27.191N, 88.602E)",COARSE_C02234,East Sikkim,27.191,88.602,+48h,0.6096,High,HIGH,0.8754,0.3618,25.2,2026-09-08T18:05:43Z,ACTIVE,forecast_composite,SIMULATED / PROTOTYPE ALERT
ALT-GRID-02702,REGIONAL_GRID_CELL,"Cell COARSE_C02235 (27.191N, 88.603E)",COARSE_C02235,East Sikkim,27.191,88.603,+48h,0.6262,High,HIGH,0.9045,0.3618,25.2,2026-09-08T18:05:43Z,ACTIVE,forecast_composite,SIMULATED / PROTOTYPE ALERT
ALT-GRID-02703,REGIONAL_GRID_CELL,"Cell COARSE_C02236 (27.191N, 88.604E)",COARSE_C02236,East Sikkim,27.191,88.604,+48h,0.5891,High,HIGH,0.8397,0.3618,25.2,2026-09-08T18:05:43Z,ACTIVE,forecast_composite,SIMULATED / PROTOTYPE ALERT
ALT-GRID-02704,REGIONAL_GRID_CELL,"Cell COARSE_C02237 (27.191N, 88.605E)",COARSE_C02237,East Sikkim,27.191,88.605,+48h,0.5636,High,HIGH,0.7951,0.3618,25.2,2026-09-08T18:05:43Z,ACTIVE,forecast_composite,SIMULATED / PROTOTYPE ALERT
ALT-GRID-02705,REGIONAL_GRID_CELL,"Cell COARSE_C02238 (27.191N, 88.606E)",COARSE_C02238,East Sikkim,27.191,88.606,+48h,0.5726,High,HIGH,0.8109,0.3618,25.2,2026-09-08T18:05:43Z,ACTIVE,forecast_composite,SIMULATED / PROTOTYPE ALERT
ALT-GRID-02706,REGIONAL_GRID_CELL,"Cell COARSE_C02242 (27.191N, 88.610E)",COARSE_C02242,East Sikkim,27.191,88.61,+48h,0.561,High,HIGH,0.7905,0.3618,25.2,2026-09-08T18:05:43Z,ACTIVE,forecast_composite,SIMULATED / PROTOTYPE ALERT
ALT-GRID-02707,REGIONAL_GRID_CELL,"Cell COARSE_C02257 (27.191N, 88.625E)",COARSE_C02257,East Sikkim,27.191,88.625,+48h,0.6782,High,HIGH,0.9954,0.3618,25.2,2026-09-08T18:05:43Z,ACTIVE,forecast_composite,SIMULATED / PROTOTYPE ALERT
ALT-GRID-02708,REGIONAL_GRID_CELL,"Cell COARSE_C02270 (27.191N, 88.638E)",COARSE_C02270,East Sikkim,27.191,88.638,+48h,0.6657,High,HIGH,0.9734,0.3618,25.2,2026-09-08T18:05:43Z,ACTIVE,forecast_composite,SIMULATED / PROTOTYPE ALERT
ALT-GRID-02709,REGIONAL_GRID_CELL,"Cell COARSE_C02271 (27.191N, 88.639E)",COARSE_C02271,East Sikkim,27.191,88.639,+48h,0.6703,High,HIGH,0.9815,0.3618,25.2,2026-09-08T18:05:43Z,ACTIVE,forecast_composite,SIMULATED / PROTOTYPE ALERT
ALT-GRID-02710,REGIONAL_GRID_CELL,"Cell COARSE_C02274 (27.191N, 88.642E)",COARSE_C02274,East Sikkim,27.191,88.642,+48h,0.6634,High,HIGH,0.9695,0.3618,25.2,2026-09-08T18:05:43Z,ACTIVE,forecast_composite,SIMULATED / PROTOTYPE ALERT
ALT-GRID-02711,REGIONAL_GRID_CELL,"Cell COARSE_C02275 (27.191N, 88.643E)",COARSE_C02275,East Sikkim,27.191,88.643,+48h,0.6615,High,HIGH,0.9661,0.3618,25.2,2026-09-08T18:05:43Z,ACTIVE,forecast_composite,SIMULATED / PROTOTYPE ALERT
ALT-GRID-02712,REGIONAL_GRID_CELL,"Cell COARSE_C02413 (27.192N, 88.580E)",COARSE_C02413,East Sikkim,27.192,88.58,+48h,0.5585,High,HIGH,0.7861,0.3618,25.1,2026-09-08T18:05:43Z,ACTIVE,forecast_composite,SIMULATED / PROTOTYPE ALERT
ALT-GRID-02713,REGIONAL_GRID_CELL,"Cell COARSE_C02414 (27.192N, 88.581E)",COARSE_C02414,East Sikkim,27.192,88.581,+48h,0.5613,High,HIGH,0.791,0.3618,25.1,2026-09-08T18:05:43Z,ACTIVE,forecast_composite,SIMULATED / PROTOTYPE ALERT
ALT-GRID-02714,REGIONAL_GRID_CELL,"Cell COARSE_C02415 (27.192N, 88.582E)",COARSE_C02415,East Sikkim,27.192,88.582,+48h,0.5566,High,HIGH,0.7828,0.3618,25.1,2026-09-08T18:05:43Z,ACTIVE,forecast_composite,SIMULATED / PROTOTYPE ALERT
ALT-GRID-02715,REGIONAL_GRID_CELL,"Cell COARSE_C02416 (27.192N, 88.583E)",COARSE_C02416,East Sikkim,27.192,88.583,+48h,0.5657,High,HIGH,0.7988,0.3618,25.1,2026-09-08T18:05:43Z,ACTIVE,forecast_composite,SIMULATED / PROTOTYPE ALERT
ALT-GRID-02716,REGIONAL_GRID_CELL,"Cell COARSE_C02417 (27.192N, 88.584E)",COARSE_C02417,East Sikkim,27.192,88.584,+48h,0.5636,High,HIGH,0.7951,0.3618,25.1,2026-09-08T18:05:43Z,ACTIVE,forecast_composite,SIMULATED / PROTOTYPE ALERT
ALT-GRID-02717,REGIONAL_GRID_CELL,"Cell COARSE_C02419 (27.192N, 88.586E)",COARSE_C02419,East Sikkim,27.192,88.586,+48h,0.6228,High,HIGH,0.8986,0.3618,25.1,2026-09-08T18:05:43Z,ACTIVE,forecast_composite,SIMULATED / PROTOTYPE ALERT
ALT-GRID-02718,REGIONAL_GRID_CELL,"Cell COARSE_C02420 (27.192N, 88.587E)",COARSE_C02420,East Sikkim,27.192,88.587,+48h,0.5699,High,HIGH,0.8061,0.3618,25.1,2026-09-08T18:05:43Z,ACTIVE,forecast_composite,SIMULATED / PROTOTYPE ALERT
ALT-GRID-02719,REGIONAL_GRID_CELL,"Cell COARSE_C02421 (27.192N, 88.588E)",COARSE_C02421,East Sikkim,27.192,88.588,+48h,0.5544,High,HIGH,0.7791,0.3618,25.1,2026-09-08T18:05:43Z,ACTIVE,forecast_composite,SIMULATED / PROTOTYPE ALERT
ALT-GRID-02720,REGIONAL_GRID_CELL,"Cell COARSE_C02422 (27.192N, 88.589E)",COARSE_C02422,East Sikkim,27.192,88.589,+48h,0.5618,High,HIGH,0.792,0.3618,25.1,2026-09-08T18:05:43Z,ACTIVE,forecast_composite,SIMULATED / PROTOTYPE ALERT
ALT-GRID-02721,REGIONAL_GRID_CELL,"Cell COARSE_C02423 (27.192N, 88.590E)",COARSE_C02423,East Sikkim,27.192,88.59,+48h,0.6179,High,HIGH,0.8899,0.3618,25.1,2026-09-08T18:05:43Z,ACTIVE,forecast_composite,SIMULATED / PROTOTYPE ALERT
ALT-GRID-02722,REGIONAL_GRID_CELL,"Cell COARSE_C02424 (27.192N, 88.591E)",COARSE_C02424,East Sikkim,27.192,88.591,+48h,0.5674,High,HIGH,0.8017,0.3618,25.1,2026-09-08T18:05:43Z,ACTIVE,forecast_composite,SIMULATED / PROTOTYPE ALERT
ALT-GRID-02723,REGIONAL_GRID_CELL,"Cell COARSE_C02425 (27.192N, 88.592E)",COARSE_C02425,East Sikkim,27.192,88.592,+48h,0.5707,High,HIGH,0.8075,0.3618,25.1,2026-09-08T18:05:43Z,ACTIVE,forecast_composite,SIMULATED / PROTOTYPE ALERT
ALT-GRID-02724,REGIONAL_GRID_CELL,"Cell COARSE_C02426 (27.192N, 88.593E)",COARSE_C02426,East Sikkim,27.192,88.593,+48h,0.5693,High,HIGH,0.805,0.3618,25.1,2026-09-08T18:05:43Z,ACTIVE,forecast_composite,SIMULATED / PROTOTYPE ALERT
ALT-GRID-02725,REGIONAL_GRID_CELL,"Cell COARSE_C02427 (27.192N, 88.594E)",COARSE_C02427,East Sikkim,27.192,88.594,+48h,0.5832,High,HIGH,0.8293,0.3618,25.1,2026-09-08T18:05:43Z,ACTIVE,forecast_composite,SIMULATED / PROTOTYPE ALERT
ALT-GRID-02726,REGIONAL_GRID_CELL,"Cell COARSE_C02430 (27.192N, 88.597E)",COARSE_C02430,East Sikkim,27.192,88.597,+48h,0.5602,High,HIGH,0.7892,0.3618,25.1,2026-09-08T18:05:43Z,ACTIVE,forecast_composite,SIMULATED / PROTOTYPE ALERT
ALT-GRID-02727,REGIONAL_GRID_CELL,"Cell COARSE_C02431 (27.192N, 88.598E)",COARSE_C02431,East Sikkim,27.192,88.598,+48h,0.6022,High,HIGH,0.8626,0.3618,25.1,2026-09-08T18:05:43Z,ACTIVE,forecast_composite,SIMULATED / PROTOTYPE ALERT
ALT-GRID-02728,REGIONAL_GRID_CELL,"Cell COARSE_C02437 (27.192N, 88.604E)",COARSE_C02437,East Sikkim,27.192,88.604,+48h,0.5775,High,HIGH,0.8194,0.3618,25.2,2026-09-08T18:05:43Z,ACTIVE,forecast_composite,SIMULATED / PROTOTYPE ALERT
ALT-GRID-02729,REGIONAL_GRID_CELL,"Cell COARSE_C02438 (27.192N, 88.605E)",COARSE_C02438,East Sikkim,27.192,88.605,+48h,0.596,High,HIGH,0.8517,0.3618,25.2,2026-09-08T18:05:43Z,ACTIVE,forecast_composite,SIMULATED / PROTOTYPE ALERT
ALT-GRID-02730,REGIONAL_GRID_CELL,"Cell COARSE_C02439 (27.192N, 88.606E)",COARSE_C02439,East Sikkim,27.192,88.606,+48h,0.5548,High,HIGH,0.7798,0.3618,25.2,2026-09-08T18:05:43Z,ACTIVE,forecast_composite,SIMULATED / PROTOTYPE ALERT
ALT-GRID-02731,REGIONAL_GRID_CELL,"Cell COARSE_C02440 (27.192N, 88.607E)",COARSE_C02440,East Sikkim,27.192,88.607,+48h,0.5602,High,HIGH,0.7892,0.3618,25.2,2026-09-08T18:05:43Z,ACTIVE,forecast_composite,SIMULATED / PROTOTYPE ALERT
ALT-GRID-02732,REGIONAL_GRID_CELL,"Cell COARSE_C02455 (27.192N, 88.622E)",COARSE_C02455,East Sikkim,27.192,88.622,+48h,0.6785,High,HIGH,0.9959,0.3618,25.2,2026-09-08T18:05:43Z,ACTIVE,forecast_composite,SIMULATED / PROTOTYPE ALERT
ALT-GRID-02733,REGIONAL_GRID_CELL,"Cell COARSE_C02456 (27.192N, 88.623E)",COARSE_C02456,East Sikkim,27.192,88.623,+48h,0.6781,High,HIGH,0.9952,0.3618,25.2,2026-09-08T18:05:43Z,ACTIVE,forecast_composite,SIMULATED / PROTOTYPE ALERT
ALT-GRID-02734,REGIONAL_GRID_CELL,"Cell COARSE_C02460 (27.192N, 88.627E)",COARSE_C02460,East Sikkim,27.192,88.627,+48h,0.6376,High,HIGH,0.9243,0.3618,25.2,2026-09-08T18:05:43Z,ACTIVE,forecast_composite,SIMULATED / PROTOTYPE ALERT
ALT-GRID-02735,REGIONAL_GRID_CELL,"Cell COARSE_C02462 (27.192N, 88.629E)",COARSE_C02462,East Sikkim,27.192,88.629,+48h,0.6781,High,HIGH,0.9952,0.3618,25.2,2026-09-08T18:05:43Z,ACTIVE,forecast_composite,SIMULATED / PROTOTYPE ALERT
ALT-GRID-02736,REGIONAL_GRID_CELL,"Cell COARSE_C02472 (27.192N, 88.639E)",COARSE_C02472,East Sikkim,27.192,88.639,+48h,0.637,High,HIGH,0.9234,0.3618,25.2,2026-09-08T18:05:43Z,ACTIVE,forecast_composite,SIMULATED / PROTOTYPE ALERT
ALT-GRID-02737,REGIONAL_GRID_CELL,"Cell COARSE_C02473 (27.192N, 88.640E)",COARSE_C02473,East Sikkim,27.192,88.64,+48h,0.6414,High,HIGH,0.9311,0.3618,25.2,2026-09-08T18:05:43Z,ACTIVE,forecast_composite,SIMULATED / PROTOTYPE ALERT
ALT-GRID-02738,REGIONAL_GRID_CELL,"Cell COARSE_C02474 (27.192N, 88.641E)",COARSE_C02474,East Sikkim,27.192,88.641,+48h,0.6363,High,HIGH,0.9221,0.3618,25.2,2026-09-08T18:05:43Z,ACTIVE,forecast_composite,SIMULATED / PROTOTYPE ALERT
ALT-GRID-02739,REGIONAL_GRID_CELL,"Cell COARSE_C02475 (27.192N, 88.642E)",COARSE_C02475,East Sikkim,27.192,88.642,+48h,0.6467,High,HIGH,0.9402,0.3618,25.2,2026-09-08T18:05:43Z,ACTIVE,forecast_composite,SIMULATED / PROTOTYPE ALERT
ALT-GRID-02740,REGIONAL_GRID_CELL,"Cell COARSE_C02478 (27.192N, 88.645E)",COARSE_C02478,East Sikkim,27.192,88.645,+48h,0.5845,High,HIGH,0.8316,0.3618,25.2,2026-09-08T18:05:43Z,ACTIVE,forecast_composite,SIMULATED / PROTOTYPE ALERT
ALT-GRID-02741,REGIONAL_GRID_CELL,"Cell COARSE_C02480 (27.192N, 88.647E)",COARSE_C02480,East Sikkim,27.192,88.647,+48h,0.552,High,HIGH,0.7748,0.3618,25.2,2026-09-08T18:05:43Z,ACTIVE,forecast_composite,SIMULATED / PROTOTYPE ALERT
ALT-GRID-02742,REGIONAL_GRID_CELL,"Cell COARSE_C02481 (27.192N, 88.648E)",COARSE_C02481,East Sikkim,27.192,88.648,+48h,0.582,High,HIGH,0.8272,0.3618,25.2,2026-09-08T18:05:43Z,ACTIVE,forecast_composite,SIMULATED / PROTOTYPE ALERT
ALT-GRID-02743,REGIONAL_GRID_CELL,"Cell COARSE_C02482 (27.192N, 88.649E)",COARSE_C02482,East Sikkim,27.192,88.649,+48h,0.572,High,HIGH,0.8098,0.3618,25.2,2026-09-08T18:05:43Z,ACTIVE,forecast_composite,SIMULATED / PROTOTYPE ALERT
ALT-GRID-02744,REGIONAL_GRID_CELL,"Cell COARSE_C02483 (27.192N, 88.650E)",COARSE_C02483,East Sikkim,27.192,88.65,+48h,0.5818,High,HIGH,0.8269,0.3618,25.2,2026-09-08T18:05:43Z,ACTIVE,forecast_composite,SIMULATED / PROTOTYPE ALERT
ALT-GRID-02745,REGIONAL_GRID_CELL,"Cell COARSE_C02614 (27.193N, 88.580E)",COARSE_C02614,East Sikkim,27.193,88.58,+48h,0.5612,High,HIGH,0.7909,0.3618,25.1,2026-09-08T18:05:43Z,ACTIVE,forecast_composite,SIMULATED / PROTOTYPE ALERT
ALT-GRID-02746,REGIONAL_GRID_CELL,"Cell COARSE_C02620 (27.193N, 88.586E)",COARSE_C02620,East Sikkim,27.193,88.586,+48h,0.5662,High,HIGH,0.7997,0.3618,25.1,2026-09-08T18:05:43Z,ACTIVE,forecast_composite,SIMULATED / PROTOTYPE ALERT
ALT-GRID-02747,REGIONAL_GRID_CELL,"Cell COARSE_C02621 (27.193N, 88.587E)",COARSE_C02621,East Sikkim,27.193,88.587,+48h,0.572,High,HIGH,0.8098,0.3618,25.1,2026-09-08T18:05:43Z,ACTIVE,forecast_composite,SIMULATED / PROTOTYPE ALERT
ALT-GRID-02748,REGIONAL_GRID_CELL,"Cell COARSE_C02623 (27.193N, 88.589E)",COARSE_C02623,East Sikkim,27.193,88.589,+48h,0.555,High,HIGH,0.7801,0.3618,25.1,2026-09-08T18:05:43Z,ACTIVE,forecast_composite,SIMULATED / PROTOTYPE ALERT
ALT-GRID-02749,REGIONAL_GRID_CELL,"Cell COARSE_C02625 (27.193N, 88.591E)",COARSE_C02625,East Sikkim,27.193,88.591,+48h,0.6033,High,HIGH,0.8644,0.3618,25.1,2026-09-08T18:05:43Z,ACTIVE,forecast_composite,SIMULATED / PROTOTYPE ALERT
ALT-GRID-02750,REGIONAL_GRID_CELL,"Cell COARSE_C02626 (27.193N, 88.592E)",COARSE_C02626,East Sikkim,27.193,88.592,+48h,0.5546,High,HIGH,0.7793,0.3618,25.1,2026-09-08T18:05:43Z,ACTIVE,forecast_composite,SIMULATED / PROTOTYPE ALERT
ALT-GRID-02751,REGIONAL_GRID_CELL,"Cell COARSE_C02631 (27.193N, 88.597E)",COARSE_C02631,East Sikkim,27.193,88.597,+48h,0.5544,High,HIGH,0.779,0.3618,25.1,2026-09-08T18:05:43Z,ACTIVE,forecast_composite,SIMULATED / PROTOTYPE ALERT
ALT-GRID-02752,REGIONAL_GRID_CELL,"Cell COARSE_C02634 (27.193N, 88.600E)",COARSE_C02634,East Sikkim,27.193,88.6,+48h,0.5597,High,HIGH,0.7883,0.3618,25.1,2026-09-08T18:05:43Z,ACTIVE,forecast_composite,SIMULATED / PROTOTYPE ALERT
ALT-GRID-02753,REGIONAL_GRID_CELL,"Cell COARSE_C02635 (27.193N, 88.601E)",COARSE_C02635,East Sikkim,27.193,88.601,+48h,0.5664,High,HIGH,0.8,0.3618,25.2,2026-09-08T18:05:43Z,ACTIVE,forecast_composite,SIMULATED / PROTOTYPE ALERT
ALT-GRID-02754,REGIONAL_GRID_CELL,"Cell COARSE_C02636 (27.193N, 88.602E)",COARSE_C02636,East Sikkim,27.193,88.602,+48h,0.5706,High,HIGH,0.8074,0.3618,25.2,2026-09-08T18:05:43Z,ACTIVE,forecast_composite,SIMULATED / PROTOTYPE ALERT
ALT-GRID-02755,REGIONAL_GRID_CELL,"Cell COARSE_C02637 (27.193N, 88.603E)",COARSE_C02637,East Sikkim,27.193,88.603,+48h,0.5513,High,HIGH,0.7736,0.3618,25.2,2026-09-08T18:05:43Z,ACTIVE,forecast_composite,SIMULATED / PROTOTYPE ALERT
ALT-GRID-02756,REGIONAL_GRID_CELL,"Cell COARSE_C02639 (27.193N, 88.605E)",COARSE_C02639,East Sikkim,27.193,88.605,+48h,0.6118,High,HIGH,0.8793,0.3618,25.2,2026-09-08T18:05:43Z,ACTIVE,forecast_composite,SIMULATED / PROTOTYPE ALERT
ALT-GRID-02757,REGIONAL_GRID_CELL,"Cell COARSE_C02640 (27.193N, 88.606E)",COARSE_C02640,East Sikkim,27.193,88.606,+48h,0.5518,High,HIGH,0.7744,0.3618,25.2,2026-09-08T18:05:43Z,ACTIVE,forecast_composite,SIMULATED / PROTOTYPE ALERT
ALT-GRID-02758,REGIONAL_GRID_CELL,"Cell COARSE_C02643 (27.193N, 88.609E)",COARSE_C02643,East Sikkim,27.193,88.609,+48h,0.5542,High,HIGH,0.7786,0.3618,25.2,2026-09-08T18:05:43Z,ACTIVE,forecast_composite,SIMULATED / PROTOTYPE ALERT
ALT-GRID-02759,REGIONAL_GRID_CELL,"Cell COARSE_C02649 (27.193N, 88.615E)",COARSE_C02649,East Sikkim,27.193,88.615,+48h,0.5623,High,HIGH,0.7928,0.3618,25.2,2026-09-08T18:05:43Z,ACTIVE,forecast_composite,SIMULATED / PROTOTYPE ALERT
ALT-GRID-02760,REGIONAL_GRID_CELL,"Cell COARSE_C02650 (27.193N, 88.616E)",COARSE_C02650,East Sikkim,27.193,88.616,+48h,0.5625,High,HIGH,0.7931,0.3618,25.2,2026-09-08T18:05:43Z,ACTIVE,forecast_composite,SIMULATED / PROTOTYPE ALERT
ALT-GRID-02761,REGIONAL_GRID_CELL,"Cell COARSE_C02652 (27.193N, 88.618E)",COARSE_C02652,East Sikkim,27.193,88.618,+48h,0.5546,High,HIGH,0.7794,0.3618,25.2,2026-09-08T18:05:43Z,ACTIVE,forecast_composite,SIMULATED / PROTOTYPE ALERT
ALT-GRID-02762,REGIONAL_GRID_CELL,"Cell COARSE_C02656 (27.193N, 88.622E)",COARSE_C02656,East Sikkim,27.193,88.622,+48h,0.639,High,HIGH,0.9269,0.3618,25.2,2026-09-08T18:05:43Z,ACTIVE,forecast_composite,SIMULATED / PROTOTYPE ALERT
ALT-GRID-02763,REGIONAL_GRID_CELL,"Cell COARSE_C02661 (27.193N, 88.627E)",COARSE_C02661,East Sikkim,27.193,88.627,+48h,0.6776,High,HIGH,0.9942,0.3618,25.2,2026-09-08T18:05:43Z,ACTIVE,forecast_composite,SIMULATED / PROTOTYPE ALERT
ALT-GRID-02764,REGIONAL_GRID_CELL,"Cell COARSE_C02684 (27.193N, 88.650E)",COARSE_C02684,East Sikkim,27.193,88.65,+48h,0.5618,High,HIGH,0.7919,0.3618,25.2,2026-09-08T18:05:43Z,ACTIVE,forecast_composite,SIMULATED / PROTOTYPE ALERT
ALT-GRID-02765,REGIONAL_GRID_CELL,"Cell COARSE_C02816 (27.194N, 88.581E)",COARSE_C02816,East Sikkim,27.194,88.581,+48h,0.5513,High,HIGH,0.7736,0.3618,25.1,2026-09-08T18:05:43Z,ACTIVE,forecast_composite,SIMULATED / PROTOTYPE ALERT
ALT-GRID-02766,REGIONAL_GRID_CELL,"Cell COARSE_C02823 (27.194N, 88.588E)",COARSE_C02823,East Sikkim,27.194,88.588,+48h,0.5585,High,HIGH,0.7861,0.3618,25.1,2026-09-08T18:05:43Z,ACTIVE,forecast_composite,SIMULATED / PROTOTYPE ALERT
ALT-GRID-02767,REGIONAL_GRID_CELL,"Cell COARSE_C02824 (27.194N, 88.589E)",COARSE_C02824,East Sikkim,27.194,88.589,+48h,0.5641,High,HIGH,0.7959,0.3618,25.1,2026-09-08T18:05:43Z,ACTIVE,forecast_composite,SIMULATED / PROTOTYPE ALERT
ALT-GRID-02768,REGIONAL_GRID_CELL,"Cell COARSE_C02826 (27.194N, 88.591E)",COARSE_C02826,East Sikkim,27.194,88.591,+48h,0.5574,High,HIGH,0.7842,0.3618,25.1,2026-09-08T18:05:43Z,ACTIVE,forecast_composite,SIMULATED / PROTOTYPE ALERT
ALT-GRID-02769,REGIONAL_GRID_CELL,"Cell COARSE_C02835 (27.194N, 88.600E)",COARSE_C02835,East Sikkim,27.194,88.6,+48h,0.5646,High,HIGH,0.7969,0.3618,25.1,2026-09-08T18:05:43Z,ACTIVE,forecast_composite,SIMULATED / PROTOTYPE ALERT
ALT-GRID-02770,REGIONAL_GRID_CELL,"Cell COARSE_C02836 (27.194N, 88.601E)",COARSE_C02836,East Sikkim,27.194,88.601,+48h,0.5519,High,HIGH,0.7746,0.3618,25.2,2026-09-08T18:05:43Z,ACTIVE,forecast_composite,SIMULATED / PROTOTYPE ALERT
ALT-GRID-02771,REGIONAL_GRID_CELL,"Cell COARSE_C02837 (27.194N, 88.602E)",COARSE_C02837,East Sikkim,27.194,88.602,+48h,0.5576,High,HIGH,0.7846,0.3618,25.2,2026-09-08T18:05:43Z,ACTIVE,forecast_composite,SIMULATED / PROTOTYPE ALERT
ALT-GRID-02772,REGIONAL_GRID_CELL,"Cell COARSE_C02839 (27.194N, 88.604E)",COARSE_C02839,East Sikkim,27.194,88.604,+48h,0.5501,High,HIGH,0.7715,0.3618,25.2,2026-09-08T18:05:43Z,ACTIVE,forecast_composite,SIMULATED / PROTOTYPE ALERT
ALT-GRID-02773,REGIONAL_GRID_CELL,"Cell COARSE_C02841 (27.194N, 88.606E)",COARSE_C02841,East Sikkim,27.194,88.606,+48h,0.575,High,HIGH,0.815,0.3618,25.2,2026-09-08T18:05:43Z,ACTIVE,forecast_composite,SIMULATED / PROTOTYPE ALERT
ALT-GRID-02774,REGIONAL_GRID_CELL,"Cell COARSE_C02843 (27.194N, 88.608E)",COARSE_C02843,East Sikkim,27.194,88.608,+48h,0.5907,High,HIGH,0.8425,0.3618,25.2,2026-09-08T18:05:43Z,ACTIVE,forecast_composite,SIMULATED / PROTOTYPE ALERT
ALT-GRID-02775,REGIONAL_GRID_CELL,"Cell COARSE_C02845 (27.194N, 88.610E)",COARSE_C02845,East Sikkim,27.194,88.61,+48h,0.6696,High,HIGH,0.9803,0.3618,25.2,2026-09-08T18:05:43Z,ACTIVE,forecast_composite,SIMULATED / PROTOTYPE ALERT
ALT-GRID-02776,REGIONAL_GRID_CELL,"Cell COARSE_C02846 (27.194N, 88.611E)",COARSE_C02846,East Sikkim,27.194,88.611,+48h,0.668,High,HIGH,0.9775,0.3618,25.2,2026-09-08T18:05:43Z,ACTIVE,forecast_composite,SIMULATED / PROTOTYPE ALERT
ALT-GRID-02777,REGIONAL_GRID_CELL,"Cell COARSE_C02847 (27.194N, 88.612E)",COARSE_C02847,East Sikkim,27.194,88.612,+48h,0.6676,High,HIGH,0.9768,0.3618,25.2,2026-09-08T18:05:43Z,ACTIVE,forecast_composite,SIMULATED / PROTOTYPE ALERT
ALT-GRID-02778,REGIONAL_GRID_CELL,"Cell COARSE_C02850 (27.194N, 88.615E)",COARSE_C02850,East Sikkim,27.194,88.615,+48h,0.552,High,HIGH,0.7748,0.3618,25.2,2026-09-08T18:05:43Z,ACTIVE,forecast_composite,SIMULATED / PROTOTYPE ALERT
ALT-GRID-02779,REGIONAL_GRID_CELL,"Cell COARSE_C02851 (27.194N, 88.616E)",COARSE_C02851,East Sikkim,27.194,88.616,+48h,0.5677,High,HIGH,0.8022,0.3618,25.2,2026-09-08T18:05:43Z,ACTIVE,forecast_composite,SIMULATED / PROTOTYPE ALERT
ALT-GRID-02780,REGIONAL_GRID_CELL,"Cell COARSE_C02858 (27.194N, 88.623E)",COARSE_C02858,East Sikkim,27.194,88.623,+48h,0.6784,High,HIGH,0.9956,0.3618,25.2,2026-09-08T18:05:43Z,ACTIVE,forecast_composite,SIMULATED / PROTOTYPE ALERT
ALT-GRID-02781,REGIONAL_GRID_CELL,"Cell COARSE_C02860 (27.194N, 88.625E)",COARSE_C02860,East Sikkim,27.194,88.625,+48h,0.6426,High,HIGH,0.9332,0.3618,25.2,2026-09-08T18:05:43Z,ACTIVE,forecast_composite,SIMULATED / PROTOTYPE ALERT
ALT-GRID-02782,REGIONAL_GRID_CELL,"Cell COARSE_C02870 (27.194N, 88.635E)",COARSE_C02870,East Sikkim,27.194,88.635,+48h,0.6532,High,HIGH,0.9516,0.3618,25.2,2026-09-08T18:05:43Z,ACTIVE,forecast_composite,SIMULATED / PROTOTYPE ALERT
ALT-GRID-02783,REGIONAL_GRID_CELL,"Cell COARSE_C03045 (27.195N, 88.609E)",COARSE_C03045,East Sikkim,27.195,88.609,+48h,0.5914,High,HIGH,0.8436,0.3618,25.2,2026-09-08T18:05:43Z,ACTIVE,forecast_composite,SIMULATED / PROTOTYPE ALERT
ALT-GRID-02784,REGIONAL_GRID_CELL,"Cell COARSE_C03049 (27.195N, 88.613E)",COARSE_C03049,East Sikkim,27.195,88.613,+48h,0.6395,High,HIGH,0.9277,0.3618,25.2,2026-09-08T18:05:43Z,ACTIVE,forecast_composite,SIMULATED / PROTOTYPE ALERT
ALT-GRID-02785,REGIONAL_GRID_CELL,"Cell COARSE_C03050 (27.195N, 88.614E)",COARSE_C03050,East Sikkim,27.195,88.614,+48h,0.6346,High,HIGH,0.9191,0.3618,25.2,2026-09-08T18:05:43Z,ACTIVE,forecast_composite,SIMULATED / PROTOTYPE ALERT
ALT-GRID-02786,REGIONAL_GRID_CELL,"Cell COARSE_C03051 (27.195N, 88.615E)",COARSE_C03051,East Sikkim,27.195,88.615,+48h,0.6239,High,HIGH,0.9005,0.3618,25.2,2026-09-08T18:05:43Z,ACTIVE,forecast_composite,SIMULATED / PROTOTYPE ALERT
ALT-GRID-02787,REGIONAL_GRID_CELL,"Cell COARSE_C03056 (27.195N, 88.620E)",COARSE_C03056,East Sikkim,27.195,88.62,+48h,0.6775,High,HIGH,0.9941,0.3618,25.2,2026-09-08T18:05:43Z,ACTIVE,forecast_composite,SIMULATED / PROTOTYPE ALERT
ALT-GRID-02788,REGIONAL_GRID_CELL,"Cell COARSE_C03057 (27.195N, 88.621E)",COARSE_C03057,East Sikkim,27.195,88.621,+48h,0.6764,High,HIGH,0.9922,0.3618,25.2,2026-09-08T18:05:43Z,ACTIVE,forecast_composite,SIMULATED / PROTOTYPE ALERT
ALT-GRID-02789,REGIONAL_GRID_CELL,"Cell COARSE_C03058 (27.195N, 88.622E)",COARSE_C03058,East Sikkim,27.195,88.622,+48h,0.677,High,HIGH,0.9932,0.3618,25.2,2026-09-08T18:05:43Z,ACTIVE,forecast_composite,SIMULATED / PROTOTYPE ALERT
ALT-GRID-02790,REGIONAL_GRID_CELL,"Cell COARSE_C03061 (27.195N, 88.625E)",COARSE_C03061,East Sikkim,27.195,88.625,+48h,0.6793,High,HIGH,0.9972,0.3618,25.2,2026-09-08T18:05:43Z,ACTIVE,forecast_composite,SIMULATED / PROTOTYPE ALERT
ALT-GRID-02791,REGIONAL_GRID_CELL,"Cell COARSE_C03217 (27.196N, 88.580E)",COARSE_C03217,East Sikkim,27.196,88.58,+48h,0.5633,High,HIGH,0.7946,0.3618,25.1,2026-09-08T18:05:43Z,ACTIVE,forecast_composite,SIMULATED / PROTOTYPE ALERT
ALT-GRID-02792,REGIONAL_GRID_CELL,"Cell COARSE_C03248 (27.196N, 88.611E)",COARSE_C03248,East Sikkim,27.196,88.611,+48h,0.6776,High,HIGH,0.9943,0.3618,25.2,2026-09-08T18:05:43Z,ACTIVE,forecast_composite,SIMULATED / PROTOTYPE ALERT
ALT-GRID-02793,REGIONAL_GRID_CELL,"Cell COARSE_C03250 (27.196N, 88.613E)",COARSE_C03250,East Sikkim,27.196,88.613,+48h,0.6566,High,HIGH,0.9576,0.3618,25.2,2026-09-08T18:05:43Z,ACTIVE,forecast_composite,SIMULATED / PROTOTYPE ALERT
ALT-GRID-02794,REGIONAL_GRID_CELL,"Cell COARSE_C03251 (27.196N, 88.614E)",COARSE_C03251,East Sikkim,27.196,88.614,+48h,0.6582,High,HIGH,0.9604,0.3618,25.2,2026-09-08T18:05:43Z,ACTIVE,forecast_composite,SIMULATED / PROTOTYPE ALERT
ALT-GRID-02795,REGIONAL_GRID_CELL,"Cell COARSE_C03252 (27.196N, 88.615E)",COARSE_C03252,East Sikkim,27.196,88.615,+48h,0.6776,High,HIGH,0.9943,0.3618,25.2,2026-09-08T18:05:43Z,ACTIVE,forecast_composite,SIMULATED / PROTOTYPE ALERT
ALT-GRID-02796,REGIONAL_GRID_CELL,"Cell COARSE_C03253 (27.196N, 88.616E)",COARSE_C03253,East Sikkim,27.196,88.616,+48h,0.6331,High,HIGH,0.9165,0.3618,25.2,2026-09-08T18:05:43Z,ACTIVE,forecast_composite,SIMULATED / PROTOTYPE ALERT
ALT-GRID-02797,REGIONAL_GRID_CELL,"Cell COARSE_C03254 (27.196N, 88.617E)",COARSE_C03254,East Sikkim,27.196,88.617,+48h,0.6289,High,HIGH,0.9091,0.3618,25.2,2026-09-08T18:05:43Z,ACTIVE,forecast_composite,SIMULATED / PROTOTYPE ALERT
ALT-GRID-02798,REGIONAL_GRID_CELL,"Cell COARSE_C03255 (27.196N, 88.618E)",COARSE_C03255,East Sikkim,27.196,88.618,+48h,0.6542,High,HIGH,0.9534,0.3618,25.2,2026-09-08T18:05:43Z,ACTIVE,forecast_composite,SIMULATED / PROTOTYPE ALERT
ALT-GRID-02799,REGIONAL_GRID_CELL,"Cell COARSE_C03262 (27.196N, 88.625E)",COARSE_C03262,East Sikkim,27.196,88.625,+48h,0.5609,High,HIGH,0.7904,0.3618,25.2,2026-09-08T18:05:43Z,ACTIVE,forecast_composite,SIMULATED / PROTOTYPE ALERT
ALT-GRID-02800,REGIONAL_GRID_CELL,"Cell COARSE_C03263 (27.196N, 88.626E)",COARSE_C03263,East Sikkim,27.196,88.626,+48h,0.5908,High,HIGH,0.8426,0.3618,25.2,2026-09-08T18:05:43Z,ACTIVE,forecast_composite,SIMULATED / PROTOTYPE ALERT
ALT-GRID-02801,REGIONAL_GRID_CELL,"Cell COARSE_C03264 (27.196N, 88.627E)",COARSE_C03264,East Sikkim,27.196,88.627,+48h,0.5839,High,HIGH,0.8305,0.3618,25.2,2026-09-08T18:05:43Z,ACTIVE,forecast_composite,SIMULATED / PROTOTYPE ALERT
ALT-GRID-02802,REGIONAL_GRID_CELL,"Cell COARSE_C03268 (27.196N, 88.631E)",COARSE_C03268,East Sikkim,27.196,88.631,+48h,0.6789,High,HIGH,0.9965,0.3618,25.2,2026-09-08T18:05:43Z,ACTIVE,forecast_composite,SIMULATED / PROTOTYPE ALERT
ALT-GRID-02803,REGIONAL_GRID_CELL,"Cell COARSE_C03269 (27.196N, 88.632E)",COARSE_C03269,East Sikkim,27.196,88.632,+48h,0.6421,High,HIGH,0.9322,0.3618,25.2,2026-09-08T18:05:43Z,ACTIVE,forecast_composite,SIMULATED / PROTOTYPE ALERT
ALT-GRID-02804,REGIONAL_GRID_CELL,"Cell COARSE_C03270 (27.196N, 88.633E)",COARSE_C03270,East Sikkim,27.196,88.633,+48h,0.6625,High,HIGH,0.9679,0.3618,25.2,2026-09-08T18:05:43Z,ACTIVE,forecast_composite,SIMULATED / PROTOTYPE ALERT
ALT-GRID-02805,REGIONAL_GRID_CELL,"Cell COARSE_C03418 (27.197N, 88.580E)",COARSE_C03418,East Sikkim,27.197,88.58,+48h,0.5993,High,HIGH,0.8574,0.3618,25.1,2026-09-08T18:05:43Z,ACTIVE,forecast_composite,SIMULATED / PROTOTYPE ALERT
ALT-GRID-02806,REGIONAL_GRID_CELL,"Cell COARSE_C03419 (27.197N, 88.581E)",COARSE_C03419,East Sikkim,27.197,88.581,+48h,0.5788,High,HIGH,0.8217,0.3618,25.1,2026-09-08T18:05:43Z,ACTIVE,forecast_composite,SIMULATED / PROTOTYPE ALERT
ALT-GRID-02807,REGIONAL_GRID_CELL,"Cell COARSE_C03422 (27.197N, 88.584E)",COARSE_C03422,East Sikkim,27.197,88.584,+48h,0.6517,High,HIGH,0.949,0.3618,25.1,2026-09-08T18:05:43Z,ACTIVE,forecast_composite,SIMULATED / PROTOTYPE ALERT
ALT-GRID-02808,REGIONAL_GRID_CELL,"Cell COARSE_C03447 (27.197N, 88.609E)",COARSE_C03447,East Sikkim,27.197,88.609,+48h,0.5539,High,HIGH,0.7782,0.3618,25.2,2026-09-08T18:05:43Z,ACTIVE,forecast_composite,SIMULATED / PROTOTYPE ALERT
ALT-GRID-02809,REGIONAL_GRID_CELL,"Cell COARSE_C03449 (27.197N, 88.611E)",COARSE_C03449,East Sikkim,27.197,88.611,+48h,0.6786,High,HIGH,0.996,0.3618,25.2,2026-09-08T18:05:43Z,ACTIVE,forecast_composite,SIMULATED / PROTOTYPE ALERT
ALT-GRID-02810,REGIONAL_GRID_CELL,"Cell COARSE_C03450 (27.197N, 88.612E)",COARSE_C03450,East Sikkim,27.197,88.612,+48h,0.6776,High,HIGH,0.9943,0.3618,25.2,2026-09-08T18:05:43Z,ACTIVE,forecast_composite,SIMULATED / PROTOTYPE ALERT
ALT-GRID-02811,REGIONAL_GRID_CELL,"Cell COARSE_C03455 (27.197N, 88.617E)",COARSE_C03455,East Sikkim,27.197,88.617,+48h,0.6293,High,HIGH,0.9099,0.3618,25.2,2026-09-08T18:05:43Z,ACTIVE,forecast_composite,SIMULATED / PROTOTYPE ALERT
ALT-GRID-02812,REGIONAL_GRID_CELL,"Cell COARSE_C03456 (27.197N, 88.618E)",COARSE_C03456,East Sikkim,27.197,88.618,+48h,0.6286,High,HIGH,0.9087,0.3618,25.2,2026-09-08T18:05:43Z,ACTIVE,forecast_composite,SIMULATED / PROTOTYPE ALERT
ALT-GRID-02813,REGIONAL_GRID_CELL,"Cell COARSE_C03457 (27.197N, 88.619E)",COARSE_C03457,East Sikkim,27.197,88.619,+48h,0.6273,High,HIGH,0.9064,0.3618,25.2,2026-09-08T18:05:43Z,ACTIVE,forecast_composite,SIMULATED / PROTOTYPE ALERT
ALT-GRID-02814,REGIONAL_GRID_CELL,"Cell COARSE_C03458 (27.197N, 88.620E)",COARSE_C03458,East Sikkim,27.197,88.62,+48h,0.636,High,HIGH,0.9215,0.3618,25.2,2026-09-08T18:05:43Z,ACTIVE,forecast_composite,SIMULATED / PROTOTYPE ALERT
ALT-GRID-02815,REGIONAL_GRID_CELL,"Cell COARSE_C03461 (27.197N, 88.623E)",COARSE_C03461,East Sikkim,27.197,88.623,+48h,0.6264,High,HIGH,0.9048,0.3618,25.2,2026-09-08T18:05:43Z,ACTIVE,forecast_composite,SIMULATED / PROTOTYPE ALERT
ALT-GRID-02816,REGIONAL_GRID_CELL,"Cell COARSE_C03462 (27.197N, 88.624E)",COARSE_C03462,East Sikkim,27.197,88.624,+48h,0.6551,High,HIGH,0.9549,0.3618,25.2,2026-09-08T18:05:43Z,ACTIVE,forecast_composite,SIMULATED / PROTOTYPE ALERT
ALT-GRID-02817,REGIONAL_GRID_CELL,"Cell COARSE_C03464 (27.197N, 88.626E)",COARSE_C03464,East Sikkim,27.197,88.626,+48h,0.6246,High,HIGH,0.9017,0.3618,25.2,2026-09-08T18:05:43Z,ACTIVE,forecast_composite,SIMULATED / PROTOTYPE ALERT
ALT-GRID-02818,REGIONAL_GRID_CELL,"Cell COARSE_C03465 (27.197N, 88.627E)",COARSE_C03465,East Sikkim,27.197,88.627,+48h,0.6302,High,HIGH,0.9115,0.3618,25.2,2026-09-08T18:05:43Z,ACTIVE,forecast_composite,SIMULATED / PROTOTYPE ALERT
ALT-GRID-02819,REGIONAL_GRID_CELL,"Cell COARSE_C03469 (27.197N, 88.631E)",COARSE_C03469,East Sikkim,27.197,88.631,+48h,0.6541,High,HIGH,0.9532,0.3618,25.2,2026-09-08T18:05:43Z,ACTIVE,forecast_composite,SIMULATED / PROTOTYPE ALERT
ALT-GRID-02820,REGIONAL_GRID_CELL,"Cell COARSE_C03470 (27.197N, 88.632E)",COARSE_C03470,East Sikkim,27.197,88.632,+48h,0.6238,High,HIGH,0.9002,0.3618,25.2,2026-09-08T18:05:43Z,ACTIVE,forecast_composite,SIMULATED / PROTOTYPE ALERT
ALT-GRID-02821,REGIONAL_GRID_CELL,"Cell COARSE_C03471 (27.197N, 88.633E)",COARSE_C03471,East Sikkim,27.197,88.633,+48h,0.6548,High,HIGH,0.9545,0.3618,25.2,2026-09-08T18:05:43Z,ACTIVE,forecast_composite,SIMULATED / PROTOTYPE ALERT
ALT-GRID-02822,REGIONAL_GRID_CELL,"Cell COARSE_C03619 (27.198N, 88.580E)",COARSE_C03619,East Sikkim,27.198,88.58,+48h,0.5898,High,HIGH,0.8408,0.3618,25.1,2026-09-08T18:05:43Z,ACTIVE,forecast_composite,SIMULATED / PROTOTYPE ALERT
ALT-GRID-02823,REGIONAL_GRID_CELL,"Cell COARSE_C03649 (27.198N, 88.610E)",COARSE_C03649,East Sikkim,27.198,88.61,+48h,0.6789,High,HIGH,0.9965,0.3618,25.2,2026-09-08T18:05:43Z,ACTIVE,forecast_composite,SIMULATED / PROTOTYPE ALERT
ALT-GRID-02824,REGIONAL_GRID_CELL,"Cell COARSE_C03652 (27.198N, 88.613E)",COARSE_C03652,East Sikkim,27.198,88.613,+48h,0.5552,High,HIGH,0.7804,0.3618,25.2,2026-09-08T18:05:43Z,ACTIVE,forecast_composite,SIMULATED / PROTOTYPE ALERT
ALT-GRID-02825,REGIONAL_GRID_CELL,"Cell COARSE_C03668 (27.198N, 88.629E)",COARSE_C03668,East Sikkim,27.198,88.629,+48h,0.6186,High,HIGH,0.8911,0.3618,25.2,2026-09-08T18:05:43Z,ACTIVE,forecast_composite,SIMULATED / PROTOTYPE ALERT
ALT-GRID-02826,REGIONAL_GRID_CELL,"Cell COARSE_C03669 (27.198N, 88.630E)",COARSE_C03669,East Sikkim,27.198,88.63,+48h,0.6364,High,HIGH,0.9222,0.3618,25.2,2026-09-08T18:05:43Z,ACTIVE,forecast_composite,SIMULATED / PROTOTYPE ALERT
ALT-GRID-02827,REGIONAL_GRID_CELL,"Cell COARSE_C03673 (27.198N, 88.634E)",COARSE_C03673,East Sikkim,27.198,88.634,+48h,0.6503,High,HIGH,0.9465,0.3618,25.2,2026-09-08T18:05:43Z,ACTIVE,forecast_composite,SIMULATED / PROTOTYPE ALERT
ALT-GRID-02828,REGIONAL_GRID_CELL,"Cell COARSE_C03674 (27.198N, 88.635E)",COARSE_C03674,East Sikkim,27.198,88.635,+48h,0.6215,High,HIGH,0.8963,0.3618,25.2,2026-09-08T18:05:43Z,ACTIVE,forecast_composite,SIMULATED / PROTOTYPE ALERT
ALT-GRID-02829,REGIONAL_GRID_CELL,"Cell COARSE_C03820 (27.199N, 88.580E)",COARSE_C03820,East Sikkim,27.199,88.58,+48h,0.5775,High,HIGH,0.8193,0.3618,25.1,2026-09-08T18:05:43Z,ACTIVE,forecast_composite,SIMULATED / PROTOTYPE ALERT
ALT-GRID-02830,REGIONAL_GRID_CELL,"Cell COARSE_C03821 (27.199N, 88.581E)",COARSE_C03821,East Sikkim,27.199,88.581,+48h,0.5581,High,HIGH,0.7854,0.3618,25.1,2026-09-08T18:05:43Z,ACTIVE,forecast_composite,SIMULATED / PROTOTYPE ALERT
ALT-GRID-02831,REGIONAL_GRID_CELL,"Cell COARSE_C03824 (27.199N, 88.584E)",COARSE_C03824,East Sikkim,27.199,88.584,+48h,0.559,High,HIGH,0.787,0.3618,25.1,2026-09-08T18:05:43Z,ACTIVE,forecast_composite,SIMULATED / PROTOTYPE ALERT
ALT-GRID-02832,REGIONAL_GRID_CELL,"Cell COARSE_C03825 (27.199N, 88.585E)",COARSE_C03825,East Sikkim,27.199,88.585,+48h,0.5832,High,HIGH,0.8294,0.3618,25.1,2026-09-08T18:05:43Z,ACTIVE,forecast_composite,SIMULATED / PROTOTYPE ALERT
ALT-GRID-02833,REGIONAL_GRID_CELL,"Cell COARSE_C03850 (27.199N, 88.610E)",COARSE_C03850,East Sikkim,27.199,88.61,+48h,0.5663,High,HIGH,0.7998,0.3618,25.2,2026-09-08T18:05:43Z,ACTIVE,forecast_composite,SIMULATED / PROTOTYPE ALERT
ALT-GRID-02834,REGIONAL_GRID_CELL,"Cell COARSE_C03876 (27.199N, 88.636E)",COARSE_C03876,East Sikkim,27.199,88.636,+48h,0.6228,High,HIGH,0.8986,0.3618,25.2,2026-09-08T18:05:43Z,ACTIVE,forecast_composite,SIMULATED / PROTOTYPE ALERT
ALT-GRID-02835,REGIONAL_GRID_CELL,"Cell COARSE_C03889 (27.199N, 88.649E)",COARSE_C03889,East Sikkim,27.199,88.649,+48h,0.5606,High,HIGH,0.7899,0.3618,25.2,2026-09-08T18:05:43Z,ACTIVE,forecast_composite,SIMULATED / PROTOTYPE ALERT
ALT-GRID-02836,REGIONAL_GRID_CELL,"Cell COARSE_C03890 (27.199N, 88.650E)",COARSE_C03890,East Sikkim,27.199,88.65,+48h,0.5591,High,HIGH,0.7873,0.3618,25.2,2026-09-08T18:05:43Z,ACTIVE,forecast_composite,SIMULATED / PROTOTYPE ALERT
ALT-GRID-02837,REGIONAL_GRID_CELL,"Cell COARSE_C04022 (27.200N, 88.581E)",COARSE_C04022,East Sikkim,27.2,88.581,+48h,0.552,High,HIGH,0.7755,0.361,24.8,2026-09-08T18:05:43Z,ACTIVE,forecast_composite,SIMULATED / PROTOTYPE ALERT
ALT-GRID-02838,REGIONAL_GRID_CELL,"Cell COARSE_C04023 (27.200N, 88.582E)",COARSE_C04023,East Sikkim,27.2,88.582,+48h,0.5552,High,HIGH,0.781,0.361,24.8,2026-09-08T18:05:43Z,ACTIVE,forecast_composite,SIMULATED / PROTOTYPE ALERT
ALT-GRID-02839,REGIONAL_GRID_CELL,"Cell COARSE_C04024 (27.200N, 88.583E)",COARSE_C04024,East Sikkim,27.2,88.583,+48h,0.6594,High,HIGH,0.9631,0.361,24.8,2026-09-08T18:05:43Z,ACTIVE,forecast_composite,SIMULATED / PROTOTYPE ALERT
ALT-GRID-02840,REGIONAL_GRID_CELL,"Cell COARSE_C04025 (27.200N, 88.584E)",COARSE_C04025,East Sikkim,27.2,88.584,+48h,0.6601,High,HIGH,0.9644,0.361,24.8,2026-09-08T18:05:43Z,ACTIVE,forecast_composite,SIMULATED / PROTOTYPE ALERT
ALT-GRID-02841,REGIONAL_GRID_CELL,"Cell COARSE_C04027 (27.200N, 88.586E)",COARSE_C04027,East Sikkim,27.2,88.586,+48h,0.5988,High,HIGH,0.8572,0.361,24.8,2026-09-08T18:05:43Z,ACTIVE,forecast_composite,SIMULATED / PROTOTYPE ALERT
ALT-GRID-02842,REGIONAL_GRID_CELL,"Cell COARSE_C04028 (27.200N, 88.587E)",COARSE_C04028,East Sikkim,27.2,88.587,+48h,0.5771,High,HIGH,0.8193,0.361,24.8,2026-09-08T18:05:43Z,ACTIVE,forecast_composite,SIMULATED / PROTOTYPE ALERT
ALT-GRID-02843,REGIONAL_GRID_CELL,"Cell COARSE_C04030 (27.200N, 88.589E)",COARSE_C04030,East Sikkim,27.2,88.589,+48h,0.6461,High,HIGH,0.9399,0.361,24.8,2026-09-08T18:05:43Z,ACTIVE,forecast_composite,SIMULATED / PROTOTYPE ALERT
ALT-GRID-02844,REGIONAL_GRID_CELL,"Cell COARSE_C04036 (27.200N, 88.595E)",COARSE_C04036,East Sikkim,27.2,88.595,+48h,0.5833,High,HIGH,0.8301,0.361,24.8,2026-09-08T18:05:43Z,ACTIVE,forecast_composite,SIMULATED / PROTOTYPE ALERT
ALT-GRID-02845,REGIONAL_GRID_CELL,"Cell COARSE_C04050 (27.200N, 88.609E)",COARSE_C04050,East Sikkim,27.2,88.609,+48h,0.67,High,HIGH,0.9955,0.3451,23.8,2026-09-08T18:05:43Z,ACTIVE,forecast_composite,SIMULATED / PROTOTYPE ALERT
ALT-GRID-02846,REGIONAL_GRID_CELL,"Cell COARSE_C04061 (27.200N, 88.620E)",COARSE_C04061,East Sikkim,27.2,88.62,+48h,0.646,High,HIGH,0.9533,0.3451,23.8,2026-09-08T18:05:43Z,ACTIVE,forecast_composite,SIMULATED / PROTOTYPE ALERT
ALT-GRID-02847,REGIONAL_GRID_CELL,"Cell COARSE_C04069 (27.200N, 88.628E)",COARSE_C04069,East Sikkim,27.2,88.628,+48h,0.5533,High,HIGH,0.7904,0.3451,23.8,2026-09-08T18:05:43Z,ACTIVE,forecast_composite,SIMULATED / PROTOTYPE ALERT
ALT-GRID-02848,REGIONAL_GRID_CELL,"Cell COARSE_C04083 (27.200N, 88.642E)",COARSE_C04083,East Sikkim,27.2,88.642,+48h,0.5778,High,HIGH,0.8335,0.3451,23.8,2026-09-08T18:05:43Z,ACTIVE,forecast_composite,SIMULATED / PROTOTYPE ALERT
ALT-GRID-02849,REGIONAL_GRID_CELL,"Cell COARSE_C04091 (27.200N, 88.650E)",COARSE_C04091,East Sikkim,27.2,88.65,+48h,0.5849,High,HIGH,0.8459,0.3451,23.8,2026-09-08T18:05:43Z,ACTIVE,forecast_composite,SIMULATED / PROTOTYPE ALERT
ALT-GRID-02850,REGIONAL_GRID_CELL,"Cell COARSE_C04222 (27.201N, 88.580E)",COARSE_C04222,East Sikkim,27.201,88.58,+48h,0.5681,High,HIGH,0.8036,0.361,24.8,2026-09-08T18:05:43Z,ACTIVE,forecast_composite,SIMULATED / PROTOTYPE ALERT
ALT-GRID-02851,REGIONAL_GRID_CELL,"Cell COARSE_C04227 (27.201N, 88.585E)",COARSE_C04227,East Sikkim,27.201,88.585,+48h,0.55,High,HIGH,0.772,0.361,24.8,2026-09-08T18:05:43Z,ACTIVE,forecast_composite,SIMULATED / PROTOTYPE ALERT
ALT-GRID-02852,REGIONAL_GRID_CELL,"Cell COARSE_C04230 (27.201N, 88.588E)",COARSE_C04230,East Sikkim,27.201,88.588,+48h,0.5901,High,HIGH,0.842,0.361,24.8,2026-09-08T18:05:43Z,ACTIVE,forecast_composite,SIMULATED / PROTOTYPE ALERT
ALT-GRID-02853,REGIONAL_GRID_CELL,"Cell COARSE_C04231 (27.201N, 88.589E)",COARSE_C04231,East Sikkim,27.201,88.589,+48h,0.5535,High,HIGH,0.778,0.361,24.8,2026-09-08T18:05:43Z,ACTIVE,forecast_composite,SIMULATED / PROTOTYPE ALERT
ALT-GRID-02854,REGIONAL_GRID_CELL,"Cell COARSE_C04237 (27.201N, 88.595E)",COARSE_C04237,East Sikkim,27.201,88.595,+48h,0.5589,High,HIGH,0.7875,0.361,24.8,2026-09-08T18:05:43Z,ACTIVE,forecast_composite,SIMULATED / PROTOTYPE ALERT
ALT-GRID-02855,REGIONAL_GRID_CELL,"Cell COARSE_C04249 (27.201N, 88.607E)",COARSE_C04249,East Sikkim,27.201,88.607,+48h,0.6698,High,HIGH,0.9952,0.3451,23.8,2026-09-08T18:05:43Z,ACTIVE,forecast_composite,SIMULATED / PROTOTYPE ALERT
ALT-GRID-02856,REGIONAL_GRID_CELL,"Cell COARSE_C04285 (27.201N, 88.643E)",COARSE_C04285,East Sikkim,27.201,88.643,+48h,0.5833,High,HIGH,0.8431,0.3451,23.8,2026-09-08T18:05:43Z,ACTIVE,forecast_composite,SIMULATED / PROTOTYPE ALERT
ALT-GRID-02857,REGIONAL_GRID_CELL,"Cell COARSE_C04290 (27.201N, 88.648E)",COARSE_C04290,East Sikkim,27.201,88.648,+48h,0.5682,High,HIGH,0.8166,0.3451,23.8,2026-09-08T18:05:43Z,ACTIVE,forecast_composite,SIMULATED / PROTOTYPE ALERT
ALT-GRID-02858,REGIONAL_GRID_CELL,"Cell COARSE_C04292 (27.201N, 88.650E)",COARSE_C04292,East Sikkim,27.201,88.65,+48h,0.5565,High,HIGH,0.7961,0.3451,23.8,2026-09-08T18:05:43Z,ACTIVE,forecast_composite,SIMULATED / PROTOTYPE ALERT
ALT-GRID-02859,REGIONAL_GRID_CELL,"Cell COARSE_C04423 (27.202N, 88.580E)",COARSE_C04423,East Sikkim,27.202,88.58,+48h,0.5813,High,HIGH,0.8266,0.361,24.8,2026-09-08T18:05:43Z,ACTIVE,forecast_composite,SIMULATED / PROTOTYPE ALERT
ALT-GRID-02860,REGIONAL_GRID_CELL,"Cell COARSE_C04424 (27.202N, 88.581E)",COARSE_C04424,East Sikkim,27.202,88.581,+48h,0.5596,High,HIGH,0.7888,0.361,24.8,2026-09-08T18:05:43Z,ACTIVE,forecast_composite,SIMULATED / PROTOTYPE ALERT
ALT-GRID-02861,REGIONAL_GRID_CELL,"Cell COARSE_C04429 (27.202N, 88.586E)",COARSE_C04429,East Sikkim,27.202,88.586,+48h,0.5642,High,HIGH,0.7967,0.361,24.8,2026-09-08T18:05:43Z,ACTIVE,forecast_composite,SIMULATED / PROTOTYPE ALERT
ALT-GRID-02862,REGIONAL_GRID_CELL,"Cell COARSE_C04438 (27.202N, 88.595E)",COARSE_C04438,East Sikkim,27.202,88.595,+48h,0.5853,High,HIGH,0.8336,0.361,24.8,2026-09-08T18:05:43Z,ACTIVE,forecast_composite,SIMULATED / PROTOTYPE ALERT
ALT-GRID-02863,REGIONAL_GRID_CELL,"Cell COARSE_C04450 (27.202N, 88.607E)",COARSE_C04450,East Sikkim,27.202,88.607,+48h,0.6702,High,HIGH,0.9958,0.3451,23.8,2026-09-08T18:05:43Z,ACTIVE,forecast_composite,SIMULATED / PROTOTYPE ALERT
ALT-GRID-02864,REGIONAL_GRID_CELL,"Cell COARSE_C04476 (27.202N, 88.633E)",COARSE_C04476,East Sikkim,27.202,88.633,+48h,0.6122,High,HIGH,0.8939,0.3451,23.8,2026-09-08T18:05:43Z,ACTIVE,forecast_composite,SIMULATED / PROTOTYPE ALERT
ALT-GRID-02865,REGIONAL_GRID_CELL,"Cell COARSE_C04483 (27.202N, 88.640E)",COARSE_C04483,East Sikkim,27.202,88.64,+48h,0.5948,High,HIGH,0.8634,0.3451,23.8,2026-09-08T18:05:43Z,ACTIVE,forecast_composite,SIMULATED / PROTOTYPE ALERT
ALT-GRID-02866,REGIONAL_GRID_CELL,"Cell COARSE_C04486 (27.202N, 88.643E)",COARSE_C04486,East Sikkim,27.202,88.643,+48h,0.5817,High,HIGH,0.8404,0.3451,23.8,2026-09-08T18:05:43Z,ACTIVE,forecast_composite,SIMULATED / PROTOTYPE ALERT
ALT-GRID-02867,REGIONAL_GRID_CELL,"Cell COARSE_C04487 (27.202N, 88.644E)",COARSE_C04487,East Sikkim,27.202,88.644,+48h,0.5549,High,HIGH,0.7933,0.3451,23.8,2026-09-08T18:05:43Z,ACTIVE,forecast_composite,SIMULATED / PROTOTYPE ALERT
ALT-GRID-02868,REGIONAL_GRID_CELL,"Cell COARSE_C04491 (27.202N, 88.648E)",COARSE_C04491,East Sikkim,27.202,88.648,+48h,0.5681,High,HIGH,0.8165,0.3451,23.8,2026-09-08T18:05:43Z,ACTIVE,forecast_composite,SIMULATED / PROTOTYPE ALERT
ALT-GRID-02869,REGIONAL_GRID_CELL,"Cell COARSE_C04493 (27.202N, 88.650E)",COARSE_C04493,East Sikkim,27.202,88.65,+48h,0.563,High,HIGH,0.8074,0.3451,23.8,2026-09-08T18:05:43Z,ACTIVE,forecast_composite,SIMULATED / PROTOTYPE ALERT
ALT-GRID-02870,REGIONAL_GRID_CELL,"Cell COARSE_C04625 (27.203N, 88.581E)",COARSE_C04625,East Sikkim,27.203,88.581,+48h,0.5625,High,HIGH,0.7938,0.361,24.8,2026-09-08T18:05:43Z,ACTIVE,forecast_composite,SIMULATED / PROTOTYPE ALERT
ALT-GRID-02871,REGIONAL_GRID_CELL,"Cell COARSE_C04626 (27.203N, 88.582E)",COARSE_C04626,East Sikkim,27.203,88.582,+48h,0.5539,High,HIGH,0.7787,0.361,24.8,2026-09-08T18:05:43Z,ACTIVE,forecast_composite,SIMULATED / PROTOTYPE ALERT
ALT-GRID-02872,REGIONAL_GRID_CELL,"Cell COARSE_C04627 (27.203N, 88.583E)",COARSE_C04627,East Sikkim,27.203,88.583,+48h,0.5529,High,HIGH,0.7771,0.361,24.8,2026-09-08T18:05:43Z,ACTIVE,forecast_composite,SIMULATED / PROTOTYPE ALERT
ALT-GRID-02873,REGIONAL_GRID_CELL,"Cell COARSE_C04639 (27.203N, 88.595E)",COARSE_C04639,East Sikkim,27.203,88.595,+48h,0.6246,High,HIGH,0.9024,0.361,24.8,2026-09-08T18:05:43Z,ACTIVE,forecast_composite,SIMULATED / PROTOTYPE ALERT
ALT-GRID-02874,REGIONAL_GRID_CELL,"Cell COARSE_C04653 (27.203N, 88.609E)",COARSE_C04653,East Sikkim,27.203,88.609,+48h,0.6456,High,HIGH,0.9526,0.3451,23.8,2026-09-08T18:05:43Z,ACTIVE,forecast_composite,SIMULATED / PROTOTYPE ALERT
ALT-GRID-02875,REGIONAL_GRID_CELL,"Cell COARSE_C04685 (27.203N, 88.641E)",COARSE_C04685,East Sikkim,27.203,88.641,+48h,0.6178,High,HIGH,0.9038,0.3451,23.8,2026-09-08T18:05:43Z,ACTIVE,forecast_composite,SIMULATED / PROTOTYPE ALERT
ALT-GRID-02876,REGIONAL_GRID_CELL,"Cell COARSE_C04687 (27.203N, 88.643E)",COARSE_C04687,East Sikkim,27.203,88.643,+48h,0.5846,High,HIGH,0.8455,0.3451,23.8,2026-09-08T18:05:43Z,ACTIVE,forecast_composite,SIMULATED / PROTOTYPE ALERT
ALT-GRID-02877,REGIONAL_GRID_CELL,"Cell COARSE_C04688 (27.203N, 88.644E)",COARSE_C04688,East Sikkim,27.203,88.644,+48h,0.602,High,HIGH,0.876,0.3451,23.8,2026-09-08T18:05:43Z,ACTIVE,forecast_composite,SIMULATED / PROTOTYPE ALERT
ALT-GRID-02878,REGIONAL_GRID_CELL,"Cell COARSE_C04689 (27.203N, 88.645E)",COARSE_C04689,East Sikkim,27.203,88.645,+48h,0.5895,High,HIGH,0.8541,0.3451,23.8,2026-09-08T18:05:43Z,ACTIVE,forecast_composite,SIMULATED / PROTOTYPE ALERT
ALT-GRID-02879,REGIONAL_GRID_CELL,"Cell COARSE_C04690 (27.203N, 88.646E)",COARSE_C04690,East Sikkim,27.203,88.646,+48h,0.5967,High,HIGH,0.8667,0.3451,23.8,2026-09-08T18:05:43Z,ACTIVE,forecast_composite,SIMULATED / PROTOTYPE ALERT
ALT-GRID-02880,REGIONAL_GRID_CELL,"Cell COARSE_C04691 (27.203N, 88.647E)",COARSE_C04691,East Sikkim,27.203,88.647,+48h,0.5727,High,HIGH,0.8245,0.3451,23.8,2026-09-08T18:05:43Z,ACTIVE,forecast_composite,SIMULATED / PROTOTYPE ALERT
ALT-GRID-02881,REGIONAL_GRID_CELL,"Cell COARSE_C04692 (27.203N, 88.648E)",COARSE_C04692,East Sikkim,27.203,88.648,+48h,0.6582,High,HIGH,0.9748,0.3451,23.8,2026-09-08T18:05:43Z,ACTIVE,forecast_composite,SIMULATED / PROTOTYPE ALERT
ALT-GRID-02882,REGIONAL_GRID_CELL,"Cell COARSE_C04693 (27.203N, 88.649E)",COARSE_C04693,East Sikkim,27.203,88.649,+48h,0.5644,High,HIGH,0.8099,0.3451,23.8,2026-09-08T18:05:43Z,ACTIVE,forecast_composite,SIMULATED / PROTOTYPE ALERT
ALT-GRID-02883,REGIONAL_GRID_CELL,"Cell COARSE_C04840 (27.204N, 88.595E)",COARSE_C04840,East Sikkim,27.204,88.595,+48h,0.5599,High,HIGH,0.7893,0.361,24.8,2026-09-08T18:05:43Z,ACTIVE,forecast_composite,SIMULATED / PROTOTYPE ALERT
ALT-GRID-02884,REGIONAL_GRID_CELL,"Cell COARSE_C04841 (27.204N, 88.596E)",COARSE_C04841,East Sikkim,27.204,88.596,+48h,0.5569,High,HIGH,0.7841,0.361,24.8,2026-09-08T18:05:43Z,ACTIVE,forecast_composite,SIMULATED / PROTOTYPE ALERT
ALT-GRID-02885,REGIONAL_GRID_CELL,"Cell COARSE_C04846 (27.204N, 88.601E)",COARSE_C04846,East Sikkim,27.204,88.601,+48h,0.6685,High,HIGH,0.9929,0.3451,23.8,2026-09-08T18:05:43Z,ACTIVE,forecast_composite,SIMULATED / PROTOTYPE ALERT
ALT-GRID-02886,REGIONAL_GRID_CELL,"Cell COARSE_C04849 (27.204N, 88.604E)",COARSE_C04849,East Sikkim,27.204,88.604,+48h,0.6695,High,HIGH,0.9947,0.3451,23.8,2026-09-08T18:05:43Z,ACTIVE,forecast_composite,SIMULATED / PROTOTYPE ALERT
ALT-GRID-02887,REGIONAL_GRID_CELL,"Cell COARSE_C04887 (27.204N, 88.642E)",COARSE_C04887,East Sikkim,27.204,88.642,+48h,0.6365,High,HIGH,0.9367,0.3451,23.8,2026-09-08T18:05:43Z,ACTIVE,forecast_composite,SIMULATED / PROTOTYPE ALERT
ALT-GRID-02888,REGIONAL_GRID_CELL,"Cell COARSE_C04889 (27.204N, 88.644E)",COARSE_C04889,East Sikkim,27.204,88.644,+48h,0.5778,High,HIGH,0.8335,0.3451,23.8,2026-09-08T18:05:43Z,ACTIVE,forecast_composite,SIMULATED / PROTOTYPE ALERT
ALT-GRID-02889,REGIONAL_GRID_CELL,"Cell COARSE_C04890 (27.204N, 88.645E)",COARSE_C04890,East Sikkim,27.204,88.645,+48h,0.6,High,HIGH,0.8725,0.3451,23.8,2026-09-08T18:05:43Z,ACTIVE,forecast_composite,SIMULATED / PROTOTYPE ALERT
ALT-GRID-02890,REGIONAL_GRID_CELL,"Cell COARSE_C04891 (27.204N, 88.646E)",COARSE_C04891,East Sikkim,27.204,88.646,+48h,0.6134,High,HIGH,0.8961,0.3451,23.8,2026-09-08T18:05:43Z,ACTIVE,forecast_composite,SIMULATED / PROTOTYPE ALERT
ALT-GRID-02891,REGIONAL_GRID_CELL,"Cell COARSE_C04892 (27.204N, 88.647E)",COARSE_C04892,East Sikkim,27.204,88.647,+48h,0.6241,High,HIGH,0.9148,0.3451,23.8,2026-09-08T18:05:43Z,ACTIVE,forecast_composite,SIMULATED / PROTOTYPE ALERT
ALT-GRID-02892,REGIONAL_GRID_CELL,"Cell COARSE_C04893 (27.204N, 88.648E)",COARSE_C04893,East Sikkim,27.204,88.648,+48h,0.5854,High,HIGH,0.8468,0.3451,23.8,2026-09-08T18:05:43Z,ACTIVE,forecast_composite,SIMULATED / PROTOTYPE ALERT
ALT-GRID-02893,REGIONAL_GRID_CELL,"Cell COARSE_C04894 (27.204N, 88.649E)",COARSE_C04894,East Sikkim,27.204,88.649,+48h,0.5784,High,HIGH,0.8345,0.3451,23.8,2026-09-08T18:05:43Z,ACTIVE,forecast_composite,SIMULATED / PROTOTYPE ALERT
ALT-GRID-02894,REGIONAL_GRID_CELL,"Cell COARSE_C04895 (27.204N, 88.650E)",COARSE_C04895,East Sikkim,27.204,88.65,+48h,0.5663,High,HIGH,0.8132,0.3451,23.8,2026-09-08T18:05:43Z,ACTIVE,forecast_composite,SIMULATED / PROTOTYPE ALERT
ALT-GRID-02895,REGIONAL_GRID_CELL,"Cell COARSE_C05028 (27.205N, 88.582E)",COARSE_C05028,East Sikkim,27.205,88.582,+48h,0.6532,High,HIGH,0.9524,0.361,24.8,2026-09-08T18:05:43Z,ACTIVE,forecast_composite,SIMULATED / PROTOTYPE ALERT
ALT-GRID-02896,REGIONAL_GRID_CELL,"Cell COARSE_C05042 (27.205N, 88.596E)",COARSE_C05042,East Sikkim,27.205,88.596,+48h,0.5528,High,HIGH,0.7768,0.361,24.8,2026-09-08T18:05:43Z,ACTIVE,forecast_composite,SIMULATED / PROTOTYPE ALERT
ALT-GRID-02897,REGIONAL_GRID_CELL,"Cell COARSE_C05048 (27.205N, 88.602E)",COARSE_C05048,East Sikkim,27.205,88.602,+48h,0.6672,High,HIGH,0.9906,0.3451,23.8,2026-09-08T18:05:43Z,ACTIVE,forecast_composite,SIMULATED / PROTOTYPE ALERT
ALT-GRID-02898,REGIONAL_GRID_CELL,"Cell COARSE_C05058 (27.205N, 88.612E)",COARSE_C05058,Pakyong,27.205,88.612,+48h,0.5574,High,HIGH,0.7977,0.3451,23.8,2026-09-08T18:05:43Z,ACTIVE,forecast_composite,SIMULATED / PROTOTYPE ALERT
ALT-GRID-02899,REGIONAL_GRID_CELL,"Cell COARSE_C05088 (27.205N, 88.642E)",COARSE_C05088,East Sikkim,27.205,88.642,+48h,0.6401,High,HIGH,0.9429,0.3451,23.8,2026-09-08T18:05:43Z,ACTIVE,forecast_composite,SIMULATED / PROTOTYPE ALERT
ALT-GRID-02900,REGIONAL_GRID_CELL,"Cell COARSE_C05089 (27.205N, 88.643E)",COARSE_C05089,East Sikkim,27.205,88.643,+48h,0.6006,High,HIGH,0.8735,0.3451,23.8,2026-09-08T18:05:43Z,ACTIVE,forecast_composite,SIMULATED / PROTOTYPE ALERT
ALT-GRID-02901,REGIONAL_GRID_CELL,"Cell COARSE_C05091 (27.205N, 88.645E)",COARSE_C05091,East Sikkim,27.205,88.645,+48h,0.5583,High,HIGH,0.7992,0.3451,23.8,2026-09-08T18:05:43Z,ACTIVE,forecast_composite,SIMULATED / PROTOTYPE ALERT
ALT-GRID-02902,REGIONAL_GRID_CELL,"Cell COARSE_C05092 (27.205N, 88.646E)",COARSE_C05092,East Sikkim,27.205,88.646,+48h,0.603,High,HIGH,0.8778,0.3451,23.8,2026-09-08T18:05:43Z,ACTIVE,forecast_composite,SIMULATED / PROTOTYPE ALERT
ALT-GRID-02903,REGIONAL_GRID_CELL,"Cell COARSE_C05093 (27.205N, 88.647E)",COARSE_C05093,East Sikkim,27.205,88.647,+48h,0.5938,High,HIGH,0.8615,0.3451,23.8,2026-09-08T18:05:43Z,ACTIVE,forecast_composite,SIMULATED / PROTOTYPE ALERT
ALT-GRID-02904,REGIONAL_GRID_CELL,"Cell COARSE_C05094 (27.205N, 88.648E)",COARSE_C05094,East Sikkim,27.205,88.648,+48h,0.5531,High,HIGH,0.79,0.3451,23.8,2026-09-08T18:05:43Z,ACTIVE,forecast_composite,SIMULATED / PROTOTYPE ALERT
ALT-GRID-02905,REGIONAL_GRID_CELL,"Cell COARSE_C05095 (27.205N, 88.649E)",COARSE_C05095,East Sikkim,27.205,88.649,+48h,0.589,High,HIGH,0.8531,0.3451,23.8,2026-09-08T18:05:43Z,ACTIVE,forecast_composite,SIMULATED / PROTOTYPE ALERT
ALT-GRID-02906,REGIONAL_GRID_CELL,"Cell COARSE_C05096 (27.205N, 88.650E)",COARSE_C05096,East Sikkim,27.205,88.65,+48h,0.6028,High,HIGH,0.8774,0.3451,23.8,2026-09-08T18:05:43Z,ACTIVE,forecast_composite,SIMULATED / PROTOTYPE ALERT
ALT-GRID-02907,REGIONAL_GRID_CELL,"Cell COARSE_C05241 (27.206N, 88.594E)",COARSE_C05241,East Sikkim,27.206,88.594,+48h,0.5802,High,HIGH,0.8248,0.361,24.8,2026-09-08T18:05:43Z,ACTIVE,forecast_composite,SIMULATED / PROTOTYPE ALERT
ALT-GRID-02908,REGIONAL_GRID_CELL,"Cell COARSE_C05255 (27.206N, 88.608E)",COARSE_C05255,Pakyong,27.206,88.608,+48h,0.6705,High,HIGH,0.9964,0.3451,23.8,2026-09-08T18:05:43Z,ACTIVE,forecast_composite,SIMULATED / PROTOTYPE ALERT
ALT-GRID-02909,REGIONAL_GRID_CELL,"Cell COARSE_C05257 (27.206N, 88.610E)",COARSE_C05257,Pakyong,27.206,88.61,+48h,0.6709,High,HIGH,0.9971,0.3451,23.8,2026-09-08T18:05:43Z,ACTIVE,forecast_composite,SIMULATED / PROTOTYPE ALERT
ALT-GRID-02910,REGIONAL_GRID_CELL,"Cell COARSE_C05291 (27.206N, 88.644E)",COARSE_C05291,East Sikkim,27.206,88.644,+48h,0.6421,High,HIGH,0.9465,0.3451,23.8,2026-09-08T18:05:43Z,ACTIVE,forecast_composite,SIMULATED / PROTOTYPE ALERT
ALT-GRID-02911,REGIONAL_GRID_CELL,"Cell COARSE_C05294 (27.206N, 88.647E)",COARSE_C05294,East Sikkim,27.206,88.647,+48h,0.5724,High,HIGH,0.8239,0.3451,23.8,2026-09-08T18:05:43Z,ACTIVE,forecast_composite,SIMULATED / PROTOTYPE ALERT
ALT-GRID-02912,REGIONAL_GRID_CELL,"Cell COARSE_C05295 (27.206N, 88.648E)",COARSE_C05295,East Sikkim,27.206,88.648,+48h,0.6104,High,HIGH,0.8908,0.3451,23.8,2026-09-08T18:05:43Z,ACTIVE,forecast_composite,SIMULATED / PROTOTYPE ALERT
ALT-GRID-02913,REGIONAL_GRID_CELL,"Cell COARSE_C05296 (27.206N, 88.649E)",COARSE_C05296,East Sikkim,27.206,88.649,+48h,0.5594,High,HIGH,0.8012,0.3451,23.8,2026-09-08T18:05:43Z,ACTIVE,forecast_composite,SIMULATED / PROTOTYPE ALERT
ALT-GRID-02914,REGIONAL_GRID_CELL,"Cell COARSE_C05297 (27.206N, 88.650E)",COARSE_C05297,East Sikkim,27.206,88.65,+48h,0.5974,High,HIGH,0.868,0.3451,23.8,2026-09-08T18:05:43Z,ACTIVE,forecast_composite,SIMULATED / PROTOTYPE ALERT
ALT-GRID-02915,REGIONAL_GRID_CELL,"Cell COARSE_C05441 (27.207N, 88.593E)",COARSE_C05441,East Sikkim,27.207,88.593,+48h,0.5699,High,HIGH,0.8067,0.361,24.8,2026-09-08T18:05:43Z,ACTIVE,forecast_composite,SIMULATED / PROTOTYPE ALERT
ALT-GRID-02916,REGIONAL_GRID_CELL,"Cell COARSE_C05442 (27.207N, 88.594E)",COARSE_C05442,East Sikkim,27.207,88.594,+48h,0.5728,High,HIGH,0.8118,0.361,24.8,2026-09-08T18:05:43Z,ACTIVE,forecast_composite,SIMULATED / PROTOTYPE ALERT
ALT-GRID-02917,REGIONAL_GRID_CELL,"Cell COARSE_C05452 (27.207N, 88.604E)",COARSE_C05452,East Sikkim,27.207,88.604,+48h,0.6695,High,HIGH,0.9946,0.3451,23.8,2026-09-08T18:05:43Z,ACTIVE,forecast_composite,SIMULATED / PROTOTYPE ALERT
ALT-GRID-02918,REGIONAL_GRID_CELL,"Cell COARSE_C05458 (27.207N, 88.610E)",COARSE_C05458,Pakyong,27.207,88.61,+48h,0.6482,High,HIGH,0.9572,0.3451,23.8,2026-09-08T18:05:43Z,ACTIVE,forecast_composite,SIMULATED / PROTOTYPE ALERT
ALT-GRID-02919,REGIONAL_GRID_CELL,"Cell COARSE_C05491 (27.207N, 88.643E)",COARSE_C05491,East Sikkim,27.207,88.643,+48h,0.607,High,HIGH,0.8847,0.3451,23.8,2026-09-08T18:05:43Z,ACTIVE,forecast_composite,SIMULATED / PROTOTYPE ALERT
ALT-GRID-02920,REGIONAL_GRID_CELL,"Cell COARSE_C05492 (27.207N, 88.644E)",COARSE_C05492,East Sikkim,27.207,88.644,+48h,0.5912,High,HIGH,0.857,0.3451,23.8,2026-09-08T18:05:43Z,ACTIVE,forecast_composite,SIMULATED / PROTOTYPE ALERT
ALT-GRID-02921,REGIONAL_GRID_CELL,"Cell COARSE_C05496 (27.207N, 88.648E)",COARSE_C05496,East Sikkim,27.207,88.648,+48h,0.6037,High,HIGH,0.879,0.3451,23.8,2026-09-08T18:05:43Z,ACTIVE,forecast_composite,SIMULATED / PROTOTYPE ALERT
ALT-GRID-02922,REGIONAL_GRID_CELL,"Cell COARSE_C05497 (27.207N, 88.649E)",COARSE_C05497,East Sikkim,27.207,88.649,+48h,0.5938,High,HIGH,0.8615,0.3451,23.8,2026-09-08T18:05:43Z,ACTIVE,forecast_composite,SIMULATED / PROTOTYPE ALERT
ALT-GRID-02923,REGIONAL_GRID_CELL,"Cell COARSE_C05498 (27.207N, 88.650E)",COARSE_C05498,East Sikkim,27.207,88.65,+48h,0.5984,High,HIGH,0.8696,0.3451,23.8,2026-09-08T18:05:43Z,ACTIVE,forecast_composite,SIMULATED / PROTOTYPE ALERT
ALT-GRID-02924,REGIONAL_GRID_CELL,"Cell COARSE_C05654 (27.208N, 88.605E)",COARSE_C05654,East Sikkim,27.208,88.605,+48h,0.669,High,HIGH,0.9938,0.3451,23.8,2026-09-08T18:05:43Z,ACTIVE,forecast_composite,SIMULATED / PROTOTYPE ALERT
ALT-GRID-02925,REGIONAL_GRID_CELL,"Cell COARSE_C05655 (27.208N, 88.606E)",COARSE_C05655,Pakyong,27.208,88.606,+48h,0.6688,High,HIGH,0.9934,0.3451,23.8,2026-09-08T18:05:43Z,ACTIVE,forecast_composite,SIMULATED / PROTOTYPE ALERT
ALT-GRID-02926,REGIONAL_GRID_CELL,"Cell COARSE_C05674 (27.208N, 88.625E)",COARSE_C05674,East Sikkim,27.208,88.625,+48h,0.594,High,HIGH,0.862,0.3451,23.8,2026-09-08T18:05:43Z,ACTIVE,forecast_composite,SIMULATED / PROTOTYPE ALERT
ALT-GRID-02927,REGIONAL_GRID_CELL,"Cell COARSE_C05692 (27.208N, 88.643E)",COARSE_C05692,East Sikkim,27.208,88.643,+48h,0.56,High,HIGH,0.8022,0.3451,23.8,2026-09-08T18:05:43Z,ACTIVE,forecast_composite,SIMULATED / PROTOTYPE ALERT
ALT-GRID-02928,REGIONAL_GRID_CELL,"Cell COARSE_C05693 (27.208N, 88.644E)",COARSE_C05693,East Sikkim,27.208,88.644,+48h,0.6003,High,HIGH,0.873,0.3451,23.8,2026-09-08T18:05:43Z,ACTIVE,forecast_composite,SIMULATED / PROTOTYPE ALERT
ALT-GRID-02929,REGIONAL_GRID_CELL,"Cell COARSE_C05694 (27.208N, 88.645E)",COARSE_C05694,East Sikkim,27.208,88.645,+48h,0.5662,High,HIGH,0.8131,0.3451,23.8,2026-09-08T18:05:43Z,ACTIVE,forecast_composite,SIMULATED / PROTOTYPE ALERT
ALT-GRID-02930,REGIONAL_GRID_CELL,"Cell COARSE_C05830 (27.209N, 88.580E)",COARSE_C05830,East Sikkim,27.209,88.58,+48h,0.55,High,HIGH,0.772,0.361,24.8,2026-09-08T18:05:43Z,ACTIVE,forecast_composite,SIMULATED / PROTOTYPE ALERT
ALT-GRID-02931,REGIONAL_GRID_CELL,"Cell COARSE_C05843 (27.209N, 88.593E)",COARSE_C05843,East Sikkim,27.209,88.593,+48h,0.6468,High,HIGH,0.9411,0.361,24.8,2026-09-08T18:05:43Z,ACTIVE,forecast_composite,SIMULATED / PROTOTYPE ALERT
ALT-GRID-02932,REGIONAL_GRID_CELL,"Cell COARSE_C05877 (27.209N, 88.627E)",COARSE_C05877,East Sikkim,27.209,88.627,+48h,0.6172,High,HIGH,0.9027,0.3451,23.8,2026-09-08T18:05:43Z,ACTIVE,forecast_composite,SIMULATED / PROTOTYPE ALERT
ALT-GRID-02933,REGIONAL_GRID_CELL,"Cell COARSE_C05890 (27.209N, 88.640E)",COARSE_C05890,East Sikkim,27.209,88.64,+48h,0.5595,High,HIGH,0.8013,0.3451,23.8,2026-09-08T18:05:43Z,ACTIVE,forecast_composite,SIMULATED / PROTOTYPE ALERT
ALT-GRID-02934,REGIONAL_GRID_CELL,"Cell COARSE_C05891 (27.209N, 88.641E)",COARSE_C05891,East Sikkim,27.209,88.641,+48h,0.5589,High,HIGH,0.8002,0.3451,23.8,2026-09-08T18:05:43Z,ACTIVE,forecast_composite,SIMULATED / PROTOTYPE ALERT
ALT-GRID-02935,REGIONAL_GRID_CELL,"Cell COARSE_C05892 (27.209N, 88.642E)",COARSE_C05892,East Sikkim,27.209,88.642,+48h,0.5683,High,HIGH,0.8168,0.3451,23.8,2026-09-08T18:05:43Z,ACTIVE,forecast_composite,SIMULATED / PROTOTYPE ALERT
ALT-GRID-02936,REGIONAL_GRID_CELL,"Cell COARSE_C05893 (27.209N, 88.643E)",COARSE_C05893,East Sikkim,27.209,88.643,+48h,0.603,High,HIGH,0.8777,0.3451,23.8,2026-09-08T18:05:43Z,ACTIVE,forecast_composite,SIMULATED / PROTOTYPE ALERT
ALT-GRID-02937,REGIONAL_GRID_CELL,"Cell COARSE_C05894 (27.209N, 88.644E)",COARSE_C05894,East Sikkim,27.209,88.644,+48h,0.5657,High,HIGH,0.8122,0.3451,23.8,2026-09-08T18:05:43Z,ACTIVE,forecast_composite,SIMULATED / PROTOTYPE ALERT
ALT-GRID-02938,REGIONAL_GRID_CELL,"Cell COARSE_C05895 (27.209N, 88.645E)",COARSE_C05895,East Sikkim,27.209,88.645,+48h,0.5972,High,HIGH,0.8675,0.3451,23.8,2026-09-08T18:05:43Z,ACTIVE,forecast_composite,SIMULATED / PROTOTYPE ALERT
ALT-GRID-02939,REGIONAL_GRID_CELL,"Cell COARSE_C05897 (27.209N, 88.647E)",COARSE_C05897,East Sikkim,27.209,88.647,+48h,0.6528,High,HIGH,0.9652,0.3451,23.8,2026-09-08T18:05:43Z,ACTIVE,forecast_composite,SIMULATED / PROTOTYPE ALERT
ALT-GRID-02940,REGIONAL_GRID_CELL,"Cell COARSE_C06031 (27.210N, 88.580E)",COARSE_C06031,East Sikkim,27.21,88.58,+48h,0.5528,High,HIGH,0.7769,0.361,24.8,2026-09-08T18:05:43Z,ACTIVE,forecast_composite,SIMULATED / PROTOTYPE ALERT
ALT-GRID-02941,REGIONAL_GRID_CELL,"Cell COARSE_C06058 (27.210N, 88.607E)",COARSE_C06058,Pakyong,27.21,88.607,+48h,0.67,High,HIGH,0.9955,0.3451,23.8,2026-09-08T18:05:43Z,ACTIVE,forecast_composite,SIMULATED / PROTOTYPE ALERT
ALT-GRID-02942,REGIONAL_GRID_CELL,"Cell COARSE_C06076 (27.210N, 88.625E)",COARSE_C06076,East Sikkim,27.21,88.625,+48h,0.5945,High,HIGH,0.8629,0.3451,23.8,2026-09-08T18:05:43Z,ACTIVE,forecast_composite,SIMULATED / PROTOTYPE ALERT
ALT-GRID-02943,REGIONAL_GRID_CELL,"Cell COARSE_C06079 (27.210N, 88.628E)",COARSE_C06079,East Sikkim,27.21,88.628,+48h,0.6046,High,HIGH,0.8806,0.3451,23.8,2026-09-08T18:05:43Z,ACTIVE,forecast_composite,SIMULATED / PROTOTYPE ALERT
ALT-GRID-02944,REGIONAL_GRID_CELL,"Cell COARSE_C06093 (27.210N, 88.642E)",COARSE_C06093,East Sikkim,27.21,88.642,+48h,0.5561,High,HIGH,0.7954,0.3451,23.8,2026-09-08T18:05:43Z,ACTIVE,forecast_composite,SIMULATED / PROTOTYPE ALERT
ALT-GRID-02945,REGIONAL_GRID_CELL,"Cell COARSE_C06094 (27.210N, 88.643E)",COARSE_C06094,East Sikkim,27.21,88.643,+48h,0.5603,High,HIGH,0.8028,0.3451,23.8,2026-09-08T18:05:43Z,ACTIVE,forecast_composite,SIMULATED / PROTOTYPE ALERT
ALT-GRID-02946,REGIONAL_GRID_CELL,"Cell COARSE_C06095 (27.210N, 88.644E)",COARSE_C06095,East Sikkim,27.21,88.644,+48h,0.5504,High,HIGH,0.7854,0.3451,23.8,2026-09-08T18:05:43Z,ACTIVE,forecast_composite,SIMULATED / PROTOTYPE ALERT
ALT-GRID-02947,REGIONAL_GRID_CELL,"Cell COARSE_C06096 (27.210N, 88.645E)",COARSE_C06096,East Sikkim,27.21,88.645,+48h,0.5826,High,HIGH,0.8419,0.3451,23.8,2026-09-08T18:05:43Z,ACTIVE,forecast_composite,SIMULATED / PROTOTYPE ALERT
ALT-GRID-02948,REGIONAL_GRID_CELL,"Cell COARSE_C06097 (27.210N, 88.646E)",COARSE_C06097,East Sikkim,27.21,88.646,+48h,0.6101,High,HIGH,0.8902,0.3451,23.8,2026-09-08T18:05:43Z,ACTIVE,forecast_composite,SIMULATED / PROTOTYPE ALERT
ALT-GRID-02949,REGIONAL_GRID_CELL,"Cell COARSE_C06098 (27.210N, 88.647E)",COARSE_C06098,East Sikkim,27.21,88.647,+48h,0.5705,High,HIGH,0.8207,0.3451,23.8,2026-09-08T18:05:43Z,ACTIVE,forecast_composite,SIMULATED / PROTOTYPE ALERT
ALT-GRID-02950,REGIONAL_GRID_CELL,"Cell COARSE_C06100 (27.210N, 88.649E)",COARSE_C06100,East Sikkim,27.21,88.649,+48h,0.5574,High,HIGH,0.7977,0.3451,23.8,2026-09-08T18:05:43Z,ACTIVE,forecast_composite,SIMULATED / PROTOTYPE ALERT
ALT-GRID-02951,REGIONAL_GRID_CELL,"Cell COARSE_C06101 (27.210N, 88.650E)",COARSE_C06101,East Sikkim,27.21,88.65,+48h,0.6523,High,HIGH,0.9644,0.3451,23.8,2026-09-08T18:05:43Z,ACTIVE,forecast_composite,SIMULATED / PROTOTYPE ALERT
ALT-GRID-02952,REGIONAL_GRID_CELL,"Cell COARSE_C06240 (27.211N, 88.588E)",COARSE_C06240,East Sikkim,27.211,88.588,+48h,0.568,High,HIGH,0.8035,0.361,24.8,2026-09-08T18:05:43Z,ACTIVE,forecast_composite,SIMULATED / PROTOTYPE ALERT
ALT-GRID-02953,REGIONAL_GRID_CELL,"Cell COARSE_C06260 (27.211N, 88.608E)",COARSE_C06260,Pakyong,27.211,88.608,+48h,0.6684,High,HIGH,0.9927,0.3451,23.8,2026-09-08T18:05:43Z,ACTIVE,forecast_composite,SIMULATED / PROTOTYPE ALERT
ALT-GRID-02954,REGIONAL_GRID_CELL,"Cell COARSE_C06277 (27.211N, 88.625E)",COARSE_C06277,East Sikkim,27.211,88.625,+48h,0.5894,High,HIGH,0.8539,0.3451,23.8,2026-09-08T18:05:43Z,ACTIVE,forecast_composite,SIMULATED / PROTOTYPE ALERT
ALT-GRID-02955,REGIONAL_GRID_CELL,"Cell COARSE_C06295 (27.211N, 88.643E)",COARSE_C06295,East Sikkim,27.211,88.643,+48h,0.5516,High,HIGH,0.7875,0.3451,23.8,2026-09-08T18:05:43Z,ACTIVE,forecast_composite,SIMULATED / PROTOTYPE ALERT
ALT-GRID-02956,REGIONAL_GRID_CELL,"Cell COARSE_C06296 (27.211N, 88.644E)",COARSE_C06296,East Sikkim,27.211,88.644,+48h,0.5685,High,HIGH,0.8172,0.3451,23.8,2026-09-08T18:05:43Z,ACTIVE,forecast_composite,SIMULATED / PROTOTYPE ALERT
ALT-GRID-02957,REGIONAL_GRID_CELL,"Cell COARSE_C06297 (27.211N, 88.645E)",COARSE_C06297,East Sikkim,27.211,88.645,+48h,0.5726,High,HIGH,0.8243,0.3451,23.8,2026-09-08T18:05:43Z,ACTIVE,forecast_composite,SIMULATED / PROTOTYPE ALERT
ALT-GRID-02958,REGIONAL_GRID_CELL,"Cell COARSE_C06298 (27.211N, 88.646E)",COARSE_C06298,East Sikkim,27.211,88.646,+48h,0.582,High,HIGH,0.8408,0.3451,23.8,2026-09-08T18:05:43Z,ACTIVE,forecast_composite,SIMULATED / PROTOTYPE ALERT
ALT-GRID-02959,REGIONAL_GRID_CELL,"Cell COARSE_C06299 (27.211N, 88.647E)",COARSE_C06299,East Sikkim,27.211,88.647,+48h,0.6056,High,HIGH,0.8824,0.3451,23.8,2026-09-08T18:05:43Z,ACTIVE,forecast_composite,SIMULATED / PROTOTYPE ALERT
ALT-GRID-02960,REGIONAL_GRID_CELL,"Cell COARSE_C06300 (27.211N, 88.648E)",COARSE_C06300,East Sikkim,27.211,88.648,+48h,0.597,High,HIGH,0.8672,0.3451,23.8,2026-09-08T18:05:43Z,ACTIVE,forecast_composite,SIMULATED / PROTOTYPE ALERT
ALT-GRID-02961,REGIONAL_GRID_CELL,"Cell COARSE_C06301 (27.211N, 88.649E)",COARSE_C06301,East Sikkim,27.211,88.649,+48h,0.5516,High,HIGH,0.7875,0.3451,23.8,2026-09-08T18:05:43Z,ACTIVE,forecast_composite,SIMULATED / PROTOTYPE ALERT
ALT-GRID-02962,REGIONAL_GRID_CELL,"Cell COARSE_C06302 (27.211N, 88.650E)",COARSE_C06302,East Sikkim,27.211,88.65,+48h,0.5893,High,HIGH,0.8537,0.3451,23.8,2026-09-08T18:05:43Z,ACTIVE,forecast_composite,SIMULATED / PROTOTYPE ALERT
ALT-GRID-02963,REGIONAL_GRID_CELL,"Cell COARSE_C06433 (27.212N, 88.580E)",COARSE_C06433,East Sikkim,27.212,88.58,+48h,0.5799,High,HIGH,0.8243,0.361,24.8,2026-09-08T18:05:43Z,ACTIVE,forecast_composite,SIMULATED / PROTOTYPE ALERT
ALT-GRID-02964,REGIONAL_GRID_CELL,"Cell COARSE_C06434 (27.212N, 88.581E)",COARSE_C06434,East Sikkim,27.212,88.581,+48h,0.5529,High,HIGH,0.7771,0.361,24.8,2026-09-08T18:05:43Z,ACTIVE,forecast_composite,SIMULATED / PROTOTYPE ALERT
ALT-GRID-02965,REGIONAL_GRID_CELL,"Cell COARSE_C06435 (27.212N, 88.582E)",COARSE_C06435,East Sikkim,27.212,88.582,+48h,0.5538,High,HIGH,0.7786,0.361,24.8,2026-09-08T18:05:43Z,ACTIVE,forecast_composite,SIMULATED / PROTOTYPE ALERT
ALT-GRID-02966,REGIONAL_GRID_CELL,"Cell COARSE_C06441 (27.212N, 88.588E)",COARSE_C06441,East Sikkim,27.212,88.588,+48h,0.5874,High,HIGH,0.8373,0.361,24.8,2026-09-08T18:05:43Z,ACTIVE,forecast_composite,SIMULATED / PROTOTYPE ALERT
ALT-GRID-02967,REGIONAL_GRID_CELL,"Cell COARSE_C06455 (27.212N, 88.602E)",COARSE_C06455,Pakyong,27.212,88.602,+48h,0.6251,High,HIGH,0.9166,0.3451,23.8,2026-09-08T18:05:43Z,ACTIVE,forecast_composite,SIMULATED / PROTOTYPE ALERT
ALT-GRID-02968,REGIONAL_GRID_CELL,"Cell COARSE_C06458 (27.212N, 88.605E)",COARSE_C06458,Pakyong,27.212,88.605,+48h,0.6695,High,HIGH,0.9946,0.3451,23.8,2026-09-08T18:05:43Z,ACTIVE,forecast_composite,SIMULATED / PROTOTYPE ALERT
ALT-GRID-02969,REGIONAL_GRID_CELL,"Cell COARSE_C06461 (27.212N, 88.608E)",COARSE_C06461,Pakyong,27.212,88.608,+48h,0.6693,High,HIGH,0.9943,0.3451,23.8,2026-09-08T18:05:43Z,ACTIVE,forecast_composite,SIMULATED / PROTOTYPE ALERT
ALT-GRID-02970,REGIONAL_GRID_CELL,"Cell COARSE_C06499 (27.212N, 88.646E)",COARSE_C06499,East Sikkim,27.212,88.646,+48h,0.5742,High,HIGH,0.8272,0.3451,23.8,2026-09-08T18:05:43Z,ACTIVE,forecast_composite,SIMULATED / PROTOTYPE ALERT
ALT-GRID-02971,REGIONAL_GRID_CELL,"Cell COARSE_C06500 (27.212N, 88.647E)",COARSE_C06500,East Sikkim,27.212,88.647,+48h,0.5642,High,HIGH,0.8096,0.3451,23.8,2026-09-08T18:05:43Z,ACTIVE,forecast_composite,SIMULATED / PROTOTYPE ALERT
ALT-GRID-02972,REGIONAL_GRID_CELL,"Cell COARSE_C06501 (27.212N, 88.648E)",COARSE_C06501,East Sikkim,27.212,88.648,+48h,0.5775,High,HIGH,0.8329,0.3451,23.8,2026-09-08T18:05:43Z,ACTIVE,forecast_composite,SIMULATED / PROTOTYPE ALERT
ALT-GRID-02973,REGIONAL_GRID_CELL,"Cell COARSE_C06502 (27.212N, 88.649E)",COARSE_C06502,East Sikkim,27.212,88.649,+48h,0.5844,High,HIGH,0.845,0.3451,23.8,2026-09-08T18:05:43Z,ACTIVE,forecast_composite,SIMULATED / PROTOTYPE ALERT
ALT-GRID-02974,REGIONAL_GRID_CELL,"Cell COARSE_C06503 (27.212N, 88.650E)",COARSE_C06503,East Sikkim,27.212,88.65,+48h,0.6084,High,HIGH,0.8872,0.3451,23.8,2026-09-08T18:05:43Z,ACTIVE,forecast_composite,SIMULATED / PROTOTYPE ALERT
ALT-GRID-02975,REGIONAL_GRID_CELL,"Cell COARSE_C06634 (27.213N, 88.580E)",COARSE_C06634,East Sikkim,27.213,88.58,+48h,0.6026,High,HIGH,0.8639,0.361,24.8,2026-09-08T18:05:43Z,ACTIVE,forecast_composite,SIMULATED / PROTOTYPE ALERT
ALT-GRID-02976,REGIONAL_GRID_CELL,"Cell COARSE_C06635 (27.213N, 88.581E)",COARSE_C06635,East Sikkim,27.213,88.581,+48h,0.5695,High,HIGH,0.806,0.361,24.8,2026-09-08T18:05:43Z,ACTIVE,forecast_composite,SIMULATED / PROTOTYPE ALERT
ALT-GRID-02977,REGIONAL_GRID_CELL,"Cell COARSE_C06636 (27.213N, 88.582E)",COARSE_C06636,East Sikkim,27.213,88.582,+48h,0.5643,High,HIGH,0.7969,0.361,24.8,2026-09-08T18:05:43Z,ACTIVE,forecast_composite,SIMULATED / PROTOTYPE ALERT
ALT-GRID-02978,REGIONAL_GRID_CELL,"Cell COARSE_C06637 (27.213N, 88.583E)",COARSE_C06637,East Sikkim,27.213,88.583,+48h,0.5604,High,HIGH,0.7901,0.361,24.8,2026-09-08T18:05:43Z,ACTIVE,forecast_composite,SIMULATED / PROTOTYPE ALERT
ALT-GRID-02979,REGIONAL_GRID_CELL,"Cell COARSE_C06639 (27.213N, 88.585E)",COARSE_C06639,East Sikkim,27.213,88.585,+48h,0.5858,High,HIGH,0.8345,0.361,24.8,2026-09-08T18:05:43Z,ACTIVE,forecast_composite,SIMULATED / PROTOTYPE ALERT
ALT-GRID-02980,REGIONAL_GRID_CELL,"Cell COARSE_C06642 (27.213N, 88.588E)",COARSE_C06642,East Sikkim,27.213,88.588,+48h,0.568,High,HIGH,0.8035,0.361,24.8,2026-09-08T18:05:43Z,ACTIVE,forecast_composite,SIMULATED / PROTOTYPE ALERT
ALT-GRID-02981,REGIONAL_GRID_CELL,"Cell COARSE_C06647 (27.213N, 88.593E)",COARSE_C06647,East Sikkim,27.213,88.593,+48h,0.6471,High,HIGH,0.9416,0.361,24.8,2026-09-08T18:05:43Z,ACTIVE,forecast_composite,SIMULATED / PROTOTYPE ALERT
ALT-GRID-02982,REGIONAL_GRID_CELL,"Cell COARSE_C06663 (27.213N, 88.609E)",COARSE_C06663,Pakyong,27.213,88.609,+48h,0.6699,High,HIGH,0.9953,0.3451,23.8,2026-09-08T18:05:43Z,ACTIVE,forecast_composite,SIMULATED / PROTOTYPE ALERT
ALT-GRID-02983,REGIONAL_GRID_CELL,"Cell COARSE_C06687 (27.213N, 88.633E)",COARSE_C06687,East Sikkim,27.213,88.633,+48h,0.6699,High,HIGH,0.9954,0.3451,23.8,2026-09-08T18:05:43Z,ACTIVE,forecast_composite,SIMULATED / PROTOTYPE ALERT
ALT-GRID-02984,REGIONAL_GRID_CELL,"Cell COARSE_C06700 (27.213N, 88.646E)",COARSE_C06700,East Sikkim,27.213,88.646,+48h,0.5816,High,HIGH,0.8401,0.3451,23.8,2026-09-08T18:05:43Z,ACTIVE,forecast_composite,SIMULATED / PROTOTYPE ALERT
ALT-GRID-02985,REGIONAL_GRID_CELL,"Cell COARSE_C06701 (27.213N, 88.647E)",COARSE_C06701,East Sikkim,27.213,88.647,+48h,0.5613,High,HIGH,0.8045,0.3451,23.8,2026-09-08T18:05:43Z,ACTIVE,forecast_composite,SIMULATED / PROTOTYPE ALERT
ALT-GRID-02986,REGIONAL_GRID_CELL,"Cell COARSE_C06702 (27.213N, 88.648E)",COARSE_C06702,East Sikkim,27.213,88.648,+48h,0.5868,High,HIGH,0.8493,0.3451,23.8,2026-09-08T18:05:43Z,ACTIVE,forecast_composite,SIMULATED / PROTOTYPE ALERT
ALT-GRID-02987,REGIONAL_GRID_CELL,"Cell COARSE_C06704 (27.213N, 88.650E)",COARSE_C06704,East Sikkim,27.213,88.65,+48h,0.5899,High,HIGH,0.8547,0.3451,23.8,2026-09-08T18:05:43Z,ACTIVE,forecast_composite,SIMULATED / PROTOTYPE ALERT
ALT-GRID-02988,REGIONAL_GRID_CELL,"Cell COARSE_C06835 (27.214N, 88.580E)",COARSE_C06835,East Sikkim,27.214,88.58,+48h,0.5698,High,HIGH,0.8065,0.361,24.8,2026-09-08T18:05:43Z,ACTIVE,forecast_composite,SIMULATED / PROTOTYPE ALERT
ALT-GRID-02989,REGIONAL_GRID_CELL,"Cell COARSE_C06836 (27.214N, 88.581E)",COARSE_C06836,East Sikkim,27.214,88.581,+48h,0.5772,High,HIGH,0.8195,0.361,24.8,2026-09-08T18:05:43Z,ACTIVE,forecast_composite,SIMULATED / PROTOTYPE ALERT
ALT-GRID-02990,REGIONAL_GRID_CELL,"Cell COARSE_C06837 (27.214N, 88.582E)",COARSE_C06837,East Sikkim,27.214,88.582,+48h,0.5716,High,HIGH,0.8097,0.361,24.8,2026-09-08T18:05:43Z,ACTIVE,forecast_composite,SIMULATED / PROTOTYPE ALERT
ALT-GRID-02991,REGIONAL_GRID_CELL,"Cell COARSE_C06838 (27.214N, 88.583E)",COARSE_C06838,East Sikkim,27.214,88.583,+48h,0.5583,High,HIGH,0.7865,0.361,24.8,2026-09-08T18:05:43Z,ACTIVE,forecast_composite,SIMULATED / PROTOTYPE ALERT
ALT-GRID-02992,REGIONAL_GRID_CELL,"Cell COARSE_C06839 (27.214N, 88.584E)",COARSE_C06839,East Sikkim,27.214,88.584,+48h,0.565,High,HIGH,0.7982,0.361,24.8,2026-09-08T18:05:43Z,ACTIVE,forecast_composite,SIMULATED / PROTOTYPE ALERT
ALT-GRID-02993,REGIONAL_GRID_CELL,"Cell COARSE_C06840 (27.214N, 88.585E)",COARSE_C06840,East Sikkim,27.214,88.585,+48h,0.5509,High,HIGH,0.7736,0.361,24.8,2026-09-08T18:05:43Z,ACTIVE,forecast_composite,SIMULATED / PROTOTYPE ALERT
ALT-GRID-02994,REGIONAL_GRID_CELL,"Cell COARSE_C06863 (27.214N, 88.608E)",COARSE_C06863,Pakyong,27.214,88.608,+48h,0.6408,High,HIGH,0.9441,0.3451,23.8,2026-09-08T18:05:43Z,ACTIVE,forecast_composite,SIMULATED / PROTOTYPE ALERT
ALT-GRID-02995,REGIONAL_GRID_CELL,"Cell COARSE_C06873 (27.214N, 88.618E)",COARSE_C06873,East Sikkim,27.214,88.618,+48h,0.6186,High,HIGH,0.9052,0.3451,23.8,2026-09-08T18:05:43Z,ACTIVE,forecast_composite,SIMULATED / PROTOTYPE ALERT
ALT-GRID-02996,REGIONAL_GRID_CELL,"Cell COARSE_C06890 (27.214N, 88.635E)",COARSE_C06890,East Sikkim,27.214,88.635,+48h,0.6674,High,HIGH,0.991,0.3451,23.8,2026-09-08T18:05:43Z,ACTIVE,forecast_composite,SIMULATED / PROTOTYPE ALERT
ALT-GRID-02997,REGIONAL_GRID_CELL,"Cell COARSE_C06900 (27.214N, 88.645E)",COARSE_C06900,East Sikkim,27.214,88.645,+48h,0.5692,High,HIGH,0.8184,0.3451,23.8,2026-09-08T18:05:43Z,ACTIVE,forecast_composite,SIMULATED / PROTOTYPE ALERT
ALT-GRID-02998,REGIONAL_GRID_CELL,"Cell COARSE_C06901 (27.214N, 88.646E)",COARSE_C06901,East Sikkim,27.214,88.646,+48h,0.5533,High,HIGH,0.7905,0.3451,23.8,2026-09-08T18:05:43Z,ACTIVE,forecast_composite,SIMULATED / PROTOTYPE ALERT
ALT-GRID-02999,REGIONAL_GRID_CELL,"Cell COARSE_C06902 (27.214N, 88.647E)",COARSE_C06902,East Sikkim,27.214,88.647,+48h,0.5741,High,HIGH,0.8269,0.3451,23.8,2026-09-08T18:05:43Z,ACTIVE,forecast_composite,SIMULATED / PROTOTYPE ALERT
ALT-GRID-03000,REGIONAL_GRID_CELL,"Cell COARSE_C06903 (27.214N, 88.648E)",COARSE_C06903,East Sikkim,27.214,88.648,+48h,0.5938,High,HIGH,0.8616,0.3451,23.8,2026-09-08T18:05:43Z,ACTIVE,forecast_composite,SIMULATED / PROTOTYPE ALERT
ALT-GRID-03001,REGIONAL_GRID_CELL,"Cell COARSE_C06904 (27.214N, 88.649E)",COARSE_C06904,East Sikkim,27.214,88.649,+48h,0.6004,High,HIGH,0.8732,0.3451,23.8,2026-09-08T18:05:43Z,ACTIVE,forecast_composite,SIMULATED / PROTOTYPE ALERT
ALT-GRID-03002,REGIONAL_GRID_CELL,"Cell COARSE_C06905 (27.214N, 88.650E)",COARSE_C06905,East Sikkim,27.214,88.65,+48h,0.584,High,HIGH,0.8444,0.3451,23.8,2026-09-08T18:05:43Z,ACTIVE,forecast_composite,SIMULATED / PROTOTYPE ALERT
ALT-GRID-03003,REGIONAL_GRID_CELL,"Cell COARSE_C07036 (27.215N, 88.580E)",COARSE_C07036,East Sikkim,27.215,88.58,+48h,0.5825,High,HIGH,0.8287,0.361,24.8,2026-09-08T18:05:43Z,ACTIVE,forecast_composite,SIMULATED / PROTOTYPE ALERT
ALT-GRID-03004,REGIONAL_GRID_CELL,"Cell COARSE_C07038 (27.215N, 88.582E)",COARSE_C07038,East Sikkim,27.215,88.582,+48h,0.593,High,HIGH,0.8472,0.361,24.8,2026-09-08T18:05:43Z,ACTIVE,forecast_composite,SIMULATED / PROTOTYPE ALERT
ALT-GRID-03005,REGIONAL_GRID_CELL,"Cell COARSE_C07040 (27.215N, 88.584E)",COARSE_C07040,East Sikkim,27.215,88.584,+48h,0.552,High,HIGH,0.7754,0.361,24.8,2026-09-08T18:05:43Z,ACTIVE,forecast_composite,SIMULATED / PROTOTYPE ALERT
ALT-GRID-03006,REGIONAL_GRID_CELL,"Cell COARSE_C07042 (27.215N, 88.586E)",COARSE_C07042,East Sikkim,27.215,88.586,+48h,0.5651,High,HIGH,0.7984,0.361,24.8,2026-09-08T18:05:43Z,ACTIVE,forecast_composite,SIMULATED / PROTOTYPE ALERT
ALT-GRID-03007,REGIONAL_GRID_CELL,"Cell COARSE_C07064 (27.215N, 88.608E)",COARSE_C07064,East Sikkim,27.215,88.608,+48h,0.6592,High,HIGH,0.9765,0.3451,23.8,2026-09-08T18:05:43Z,ACTIVE,forecast_composite,SIMULATED / PROTOTYPE ALERT
ALT-GRID-03008,REGIONAL_GRID_CELL,"Cell COARSE_C07065 (27.215N, 88.609E)",COARSE_C07065,East Sikkim,27.215,88.609,+48h,0.6437,High,HIGH,0.9493,0.3451,23.8,2026-09-08T18:05:43Z,ACTIVE,forecast_composite,SIMULATED / PROTOTYPE ALERT
ALT-GRID-03009,REGIONAL_GRID_CELL,"Cell COARSE_C07101 (27.215N, 88.645E)",COARSE_C07101,East Sikkim,27.215,88.645,+48h,0.5606,High,HIGH,0.8033,0.3451,23.8,2026-09-08T18:05:43Z,ACTIVE,forecast_composite,SIMULATED / PROTOTYPE ALERT
ALT-GRID-03010,REGIONAL_GRID_CELL,"Cell COARSE_C07102 (27.215N, 88.646E)",COARSE_C07102,East Sikkim,27.215,88.646,+48h,0.5528,High,HIGH,0.7896,0.3451,23.8,2026-09-08T18:05:43Z,ACTIVE,forecast_composite,SIMULATED / PROTOTYPE ALERT
ALT-GRID-03011,REGIONAL_GRID_CELL,"Cell COARSE_C07103 (27.215N, 88.647E)",COARSE_C07103,East Sikkim,27.215,88.647,+48h,0.5551,High,HIGH,0.7935,0.3451,23.8,2026-09-08T18:05:43Z,ACTIVE,forecast_composite,SIMULATED / PROTOTYPE ALERT
ALT-GRID-03012,REGIONAL_GRID_CELL,"Cell COARSE_C07104 (27.215N, 88.648E)",COARSE_C07104,East Sikkim,27.215,88.648,+48h,0.5708,High,HIGH,0.8212,0.3451,23.8,2026-09-08T18:05:43Z,ACTIVE,forecast_composite,SIMULATED / PROTOTYPE ALERT
ALT-GRID-03013,REGIONAL_GRID_CELL,"Cell COARSE_C07105 (27.215N, 88.649E)",COARSE_C07105,East Sikkim,27.215,88.649,+48h,0.6198,High,HIGH,0.9072,0.3451,23.8,2026-09-08T18:05:43Z,ACTIVE,forecast_composite,SIMULATED / PROTOTYPE ALERT
ALT-GRID-03014,REGIONAL_GRID_CELL,"Cell COARSE_C07106 (27.215N, 88.650E)",COARSE_C07106,East Sikkim,27.215,88.65,+48h,0.5747,High,HIGH,0.8281,0.3451,23.8,2026-09-08T18:05:43Z,ACTIVE,forecast_composite,SIMULATED / PROTOTYPE ALERT
ALT-GRID-03015,REGIONAL_GRID_CELL,"Cell COARSE_C07237 (27.216N, 88.580E)",COARSE_C07237,East Sikkim,27.216,88.58,+48h,0.5571,High,HIGH,0.7843,0.361,24.8,2026-09-08T18:05:43Z,ACTIVE,forecast_composite,SIMULATED / PROTOTYPE ALERT
ALT-GRID-03016,REGIONAL_GRID_CELL,"Cell COARSE_C07241 (27.216N, 88.584E)",COARSE_C07241,East Sikkim,27.216,88.584,+48h,0.576,High,HIGH,0.8174,0.361,24.8,2026-09-08T18:05:43Z,ACTIVE,forecast_composite,SIMULATED / PROTOTYPE ALERT
ALT-GRID-03017,REGIONAL_GRID_CELL,"Cell COARSE_C07242 (27.216N, 88.585E)",COARSE_C07242,East Sikkim,27.216,88.585,+48h,0.5615,High,HIGH,0.7921,0.361,24.8,2026-09-08T18:05:43Z,ACTIVE,forecast_composite,SIMULATED / PROTOTYPE ALERT
ALT-GRID-03018,REGIONAL_GRID_CELL,"Cell COARSE_C07302 (27.216N, 88.645E)",COARSE_C07302,East Sikkim,27.216,88.645,+48h,0.553,High,HIGH,0.7899,0.3451,23.8,2026-09-08T18:05:43Z,ACTIVE,forecast_composite,SIMULATED / PROTOTYPE ALERT
ALT-GRID-03019,REGIONAL_GRID_CELL,"Cell COARSE_C07304 (27.216N, 88.647E)",COARSE_C07304,East Sikkim,27.216,88.647,+48h,0.59,High,HIGH,0.8549,0.3451,23.8,2026-09-08T18:05:43Z,ACTIVE,forecast_composite,SIMULATED / PROTOTYPE ALERT
ALT-GRID-03020,REGIONAL_GRID_CELL,"Cell COARSE_C07305 (27.216N, 88.648E)",COARSE_C07305,East Sikkim,27.216,88.648,+48h,0.5648,High,HIGH,0.8107,0.3451,23.8,2026-09-08T18:05:43Z,ACTIVE,forecast_composite,SIMULATED / PROTOTYPE ALERT
ALT-GRID-03021,REGIONAL_GRID_CELL,"Cell COARSE_C07306 (27.216N, 88.649E)",COARSE_C07306,East Sikkim,27.216,88.649,+48h,0.6113,High,HIGH,0.8923,0.3451,23.8,2026-09-08T18:05:43Z,ACTIVE,forecast_composite,SIMULATED / PROTOTYPE ALERT
ALT-GRID-03022,REGIONAL_GRID_CELL,"Cell COARSE_C07307 (27.216N, 88.650E)",COARSE_C07307,East Sikkim,27.216,88.65,+48h,0.5908,High,HIGH,0.8564,0.3451,23.8,2026-09-08T18:05:43Z,ACTIVE,forecast_composite,SIMULATED / PROTOTYPE ALERT
ALT-GRID-03023,REGIONAL_GRID_CELL,"Cell COARSE_C07442 (27.217N, 88.584E)",COARSE_C07442,East Sikkim,27.217,88.584,+48h,0.5782,High,HIGH,0.8213,0.361,24.8,2026-09-08T18:05:43Z,ACTIVE,forecast_composite,SIMULATED / PROTOTYPE ALERT
ALT-GRID-03024,REGIONAL_GRID_CELL,"Cell COARSE_C07443 (27.217N, 88.585E)",COARSE_C07443,East Sikkim,27.217,88.585,+48h,0.5676,High,HIGH,0.8028,0.361,24.8,2026-09-08T18:05:43Z,ACTIVE,forecast_composite,SIMULATED / PROTOTYPE ALERT
ALT-GRID-03025,REGIONAL_GRID_CELL,"Cell COARSE_C07458 (27.217N, 88.600E)",COARSE_C07458,East Sikkim,27.217,88.6,+48h,0.6466,High,HIGH,0.9408,0.361,24.8,2026-09-08T18:05:43Z,ACTIVE,forecast_composite,SIMULATED / PROTOTYPE ALERT
ALT-GRID-03026,REGIONAL_GRID_CELL,"Cell COARSE_C07460 (27.217N, 88.602E)",COARSE_C07460,East Sikkim,27.217,88.602,+48h,0.669,High,HIGH,0.9938,0.3451,23.8,2026-09-08T18:05:43Z,ACTIVE,forecast_composite,SIMULATED / PROTOTYPE ALERT
ALT-GRID-03027,REGIONAL_GRID_CELL,"Cell COARSE_C07461 (27.217N, 88.603E)",COARSE_C07461,East Sikkim,27.217,88.603,+48h,0.6691,High,HIGH,0.994,0.3451,23.8,2026-09-08T18:05:43Z,ACTIVE,forecast_composite,SIMULATED / PROTOTYPE ALERT
ALT-GRID-03028,REGIONAL_GRID_CELL,"Cell COARSE_C07462 (27.217N, 88.604E)",COARSE_C07462,East Sikkim,27.217,88.604,+48h,0.6252,High,HIGH,0.9167,0.3451,23.8,2026-09-08T18:05:43Z,ACTIVE,forecast_composite,SIMULATED / PROTOTYPE ALERT
ALT-GRID-03029,REGIONAL_GRID_CELL,"Cell COARSE_C07503 (27.217N, 88.645E)",COARSE_C07503,East Sikkim,27.217,88.645,+48h,0.5679,High,HIGH,0.8161,0.3451,23.8,2026-09-08T18:05:43Z,ACTIVE,forecast_composite,SIMULATED / PROTOTYPE ALERT
ALT-GRID-03030,REGIONAL_GRID_CELL,"Cell COARSE_C07504 (27.217N, 88.646E)",COARSE_C07504,East Sikkim,27.217,88.646,+48h,0.5505,High,HIGH,0.7855,0.3451,23.8,2026-09-08T18:05:43Z,ACTIVE,forecast_composite,SIMULATED / PROTOTYPE ALERT
ALT-GRID-03031,REGIONAL_GRID_CELL,"Cell COARSE_C07505 (27.217N, 88.647E)",COARSE_C07505,East Sikkim,27.217,88.647,+48h,0.5606,High,HIGH,0.8033,0.3451,23.8,2026-09-08T18:05:43Z,ACTIVE,forecast_composite,SIMULATED / PROTOTYPE ALERT
ALT-GRID-03032,REGIONAL_GRID_CELL,"Cell COARSE_C07506 (27.217N, 88.648E)",COARSE_C07506,East Sikkim,27.217,88.648,+48h,0.6234,High,HIGH,0.9136,0.3451,23.8,2026-09-08T18:05:43Z,ACTIVE,forecast_composite,SIMULATED / PROTOTYPE ALERT
ALT-GRID-03033,REGIONAL_GRID_CELL,"Cell COARSE_C07507 (27.217N, 88.649E)",COARSE_C07507,East Sikkim,27.217,88.649,+48h,0.5593,High,HIGH,0.8009,0.3451,23.8,2026-09-08T18:05:43Z,ACTIVE,forecast_composite,SIMULATED / PROTOTYPE ALERT
ALT-GRID-03034,REGIONAL_GRID_CELL,"Cell COARSE_C07508 (27.217N, 88.650E)",COARSE_C07508,East Sikkim,27.217,88.65,+48h,0.5922,High,HIGH,0.8588,0.3451,23.8,2026-09-08T18:05:43Z,ACTIVE,forecast_composite,SIMULATED / PROTOTYPE ALERT
ALT-GRID-03035,REGIONAL_GRID_CELL,"Cell COARSE_C07639 (27.218N, 88.580E)",COARSE_C07639,East Sikkim,27.218,88.58,+48h,0.6535,High,HIGH,0.9528,0.361,24.8,2026-09-08T18:05:43Z,ACTIVE,forecast_composite,SIMULATED / PROTOTYPE ALERT
ALT-GRID-03036,REGIONAL_GRID_CELL,"Cell COARSE_C07643 (27.218N, 88.584E)",COARSE_C07643,East Sikkim,27.218,88.584,+48h,0.5501,High,HIGH,0.7722,0.361,24.8,2026-09-08T18:05:43Z,ACTIVE,forecast_composite,SIMULATED / PROTOTYPE ALERT
ALT-GRID-03037,REGIONAL_GRID_CELL,"Cell COARSE_C07693 (27.218N, 88.634E)",COARSE_C07693,East Sikkim,27.218,88.634,+48h,0.6348,High,HIGH,0.9337,0.3451,23.8,2026-09-08T18:05:43Z,ACTIVE,forecast_composite,SIMULATED / PROTOTYPE ALERT
ALT-GRID-03038,REGIONAL_GRID_CELL,"Cell COARSE_C07705 (27.218N, 88.646E)",COARSE_C07705,East Sikkim,27.218,88.646,+48h,0.5673,High,HIGH,0.8151,0.3451,23.8,2026-09-08T18:05:43Z,ACTIVE,forecast_composite,SIMULATED / PROTOTYPE ALERT
ALT-GRID-03039,REGIONAL_GRID_CELL,"Cell COARSE_C07707 (27.218N, 88.648E)",COARSE_C07707,East Sikkim,27.218,88.648,+48h,0.5825,High,HIGH,0.8418,0.3451,23.8,2026-09-08T18:05:43Z,ACTIVE,forecast_composite,SIMULATED / PROTOTYPE ALERT
ALT-GRID-03040,REGIONAL_GRID_CELL,"Cell COARSE_C07708 (27.218N, 88.649E)",COARSE_C07708,East Sikkim,27.218,88.649,+48h,0.5577,High,HIGH,0.7981,0.3451,23.8,2026-09-08T18:05:43Z,ACTIVE,forecast_composite,SIMULATED / PROTOTYPE ALERT
ALT-GRID-03041,REGIONAL_GRID_CELL,"Cell COARSE_C07709 (27.218N, 88.650E)",COARSE_C07709,East Sikkim,27.218,88.65,+48h,0.6567,High,HIGH,0.9722,0.3451,23.8,2026-09-08T18:05:43Z,ACTIVE,forecast_composite,SIMULATED / PROTOTYPE ALERT
ALT-GRID-03042,REGIONAL_GRID_CELL,"Cell COARSE_C07858 (27.219N, 88.598E)",COARSE_C07858,East Sikkim,27.219,88.598,+48h,0.648,High,HIGH,0.9433,0.361,24.8,2026-09-08T18:05:43Z,ACTIVE,forecast_composite,SIMULATED / PROTOTYPE ALERT
ALT-GRID-03043,REGIONAL_GRID_CELL,"Cell COARSE_C07860 (27.219N, 88.600E)",COARSE_C07860,East Sikkim,27.219,88.6,+48h,0.6776,High,HIGH,0.995,0.361,24.8,2026-09-08T18:05:43Z,ACTIVE,forecast_composite,SIMULATED / PROTOTYPE ALERT
ALT-GRID-03044,REGIONAL_GRID_CELL,"Cell COARSE_C07861 (27.219N, 88.601E)",COARSE_C07861,East Sikkim,27.219,88.601,+48h,0.6406,High,HIGH,0.9438,0.3451,23.8,2026-09-08T18:05:43Z,ACTIVE,forecast_composite,SIMULATED / PROTOTYPE ALERT
ALT-GRID-03045,REGIONAL_GRID_CELL,"Cell COARSE_C07898 (27.219N, 88.638E)",COARSE_C07898,East Sikkim,27.219,88.638,+48h,0.647,High,HIGH,0.955,0.3451,23.8,2026-09-08T18:05:43Z,ACTIVE,forecast_composite,SIMULATED / PROTOTYPE ALERT
ALT-GRID-03046,REGIONAL_GRID_CELL,"Cell COARSE_C07903 (27.219N, 88.643E)",COARSE_C07903,East Sikkim,27.219,88.643,+48h,0.5513,High,HIGH,0.7869,0.3451,23.8,2026-09-08T18:05:43Z,ACTIVE,forecast_composite,SIMULATED / PROTOTYPE ALERT
ALT-GRID-03047,REGIONAL_GRID_CELL,"Cell COARSE_C07906 (27.219N, 88.646E)",COARSE_C07906,East Sikkim,27.219,88.646,+48h,0.5522,High,HIGH,0.7884,0.3451,23.8,2026-09-08T18:05:43Z,ACTIVE,forecast_composite,SIMULATED / PROTOTYPE ALERT
ALT-GRID-03048,REGIONAL_GRID_CELL,"Cell COARSE_C07909 (27.219N, 88.649E)",COARSE_C07909,East Sikkim,27.219,88.649,+48h,0.5759,High,HIGH,0.8301,0.3451,23.8,2026-09-08T18:05:43Z,ACTIVE,forecast_composite,SIMULATED / PROTOTYPE ALERT
ALT-GRID-03049,REGIONAL_GRID_CELL,"Cell COARSE_C08044 (27.220N, 88.583E)",COARSE_C08044,East Sikkim,27.22,88.583,+48h,0.6484,High,HIGH,0.9439,0.361,24.8,2026-09-08T18:05:43Z,ACTIVE,forecast_composite,SIMULATED / PROTOTYPE ALERT
ALT-GRID-03050,REGIONAL_GRID_CELL,"Cell COARSE_C08055 (27.220N, 88.594E)",COARSE_C08055,East Sikkim,27.22,88.594,+48h,0.6779,High,HIGH,0.9955,0.361,24.8,2026-09-08T18:05:43Z,ACTIVE,forecast_composite,SIMULATED / PROTOTYPE ALERT
ALT-GRID-03051,REGIONAL_GRID_CELL,"Cell COARSE_C08058 (27.220N, 88.597E)",COARSE_C08058,East Sikkim,27.22,88.597,+48h,0.6789,High,HIGH,0.9973,0.361,24.8,2026-09-08T18:05:43Z,ACTIVE,forecast_composite,SIMULATED / PROTOTYPE ALERT
ALT-GRID-03052,REGIONAL_GRID_CELL,"Cell COARSE_C08062 (27.220N, 88.601E)",COARSE_C08062,East Sikkim,27.22,88.601,+48h,0.6448,High,HIGH,0.9513,0.3451,23.8,2026-09-08T18:05:43Z,ACTIVE,forecast_composite,SIMULATED / PROTOTYPE ALERT
ALT-GRID-03053,REGIONAL_GRID_CELL,"Cell COARSE_C08092 (27.220N, 88.631E)",COARSE_C08092,East Sikkim,27.22,88.631,+48h,0.5542,High,HIGH,0.792,0.3451,23.8,2026-09-08T18:05:43Z,ACTIVE,forecast_composite,SIMULATED / PROTOTYPE ALERT
ALT-GRID-03054,REGIONAL_GRID_CELL,"Cell COARSE_C08108 (27.220N, 88.647E)",COARSE_C08108,East Sikkim,27.22,88.647,+48h,0.5578,High,HIGH,0.7983,0.3451,23.8,2026-09-08T18:05:43Z,ACTIVE,forecast_composite,SIMULATED / PROTOTYPE ALERT
ALT-GRID-03055,REGIONAL_GRID_CELL,"Cell COARSE_C08109 (27.220N, 88.648E)",COARSE_C08109,East Sikkim,27.22,88.648,+48h,0.5775,High,HIGH,0.8329,0.3451,23.8,2026-09-08T18:05:43Z,ACTIVE,forecast_composite,SIMULATED / PROTOTYPE ALERT
ALT-GRID-03056,REGIONAL_GRID_CELL,"Cell COARSE_C08245 (27.221N, 88.583E)",COARSE_C08245,East Sikkim,27.221,88.583,+48h,0.6474,High,HIGH,0.9421,0.361,24.8,2026-09-08T18:05:43Z,ACTIVE,forecast_composite,SIMULATED / PROTOTYPE ALERT
ALT-GRID-03057,REGIONAL_GRID_CELL,"Cell COARSE_C08246 (27.221N, 88.584E)",COARSE_C08246,East Sikkim,27.221,88.584,+48h,0.6366,High,HIGH,0.9233,0.361,24.8,2026-09-08T18:05:43Z,ACTIVE,forecast_composite,SIMULATED / PROTOTYPE ALERT
ALT-GRID-03058,REGIONAL_GRID_CELL,"Cell COARSE_C08255 (27.221N, 88.593E)",COARSE_C08255,East Sikkim,27.221,88.593,+48h,0.6419,High,HIGH,0.9325,0.361,24.8,2026-09-08T18:05:43Z,ACTIVE,forecast_composite,SIMULATED / PROTOTYPE ALERT
ALT-GRID-03059,REGIONAL_GRID_CELL,"Cell COARSE_C08265 (27.221N, 88.603E)",COARSE_C08265,East Sikkim,27.221,88.603,+48h,0.6229,High,HIGH,0.9127,0.3451,23.8,2026-09-08T18:05:43Z,ACTIVE,forecast_composite,SIMULATED / PROTOTYPE ALERT
ALT-GRID-03060,REGIONAL_GRID_CELL,"Cell COARSE_C08288 (27.221N, 88.626E)",COARSE_C08288,East Sikkim,27.221,88.626,+48h,0.6309,High,HIGH,0.9267,0.3451,23.8,2026-09-08T18:05:43Z,ACTIVE,forecast_composite,SIMULATED / PROTOTYPE ALERT
ALT-GRID-03061,REGIONAL_GRID_CELL,"Cell COARSE_C08303 (27.221N, 88.641E)",COARSE_C08303,East Sikkim,27.221,88.641,+48h,0.6451,High,HIGH,0.9518,0.3451,23.8,2026-09-08T18:05:43Z,ACTIVE,forecast_composite,SIMULATED / PROTOTYPE ALERT
ALT-GRID-03062,REGIONAL_GRID_CELL,"Cell COARSE_C08306 (27.221N, 88.644E)",COARSE_C08306,East Sikkim,27.221,88.644,+48h,0.552,High,HIGH,0.7882,0.3451,23.8,2026-09-08T18:05:43Z,ACTIVE,forecast_composite,SIMULATED / PROTOTYPE ALERT
ALT-GRID-03063,REGIONAL_GRID_CELL,"Cell COARSE_C08307 (27.221N, 88.645E)",COARSE_C08307,East Sikkim,27.221,88.645,+48h,0.649,High,HIGH,0.9586,0.3451,23.8,2026-09-08T18:05:43Z,ACTIVE,forecast_composite,SIMULATED / PROTOTYPE ALERT
ALT-GRID-03064,REGIONAL_GRID_CELL,"Cell COARSE_C08308 (27.221N, 88.646E)",COARSE_C08308,East Sikkim,27.221,88.646,+48h,0.5737,High,HIGH,0.8263,0.3451,23.8,2026-09-08T18:05:43Z,ACTIVE,forecast_composite,SIMULATED / PROTOTYPE ALERT
ALT-GRID-03065,REGIONAL_GRID_CELL,"Cell COARSE_C08312 (27.221N, 88.650E)",COARSE_C08312,East Sikkim,27.221,88.65,+48h,0.559,High,HIGH,0.8004,0.3451,23.8,2026-09-08T18:05:43Z,ACTIVE,forecast_composite,SIMULATED / PROTOTYPE ALERT
ALT-GRID-03066,REGIONAL_GRID_CELL,"Cell COARSE_C08447 (27.222N, 88.584E)",COARSE_C08447,East Sikkim,27.222,88.584,+48h,0.65,High,HIGH,0.9467,0.361,24.8,2026-09-08T18:05:43Z,ACTIVE,forecast_composite,SIMULATED / PROTOTYPE ALERT
ALT-GRID-03067,REGIONAL_GRID_CELL,"Cell COARSE_C08455 (27.222N, 88.592E)",COARSE_C08455,East Sikkim,27.222,88.592,+48h,0.6785,High,HIGH,0.9965,0.361,24.8,2026-09-08T18:05:43Z,ACTIVE,forecast_composite,SIMULATED / PROTOTYPE ALERT
ALT-GRID-03068,REGIONAL_GRID_CELL,"Cell COARSE_C08460 (27.222N, 88.597E)",COARSE_C08460,East Sikkim,27.222,88.597,+48h,0.6579,High,HIGH,0.9606,0.361,24.8,2026-09-08T18:05:43Z,ACTIVE,forecast_composite,SIMULATED / PROTOTYPE ALERT
ALT-GRID-03069,REGIONAL_GRID_CELL,"Cell COARSE_C08468 (27.222N, 88.605E)",COARSE_C08468,East Sikkim,27.222,88.605,+48h,0.6214,High,HIGH,0.9101,0.3451,23.8,2026-09-08T18:05:43Z,ACTIVE,forecast_composite,SIMULATED / PROTOTYPE ALERT
ALT-GRID-03070,REGIONAL_GRID_CELL,"Cell COARSE_C08505 (27.222N, 88.642E)",COARSE_C08505,East Sikkim,27.222,88.642,+48h,0.5533,High,HIGH,0.7905,0.3451,23.8,2026-09-08T18:05:43Z,ACTIVE,forecast_composite,SIMULATED / PROTOTYPE ALERT
ALT-GRID-03071,REGIONAL_GRID_CELL,"Cell COARSE_C08508 (27.222N, 88.645E)",COARSE_C08508,East Sikkim,27.222,88.645,+48h,0.6463,High,HIGH,0.9538,0.3451,23.8,2026-09-08T18:05:43Z,ACTIVE,forecast_composite,SIMULATED / PROTOTYPE ALERT
ALT-GRID-03072,REGIONAL_GRID_CELL,"Cell COARSE_C08509 (27.222N, 88.646E)",COARSE_C08509,East Sikkim,27.222,88.646,+48h,0.5943,High,HIGH,0.8624,0.3451,23.8,2026-09-08T18:05:43Z,ACTIVE,forecast_composite,SIMULATED / PROTOTYPE ALERT
ALT-GRID-03073,REGIONAL_GRID_CELL,"Cell COARSE_C08644 (27.223N, 88.580E)",COARSE_C08644,East Sikkim,27.223,88.58,+48h,0.5653,High,HIGH,0.7987,0.361,24.8,2026-09-08T18:05:43Z,ACTIVE,forecast_composite,SIMULATED / PROTOTYPE ALERT
ALT-GRID-03074,REGIONAL_GRID_CELL,"Cell COARSE_C08645 (27.223N, 88.581E)",COARSE_C08645,East Sikkim,27.223,88.581,+48h,0.5659,High,HIGH,0.7998,0.361,24.8,2026-09-08T18:05:43Z,ACTIVE,forecast_composite,SIMULATED / PROTOTYPE ALERT
ALT-GRID-03075,REGIONAL_GRID_CELL,"Cell COARSE_C08655 (27.223N, 88.591E)",COARSE_C08655,East Sikkim,27.223,88.591,+48h,0.6512,High,HIGH,0.9489,0.361,24.8,2026-09-08T18:05:43Z,ACTIVE,forecast_composite,SIMULATED / PROTOTYPE ALERT
ALT-GRID-03076,REGIONAL_GRID_CELL,"Cell COARSE_C08670 (27.223N, 88.606E)",COARSE_C08670,East Sikkim,27.223,88.606,+48h,0.6235,High,HIGH,0.9138,0.3451,23.8,2026-09-08T18:05:43Z,ACTIVE,forecast_composite,SIMULATED / PROTOTYPE ALERT
ALT-GRID-03077,REGIONAL_GRID_CELL,"Cell COARSE_C08848 (27.224N, 88.583E)",COARSE_C08848,East Sikkim,27.224,88.583,+48h,0.6691,High,HIGH,0.9801,0.361,24.8,2026-09-08T18:05:43Z,ACTIVE,forecast_composite,SIMULATED / PROTOTYPE ALERT
ALT-GRID-03078,REGIONAL_GRID_CELL,"Cell COARSE_C08849 (27.224N, 88.584E)",COARSE_C08849,East Sikkim,27.224,88.584,+48h,0.6678,High,HIGH,0.9779,0.361,24.8,2026-09-08T18:05:43Z,ACTIVE,forecast_composite,SIMULATED / PROTOTYPE ALERT
ALT-GRID-03079,REGIONAL_GRID_CELL,"Cell COARSE_C08850 (27.224N, 88.585E)",COARSE_C08850,East Sikkim,27.224,88.585,+48h,0.6478,High,HIGH,0.9429,0.361,24.8,2026-09-08T18:05:43Z,ACTIVE,forecast_composite,SIMULATED / PROTOTYPE ALERT
ALT-GRID-03080,REGIONAL_GRID_CELL,"Cell COARSE_C08851 (27.224N, 88.586E)",COARSE_C08851,East Sikkim,27.224,88.586,+48h,0.6287,High,HIGH,0.9095,0.361,24.8,2026-09-08T18:05:43Z,ACTIVE,forecast_composite,SIMULATED / PROTOTYPE ALERT
ALT-GRID-03081,REGIONAL_GRID_CELL,"Cell COARSE_C08865 (27.224N, 88.600E)",COARSE_C08865,East Sikkim,27.224,88.6,+48h,0.6096,High,HIGH,0.8761,0.361,24.8,2026-09-08T18:05:43Z,ACTIVE,forecast_composite,SIMULATED / PROTOTYPE ALERT
ALT-GRID-03082,REGIONAL_GRID_CELL,"Cell COARSE_C08869 (27.224N, 88.604E)",COARSE_C08869,East Sikkim,27.224,88.604,+48h,0.6048,High,HIGH,0.8809,0.3451,23.8,2026-09-08T18:05:43Z,ACTIVE,forecast_composite,SIMULATED / PROTOTYPE ALERT
ALT-GRID-03083,REGIONAL_GRID_CELL,"Cell COARSE_C08870 (27.224N, 88.605E)",COARSE_C08870,East Sikkim,27.224,88.605,+48h,0.6196,High,HIGH,0.9069,0.3451,23.8,2026-09-08T18:05:43Z,ACTIVE,forecast_composite,SIMULATED / PROTOTYPE ALERT
ALT-GRID-03084,REGIONAL_GRID_CELL,"Cell COARSE_C08899 (27.224N, 88.634E)",COARSE_C08899,East Sikkim,27.224,88.634,+48h,0.6503,High,HIGH,0.9609,0.3451,23.8,2026-09-08T18:05:43Z,ACTIVE,forecast_composite,SIMULATED / PROTOTYPE ALERT
ALT-GRID-03085,REGIONAL_GRID_CELL,"Cell COARSE_C08900 (27.224N, 88.635E)",COARSE_C08900,East Sikkim,27.224,88.635,+48h,0.6389,High,HIGH,0.9408,0.3451,23.8,2026-09-08T18:05:43Z,ACTIVE,forecast_composite,SIMULATED / PROTOTYPE ALERT
ALT-GRID-03086,REGIONAL_GRID_CELL,"Cell COARSE_C08901 (27.224N, 88.636E)",COARSE_C08901,East Sikkim,27.224,88.636,+48h,0.6415,High,HIGH,0.9454,0.3451,23.8,2026-09-08T18:05:43Z,ACTIVE,forecast_composite,SIMULATED / PROTOTYPE ALERT
ALT-GRID-03087,REGIONAL_GRID_CELL,"Cell COARSE_C08910 (27.224N, 88.645E)",COARSE_C08910,East Sikkim,27.224,88.645,+48h,0.6487,High,HIGH,0.9581,0.3451,23.8,2026-09-08T18:05:43Z,ACTIVE,forecast_composite,SIMULATED / PROTOTYPE ALERT
ALT-GRID-03088,REGIONAL_GRID_CELL,"Cell COARSE_C09049 (27.225N, 88.583E)",COARSE_C09049,East Sikkim,27.225,88.583,+48h,0.6484,High,HIGH,0.944,0.361,24.8,2026-09-08T18:05:43Z,ACTIVE,forecast_composite,SIMULATED / PROTOTYPE ALERT
ALT-GRID-03089,REGIONAL_GRID_CELL,"Cell COARSE_C09050 (27.225N, 88.584E)",COARSE_C09050,East Sikkim,27.225,88.584,+48h,0.6603,High,HIGH,0.9647,0.361,24.8,2026-09-08T18:05:43Z,ACTIVE,forecast_composite,SIMULATED / PROTOTYPE ALERT
ALT-GRID-03090,REGIONAL_GRID_CELL,"Cell COARSE_C09051 (27.225N, 88.585E)",COARSE_C09051,East Sikkim,27.225,88.585,+48h,0.6558,High,HIGH,0.9568,0.361,24.8,2026-09-08T18:05:43Z,ACTIVE,forecast_composite,SIMULATED / PROTOTYPE ALERT
ALT-GRID-03091,REGIONAL_GRID_CELL,"Cell COARSE_C09052 (27.225N, 88.586E)",COARSE_C09052,East Sikkim,27.225,88.586,+48h,0.6778,High,HIGH,0.9954,0.361,24.8,2026-09-08T18:05:43Z,ACTIVE,forecast_composite,SIMULATED / PROTOTYPE ALERT
ALT-GRID-03092,REGIONAL_GRID_CELL,"Cell COARSE_C09053 (27.225N, 88.587E)",COARSE_C09053,East Sikkim,27.225,88.587,+48h,0.6352,High,HIGH,0.9209,0.361,24.8,2026-09-08T18:05:43Z,ACTIVE,forecast_composite,SIMULATED / PROTOTYPE ALERT
ALT-GRID-03093,REGIONAL_GRID_CELL,"Cell COARSE_C09092 (27.225N, 88.626E)",COARSE_C09092,East Sikkim,27.225,88.626,+48h,0.6252,High,HIGH,0.9167,0.3451,23.8,2026-09-08T18:05:43Z,ACTIVE,forecast_composite,SIMULATED / PROTOTYPE ALERT
ALT-GRID-03094,REGIONAL_GRID_CELL,"Cell COARSE_C09095 (27.225N, 88.629E)",COARSE_C09095,East Sikkim,27.225,88.629,+48h,0.6695,High,HIGH,0.9946,0.3451,23.8,2026-09-08T18:05:43Z,ACTIVE,forecast_composite,SIMULATED / PROTOTYPE ALERT
ALT-GRID-03095,REGIONAL_GRID_CELL,"Cell COARSE_C09096 (27.225N, 88.630E)",COARSE_C09096,East Sikkim,27.225,88.63,+48h,0.6701,High,HIGH,0.9957,0.3451,23.8,2026-09-08T18:05:43Z,ACTIVE,forecast_composite,SIMULATED / PROTOTYPE ALERT
ALT-GRID-03096,REGIONAL_GRID_CELL,"Cell COARSE_C09101 (27.225N, 88.635E)",COARSE_C09101,East Sikkim,27.225,88.635,+48h,0.638,High,HIGH,0.9393,0.3451,23.8,2026-09-08T18:05:43Z,ACTIVE,forecast_composite,SIMULATED / PROTOTYPE ALERT
ALT-GRID-03097,REGIONAL_GRID_CELL,"Cell COARSE_C09102 (27.225N, 88.636E)",COARSE_C09102,East Sikkim,27.225,88.636,+48h,0.6471,High,HIGH,0.9553,0.3451,23.8,2026-09-08T18:05:43Z,ACTIVE,forecast_composite,SIMULATED / PROTOTYPE ALERT
ALT-GRID-03098,REGIONAL_GRID_CELL,"Cell COARSE_C09111 (27.225N, 88.645E)",COARSE_C09111,East Sikkim,27.225,88.645,+48h,0.6483,High,HIGH,0.9573,0.3451,23.8,2026-09-08T18:05:43Z,ACTIVE,forecast_composite,SIMULATED / PROTOTYPE ALERT
ALT-GRID-03099,REGIONAL_GRID_CELL,"Cell COARSE_C09113 (27.225N, 88.647E)",COARSE_C09113,East Sikkim,27.225,88.647,+48h,0.6478,High,HIGH,0.9565,0.3451,23.8,2026-09-08T18:05:43Z,ACTIVE,forecast_composite,SIMULATED / PROTOTYPE ALERT
ALT-GRID-03100,REGIONAL_GRID_CELL,"Cell COARSE_C09115 (27.225N, 88.649E)",COARSE_C09115,East Sikkim,27.225,88.649,+48h,0.5853,High,HIGH,0.8466,0.3451,23.8,2026-09-08T18:05:43Z,ACTIVE,forecast_composite,SIMULATED / PROTOTYPE ALERT
ALT-GRID-03101,REGIONAL_GRID_CELL,"Cell COARSE_C09249 (27.226N, 88.582E)",COARSE_C09249,East Sikkim,27.226,88.582,+48h,0.6311,High,HIGH,0.9137,0.361,24.8,2026-09-08T18:05:43Z,ACTIVE,forecast_composite,SIMULATED / PROTOTYPE ALERT
ALT-GRID-03102,REGIONAL_GRID_CELL,"Cell COARSE_C09250 (27.226N, 88.583E)",COARSE_C09250,East Sikkim,27.226,88.583,+48h,0.6632,High,HIGH,0.9698,0.361,24.8,2026-09-08T18:05:43Z,ACTIVE,forecast_composite,SIMULATED / PROTOTYPE ALERT
ALT-GRID-03103,REGIONAL_GRID_CELL,"Cell COARSE_C09251 (27.226N, 88.584E)",COARSE_C09251,East Sikkim,27.226,88.584,+48h,0.6769,High,HIGH,0.9937,0.361,24.8,2026-09-08T18:05:43Z,ACTIVE,forecast_composite,SIMULATED / PROTOTYPE ALERT
ALT-GRID-03104,REGIONAL_GRID_CELL,"Cell COARSE_C09252 (27.226N, 88.585E)",COARSE_C09252,East Sikkim,27.226,88.585,+48h,0.6758,High,HIGH,0.9919,0.361,24.8,2026-09-08T18:05:43Z,ACTIVE,forecast_composite,SIMULATED / PROTOTYPE ALERT
ALT-GRID-03105,REGIONAL_GRID_CELL,"Cell COARSE_C09253 (27.226N, 88.586E)",COARSE_C09253,East Sikkim,27.226,88.586,+48h,0.6455,High,HIGH,0.9389,0.361,24.8,2026-09-08T18:05:43Z,ACTIVE,forecast_composite,SIMULATED / PROTOTYPE ALERT
ALT-GRID-03106,REGIONAL_GRID_CELL,"Cell COARSE_C09254 (27.226N, 88.587E)",COARSE_C09254,East Sikkim,27.226,88.587,+48h,0.6773,High,HIGH,0.9944,0.361,24.8,2026-09-08T18:05:43Z,ACTIVE,forecast_composite,SIMULATED / PROTOTYPE ALERT
ALT-GRID-03107,REGIONAL_GRID_CELL,"Cell COARSE_C09255 (27.226N, 88.588E)",COARSE_C09255,East Sikkim,27.226,88.588,+48h,0.625,High,HIGH,0.903,0.361,24.8,2026-09-08T18:05:43Z,ACTIVE,forecast_composite,SIMULATED / PROTOTYPE ALERT
ALT-GRID-03108,REGIONAL_GRID_CELL,"Cell COARSE_C09256 (27.226N, 88.589E)",COARSE_C09256,East Sikkim,27.226,88.589,+48h,0.6773,High,HIGH,0.9944,0.361,24.8,2026-09-08T18:05:43Z,ACTIVE,forecast_composite,SIMULATED / PROTOTYPE ALERT
ALT-GRID-03109,REGIONAL_GRID_CELL,"Cell COARSE_C09259 (27.226N, 88.592E)",COARSE_C09259,East Sikkim,27.226,88.592,+48h,0.6755,High,HIGH,0.9913,0.361,24.8,2026-09-08T18:05:43Z,ACTIVE,forecast_composite,SIMULATED / PROTOTYPE ALERT
ALT-GRID-03110,REGIONAL_GRID_CELL,"Cell COARSE_C09281 (27.226N, 88.614E)",COARSE_C09281,East Sikkim,27.226,88.614,+48h,0.6154,High,HIGH,0.8996,0.3451,23.8,2026-09-08T18:05:43Z,ACTIVE,forecast_composite,SIMULATED / PROTOTYPE ALERT
ALT-GRID-03111,REGIONAL_GRID_CELL,"Cell COARSE_C09293 (27.226N, 88.626E)",COARSE_C09293,East Sikkim,27.226,88.626,+48h,0.6371,High,HIGH,0.9376,0.3451,23.8,2026-09-08T18:05:43Z,ACTIVE,forecast_composite,SIMULATED / PROTOTYPE ALERT
ALT-GRID-03112,REGIONAL_GRID_CELL,"Cell COARSE_C09299 (27.226N, 88.632E)",COARSE_C09299,East Sikkim,27.226,88.632,+48h,0.6385,High,HIGH,0.9402,0.3451,23.8,2026-09-08T18:05:43Z,ACTIVE,forecast_composite,SIMULATED / PROTOTYPE ALERT
ALT-GRID-03113,REGIONAL_GRID_CELL,"Cell COARSE_C09301 (27.226N, 88.634E)",COARSE_C09301,East Sikkim,27.226,88.634,+48h,0.6452,High,HIGH,0.9519,0.3451,23.8,2026-09-08T18:05:43Z,ACTIVE,forecast_composite,SIMULATED / PROTOTYPE ALERT
ALT-GRID-03114,REGIONAL_GRID_CELL,"Cell COARSE_C09450 (27.227N, 88.582E)",COARSE_C09450,East Sikkim,27.227,88.582,+48h,0.6215,High,HIGH,0.897,0.361,24.8,2026-09-08T18:05:43Z,ACTIVE,forecast_composite,SIMULATED / PROTOTYPE ALERT
ALT-GRID-03115,REGIONAL_GRID_CELL,"Cell COARSE_C09451 (27.227N, 88.583E)",COARSE_C09451,East Sikkim,27.227,88.583,+48h,0.6212,High,HIGH,0.8964,0.361,24.8,2026-09-08T18:05:43Z,ACTIVE,forecast_composite,SIMULATED / PROTOTYPE ALERT
ALT-GRID-03116,REGIONAL_GRID_CELL,"Cell COARSE_C09452 (27.227N, 88.584E)",COARSE_C09452,East Sikkim,27.227,88.584,+48h,0.6227,High,HIGH,0.899,0.361,24.8,2026-09-08T18:05:43Z,ACTIVE,forecast_composite,SIMULATED / PROTOTYPE ALERT
ALT-GRID-03117,REGIONAL_GRID_CELL,"Cell COARSE_C09453 (27.227N, 88.585E)",COARSE_C09453,East Sikkim,27.227,88.585,+48h,0.6761,High,HIGH,0.9924,0.361,24.8,2026-09-08T18:05:43Z,ACTIVE,forecast_composite,SIMULATED / PROTOTYPE ALERT
ALT-GRID-03118,REGIONAL_GRID_CELL,"Cell COARSE_C09454 (27.227N, 88.586E)",COARSE_C09454,East Sikkim,27.227,88.586,+48h,0.6768,High,HIGH,0.9935,0.361,24.8,2026-09-08T18:05:43Z,ACTIVE,forecast_composite,SIMULATED / PROTOTYPE ALERT
ALT-GRID-03119,REGIONAL_GRID_CELL,"Cell COARSE_C09455 (27.227N, 88.587E)",COARSE_C09455,East Sikkim,27.227,88.587,+48h,0.6572,High,HIGH,0.9593,0.361,24.8,2026-09-08T18:05:43Z,ACTIVE,forecast_composite,SIMULATED / PROTOTYPE ALERT
ALT-GRID-03120,REGIONAL_GRID_CELL,"Cell COARSE_C09456 (27.227N, 88.588E)",COARSE_C09456,East Sikkim,27.227,88.588,+48h,0.6756,High,HIGH,0.9915,0.361,24.8,2026-09-08T18:05:43Z,ACTIVE,forecast_composite,SIMULATED / PROTOTYPE ALERT
ALT-GRID-03121,REGIONAL_GRID_CELL,"Cell COARSE_C09460 (27.227N, 88.592E)",COARSE_C09460,East Sikkim,27.227,88.592,+48h,0.6768,High,HIGH,0.9935,0.361,24.8,2026-09-08T18:05:43Z,ACTIVE,forecast_composite,SIMULATED / PROTOTYPE ALERT
ALT-GRID-03122,REGIONAL_GRID_CELL,"Cell COARSE_C09480 (27.227N, 88.612E)",COARSE_C09480,East Sikkim,27.227,88.612,+48h,0.6082,High,HIGH,0.8869,0.3451,23.8,2026-09-08T18:05:43Z,ACTIVE,forecast_composite,SIMULATED / PROTOTYPE ALERT
ALT-GRID-03123,REGIONAL_GRID_CELL,"Cell COARSE_C09488 (27.227N, 88.620E)",COARSE_C09488,East Sikkim,27.227,88.62,+48h,0.6374,High,HIGH,0.9382,0.3451,23.8,2026-09-08T18:05:43Z,ACTIVE,forecast_composite,SIMULATED / PROTOTYPE ALERT
ALT-GRID-03124,REGIONAL_GRID_CELL,"Cell COARSE_C09493 (27.227N, 88.625E)",COARSE_C09493,East Sikkim,27.227,88.625,+48h,0.6393,High,HIGH,0.9415,0.3451,23.8,2026-09-08T18:05:43Z,ACTIVE,forecast_composite,SIMULATED / PROTOTYPE ALERT
ALT-GRID-03125,REGIONAL_GRID_CELL,"Cell COARSE_C09494 (27.227N, 88.626E)",COARSE_C09494,East Sikkim,27.227,88.626,+48h,0.6409,High,HIGH,0.9443,0.3451,23.8,2026-09-08T18:05:43Z,ACTIVE,forecast_composite,SIMULATED / PROTOTYPE ALERT
ALT-GRID-03126,REGIONAL_GRID_CELL,"Cell COARSE_C09496 (27.227N, 88.628E)",COARSE_C09496,East Sikkim,27.227,88.628,+48h,0.6285,High,HIGH,0.9226,0.3451,23.8,2026-09-08T18:05:43Z,ACTIVE,forecast_composite,SIMULATED / PROTOTYPE ALERT
ALT-GRID-03127,REGIONAL_GRID_CELL,"Cell COARSE_C09497 (27.227N, 88.629E)",COARSE_C09497,East Sikkim,27.227,88.629,+48h,0.6286,High,HIGH,0.9227,0.3451,23.8,2026-09-08T18:05:43Z,ACTIVE,forecast_composite,SIMULATED / PROTOTYPE ALERT
ALT-GRID-03128,REGIONAL_GRID_CELL,"Cell COARSE_C09499 (27.227N, 88.631E)",COARSE_C09499,East Sikkim,27.227,88.631,+48h,0.6413,High,HIGH,0.945,0.3451,23.8,2026-09-08T18:05:43Z,ACTIVE,forecast_composite,SIMULATED / PROTOTYPE ALERT
ALT-GRID-03129,REGIONAL_GRID_CELL,"Cell COARSE_C09500 (27.227N, 88.632E)",COARSE_C09500,East Sikkim,27.227,88.632,+48h,0.6407,High,HIGH,0.944,0.3451,23.8,2026-09-08T18:05:43Z,ACTIVE,forecast_composite,SIMULATED / PROTOTYPE ALERT
ALT-GRID-03130,REGIONAL_GRID_CELL,"Cell COARSE_C09650 (27.228N, 88.581E)",COARSE_C09650,East Sikkim,27.228,88.581,+48h,0.6246,High,HIGH,0.9024,0.361,24.8,2026-09-08T18:05:43Z,ACTIVE,forecast_composite,SIMULATED / PROTOTYPE ALERT
ALT-GRID-03131,REGIONAL_GRID_CELL,"Cell COARSE_C09651 (27.228N, 88.582E)",COARSE_C09651,East Sikkim,27.228,88.582,+48h,0.6222,High,HIGH,0.8981,0.361,24.8,2026-09-08T18:05:43Z,ACTIVE,forecast_composite,SIMULATED / PROTOTYPE ALERT
ALT-GRID-03132,REGIONAL_GRID_CELL,"Cell COARSE_C09652 (27.228N, 88.583E)",COARSE_C09652,East Sikkim,27.228,88.583,+48h,0.6123,High,HIGH,0.8809,0.361,24.8,2026-09-08T18:05:43Z,ACTIVE,forecast_composite,SIMULATED / PROTOTYPE ALERT
ALT-GRID-03133,REGIONAL_GRID_CELL,"Cell COARSE_C09653 (27.228N, 88.584E)",COARSE_C09653,East Sikkim,27.228,88.584,+48h,0.6768,High,HIGH,0.9936,0.361,24.8,2026-09-08T18:05:43Z,ACTIVE,forecast_composite,SIMULATED / PROTOTYPE ALERT
ALT-GRID-03134,REGIONAL_GRID_CELL,"Cell COARSE_C09654 (27.228N, 88.585E)",COARSE_C09654,East Sikkim,27.228,88.585,+48h,0.6774,High,HIGH,0.9947,0.361,24.8,2026-09-08T18:05:43Z,ACTIVE,forecast_composite,SIMULATED / PROTOTYPE ALERT
ALT-GRID-03135,REGIONAL_GRID_CELL,"Cell COARSE_C09655 (27.228N, 88.586E)",COARSE_C09655,East Sikkim,27.228,88.586,+48h,0.6746,High,HIGH,0.9897,0.361,24.8,2026-09-08T18:05:43Z,ACTIVE,forecast_composite,SIMULATED / PROTOTYPE ALERT
ALT-GRID-03136,REGIONAL_GRID_CELL,"Cell COARSE_C09656 (27.228N, 88.587E)",COARSE_C09656,East Sikkim,27.228,88.587,+48h,0.63,High,HIGH,0.9118,0.361,24.8,2026-09-08T18:05:43Z,ACTIVE,forecast_composite,SIMULATED / PROTOTYPE ALERT
ALT-GRID-03137,REGIONAL_GRID_CELL,"Cell COARSE_C09657 (27.228N, 88.588E)",COARSE_C09657,East Sikkim,27.228,88.588,+48h,0.6745,High,HIGH,0.9896,0.361,24.8,2026-09-08T18:05:43Z,ACTIVE,forecast_composite,SIMULATED / PROTOTYPE ALERT
ALT-GRID-03138,REGIONAL_GRID_CELL,"Cell COARSE_C09658 (27.228N, 88.589E)",COARSE_C09658,East Sikkim,27.228,88.589,+48h,0.5975,High,HIGH,0.855,0.361,24.8,2026-09-08T18:05:43Z,ACTIVE,forecast_composite,SIMULATED / PROTOTYPE ALERT
ALT-GRID-03139,REGIONAL_GRID_CELL,"Cell COARSE_C09661 (27.228N, 88.592E)",COARSE_C09661,East Sikkim,27.228,88.592,+48h,0.6765,High,HIGH,0.993,0.361,24.8,2026-09-08T18:05:43Z,ACTIVE,forecast_composite,SIMULATED / PROTOTYPE ALERT
ALT-GRID-03140,REGIONAL_GRID_CELL,"Cell COARSE_C09695 (27.228N, 88.626E)",COARSE_C09695,East Sikkim,27.228,88.626,+48h,0.6345,High,HIGH,0.9332,0.3451,23.8,2026-09-08T18:05:43Z,ACTIVE,forecast_composite,SIMULATED / PROTOTYPE ALERT
ALT-GRID-03141,REGIONAL_GRID_CELL,"Cell COARSE_C09698 (27.228N, 88.629E)",COARSE_C09698,East Sikkim,27.228,88.629,+48h,0.6199,High,HIGH,0.9075,0.3451,23.8,2026-09-08T18:05:43Z,ACTIVE,forecast_composite,SIMULATED / PROTOTYPE ALERT
ALT-GRID-03142,REGIONAL_GRID_CELL,"Cell COARSE_C09713 (27.228N, 88.644E)",COARSE_C09713,East Sikkim,27.228,88.644,+48h,0.5526,High,HIGH,0.7892,0.3451,23.8,2026-09-08T18:05:43Z,ACTIVE,forecast_composite,SIMULATED / PROTOTYPE ALERT
ALT-GRID-03143,REGIONAL_GRID_CELL,"Cell COARSE_C09854 (27.229N, 88.584E)",COARSE_C09854,East Sikkim,27.229,88.584,+48h,0.5978,High,HIGH,0.8555,0.361,24.8,2026-09-08T18:05:43Z,ACTIVE,forecast_composite,SIMULATED / PROTOTYPE ALERT
ALT-GRID-03144,REGIONAL_GRID_CELL,"Cell COARSE_C09855 (27.229N, 88.585E)",COARSE_C09855,East Sikkim,27.229,88.585,+48h,0.6449,High,HIGH,0.9379,0.361,24.8,2026-09-08T18:05:43Z,ACTIVE,forecast_composite,SIMULATED / PROTOTYPE ALERT
ALT-GRID-03145,REGIONAL_GRID_CELL,"Cell COARSE_C09856 (27.229N, 88.586E)",COARSE_C09856,East Sikkim,27.229,88.586,+48h,0.675,High,HIGH,0.9905,0.361,24.8,2026-09-08T18:05:43Z,ACTIVE,forecast_composite,SIMULATED / PROTOTYPE ALERT
ALT-GRID-03146,REGIONAL_GRID_CELL,"Cell COARSE_C09857 (27.229N, 88.587E)",COARSE_C09857,East Sikkim,27.229,88.587,+48h,0.6054,High,HIGH,0.8687,0.361,24.8,2026-09-08T18:05:43Z,ACTIVE,forecast_composite,SIMULATED / PROTOTYPE ALERT
ALT-GRID-03147,REGIONAL_GRID_CELL,"Cell COARSE_C09858 (27.229N, 88.588E)",COARSE_C09858,East Sikkim,27.229,88.588,+48h,0.6717,High,HIGH,0.9846,0.361,24.8,2026-09-08T18:05:43Z,ACTIVE,forecast_composite,SIMULATED / PROTOTYPE ALERT
ALT-GRID-03148,REGIONAL_GRID_CELL,"Cell COARSE_C09887 (27.229N, 88.617E)",COARSE_C09887,East Sikkim,27.229,88.617,+48h,0.6132,High,HIGH,0.8956,0.3451,23.8,2026-09-08T18:05:43Z,ACTIVE,forecast_composite,SIMULATED / PROTOTYPE ALERT
ALT-GRID-03149,REGIONAL_GRID_CELL,"Cell COARSE_C10056 (27.230N, 88.585E)",COARSE_C10056,East Sikkim,27.23,88.585,+48h,0.6078,High,HIGH,0.873,0.361,24.8,2026-09-08T18:05:43Z,ACTIVE,forecast_composite,SIMULATED / PROTOTYPE ALERT
ALT-GRID-03150,REGIONAL_GRID_CELL,"Cell COARSE_C10057 (27.230N, 88.586E)",COARSE_C10057,East Sikkim,27.23,88.586,+48h,0.5999,High,HIGH,0.8591,0.361,24.8,2026-09-08T18:05:43Z,ACTIVE,forecast_composite,SIMULATED / PROTOTYPE ALERT
ALT-GRID-03151,REGIONAL_GRID_CELL,"Cell COARSE_C10058 (27.230N, 88.587E)",COARSE_C10058,East Sikkim,27.23,88.587,+48h,0.6327,High,HIGH,0.9165,0.361,24.8,2026-09-08T18:05:43Z,ACTIVE,forecast_composite,SIMULATED / PROTOTYPE ALERT
ALT-GRID-03152,REGIONAL_GRID_CELL,"Cell COARSE_C10059 (27.230N, 88.588E)",COARSE_C10059,East Sikkim,27.23,88.588,+48h,0.5798,High,HIGH,0.8241,0.361,24.8,2026-09-08T18:05:43Z,ACTIVE,forecast_composite,SIMULATED / PROTOTYPE ALERT
ALT-GRID-03153,REGIONAL_GRID_CELL,"Cell COARSE_C10060 (27.230N, 88.589E)",COARSE_C10060,East Sikkim,27.23,88.589,+48h,0.6733,High,HIGH,0.9875,0.361,24.8,2026-09-08T18:05:43Z,ACTIVE,forecast_composite,SIMULATED / PROTOTYPE ALERT
ALT-GRID-03154,REGIONAL_GRID_CELL,"Cell COARSE_C10067 (27.230N, 88.596E)",COARSE_C10067,East Sikkim,27.23,88.596,+48h,0.6762,High,HIGH,0.9925,0.361,24.8,2026-09-08T18:05:43Z,ACTIVE,forecast_composite,SIMULATED / PROTOTYPE ALERT
ALT-GRID-03155,REGIONAL_GRID_CELL,"Cell COARSE_C10068 (27.230N, 88.597E)",COARSE_C10068,East Sikkim,27.23,88.597,+48h,0.6192,High,HIGH,0.8929,0.361,24.8,2026-09-08T18:05:43Z,ACTIVE,forecast_composite,SIMULATED / PROTOTYPE ALERT
ALT-GRID-03156,REGIONAL_GRID_CELL,"Cell COARSE_C10069 (27.230N, 88.598E)",COARSE_C10069,East Sikkim,27.23,88.598,+48h,0.6206,High,HIGH,0.8953,0.361,24.8,2026-09-08T18:05:43Z,ACTIVE,forecast_composite,SIMULATED / PROTOTYPE ALERT
ALT-GRID-03157,REGIONAL_GRID_CELL,"Cell COARSE_C10108 (27.230N, 88.637E)",COARSE_C10108,East Sikkim,27.23,88.637,+48h,0.6375,High,HIGH,0.9383,0.3451,23.8,2026-09-08T18:05:43Z,ACTIVE,forecast_composite,SIMULATED / PROTOTYPE ALERT
ALT-GRID-03158,REGIONAL_GRID_CELL,"Cell COARSE_C10118 (27.230N, 88.647E)",COARSE_C10118,East Sikkim,27.23,88.647,+48h,0.5571,High,HIGH,0.7971,0.3451,23.8,2026-09-08T18:05:43Z,ACTIVE,forecast_composite,SIMULATED / PROTOTYPE ALERT
ALT-GRID-03159,REGIONAL_GRID_CELL,"Cell COARSE_C10258 (27.231N, 88.586E)",COARSE_C10258,East Sikkim,27.231,88.586,+48h,0.6083,High,HIGH,0.8738,0.361,24.8,2026-09-08T18:05:43Z,ACTIVE,forecast_composite,SIMULATED / PROTOTYPE ALERT
ALT-GRID-03160,REGIONAL_GRID_CELL,"Cell COARSE_C10259 (27.231N, 88.587E)",COARSE_C10259,East Sikkim,27.231,88.587,+48h,0.5972,High,HIGH,0.8544,0.361,24.8,2026-09-08T18:05:43Z,ACTIVE,forecast_composite,SIMULATED / PROTOTYPE ALERT
ALT-GRID-03161,REGIONAL_GRID_CELL,"Cell COARSE_C10260 (27.231N, 88.588E)",COARSE_C10260,East Sikkim,27.231,88.588,+48h,0.5799,High,HIGH,0.8242,0.361,24.8,2026-09-08T18:05:43Z,ACTIVE,forecast_composite,SIMULATED / PROTOTYPE ALERT
ALT-GRID-03162,REGIONAL_GRID_CELL,"Cell COARSE_C10269 (27.231N, 88.597E)",COARSE_C10269,East Sikkim,27.231,88.597,+48h,0.6091,High,HIGH,0.8753,0.361,24.8,2026-09-08T18:05:43Z,ACTIVE,forecast_composite,SIMULATED / PROTOTYPE ALERT
ALT-GRID-03163,REGIONAL_GRID_CELL,"Cell COARSE_C10315 (27.231N, 88.643E)",COARSE_C10315,East Sikkim,27.231,88.643,+48h,0.5543,High,HIGH,0.7922,0.3451,23.8,2026-09-08T18:05:43Z,ACTIVE,forecast_composite,SIMULATED / PROTOTYPE ALERT
ALT-GRID-03164,REGIONAL_GRID_CELL,"Cell COARSE_C10317 (27.231N, 88.645E)",COARSE_C10317,East Sikkim,27.231,88.645,+48h,0.5503,High,HIGH,0.7851,0.3451,23.8,2026-09-08T18:05:43Z,ACTIVE,forecast_composite,SIMULATED / PROTOTYPE ALERT
ALT-GRID-03165,REGIONAL_GRID_CELL,"Cell COARSE_C10461 (27.232N, 88.588E)",COARSE_C10461,East Sikkim,27.232,88.588,+48h,0.6728,High,HIGH,0.9865,0.361,24.8,2026-09-08T18:05:43Z,ACTIVE,forecast_composite,SIMULATED / PROTOTYPE ALERT
ALT-GRID-03166,REGIONAL_GRID_CELL,"Cell COARSE_C10462 (27.232N, 88.589E)",COARSE_C10462,East Sikkim,27.232,88.589,+48h,0.5866,High,HIGH,0.836,0.361,24.8,2026-09-08T18:05:43Z,ACTIVE,forecast_composite,SIMULATED / PROTOTYPE ALERT
ALT-GRID-03167,REGIONAL_GRID_CELL,"Cell COARSE_C10491 (27.232N, 88.618E)",COARSE_C10491,East Sikkim,27.232,88.618,+48h,0.6004,High,HIGH,0.8732,0.3451,23.8,2026-09-08T18:05:43Z,ACTIVE,forecast_composite,SIMULATED / PROTOTYPE ALERT
ALT-GRID-03168,REGIONAL_GRID_CELL,"Cell COARSE_C10493 (27.232N, 88.620E)",COARSE_C10493,East Sikkim,27.232,88.62,+48h,0.6016,High,HIGH,0.8753,0.3451,23.8,2026-09-08T18:05:43Z,ACTIVE,forecast_composite,SIMULATED / PROTOTYPE ALERT
ALT-GRID-03169,REGIONAL_GRID_CELL,"Cell COARSE_C10513 (27.232N, 88.640E)",COARSE_C10513,East Sikkim,27.232,88.64,+48h,0.5605,High,HIGH,0.803,0.3451,23.8,2026-09-08T18:05:43Z,ACTIVE,forecast_composite,SIMULATED / PROTOTYPE ALERT
ALT-GRID-03170,REGIONAL_GRID_CELL,"Cell COARSE_C10514 (27.232N, 88.641E)",COARSE_C10514,East Sikkim,27.232,88.641,+48h,0.5662,High,HIGH,0.813,0.3451,23.8,2026-09-08T18:05:43Z,ACTIVE,forecast_composite,SIMULATED / PROTOTYPE ALERT
ALT-GRID-03171,REGIONAL_GRID_CELL,"Cell COARSE_C10515 (27.232N, 88.642E)",COARSE_C10515,East Sikkim,27.232,88.642,+48h,0.5636,High,HIGH,0.8085,0.3451,23.8,2026-09-08T18:05:43Z,ACTIVE,forecast_composite,SIMULATED / PROTOTYPE ALERT
ALT-GRID-03172,REGIONAL_GRID_CELL,"Cell COARSE_C10516 (27.232N, 88.643E)",COARSE_C10516,East Sikkim,27.232,88.643,+48h,0.5683,High,HIGH,0.8168,0.3451,23.8,2026-09-08T18:05:43Z,ACTIVE,forecast_composite,SIMULATED / PROTOTYPE ALERT
ALT-GRID-03173,REGIONAL_GRID_CELL,"Cell COARSE_C10522 (27.232N, 88.649E)",COARSE_C10522,East Sikkim,27.232,88.649,+48h,0.5544,High,HIGH,0.7924,0.3451,23.8,2026-09-08T18:05:43Z,ACTIVE,forecast_composite,SIMULATED / PROTOTYPE ALERT
ALT-GRID-03174,REGIONAL_GRID_CELL,"Cell COARSE_C10662 (27.233N, 88.588E)",COARSE_C10662,East Sikkim,27.233,88.588,+48h,0.6728,High,HIGH,0.9865,0.361,24.8,2026-09-08T18:05:43Z,ACTIVE,forecast_composite,SIMULATED / PROTOTYPE ALERT
ALT-GRID-03175,REGIONAL_GRID_CELL,"Cell COARSE_C10663 (27.233N, 88.589E)",COARSE_C10663,East Sikkim,27.233,88.589,+48h,0.6744,High,HIGH,0.9893,0.361,24.8,2026-09-08T18:05:43Z,ACTIVE,forecast_composite,SIMULATED / PROTOTYPE ALERT
ALT-GRID-03176,REGIONAL_GRID_CELL,"Cell COARSE_C10691 (27.233N, 88.617E)",COARSE_C10691,East Sikkim,27.233,88.617,+48h,0.6233,High,HIGH,0.9135,0.3451,23.8,2026-09-08T18:05:43Z,ACTIVE,forecast_composite,SIMULATED / PROTOTYPE ALERT
ALT-GRID-03177,REGIONAL_GRID_CELL,"Cell COARSE_C10864 (27.234N, 88.589E)",COARSE_C10864,East Sikkim,27.234,88.589,+48h,0.6738,High,HIGH,0.9884,0.361,24.8,2026-09-08T18:05:43Z,ACTIVE,forecast_composite,SIMULATED / PROTOTYPE ALERT
ALT-GRID-03178,REGIONAL_GRID_CELL,"Cell COARSE_C10865 (27.234N, 88.590E)",COARSE_C10865,East Sikkim,27.234,88.59,+48h,0.5815,High,HIGH,0.8271,0.361,24.8,2026-09-08T18:05:43Z,ACTIVE,forecast_composite,SIMULATED / PROTOTYPE ALERT
ALT-GRID-03179,REGIONAL_GRID_CELL,"Cell COARSE_C10872 (27.234N, 88.597E)",COARSE_C10872,East Sikkim,27.234,88.597,+48h,0.5963,High,HIGH,0.8529,0.361,24.8,2026-09-08T18:05:43Z,ACTIVE,forecast_composite,SIMULATED / PROTOTYPE ALERT
ALT-GRID-03180,REGIONAL_GRID_CELL,"Cell COARSE_C10883 (27.234N, 88.608E)",COARSE_C10883,East Sikkim,27.234,88.608,+48h,0.6082,High,HIGH,0.8869,0.3451,23.8,2026-09-08T18:05:43Z,ACTIVE,forecast_composite,SIMULATED / PROTOTYPE ALERT
ALT-GRID-03181,REGIONAL_GRID_CELL,"Cell COARSE_C10884 (27.234N, 88.609E)",COARSE_C10884,East Sikkim,27.234,88.609,+48h,0.6095,High,HIGH,0.8892,0.3451,23.8,2026-09-08T18:05:43Z,ACTIVE,forecast_composite,SIMULATED / PROTOTYPE ALERT
ALT-GRID-03182,REGIONAL_GRID_CELL,"Cell COARSE_C11065 (27.235N, 88.589E)",COARSE_C11065,East Sikkim,27.235,88.589,+48h,0.6753,High,HIGH,0.9909,0.361,24.8,2026-09-08T18:05:43Z,ACTIVE,forecast_composite,SIMULATED / PROTOTYPE ALERT
ALT-GRID-03183,REGIONAL_GRID_CELL,"Cell COARSE_C11066 (27.235N, 88.590E)",COARSE_C11066,East Sikkim,27.235,88.59,+48h,0.6732,High,HIGH,0.9872,0.361,24.8,2026-09-08T18:05:43Z,ACTIVE,forecast_composite,SIMULATED / PROTOTYPE ALERT
ALT-GRID-03184,REGIONAL_GRID_CELL,"Cell COARSE_C11067 (27.235N, 88.591E)",COARSE_C11067,East Sikkim,27.235,88.591,+48h,0.5857,High,HIGH,0.8344,0.361,24.8,2026-09-08T18:05:43Z,ACTIVE,forecast_composite,SIMULATED / PROTOTYPE ALERT
ALT-GRID-03185,REGIONAL_GRID_CELL,"Cell COARSE_C11068 (27.235N, 88.592E)",COARSE_C11068,East Sikkim,27.235,88.592,+48h,0.5636,High,HIGH,0.7958,0.361,24.8,2026-09-08T18:05:43Z,ACTIVE,forecast_composite,SIMULATED / PROTOTYPE ALERT
ALT-GRID-03186,REGIONAL_GRID_CELL,"Cell COARSE_C11069 (27.235N, 88.593E)",COARSE_C11069,East Sikkim,27.235,88.593,+48h,0.5742,High,HIGH,0.8143,0.361,24.8,2026-09-08T18:05:43Z,ACTIVE,forecast_composite,SIMULATED / PROTOTYPE ALERT
ALT-GRID-03187,REGIONAL_GRID_CELL,"Cell COARSE_C11120 (27.235N, 88.644E)",COARSE_C11120,East Sikkim,27.235,88.644,+48h,0.5677,High,HIGH,0.8158,0.3451,23.8,2026-09-08T18:05:43Z,ACTIVE,forecast_composite,SIMULATED / PROTOTYPE ALERT
ALT-GRID-03188,REGIONAL_GRID_CELL,"Cell COARSE_C11266 (27.236N, 88.589E)",COARSE_C11266,East Sikkim,27.236,88.589,+48h,0.6755,High,HIGH,0.9913,0.361,24.8,2026-09-08T18:05:43Z,ACTIVE,forecast_composite,SIMULATED / PROTOTYPE ALERT
ALT-GRID-03189,REGIONAL_GRID_CELL,"Cell COARSE_C11267 (27.236N, 88.590E)",COARSE_C11267,East Sikkim,27.236,88.59,+48h,0.6736,High,HIGH,0.988,0.361,24.8,2026-09-08T18:05:43Z,ACTIVE,forecast_composite,SIMULATED / PROTOTYPE ALERT
ALT-GRID-03190,REGIONAL_GRID_CELL,"Cell COARSE_C11268 (27.236N, 88.591E)",COARSE_C11268,East Sikkim,27.236,88.591,+48h,0.5727,High,HIGH,0.8117,0.361,24.8,2026-09-08T18:05:43Z,ACTIVE,forecast_composite,SIMULATED / PROTOTYPE ALERT
ALT-GRID-03191,REGIONAL_GRID_CELL,"Cell COARSE_C11270 (27.236N, 88.593E)",COARSE_C11270,East Sikkim,27.236,88.593,+48h,0.6724,High,HIGH,0.9858,0.361,24.8,2026-09-08T18:05:43Z,ACTIVE,forecast_composite,SIMULATED / PROTOTYPE ALERT
ALT-GRID-03192,REGIONAL_GRID_CELL,"Cell COARSE_C11292 (27.236N, 88.615E)",COARSE_C11292,East Sikkim,27.236,88.615,+48h,0.6247,High,HIGH,0.9159,0.3451,23.8,2026-09-08T18:05:43Z,ACTIVE,forecast_composite,SIMULATED / PROTOTYPE ALERT
ALT-GRID-03193,REGIONAL_GRID_CELL,"Cell COARSE_C11294 (27.236N, 88.617E)",COARSE_C11294,East Sikkim,27.236,88.617,+48h,0.6215,High,HIGH,0.9102,0.3451,23.8,2026-09-08T18:05:43Z,ACTIVE,forecast_composite,SIMULATED / PROTOTYPE ALERT
ALT-GRID-03194,REGIONAL_GRID_CELL,"Cell COARSE_C11468 (27.237N, 88.590E)",COARSE_C11468,East Sikkim,27.237,88.59,+48h,0.6752,High,HIGH,0.9908,0.361,24.8,2026-09-08T18:05:43Z,ACTIVE,forecast_composite,SIMULATED / PROTOTYPE ALERT
ALT-GRID-03195,REGIONAL_GRID_CELL,"Cell COARSE_C11469 (27.237N, 88.591E)",COARSE_C11469,East Sikkim,27.237,88.591,+48h,0.6754,High,HIGH,0.9912,0.361,24.8,2026-09-08T18:05:43Z,ACTIVE,forecast_composite,SIMULATED / PROTOTYPE ALERT
ALT-GRID-03196,REGIONAL_GRID_CELL,"Cell COARSE_C11471 (27.237N, 88.593E)",COARSE_C11471,East Sikkim,27.237,88.593,+48h,0.6749,High,HIGH,0.9902,0.361,24.8,2026-09-08T18:05:43Z,ACTIVE,forecast_composite,SIMULATED / PROTOTYPE ALERT
ALT-GRID-03197,REGIONAL_GRID_CELL,"Cell COARSE_C11473 (27.237N, 88.595E)",COARSE_C11473,East Sikkim,27.237,88.595,+48h,0.5996,High,HIGH,0.8587,0.361,24.8,2026-09-08T18:05:43Z,ACTIVE,forecast_composite,SIMULATED / PROTOTYPE ALERT
ALT-GRID-03198,REGIONAL_GRID_CELL,"Cell COARSE_C11669 (27.238N, 88.590E)",COARSE_C11669,East Sikkim,27.238,88.59,+48h,0.596,High,HIGH,0.8524,0.361,24.8,2026-09-08T18:05:43Z,ACTIVE,forecast_composite,SIMULATED / PROTOTYPE ALERT
ALT-GRID-03199,REGIONAL_GRID_CELL,"Cell COARSE_C11670 (27.238N, 88.591E)",COARSE_C11670,East Sikkim,27.238,88.591,+48h,0.6752,High,HIGH,0.9907,0.361,24.8,2026-09-08T18:05:43Z,ACTIVE,forecast_composite,SIMULATED / PROTOTYPE ALERT
ALT-GRID-03200,REGIONAL_GRID_CELL,"Cell COARSE_C11671 (27.238N, 88.592E)",COARSE_C11671,East Sikkim,27.238,88.592,+48h,0.6738,High,HIGH,0.9883,0.361,24.8,2026-09-08T18:05:43Z,ACTIVE,forecast_composite,SIMULATED / PROTOTYPE ALERT
ALT-GRID-03201,REGIONAL_GRID_CELL,"Cell COARSE_C11672 (27.238N, 88.593E)",COARSE_C11672,East Sikkim,27.238,88.593,+48h,0.6756,High,HIGH,0.9915,0.361,24.8,2026-09-08T18:05:43Z,ACTIVE,forecast_composite,SIMULATED / PROTOTYPE ALERT
ALT-GRID-03202,REGIONAL_GRID_CELL,"Cell COARSE_C11675 (27.238N, 88.596E)",COARSE_C11675,East Sikkim,27.238,88.596,+48h,0.61,High,HIGH,0.8768,0.361,24.8,2026-09-08T18:05:43Z,ACTIVE,forecast_composite,SIMULATED / PROTOTYPE ALERT
ALT-GRID-03203,REGIONAL_GRID_CELL,"Cell COARSE_C11711 (27.238N, 88.632E)",COARSE_C11711,East Sikkim,27.238,88.632,+48h,0.5773,High,HIGH,0.8326,0.3451,23.8,2026-09-08T18:05:43Z,ACTIVE,forecast_composite,SIMULATED / PROTOTYPE ALERT
ALT-GRID-03204,REGIONAL_GRID_CELL,"Cell COARSE_C11870 (27.239N, 88.590E)",COARSE_C11870,East Sikkim,27.239,88.59,+48h,0.5812,High,HIGH,0.8265,0.361,24.8,2026-09-08T18:05:43Z,ACTIVE,forecast_composite,SIMULATED / PROTOTYPE ALERT
ALT-GRID-03205,REGIONAL_GRID_CELL,"Cell COARSE_C11871 (27.239N, 88.591E)",COARSE_C11871,East Sikkim,27.239,88.591,+48h,0.5955,High,HIGH,0.8515,0.361,24.8,2026-09-08T18:05:43Z,ACTIVE,forecast_composite,SIMULATED / PROTOTYPE ALERT
ALT-GRID-03206,REGIONAL_GRID_CELL,"Cell COARSE_C11872 (27.239N, 88.592E)",COARSE_C11872,East Sikkim,27.239,88.592,+48h,0.6752,High,HIGH,0.9908,0.361,24.8,2026-09-08T18:05:43Z,ACTIVE,forecast_composite,SIMULATED / PROTOTYPE ALERT
ALT-GRID-03207,REGIONAL_GRID_CELL,"Cell COARSE_C11873 (27.239N, 88.593E)",COARSE_C11873,East Sikkim,27.239,88.593,+48h,0.6177,High,HIGH,0.8903,0.361,24.8,2026-09-08T18:05:43Z,ACTIVE,forecast_composite,SIMULATED / PROTOTYPE ALERT
ALT-GRID-03208,REGIONAL_GRID_CELL,"Cell COARSE_C11875 (27.239N, 88.595E)",COARSE_C11875,East Sikkim,27.239,88.595,+48h,0.6103,High,HIGH,0.8773,0.361,24.8,2026-09-08T18:05:43Z,ACTIVE,forecast_composite,SIMULATED / PROTOTYPE ALERT
ALT-GRID-03209,REGIONAL_GRID_CELL,"Cell COARSE_C11877 (27.239N, 88.597E)",COARSE_C11877,East Sikkim,27.239,88.597,+48h,0.6021,High,HIGH,0.8631,0.361,24.8,2026-09-08T18:05:43Z,ACTIVE,forecast_composite,SIMULATED / PROTOTYPE ALERT
ALT-GRID-03210,REGIONAL_GRID_CELL,"Cell COARSE_C11885 (27.239N, 88.605E)",COARSE_C11885,East Sikkim,27.239,88.605,+48h,0.6059,High,HIGH,0.8829,0.3451,23.8,2026-09-08T18:05:43Z,ACTIVE,forecast_composite,SIMULATED / PROTOTYPE ALERT
ALT-GRID-03211,REGIONAL_GRID_CELL,"Cell COARSE_C11905 (27.239N, 88.625E)",COARSE_C11905,East Sikkim,27.239,88.625,+48h,0.6357,High,HIGH,0.9352,0.3451,23.8,2026-09-08T18:05:43Z,ACTIVE,forecast_composite,SIMULATED / PROTOTYPE ALERT
ALT-GRID-03212,REGIONAL_GRID_CELL,"Cell COARSE_C12073 (27.240N, 88.592E)",COARSE_C12073,East Sikkim,27.24,88.592,+48h,0.6753,High,HIGH,0.9909,0.361,24.8,2026-09-08T18:05:43Z,ACTIVE,forecast_composite,SIMULATED / PROTOTYPE ALERT
ALT-GRID-03213,REGIONAL_GRID_CELL,"Cell COARSE_C12074 (27.240N, 88.593E)",COARSE_C12074,East Sikkim,27.24,88.593,+48h,0.674,High,HIGH,0.9886,0.361,24.8,2026-09-08T18:05:43Z,ACTIVE,forecast_composite,SIMULATED / PROTOTYPE ALERT
ALT-GRID-03214,REGIONAL_GRID_CELL,"Cell COARSE_C12075 (27.240N, 88.594E)",COARSE_C12075,East Sikkim,27.24,88.594,+48h,0.5969,High,HIGH,0.8539,0.361,24.8,2026-09-08T18:05:43Z,ACTIVE,forecast_composite,SIMULATED / PROTOTYPE ALERT
ALT-GRID-03215,REGIONAL_GRID_CELL,"Cell COARSE_C12093 (27.240N, 88.612E)",COARSE_C12093,East Sikkim,27.24,88.612,+48h,0.6262,High,HIGH,0.9186,0.3451,23.8,2026-09-08T18:05:43Z,ACTIVE,forecast_composite,SIMULATED / PROTOTYPE ALERT
ALT-GRID-03216,REGIONAL_GRID_CELL,"Cell COARSE_C12099 (27.240N, 88.618E)",COARSE_C12099,East Sikkim,27.24,88.618,+48h,0.5693,High,HIGH,0.8185,0.3451,23.8,2026-09-08T18:05:43Z,ACTIVE,forecast_composite,SIMULATED / PROTOTYPE ALERT
ALT-GRID-03217,REGIONAL_GRID_CELL,"Cell COARSE_C12274 (27.241N, 88.592E)",COARSE_C12274,East Sikkim,27.241,88.592,+48h,0.596,High,HIGH,0.8524,0.361,24.8,2026-09-08T18:05:43Z,ACTIVE,forecast_composite,SIMULATED / PROTOTYPE ALERT
ALT-GRID-03218,REGIONAL_GRID_CELL,"Cell COARSE_C12275 (27.241N, 88.593E)",COARSE_C12275,East Sikkim,27.241,88.593,+48h,0.6071,High,HIGH,0.8718,0.361,24.8,2026-09-08T18:05:43Z,ACTIVE,forecast_composite,SIMULATED / PROTOTYPE ALERT
ALT-GRID-03219,REGIONAL_GRID_CELL,"Cell COARSE_C12276 (27.241N, 88.594E)",COARSE_C12276,East Sikkim,27.241,88.594,+48h,0.6752,High,HIGH,0.9908,0.361,24.8,2026-09-08T18:05:43Z,ACTIVE,forecast_composite,SIMULATED / PROTOTYPE ALERT
ALT-GRID-03220,REGIONAL_GRID_CELL,"Cell COARSE_C12284 (27.241N, 88.602E)",COARSE_C12284,East Sikkim,27.241,88.602,+48h,0.6638,High,HIGH,0.9846,0.3451,23.8,2026-09-08T18:05:43Z,ACTIVE,forecast_composite,SIMULATED / PROTOTYPE ALERT
ALT-GRID-03221,REGIONAL_GRID_CELL,"Cell COARSE_C12285 (27.241N, 88.603E)",COARSE_C12285,East Sikkim,27.241,88.603,+48h,0.6662,High,HIGH,0.9888,0.3451,23.8,2026-09-08T18:05:43Z,ACTIVE,forecast_composite,SIMULATED / PROTOTYPE ALERT
ALT-GRID-03222,REGIONAL_GRID_CELL,"Cell COARSE_C12297 (27.241N, 88.615E)",COARSE_C12297,East Sikkim,27.241,88.615,+48h,0.5583,High,HIGH,0.7992,0.3451,23.8,2026-09-08T18:05:43Z,ACTIVE,forecast_composite,SIMULATED / PROTOTYPE ALERT
ALT-GRID-03223,REGIONAL_GRID_CELL,"Cell COARSE_C12479 (27.242N, 88.596E)",COARSE_C12479,East Sikkim,27.242,88.596,+48h,0.6757,High,HIGH,0.9916,0.361,24.8,2026-09-08T18:05:43Z,ACTIVE,forecast_composite,SIMULATED / PROTOTYPE ALERT
ALT-GRID-03224,REGIONAL_GRID_CELL,"Cell COARSE_C12486 (27.242N, 88.603E)",COARSE_C12486,East Sikkim,27.242,88.603,+48h,0.664,High,HIGH,0.985,0.3451,23.8,2026-09-08T18:05:43Z,ACTIVE,forecast_composite,SIMULATED / PROTOTYPE ALERT
ALT-GRID-03225,REGIONAL_GRID_CELL,"Cell COARSE_C12490 (27.242N, 88.607E)",COARSE_C12490,East Sikkim,27.242,88.607,+48h,0.6174,High,HIGH,0.9031,0.3451,23.8,2026-09-08T18:05:43Z,ACTIVE,forecast_composite,SIMULATED / PROTOTYPE ALERT
ALT-GRID-03226,REGIONAL_GRID_CELL,"Cell COARSE_C12493 (27.242N, 88.610E)",COARSE_C12493,East Sikkim,27.242,88.61,+48h,0.6209,High,HIGH,0.9093,0.3451,23.8,2026-09-08T18:05:43Z,ACTIVE,forecast_composite,SIMULATED / PROTOTYPE ALERT
ALT-GRID-03227,REGIONAL_GRID_CELL,"Cell COARSE_C12681 (27.243N, 88.597E)",COARSE_C12681,East Sikkim,27.243,88.597,+48h,0.6751,High,HIGH,0.9906,0.361,24.8,2026-09-08T18:05:43Z,ACTIVE,forecast_composite,SIMULATED / PROTOTYPE ALERT
ALT-GRID-03228,REGIONAL_GRID_CELL,"Cell COARSE_C12683 (27.243N, 88.599E)",COARSE_C12683,East Sikkim,27.243,88.599,+48h,0.671,High,HIGH,0.9834,0.361,24.8,2026-09-08T18:05:43Z,ACTIVE,forecast_composite,SIMULATED / PROTOTYPE ALERT
ALT-GRID-03229,REGIONAL_GRID_CELL,"Cell COARSE_C12693 (27.243N, 88.609E)",COARSE_C12693,East Sikkim,27.243,88.609,+48h,0.6693,High,HIGH,0.9942,0.3451,23.8,2026-09-08T18:05:43Z,ACTIVE,forecast_composite,SIMULATED / PROTOTYPE ALERT
ALT-GRID-03230,REGIONAL_GRID_CELL,"Cell COARSE_C12700 (27.243N, 88.616E)",COARSE_C12700,East Sikkim,27.243,88.616,+48h,0.5796,High,HIGH,0.8367,0.3451,23.8,2026-09-08T18:05:43Z,ACTIVE,forecast_composite,SIMULATED / PROTOTYPE ALERT
ALT-GRID-03231,REGIONAL_GRID_CELL,"Cell COARSE_C12701 (27.243N, 88.617E)",COARSE_C12701,East Sikkim,27.243,88.617,+48h,0.5598,High,HIGH,0.8019,0.3451,23.8,2026-09-08T18:05:43Z,ACTIVE,forecast_composite,SIMULATED / PROTOTYPE ALERT
ALT-GRID-03232,REGIONAL_GRID_CELL,"Cell COARSE_C12702 (27.243N, 88.618E)",COARSE_C12702,East Sikkim,27.243,88.618,+48h,0.552,High,HIGH,0.7881,0.3451,23.8,2026-09-08T18:05:43Z,ACTIVE,forecast_composite,SIMULATED / PROTOTYPE ALERT
ALT-GRID-03233,REGIONAL_GRID_CELL,"Cell COARSE_C12703 (27.243N, 88.619E)",COARSE_C12703,East Sikkim,27.243,88.619,+48h,0.5842,High,HIGH,0.8448,0.3451,23.8,2026-09-08T18:05:43Z,ACTIVE,forecast_composite,SIMULATED / PROTOTYPE ALERT
ALT-GRID-03234,REGIONAL_GRID_CELL,"Cell COARSE_C12707 (27.243N, 88.623E)",COARSE_C12707,East Sikkim,27.243,88.623,+48h,0.5567,High,HIGH,0.7964,0.3451,23.8,2026-09-08T18:05:43Z,ACTIVE,forecast_composite,SIMULATED / PROTOTYPE ALERT
ALT-GRID-03235,REGIONAL_GRID_CELL,"Cell COARSE_C12880 (27.244N, 88.595E)",COARSE_C12880,East Sikkim,27.244,88.595,+48h,0.6254,High,HIGH,0.9037,0.361,24.8,2026-09-08T18:05:43Z,ACTIVE,forecast_composite,SIMULATED / PROTOTYPE ALERT
ALT-GRID-03236,REGIONAL_GRID_CELL,"Cell COARSE_C12887 (27.244N, 88.602E)",COARSE_C12887,Pakyong,27.244,88.602,+48h,0.6679,High,HIGH,0.9918,0.3451,23.8,2026-09-08T18:05:43Z,ACTIVE,forecast_composite,SIMULATED / PROTOTYPE ALERT
ALT-GRID-03237,REGIONAL_GRID_CELL,"Cell COARSE_C12894 (27.244N, 88.609E)",COARSE_C12894,East Sikkim,27.244,88.609,+48h,0.6649,High,HIGH,0.9866,0.3451,23.8,2026-09-08T18:05:43Z,ACTIVE,forecast_composite,SIMULATED / PROTOTYPE ALERT
ALT-GRID-03238,REGIONAL_GRID_CELL,"Cell COARSE_C12895 (27.244N, 88.610E)",COARSE_C12895,East Sikkim,27.244,88.61,+48h,0.6259,High,HIGH,0.918,0.3451,23.8,2026-09-08T18:05:43Z,ACTIVE,forecast_composite,SIMULATED / PROTOTYPE ALERT
ALT-GRID-03239,REGIONAL_GRID_CELL,"Cell COARSE_C12896 (27.244N, 88.611E)",COARSE_C12896,East Sikkim,27.244,88.611,+48h,0.6687,High,HIGH,0.9932,0.3451,23.8,2026-09-08T18:05:43Z,ACTIVE,forecast_composite,SIMULATED / PROTOTYPE ALERT
ALT-GRID-03240,REGIONAL_GRID_CELL,"Cell COARSE_C12901 (27.244N, 88.616E)",COARSE_C12901,East Sikkim,27.244,88.616,+48h,0.5829,High,HIGH,0.8425,0.3451,23.8,2026-09-08T18:05:43Z,ACTIVE,forecast_composite,SIMULATED / PROTOTYPE ALERT
ALT-GRID-03241,REGIONAL_GRID_CELL,"Cell COARSE_C12902 (27.244N, 88.617E)",COARSE_C12902,East Sikkim,27.244,88.617,+48h,0.5675,High,HIGH,0.8154,0.3451,23.8,2026-09-08T18:05:43Z,ACTIVE,forecast_composite,SIMULATED / PROTOTYPE ALERT
ALT-GRID-03242,REGIONAL_GRID_CELL,"Cell COARSE_C12904 (27.244N, 88.619E)",COARSE_C12904,East Sikkim,27.244,88.619,+48h,0.5671,High,HIGH,0.8146,0.3451,23.8,2026-09-08T18:05:43Z,ACTIVE,forecast_composite,SIMULATED / PROTOTYPE ALERT
ALT-GRID-03243,REGIONAL_GRID_CELL,"Cell COARSE_C12905 (27.244N, 88.620E)",COARSE_C12905,East Sikkim,27.244,88.62,+48h,0.5682,High,HIGH,0.8166,0.3451,23.8,2026-09-08T18:05:43Z,ACTIVE,forecast_composite,SIMULATED / PROTOTYPE ALERT
ALT-GRID-03244,REGIONAL_GRID_CELL,"Cell COARSE_C12906 (27.244N, 88.621E)",COARSE_C12906,East Sikkim,27.244,88.621,+48h,0.5702,High,HIGH,0.8202,0.3451,23.8,2026-09-08T18:05:43Z,ACTIVE,forecast_composite,SIMULATED / PROTOTYPE ALERT
ALT-GRID-03245,REGIONAL_GRID_CELL,"Cell COARSE_C12907 (27.244N, 88.622E)",COARSE_C12907,East Sikkim,27.244,88.622,+48h,0.5718,High,HIGH,0.8229,0.3451,23.8,2026-09-08T18:05:43Z,ACTIVE,forecast_composite,SIMULATED / PROTOTYPE ALERT
ALT-GRID-03246,REGIONAL_GRID_CELL,"Cell COARSE_C13091 (27.245N, 88.605E)",COARSE_C13091,East Sikkim,27.245,88.605,+48h,0.6163,High,HIGH,0.9012,0.3451,23.8,2026-09-08T18:05:43Z,ACTIVE,forecast_composite,SIMULATED / PROTOTYPE ALERT
ALT-GRID-03247,REGIONAL_GRID_CELL,"Cell COARSE_C13109 (27.245N, 88.623E)",COARSE_C13109,East Sikkim,27.245,88.623,+48h,0.5674,High,HIGH,0.8152,0.3451,23.8,2026-09-08T18:05:43Z,ACTIVE,forecast_composite,SIMULATED / PROTOTYPE ALERT
ALT-GRID-03248,REGIONAL_GRID_CELL,"Cell COARSE_C13110 (27.245N, 88.624E)",COARSE_C13110,East Sikkim,27.245,88.624,+48h,0.5519,High,HIGH,0.788,0.3451,23.8,2026-09-08T18:05:43Z,ACTIVE,forecast_composite,SIMULATED / PROTOTYPE ALERT
ALT-GRID-03249,REGIONAL_GRID_CELL,"Cell COARSE_C13276 (27.246N, 88.589E)",COARSE_C13276,East Sikkim,27.246,88.589,+48h,0.6203,High,HIGH,0.8949,0.361,24.8,2026-09-08T18:05:43Z,ACTIVE,forecast_composite,SIMULATED / PROTOTYPE ALERT
ALT-GRID-03250,REGIONAL_GRID_CELL,"Cell COARSE_C13281 (27.246N, 88.594E)",COARSE_C13281,East Sikkim,27.246,88.594,+48h,0.6761,High,HIGH,0.9923,0.361,24.8,2026-09-08T18:05:43Z,ACTIVE,forecast_composite,SIMULATED / PROTOTYPE ALERT
ALT-GRID-03251,REGIONAL_GRID_CELL,"Cell COARSE_C13285 (27.246N, 88.598E)",COARSE_C13285,East Sikkim,27.246,88.598,+48h,0.6243,High,HIGH,0.9019,0.361,24.8,2026-09-08T18:05:43Z,ACTIVE,forecast_composite,SIMULATED / PROTOTYPE ALERT
ALT-GRID-03252,REGIONAL_GRID_CELL,"Cell COARSE_C13300 (27.246N, 88.613E)",COARSE_C13300,East Sikkim,27.246,88.613,+48h,0.6068,High,HIGH,0.8845,0.3451,23.8,2026-09-08T18:05:43Z,ACTIVE,forecast_composite,SIMULATED / PROTOTYPE ALERT
ALT-GRID-03253,REGIONAL_GRID_CELL,"Cell COARSE_C13495 (27.247N, 88.607E)",COARSE_C13495,East Sikkim,27.247,88.607,+48h,0.6276,High,HIGH,0.921,0.3451,23.8,2026-09-08T18:05:43Z,ACTIVE,forecast_composite,SIMULATED / PROTOTYPE ALERT
ALT-GRID-03254,REGIONAL_GRID_CELL,"Cell COARSE_C13687 (27.248N, 88.598E)",COARSE_C13687,East Sikkim,27.248,88.598,+48h,0.6771,High,HIGH,0.9941,0.361,24.8,2026-09-08T18:05:43Z,ACTIVE,forecast_composite,SIMULATED / PROTOTYPE ALERT
ALT-GRID-03255,REGIONAL_GRID_CELL,"Cell COARSE_C13694 (27.248N, 88.605E)",COARSE_C13694,East Sikkim,27.248,88.605,+48h,0.6701,High,HIGH,0.9957,0.3451,23.8,2026-09-08T18:05:43Z,ACTIVE,forecast_composite,SIMULATED / PROTOTYPE ALERT
ALT-GRID-03256,REGIONAL_GRID_CELL,"Cell COARSE_C13874 (27.249N, 88.584E)",COARSE_C13874,East Sikkim,27.249,88.584,+48h,0.6532,High,HIGH,0.9523,0.361,24.8,2026-09-08T18:05:43Z,ACTIVE,forecast_composite,SIMULATED / PROTOTYPE ALERT
ALT-GRID-03257,REGIONAL_GRID_CELL,"Cell COARSE_C13887 (27.249N, 88.597E)",COARSE_C13887,East Sikkim,27.249,88.597,+48h,0.6768,High,HIGH,0.9936,0.361,24.8,2026-09-08T18:05:43Z,ACTIVE,forecast_composite,SIMULATED / PROTOTYPE ALERT
ALT-GRID-03258,REGIONAL_GRID_CELL,"Cell COARSE_C13895 (27.249N, 88.605E)",COARSE_C13895,East Sikkim,27.249,88.605,+48h,0.67,High,HIGH,0.9955,0.3451,23.8,2026-09-08T18:05:43Z,ACTIVE,forecast_composite,SIMULATED / PROTOTYPE ALERT
ALT-GRID-03259,REGIONAL_GRID_CELL,"Cell COARSE_C13898 (27.249N, 88.608E)",COARSE_C13898,East Sikkim,27.249,88.608,+48h,0.6677,High,HIGH,0.9915,0.3451,23.8,2026-09-08T18:05:43Z,ACTIVE,forecast_composite,SIMULATED / PROTOTYPE ALERT
ALT-GRID-03260,REGIONAL_GRID_CELL,"Cell COARSE_C14075 (27.250N, 88.584E)",COARSE_C14075,East Sikkim,27.25,88.584,+48h,0.642,High,HIGH,0.9939,0.2907,19.6,2026-09-08T18:05:43Z,ACTIVE,forecast_composite,SIMULATED / PROTOTYPE ALERT
ALT-GRID-03261,REGIONAL_GRID_CELL,"Cell COARSE_C14081 (27.250N, 88.590E)",COARSE_C14081,East Sikkim,27.25,88.59,+48h,0.5592,High,HIGH,0.8456,0.2907,19.6,2026-09-08T18:05:43Z,ACTIVE,forecast_composite,SIMULATED / PROTOTYPE ALERT
ALT-GRID-03262,REGIONAL_GRID_CELL,"Cell COARSE_C14290 (27.251N, 88.598E)",COARSE_C14290,East Sikkim,27.251,88.598,+48h,0.6427,High,HIGH,0.9953,0.2907,19.6,2026-09-08T18:05:43Z,ACTIVE,forecast_composite,SIMULATED / PROTOTYPE ALERT
ALT-GRID-03263,REGIONAL_GRID_CELL,"Cell COARSE_C15288 (27.256N, 88.591E)",COARSE_C15288,East Sikkim,27.256,88.591,+48h,0.6079,High,HIGH,0.9328,0.2907,19.6,2026-09-08T18:05:43Z,ACTIVE,forecast_composite,SIMULATED / PROTOTYPE ALERT
ALT-GRID-03264,REGIONAL_GRID_CELL,"Cell COARSE_C15492 (27.257N, 88.594E)",COARSE_C15492,East Sikkim,27.257,88.594,+48h,0.6012,High,HIGH,0.9208,0.2907,19.6,2026-09-08T18:05:43Z,ACTIVE,forecast_composite,SIMULATED / PROTOTYPE ALERT
ALT-GRID-03265,REGIONAL_GRID_CELL,"Cell COARSE_C16492 (27.262N, 88.589E)",COARSE_C16492,East Sikkim,27.262,88.589,+48h,0.5642,High,HIGH,0.8545,0.2907,19.6,2026-09-08T18:05:43Z,ACTIVE,forecast_composite,SIMULATED / PROTOTYPE ALERT
ALT-GRID-03266,REGIONAL_GRID_CELL,"Cell COARSE_C16493 (27.262N, 88.590E)",COARSE_C16493,East Sikkim,27.262,88.59,+48h,0.5753,High,HIGH,0.8744,0.2907,19.6,2026-09-08T18:05:43Z,ACTIVE,forecast_composite,SIMULATED / PROTOTYPE ALERT
ALT-GRID-03267,REGIONAL_GRID_CELL,"Cell COARSE_C16690 (27.263N, 88.586E)",COARSE_C16690,East Sikkim,27.263,88.586,+48h,0.5543,High,HIGH,0.8368,0.2907,19.6,2026-09-08T18:05:43Z,ACTIVE,forecast_composite,SIMULATED / PROTOTYPE ALERT
ALT-GRID-03268,REGIONAL_GRID_CELL,"Cell COARSE_C16692 (27.263N, 88.588E)",COARSE_C16692,East Sikkim,27.263,88.588,+48h,0.5503,High,HIGH,0.8296,0.2907,19.6,2026-09-08T18:05:43Z,ACTIVE,forecast_composite,SIMULATED / PROTOTYPE ALERT
ALT-GRID-03269,REGIONAL_GRID_CELL,"Cell COARSE_C16696 (27.263N, 88.592E)",COARSE_C16696,East Sikkim,27.263,88.592,+48h,0.554,High,HIGH,0.8363,0.2907,19.6,2026-09-08T18:05:43Z,ACTIVE,forecast_composite,SIMULATED / PROTOTYPE ALERT
ALT-GRID-03270,REGIONAL_GRID_CELL,"Cell COARSE_C16704 (27.263N, 88.600E)",COARSE_C16704,East Sikkim,27.263,88.6,+48h,0.6327,High,HIGH,0.9773,0.2907,19.6,2026-09-08T18:05:43Z,ACTIVE,forecast_composite,SIMULATED / PROTOTYPE ALERT
ALT-GRID-03271,REGIONAL_GRID_CELL,"Cell COARSE_C16890 (27.264N, 88.585E)",COARSE_C16890,East Sikkim,27.264,88.585,+48h,0.5642,High,HIGH,0.8545,0.2907,19.6,2026-09-08T18:05:43Z,ACTIVE,forecast_composite,SIMULATED / PROTOTYPE ALERT
ALT-GRID-03272,REGIONAL_GRID_CELL,"Cell COARSE_C16891 (27.264N, 88.586E)",COARSE_C16891,East Sikkim,27.264,88.586,+48h,0.5649,High,HIGH,0.8558,0.2907,19.6,2026-09-08T18:05:43Z,ACTIVE,forecast_composite,SIMULATED / PROTOTYPE ALERT
ALT-GRID-03273,REGIONAL_GRID_CELL,"Cell COARSE_C16897 (27.264N, 88.592E)",COARSE_C16897,East Sikkim,27.264,88.592,+48h,0.5588,High,HIGH,0.845,0.2907,19.6,2026-09-08T18:05:43Z,ACTIVE,forecast_composite,SIMULATED / PROTOTYPE ALERT
ALT-GRID-03274,REGIONAL_GRID_CELL,"Cell COARSE_C17094 (27.265N, 88.588E)",COARSE_C17094,East Sikkim,27.265,88.588,+48h,0.5505,High,HIGH,0.8301,0.2907,19.6,2026-09-08T18:05:43Z,ACTIVE,forecast_composite,SIMULATED / PROTOTYPE ALERT
ALT-GRID-03275,REGIONAL_GRID_CELL,"Cell COARSE_C17101 (27.265N, 88.595E)",COARSE_C17101,East Sikkim,27.265,88.595,+48h,0.5701,High,HIGH,0.8651,0.2907,19.6,2026-09-08T18:05:43Z,ACTIVE,forecast_composite,SIMULATED / PROTOTYPE ALERT
ALT-GRID-03276,REGIONAL_GRID_CELL,"Cell COARSE_C17102 (27.265N, 88.596E)",COARSE_C17102,East Sikkim,27.265,88.596,+48h,0.5679,High,HIGH,0.8613,0.2907,19.6,2026-09-08T18:05:43Z,ACTIVE,forecast_composite,SIMULATED / PROTOTYPE ALERT
ALT-GRID-03277,REGIONAL_GRID_CELL,"Cell COARSE_C17105 (27.265N, 88.599E)",COARSE_C17105,East Sikkim,27.265,88.599,+48h,0.627,High,HIGH,0.9671,0.2907,19.6,2026-09-08T18:05:43Z,ACTIVE,forecast_composite,SIMULATED / PROTOTYPE ALERT
ALT-GRID-03278,REGIONAL_GRID_CELL,"Cell COARSE_C17301 (27.266N, 88.594E)",COARSE_C17301,East Sikkim,27.266,88.594,+48h,0.6153,High,HIGH,0.9461,0.2907,19.6,2026-09-08T18:05:43Z,ACTIVE,forecast_composite,SIMULATED / PROTOTYPE ALERT
ALT-GRID-03279,REGIONAL_GRID_CELL,"Cell COARSE_C17488 (27.267N, 88.580E)",COARSE_C17488,East Sikkim,27.267,88.58,+48h,0.5994,High,HIGH,0.9177,0.2907,19.6,2026-09-08T18:05:43Z,ACTIVE,forecast_composite,SIMULATED / PROTOTYPE ALERT
ALT-GRID-03280,REGIONAL_GRID_CELL,"Cell COARSE_C17489 (27.267N, 88.581E)",COARSE_C17489,East Sikkim,27.267,88.581,+48h,0.6022,High,HIGH,0.9226,0.2907,19.6,2026-09-08T18:05:43Z,ACTIVE,forecast_composite,SIMULATED / PROTOTYPE ALERT
ALT-GRID-03281,REGIONAL_GRID_CELL,"Cell COARSE_C17497 (27.267N, 88.589E)",COARSE_C17497,East Sikkim,27.267,88.589,+48h,0.5998,High,HIGH,0.9184,0.2907,19.6,2026-09-08T18:05:43Z,ACTIVE,forecast_composite,SIMULATED / PROTOTYPE ALERT
ALT-GRID-03282,REGIONAL_GRID_CELL,"Cell COARSE_C17689 (27.268N, 88.580E)",COARSE_C17689,East Sikkim,27.268,88.58,+48h,0.5837,High,HIGH,0.8896,0.2907,19.6,2026-09-08T18:05:43Z,ACTIVE,forecast_composite,SIMULATED / PROTOTYPE ALERT
ALT-GRID-03283,REGIONAL_GRID_CELL,"Cell COARSE_C17690 (27.268N, 88.581E)",COARSE_C17690,East Sikkim,27.268,88.581,+48h,0.6149,High,HIGH,0.9454,0.2907,19.6,2026-09-08T18:05:43Z,ACTIVE,forecast_composite,SIMULATED / PROTOTYPE ALERT
ALT-GRID-03284,REGIONAL_GRID_CELL,"Cell COARSE_C17898 (27.269N, 88.588E)",COARSE_C17898,East Sikkim,27.269,88.588,+48h,0.6434,High,HIGH,0.9964,0.2907,19.6,2026-09-08T18:05:43Z,ACTIVE,forecast_composite,SIMULATED / PROTOTYPE ALERT
ALT-GRID-03285,REGIONAL_GRID_CELL,"Cell COARSE_C17899 (27.269N, 88.589E)",COARSE_C17899,East Sikkim,27.269,88.589,+48h,0.6046,High,HIGH,0.9269,0.2907,19.6,2026-09-08T18:05:43Z,ACTIVE,forecast_composite,SIMULATED / PROTOTYPE ALERT
ALT-GRID-03286,REGIONAL_GRID_CELL,"Cell COARSE_C18091 (27.270N, 88.580E)",COARSE_C18091,East Sikkim,27.27,88.58,+48h,0.6428,High,HIGH,0.9954,0.2907,19.6,2026-09-08T18:05:43Z,ACTIVE,forecast_composite,SIMULATED / PROTOTYPE ALERT
ALT-GRID-03287,REGIONAL_GRID_CELL,"Cell COARSE_C18105 (27.270N, 88.594E)",COARSE_C18105,East Sikkim,27.27,88.594,+48h,0.6436,High,HIGH,0.9968,0.2907,19.6,2026-09-08T18:05:43Z,ACTIVE,forecast_composite,SIMULATED / PROTOTYPE ALERT
ALT-GRID-03288,REGIONAL_GRID_CELL,"Cell COARSE_C18302 (27.271N, 88.590E)",COARSE_C18302,East Sikkim,27.271,88.59,+48h,0.6416,High,HIGH,0.9932,0.2907,19.6,2026-09-08T18:05:43Z,ACTIVE,forecast_composite,SIMULATED / PROTOTYPE ALERT
ALT-GRID-03289,REGIONAL_GRID_CELL,"Cell COARSE_C18304 (27.271N, 88.592E)",COARSE_C18304,East Sikkim,27.271,88.592,+48h,0.5975,High,HIGH,0.9143,0.2907,19.6,2026-09-08T18:05:43Z,ACTIVE,forecast_composite,SIMULATED / PROTOTYPE ALERT
ALT-GRID-03290,REGIONAL_GRID_CELL,"Cell COARSE_C18305 (27.271N, 88.593E)",COARSE_C18305,East Sikkim,27.271,88.593,+48h,0.6033,High,HIGH,0.9246,0.2907,19.6,2026-09-08T18:05:43Z,ACTIVE,forecast_composite,SIMULATED / PROTOTYPE ALERT
ALT-GRID-03291,REGIONAL_GRID_CELL,"Cell COARSE_C18306 (27.271N, 88.594E)",COARSE_C18306,East Sikkim,27.271,88.594,+48h,0.6043,High,HIGH,0.9264,0.2907,19.6,2026-09-08T18:05:43Z,ACTIVE,forecast_composite,SIMULATED / PROTOTYPE ALERT
ALT-GRID-03292,REGIONAL_GRID_CELL,"Cell COARSE_C18505 (27.272N, 88.592E)",COARSE_C18505,East Sikkim,27.272,88.592,+48h,0.5816,High,HIGH,0.8858,0.2907,19.6,2026-09-08T18:05:43Z,ACTIVE,forecast_composite,SIMULATED / PROTOTYPE ALERT
ALT-GRID-03293,REGIONAL_GRID_CELL,"Cell COARSE_C18509 (27.272N, 88.596E)",COARSE_C18509,East Sikkim,27.272,88.596,+48h,0.6424,High,HIGH,0.9947,0.2907,19.6,2026-09-08T18:05:43Z,ACTIVE,forecast_composite,SIMULATED / PROTOTYPE ALERT
ALT-GRID-03294,REGIONAL_GRID_CELL,"Cell COARSE_C18714 (27.273N, 88.600E)",COARSE_C18714,East Sikkim,27.273,88.6,+48h,0.6153,High,HIGH,0.9462,0.2907,19.6,2026-09-08T18:05:43Z,ACTIVE,forecast_composite,SIMULATED / PROTOTYPE ALERT
ALT-GRID-03295,REGIONAL_GRID_CELL,"Cell COARSE_C19100 (27.275N, 88.584E)",COARSE_C19100,East Sikkim,27.275,88.584,+48h,0.6427,High,HIGH,0.9952,0.2907,19.6,2026-09-08T18:05:43Z,ACTIVE,forecast_composite,SIMULATED / PROTOTYPE ALERT
ALT-GRID-03296,REGIONAL_GRID_CELL,"Cell COARSE_C19108 (27.275N, 88.592E)",COARSE_C19108,East Sikkim,27.275,88.592,+48h,0.6413,High,HIGH,0.9928,0.2907,19.6,2026-09-08T18:05:43Z,ACTIVE,forecast_composite,SIMULATED / PROTOTYPE ALERT
ALT-GRID-03297,REGIONAL_GRID_CELL,"Cell COARSE_C19111 (27.275N, 88.595E)",COARSE_C19111,East Sikkim,27.275,88.595,+48h,0.5565,High,HIGH,0.8408,0.2907,19.6,2026-09-08T18:05:43Z,ACTIVE,forecast_composite,SIMULATED / PROTOTYPE ALERT
ALT-GRID-03298,REGIONAL_GRID_CELL,"Cell COARSE_C19313 (27.276N, 88.596E)",COARSE_C19313,East Sikkim,27.276,88.596,+48h,0.5804,High,HIGH,0.8837,0.2907,19.6,2026-09-08T18:05:43Z,ACTIVE,forecast_composite,SIMULATED / PROTOTYPE ALERT
ALT-GRID-03299,REGIONAL_GRID_CELL,"Cell COARSE_C19501 (27.277N, 88.583E)",COARSE_C19501,East Sikkim,27.277,88.583,+48h,0.5745,High,HIGH,0.8731,0.2907,19.6,2026-09-08T18:05:43Z,ACTIVE,forecast_composite,SIMULATED / PROTOTYPE ALERT
ALT-GRID-03300,REGIONAL_GRID_CELL,"Cell COARSE_C19515 (27.277N, 88.597E)",COARSE_C19515,East Sikkim,27.277,88.597,+48h,0.5963,High,HIGH,0.9121,0.2907,19.6,2026-09-08T18:05:43Z,ACTIVE,forecast_composite,SIMULATED / PROTOTYPE ALERT
ALT-GRID-03301,REGIONAL_GRID_CELL,"Cell COARSE_C19516 (27.277N, 88.598E)",COARSE_C19516,East Sikkim,27.277,88.598,+48h,0.5672,High,HIGH,0.86,0.2907,19.6,2026-09-08T18:05:43Z,ACTIVE,forecast_composite,SIMULATED / PROTOTYPE ALERT
ALT-GRID-03302,REGIONAL_GRID_CELL,"Cell COARSE_C19517 (27.277N, 88.599E)",COARSE_C19517,East Sikkim,27.277,88.599,+48h,0.595,High,HIGH,0.9097,0.2907,19.6,2026-09-08T18:05:43Z,ACTIVE,forecast_composite,SIMULATED / PROTOTYPE ALERT
ALT-GRID-03303,REGIONAL_GRID_CELL,"Cell COARSE_C19705 (27.278N, 88.586E)",COARSE_C19705,East Sikkim,27.278,88.586,+48h,0.6427,High,HIGH,0.9953,0.2907,19.6,2026-09-08T18:05:43Z,ACTIVE,forecast_composite,SIMULATED / PROTOTYPE ALERT
ALT-GRID-03304,REGIONAL_GRID_CELL,"Cell COARSE_C19711 (27.278N, 88.592E)",COARSE_C19711,East Sikkim,27.278,88.592,+48h,0.6425,High,HIGH,0.9948,0.2907,19.6,2026-09-08T18:05:43Z,ACTIVE,forecast_composite,SIMULATED / PROTOTYPE ALERT
ALT-GRID-03305,REGIONAL_GRID_CELL,"Cell COARSE_C19912 (27.279N, 88.592E)",COARSE_C19912,East Sikkim,27.279,88.592,+48h,0.6413,High,HIGH,0.9928,0.2907,19.6,2026-09-08T18:05:43Z,ACTIVE,forecast_composite,SIMULATED / PROTOTYPE ALERT
ALT-GRID-03306,REGIONAL_GRID_CELL,"Cell COARSE_C19913 (27.279N, 88.593E)",COARSE_C19913,East Sikkim,27.279,88.593,+48h,0.6407,High,HIGH,0.9916,0.2907,19.6,2026-09-08T18:05:43Z,ACTIVE,forecast_composite,SIMULATED / PROTOTYPE ALERT
ALT-GRID-03307,REGIONAL_GRID_CELL,"Cell COARSE_C19914 (27.279N, 88.594E)",COARSE_C19914,East Sikkim,27.279,88.594,+48h,0.6389,High,HIGH,0.9885,0.2907,19.6,2026-09-08T18:05:43Z,ACTIVE,forecast_composite,SIMULATED / PROTOTYPE ALERT
ALT-GRID-03308,REGIONAL_GRID_CELL,"Cell COARSE_C19915 (27.279N, 88.595E)",COARSE_C19915,East Sikkim,27.279,88.595,+48h,0.6219,High,HIGH,0.958,0.2907,19.6,2026-09-08T18:05:43Z,ACTIVE,forecast_composite,SIMULATED / PROTOTYPE ALERT
ALT-GRID-03309,REGIONAL_GRID_CELL,"Cell COARSE_C19916 (27.279N, 88.596E)",COARSE_C19916,East Sikkim,27.279,88.596,+48h,0.6171,High,HIGH,0.9494,0.2907,19.6,2026-09-08T18:05:43Z,ACTIVE,forecast_composite,SIMULATED / PROTOTYPE ALERT
ALT-GRID-03310,REGIONAL_GRID_CELL,"Cell COARSE_C20114 (27.280N, 88.593E)",COARSE_C20114,East Sikkim,27.28,88.593,+48h,0.6431,High,HIGH,0.996,0.2907,19.6,2026-09-08T18:05:43Z,ACTIVE,forecast_composite,SIMULATED / PROTOTYPE ALERT
ALT-GRID-03311,REGIONAL_GRID_CELL,"Cell COARSE_C20117 (27.280N, 88.596E)",COARSE_C20117,East Sikkim,27.28,88.596,+48h,0.6384,High,HIGH,0.9876,0.2907,19.6,2026-09-08T18:05:43Z,ACTIVE,forecast_composite,SIMULATED / PROTOTYPE ALERT
ALT-GRID-03312,REGIONAL_GRID_CELL,"Cell COARSE_C20118 (27.280N, 88.597E)",COARSE_C20118,East Sikkim,27.28,88.597,+48h,0.6423,High,HIGH,0.9946,0.2907,19.6,2026-09-08T18:05:43Z,ACTIVE,forecast_composite,SIMULATED / PROTOTYPE ALERT
ALT-GRID-03313,REGIONAL_GRID_CELL,"Cell COARSE_C20318 (27.281N, 88.596E)",COARSE_C20318,East Sikkim,27.281,88.596,+48h,0.6404,High,HIGH,0.9912,0.2907,19.6,2026-09-08T18:05:43Z,ACTIVE,forecast_composite,SIMULATED / PROTOTYPE ALERT
ALT-GRID-03314,REGIONAL_GRID_CELL,"Cell COARSE_C20319 (27.281N, 88.597E)",COARSE_C20319,East Sikkim,27.281,88.597,+48h,0.6399,High,HIGH,0.9903,0.2907,19.6,2026-09-08T18:05:43Z,ACTIVE,forecast_composite,SIMULATED / PROTOTYPE ALERT
ALT-GRID-03315,REGIONAL_GRID_CELL,"Cell COARSE_C20513 (27.282N, 88.590E)",COARSE_C20513,East Sikkim,27.282,88.59,+48h,0.6033,High,HIGH,0.9246,0.2907,19.6,2026-09-08T18:05:43Z,ACTIVE,forecast_composite,SIMULATED / PROTOTYPE ALERT
ALT-GRID-03316,REGIONAL_GRID_CELL,"Cell COARSE_C20515 (27.282N, 88.592E)",COARSE_C20515,East Sikkim,27.282,88.592,+48h,0.6183,High,HIGH,0.9516,0.2907,19.6,2026-09-08T18:05:43Z,ACTIVE,forecast_composite,SIMULATED / PROTOTYPE ALERT
ALT-GRID-03317,REGIONAL_GRID_CELL,"Cell COARSE_C20518 (27.282N, 88.595E)",COARSE_C20518,East Sikkim,27.282,88.595,+48h,0.6404,High,HIGH,0.9911,0.2907,19.6,2026-09-08T18:05:43Z,ACTIVE,forecast_composite,SIMULATED / PROTOTYPE ALERT
ALT-GRID-03318,REGIONAL_GRID_CELL,"Cell COARSE_C20718 (27.283N, 88.594E)",COARSE_C20718,East Sikkim,27.283,88.594,+48h,0.6412,High,HIGH,0.9925,0.2907,19.6,2026-09-08T18:05:43Z,ACTIVE,forecast_composite,SIMULATED / PROTOTYPE ALERT
ALT-GRID-03319,REGIONAL_GRID_CELL,"Cell COARSE_C20919 (27.284N, 88.594E)",COARSE_C20919,East Sikkim,27.284,88.594,+48h,0.642,High,HIGH,0.994,0.2907,19.6,2026-09-08T18:05:43Z,ACTIVE,forecast_composite,SIMULATED / PROTOTYPE ALERT
ALT-GRID-03320,REGIONAL_GRID_CELL,"Cell COARSE_C20923 (27.284N, 88.598E)",COARSE_C20923,East Sikkim,27.284,88.598,+48h,0.6415,High,HIGH,0.9931,0.2907,19.6,2026-09-08T18:05:43Z,ACTIVE,forecast_composite,SIMULATED / PROTOTYPE ALERT
ALT-GRID-03321,REGIONAL_GRID_CELL,"Cell COARSE_C21113 (27.285N, 88.587E)",COARSE_C21113,East Sikkim,27.285,88.587,+48h,0.5889,High,HIGH,0.8988,0.2907,19.6,2026-09-08T18:05:43Z,ACTIVE,forecast_composite,SIMULATED / PROTOTYPE ALERT
ALT-GRID-03322,REGIONAL_GRID_CELL,"Cell COARSE_C21118 (27.285N, 88.592E)",COARSE_C21118,East Sikkim,27.285,88.592,+48h,0.5991,High,HIGH,0.9172,0.2907,19.6,2026-09-08T18:05:43Z,ACTIVE,forecast_composite,SIMULATED / PROTOTYPE ALERT
ALT-GRID-03323,REGIONAL_GRID_CELL,"Cell COARSE_C21119 (27.285N, 88.593E)",COARSE_C21119,East Sikkim,27.285,88.593,+48h,0.5839,High,HIGH,0.8898,0.2907,19.6,2026-09-08T18:05:43Z,ACTIVE,forecast_composite,SIMULATED / PROTOTYPE ALERT
ALT-GRID-03324,REGIONAL_GRID_CELL,"Cell COARSE_C21723 (27.288N, 88.594E)",COARSE_C21723,East Sikkim,27.288,88.594,+48h,0.6406,High,HIGH,0.9914,0.2907,19.6,2026-09-08T18:05:43Z,ACTIVE,forecast_composite,SIMULATED / PROTOTYPE ALERT
ALT-GRID-03325,REGIONAL_GRID_CELL,"Cell COARSE_C21923 (27.289N, 88.593E)",COARSE_C21923,East Sikkim,27.289,88.593,+48h,0.6407,High,HIGH,0.9916,0.2907,19.6,2026-09-08T18:05:43Z,ACTIVE,forecast_composite,SIMULATED / PROTOTYPE ALERT
ALT-GRID-03326,REGIONAL_GRID_CELL,"Cell COARSE_C21930 (27.289N, 88.600E)",COARSE_C21930,East Sikkim,27.289,88.6,+48h,0.6397,High,HIGH,0.9899,0.2907,19.6,2026-09-08T18:05:43Z,ACTIVE,forecast_composite,SIMULATED / PROTOTYPE ALERT
ALT-GRID-03327,REGIONAL_GRID_CELL,"Cell COARSE_C22120 (27.290N, 88.589E)",COARSE_C22120,East Sikkim,27.29,88.589,+48h,0.6405,High,HIGH,0.9913,0.2907,19.6,2026-09-08T18:05:43Z,ACTIVE,forecast_composite,SIMULATED / PROTOTYPE ALERT
ALT-GRID-03328,REGIONAL_GRID_CELL,"Cell COARSE_C22122 (27.290N, 88.591E)",COARSE_C22122,East Sikkim,27.29,88.591,+48h,0.6416,High,HIGH,0.9932,0.2907,19.6,2026-09-08T18:05:43Z,ACTIVE,forecast_composite,SIMULATED / PROTOTYPE ALERT
ALT-GRID-03329,REGIONAL_GRID_CELL,"Cell COARSE_C22123 (27.290N, 88.592E)",COARSE_C22123,East Sikkim,27.29,88.592,+48h,0.6408,High,HIGH,0.9918,0.2907,19.6,2026-09-08T18:05:43Z,ACTIVE,forecast_composite,SIMULATED / PROTOTYPE ALERT
ALT-GRID-03330,REGIONAL_GRID_CELL,"Cell COARSE_C22126 (27.290N, 88.595E)",COARSE_C22126,East Sikkim,27.29,88.595,+48h,0.5626,High,HIGH,0.8518,0.2907,19.6,2026-09-08T18:05:43Z,ACTIVE,forecast_composite,SIMULATED / PROTOTYPE ALERT
ALT-GRID-03331,REGIONAL_GRID_CELL,"Cell COARSE_C22127 (27.290N, 88.596E)",COARSE_C22127,East Sikkim,27.29,88.596,+48h,0.6401,High,HIGH,0.9905,0.2907,19.6,2026-09-08T18:05:43Z,ACTIVE,forecast_composite,SIMULATED / PROTOTYPE ALERT
ALT-GRID-03332,REGIONAL_GRID_CELL,"Cell COARSE_C22128 (27.290N, 88.597E)",COARSE_C22128,East Sikkim,27.29,88.597,+48h,0.6377,High,HIGH,0.9862,0.2907,19.6,2026-09-08T18:05:43Z,ACTIVE,forecast_composite,SIMULATED / PROTOTYPE ALERT
ALT-GRID-03333,REGIONAL_GRID_CELL,"Cell COARSE_C22323 (27.291N, 88.591E)",COARSE_C22323,East Sikkim,27.291,88.591,+48h,0.6418,High,HIGH,0.9937,0.2907,19.6,2026-09-08T18:05:43Z,ACTIVE,forecast_composite,SIMULATED / PROTOTYPE ALERT
ALT-GRID-03334,REGIONAL_GRID_CELL,"Cell COARSE_C22326 (27.291N, 88.594E)",COARSE_C22326,East Sikkim,27.291,88.594,+48h,0.6411,High,HIGH,0.9923,0.2907,19.6,2026-09-08T18:05:43Z,ACTIVE,forecast_composite,SIMULATED / PROTOTYPE ALERT
ALT-GRID-03335,REGIONAL_GRID_CELL,"Cell COARSE_C22331 (27.291N, 88.599E)",COARSE_C22331,East Sikkim,27.291,88.599,+48h,0.6427,High,HIGH,0.9953,0.2907,19.6,2026-09-08T18:05:43Z,ACTIVE,forecast_composite,SIMULATED / PROTOTYPE ALERT
ALT-GRID-03336,REGIONAL_GRID_CELL,"Cell COARSE_C22522 (27.292N, 88.589E)",COARSE_C22522,East Sikkim,27.292,88.589,+48h,0.5937,High,HIGH,0.9075,0.2907,19.6,2026-09-08T18:05:43Z,ACTIVE,forecast_composite,SIMULATED / PROTOTYPE ALERT
ALT-GRID-03337,REGIONAL_GRID_CELL,"Cell COARSE_C22523 (27.292N, 88.590E)",COARSE_C22523,East Sikkim,27.292,88.59,+48h,0.6423,High,HIGH,0.9945,0.2907,19.6,2026-09-08T18:05:43Z,ACTIVE,forecast_composite,SIMULATED / PROTOTYPE ALERT
ALT-GRID-03338,REGIONAL_GRID_CELL,"Cell COARSE_C22525 (27.292N, 88.592E)",COARSE_C22525,East Sikkim,27.292,88.592,+48h,0.642,High,HIGH,0.994,0.2907,19.6,2026-09-08T18:05:43Z,ACTIVE,forecast_composite,SIMULATED / PROTOTYPE ALERT
ALT-GRID-03339,REGIONAL_GRID_CELL,"Cell COARSE_C22528 (27.292N, 88.595E)",COARSE_C22528,East Sikkim,27.292,88.595,+48h,0.6397,High,HIGH,0.9899,0.2907,19.6,2026-09-08T18:05:43Z,ACTIVE,forecast_composite,SIMULATED / PROTOTYPE ALERT
ALT-GRID-03340,REGIONAL_GRID_CELL,"Cell COARSE_C22725 (27.293N, 88.591E)",COARSE_C22725,East Sikkim,27.293,88.591,+48h,0.6394,High,HIGH,0.9893,0.2907,19.6,2026-09-08T18:05:43Z,ACTIVE,forecast_composite,SIMULATED / PROTOTYPE ALERT
ALT-GRID-03341,REGIONAL_GRID_CELL,"Cell COARSE_C22726 (27.293N, 88.592E)",COARSE_C22726,East Sikkim,27.293,88.592,+48h,0.6411,High,HIGH,0.9924,0.2907,19.6,2026-09-08T18:05:43Z,ACTIVE,forecast_composite,SIMULATED / PROTOTYPE ALERT
ALT-GRID-03342,REGIONAL_GRID_CELL,"Cell COARSE_C22924 (27.294N, 88.589E)",COARSE_C22924,East Sikkim,27.294,88.589,+48h,0.6392,High,HIGH,0.989,0.2907,19.6,2026-09-08T18:05:43Z,ACTIVE,forecast_composite,SIMULATED / PROTOTYPE ALERT
ALT-GRID-03343,REGIONAL_GRID_CELL,"Cell COARSE_C22925 (27.294N, 88.590E)",COARSE_C22925,East Sikkim,27.294,88.59,+48h,0.6404,High,HIGH,0.9911,0.2907,19.6,2026-09-08T18:05:43Z,ACTIVE,forecast_composite,SIMULATED / PROTOTYPE ALERT
ALT-GRID-03344,REGIONAL_GRID_CELL,"Cell COARSE_C22926 (27.294N, 88.591E)",COARSE_C22926,East Sikkim,27.294,88.591,+48h,0.6403,High,HIGH,0.9909,0.2907,19.6,2026-09-08T18:05:43Z,ACTIVE,forecast_composite,SIMULATED / PROTOTYPE ALERT
ALT-GRID-03345,REGIONAL_GRID_CELL,"Cell COARSE_C22927 (27.294N, 88.592E)",COARSE_C22927,East Sikkim,27.294,88.592,+48h,0.6414,High,HIGH,0.9929,0.2907,19.6,2026-09-08T18:05:43Z,ACTIVE,forecast_composite,SIMULATED / PROTOTYPE ALERT
ALT-GRID-03346,REGIONAL_GRID_CELL,"Cell COARSE_C23337 (27.296N, 88.600E)",COARSE_C23337,East Sikkim,27.296,88.6,+48h,0.6405,High,HIGH,0.9913,0.2907,19.6,2026-09-08T18:05:43Z,ACTIVE,forecast_composite,SIMULATED / PROTOTYPE ALERT
ALT-GRID-03347,REGIONAL_GRID_CELL,"Cell COARSE_C23939 (27.299N, 88.599E)",COARSE_C23939,East Sikkim,27.299,88.599,+48h,0.6395,High,HIGH,0.9895,0.2907,19.6,2026-09-08T18:05:43Z,ACTIVE,forecast_composite,SIMULATED / PROTOTYPE ALERT
ALT-GRID-03348,REGIONAL_GRID_CELL,"Cell COARSE_C24327 (27.301N, 88.585E)",COARSE_C24327,East Sikkim,27.301,88.585,+48h,0.5869,High,HIGH,0.9004,0.2848,18.5,2026-09-08T18:05:43Z,ACTIVE,forecast_composite,SIMULATED / PROTOTYPE ALERT
ALT-GRID-03349,REGIONAL_GRID_CELL,"Cell COARSE_C24730 (27.303N, 88.586E)",COARSE_C24730,East Sikkim,27.303,88.586,+48h,0.5879,High,HIGH,0.9022,0.2848,18.5,2026-09-08T18:05:43Z,ACTIVE,forecast_composite,SIMULATED / PROTOTYPE ALERT
ALT-GRID-03350,REGIONAL_GRID_CELL,"Cell COARSE_C24926 (27.304N, 88.581E)",COARSE_C24926,East Sikkim,27.304,88.581,+48h,0.6407,High,HIGH,0.997,0.2848,18.5,2026-09-08T18:05:43Z,ACTIVE,forecast_composite,SIMULATED / PROTOTYPE ALERT
ALT-GRID-03351,REGIONAL_GRID_CELL,"Cell COARSE_C24942 (27.304N, 88.597E)",COARSE_C24942,East Sikkim,27.304,88.597,+48h,0.6343,High,HIGH,0.9855,0.2848,18.5,2026-09-08T18:05:43Z,ACTIVE,forecast_composite,SIMULATED / PROTOTYPE ALERT
ALT-GRID-03352,REGIONAL_GRID_CELL,"Cell COARSE_C24944 (27.304N, 88.599E)",COARSE_C24944,East Sikkim,27.304,88.599,+48h,0.6365,High,HIGH,0.9894,0.2848,18.5,2026-09-08T18:05:43Z,ACTIVE,forecast_composite,SIMULATED / PROTOTYPE ALERT
ALT-GRID-03353,REGIONAL_GRID_CELL,"Cell COARSE_C25141 (27.305N, 88.595E)",COARSE_C25141,East Sikkim,27.305,88.595,+48h,0.6339,High,HIGH,0.9847,0.2848,18.5,2026-09-08T18:05:43Z,ACTIVE,forecast_composite,SIMULATED / PROTOTYPE ALERT
ALT-GRID-03354,REGIONAL_GRID_CELL,"Cell COARSE_C25145 (27.305N, 88.599E)",COARSE_C25145,East Sikkim,27.305,88.599,+48h,0.6347,High,HIGH,0.9861,0.2848,18.5,2026-09-08T18:05:43Z,ACTIVE,forecast_composite,SIMULATED / PROTOTYPE ALERT
ALT-GRID-03355,REGIONAL_GRID_CELL,"Cell COARSE_C25332 (27.306N, 88.585E)",COARSE_C25332,East Sikkim,27.306,88.585,+48h,0.5776,High,HIGH,0.8837,0.2848,18.5,2026-09-08T18:05:43Z,ACTIVE,forecast_composite,SIMULATED / PROTOTYPE ALERT
ALT-GRID-03356,REGIONAL_GRID_CELL,"Cell COARSE_C25333 (27.306N, 88.586E)",COARSE_C25333,East Sikkim,27.306,88.586,+48h,0.589,High,HIGH,0.9041,0.2848,18.5,2026-09-08T18:05:43Z,ACTIVE,forecast_composite,SIMULATED / PROTOTYPE ALERT
ALT-GRID-03357,REGIONAL_GRID_CELL,"Cell COARSE_C25532 (27.307N, 88.584E)",COARSE_C25532,East Sikkim,27.307,88.584,+48h,0.6372,High,HIGH,0.9907,0.2848,18.5,2026-09-08T18:05:43Z,ACTIVE,forecast_composite,SIMULATED / PROTOTYPE ALERT
ALT-GRID-03358,REGIONAL_GRID_CELL,"Cell COARSE_C25533 (27.307N, 88.585E)",COARSE_C25533,East Sikkim,27.307,88.585,+48h,0.569,High,HIGH,0.8682,0.2848,18.5,2026-09-08T18:05:43Z,ACTIVE,forecast_composite,SIMULATED / PROTOTYPE ALERT
ALT-GRID-03359,REGIONAL_GRID_CELL,"Cell COARSE_C25545 (27.307N, 88.597E)",COARSE_C25545,East Sikkim,27.307,88.597,+48h,0.6343,High,HIGH,0.9855,0.2848,18.5,2026-09-08T18:05:43Z,ACTIVE,forecast_composite,SIMULATED / PROTOTYPE ALERT
ALT-GRID-03360,REGIONAL_GRID_CELL,"Cell COARSE_C25547 (27.307N, 88.599E)",COARSE_C25547,East Sikkim,27.307,88.599,+48h,0.6273,High,HIGH,0.9729,0.2848,18.5,2026-09-08T18:05:43Z,ACTIVE,forecast_composite,SIMULATED / PROTOTYPE ALERT
ALT-GRID-03361,REGIONAL_GRID_CELL,"Cell COARSE_C25731 (27.308N, 88.582E)",COARSE_C25731,East Sikkim,27.308,88.582,+48h,0.6411,High,HIGH,0.9976,0.2848,18.5,2026-09-08T18:05:43Z,ACTIVE,forecast_composite,SIMULATED / PROTOTYPE ALERT
ALT-GRID-03362,REGIONAL_GRID_CELL,"Cell COARSE_C25744 (27.308N, 88.595E)",COARSE_C25744,East Sikkim,27.308,88.595,+48h,0.6357,High,HIGH,0.9879,0.2848,18.5,2026-09-08T18:05:43Z,ACTIVE,forecast_composite,SIMULATED / PROTOTYPE ALERT
ALT-GRID-03363,REGIONAL_GRID_CELL,"Cell COARSE_C25934 (27.309N, 88.584E)",COARSE_C25934,East Sikkim,27.309,88.584,+48h,0.6384,High,HIGH,0.9928,0.2848,18.5,2026-09-08T18:05:43Z,ACTIVE,forecast_composite,SIMULATED / PROTOTYPE ALERT
ALT-GRID-03364,REGIONAL_GRID_CELL,"Cell COARSE_C25938 (27.309N, 88.588E)",COARSE_C25938,East Sikkim,27.309,88.588,+48h,0.6386,High,HIGH,0.9932,0.2848,18.5,2026-09-08T18:05:43Z,ACTIVE,forecast_composite,SIMULATED / PROTOTYPE ALERT
ALT-GRID-03365,REGIONAL_GRID_CELL,"Cell COARSE_C25940 (27.309N, 88.590E)",COARSE_C25940,East Sikkim,27.309,88.59,+48h,0.6379,High,HIGH,0.992,0.2848,18.5,2026-09-08T18:05:43Z,ACTIVE,forecast_composite,SIMULATED / PROTOTYPE ALERT
ALT-GRID-03366,REGIONAL_GRID_CELL,"Cell COARSE_C25941 (27.309N, 88.591E)",COARSE_C25941,East Sikkim,27.309,88.591,+48h,0.6376,High,HIGH,0.9914,0.2848,18.5,2026-09-08T18:05:43Z,ACTIVE,forecast_composite,SIMULATED / PROTOTYPE ALERT
ALT-GRID-03367,REGIONAL_GRID_CELL,"Cell COARSE_C25944 (27.309N, 88.594E)",COARSE_C25944,East Sikkim,27.309,88.594,+48h,0.6383,High,HIGH,0.9926,0.2848,18.5,2026-09-08T18:05:43Z,ACTIVE,forecast_composite,SIMULATED / PROTOTYPE ALERT
ALT-GRID-03368,REGIONAL_GRID_CELL,"Cell COARSE_C25945 (27.309N, 88.595E)",COARSE_C25945,East Sikkim,27.309,88.595,+48h,0.6365,High,HIGH,0.9894,0.2848,18.5,2026-09-08T18:05:43Z,ACTIVE,forecast_composite,SIMULATED / PROTOTYPE ALERT
ALT-GRID-03369,REGIONAL_GRID_CELL,"Cell COARSE_C25946 (27.309N, 88.596E)",COARSE_C25946,East Sikkim,27.309,88.596,+48h,0.6359,High,HIGH,0.9884,0.2848,18.5,2026-09-08T18:05:43Z,ACTIVE,forecast_composite,SIMULATED / PROTOTYPE ALERT
ALT-GRID-03370,REGIONAL_GRID_CELL,"Cell COARSE_C26131 (27.310N, 88.580E)",COARSE_C26131,East Sikkim,27.31,88.58,+48h,0.6225,High,HIGH,0.9642,0.2848,18.5,2026-09-08T18:05:43Z,ACTIVE,forecast_composite,SIMULATED / PROTOTYPE ALERT
ALT-GRID-03371,REGIONAL_GRID_CELL,"Cell COARSE_C26135 (27.310N, 88.584E)",COARSE_C26135,East Sikkim,27.31,88.584,+48h,0.6378,High,HIGH,0.9917,0.2848,18.5,2026-09-08T18:05:43Z,ACTIVE,forecast_composite,SIMULATED / PROTOTYPE ALERT
ALT-GRID-03372,REGIONAL_GRID_CELL,"Cell COARSE_C26141 (27.310N, 88.590E)",COARSE_C26141,East Sikkim,27.31,88.59,+48h,0.6381,High,HIGH,0.9922,0.2848,18.5,2026-09-08T18:05:43Z,ACTIVE,forecast_composite,SIMULATED / PROTOTYPE ALERT
ALT-GRID-03373,REGIONAL_GRID_CELL,"Cell COARSE_C26144 (27.310N, 88.593E)",COARSE_C26144,East Sikkim,27.31,88.593,+48h,0.6364,High,HIGH,0.9892,0.2848,18.5,2026-09-08T18:05:43Z,ACTIVE,forecast_composite,SIMULATED / PROTOTYPE ALERT
ALT-GRID-03374,REGIONAL_GRID_CELL,"Cell COARSE_C26146 (27.310N, 88.595E)",COARSE_C26146,East Sikkim,27.31,88.595,+48h,0.6358,High,HIGH,0.9882,0.2848,18.5,2026-09-08T18:05:43Z,ACTIVE,forecast_composite,SIMULATED / PROTOTYPE ALERT
ALT-GRID-03375,REGIONAL_GRID_CELL,"Cell COARSE_C26147 (27.310N, 88.596E)",COARSE_C26147,East Sikkim,27.31,88.596,+48h,0.6358,High,HIGH,0.9882,0.2848,18.5,2026-09-08T18:05:43Z,ACTIVE,forecast_composite,SIMULATED / PROTOTYPE ALERT
ALT-GRID-03376,REGIONAL_GRID_CELL,"Cell COARSE_C26148 (27.310N, 88.597E)",COARSE_C26148,East Sikkim,27.31,88.597,+48h,0.6365,High,HIGH,0.9894,0.2848,18.5,2026-09-08T18:05:43Z,ACTIVE,forecast_composite,SIMULATED / PROTOTYPE ALERT
ALT-GRID-03377,REGIONAL_GRID_CELL,"Cell COARSE_C26341 (27.311N, 88.589E)",COARSE_C26341,Gangtok District,27.311,88.589,+48h,0.64,High,HIGH,0.9957,0.2848,18.5,2026-09-08T18:05:43Z,ACTIVE,forecast_composite,SIMULATED / PROTOTYPE ALERT
ALT-GRID-03378,REGIONAL_GRID_CELL,"Cell COARSE_C26342 (27.311N, 88.590E)",COARSE_C26342,Gangtok District,27.311,88.59,+48h,0.6377,High,HIGH,0.9916,0.2848,18.5,2026-09-08T18:05:43Z,ACTIVE,forecast_composite,SIMULATED / PROTOTYPE ALERT
ALT-GRID-03379,REGIONAL_GRID_CELL,"Cell COARSE_C26343 (27.311N, 88.591E)",COARSE_C26343,Gangtok District,27.311,88.591,+48h,0.6357,High,HIGH,0.9879,0.2848,18.5,2026-09-08T18:05:43Z,ACTIVE,forecast_composite,SIMULATED / PROTOTYPE ALERT
ALT-GRID-03380,REGIONAL_GRID_CELL,"Cell COARSE_C26347 (27.311N, 88.595E)",COARSE_C26347,East Sikkim,27.311,88.595,+48h,0.6378,High,HIGH,0.9917,0.2848,18.5,2026-09-08T18:05:43Z,ACTIVE,forecast_composite,SIMULATED / PROTOTYPE ALERT
ALT-GRID-03381,REGIONAL_GRID_CELL,"Cell COARSE_C26348 (27.311N, 88.596E)",COARSE_C26348,East Sikkim,27.311,88.596,+48h,0.6366,High,HIGH,0.9896,0.2848,18.5,2026-09-08T18:05:43Z,ACTIVE,forecast_composite,SIMULATED / PROTOTYPE ALERT
ALT-GRID-03382,REGIONAL_GRID_CELL,"Cell COARSE_C26349 (27.311N, 88.597E)",COARSE_C26349,East Sikkim,27.311,88.597,+48h,0.6374,High,HIGH,0.991,0.2848,18.5,2026-09-08T18:05:43Z,ACTIVE,forecast_composite,SIMULATED / PROTOTYPE ALERT
ALT-GRID-03383,REGIONAL_GRID_CELL,"Cell COARSE_C26350 (27.311N, 88.598E)",COARSE_C26350,East Sikkim,27.311,88.598,+48h,0.6361,High,HIGH,0.9887,0.2848,18.5,2026-09-08T18:05:43Z,ACTIVE,forecast_composite,SIMULATED / PROTOTYPE ALERT
ALT-GRID-03384,REGIONAL_GRID_CELL,"Cell COARSE_C26545 (27.312N, 88.592E)",COARSE_C26545,Gangtok District,27.312,88.592,+48h,0.6371,High,HIGH,0.9904,0.2848,18.5,2026-09-08T18:05:43Z,ACTIVE,forecast_composite,SIMULATED / PROTOTYPE ALERT
ALT-GRID-03385,REGIONAL_GRID_CELL,"Cell COARSE_C26546 (27.312N, 88.593E)",COARSE_C26546,East Sikkim,27.312,88.593,+48h,0.6385,High,HIGH,0.993,0.2848,18.5,2026-09-08T18:05:43Z,ACTIVE,forecast_composite,SIMULATED / PROTOTYPE ALERT
ALT-GRID-03386,REGIONAL_GRID_CELL,"Cell COARSE_C26549 (27.312N, 88.596E)",COARSE_C26549,East Sikkim,27.312,88.596,+48h,0.6357,High,HIGH,0.988,0.2848,18.5,2026-09-08T18:05:43Z,ACTIVE,forecast_composite,SIMULATED / PROTOTYPE ALERT
ALT-GRID-03387,REGIONAL_GRID_CELL,"Cell COARSE_C26552 (27.312N, 88.599E)",COARSE_C26552,East Sikkim,27.312,88.599,+48h,0.6375,High,HIGH,0.9912,0.2848,18.5,2026-09-08T18:05:43Z,ACTIVE,forecast_composite,SIMULATED / PROTOTYPE ALERT
ALT-GRID-03388,REGIONAL_GRID_CELL,"Cell COARSE_C26735 (27.313N, 88.581E)",COARSE_C26735,Gangtok District,27.313,88.581,+48h,0.6236,High,HIGH,0.9662,0.2848,18.5,2026-09-08T18:05:43Z,ACTIVE,forecast_composite,SIMULATED / PROTOTYPE ALERT
ALT-GRID-03389,REGIONAL_GRID_CELL,"Cell COARSE_C26747 (27.313N, 88.593E)",COARSE_C26747,Gangtok District,27.313,88.593,+48h,0.6382,High,HIGH,0.9925,0.2848,18.5,2026-09-08T18:05:43Z,ACTIVE,forecast_composite,SIMULATED / PROTOTYPE ALERT
ALT-GRID-03390,REGIONAL_GRID_CELL,"Cell COARSE_C26749 (27.313N, 88.595E)",COARSE_C26749,East Sikkim,27.313,88.595,+48h,0.6389,High,HIGH,0.9937,0.2848,18.5,2026-09-08T18:05:43Z,ACTIVE,forecast_composite,SIMULATED / PROTOTYPE ALERT
ALT-GRID-03391,REGIONAL_GRID_CELL,"Cell COARSE_C26753 (27.313N, 88.599E)",COARSE_C26753,East Sikkim,27.313,88.599,+48h,0.5938,High,HIGH,0.9127,0.2848,18.5,2026-09-08T18:05:43Z,ACTIVE,forecast_composite,SIMULATED / PROTOTYPE ALERT
ALT-GRID-03392,REGIONAL_GRID_CELL,"Cell COARSE_C26754 (27.313N, 88.600E)",COARSE_C26754,East Sikkim,27.313,88.6,+48h,0.6367,High,HIGH,0.9897,0.2848,18.5,2026-09-08T18:05:43Z,ACTIVE,forecast_composite,SIMULATED / PROTOTYPE ALERT
ALT-GRID-03393,REGIONAL_GRID_CELL,"Cell COARSE_C26948 (27.314N, 88.593E)",COARSE_C26948,Gangtok District,27.314,88.593,+48h,0.6394,High,HIGH,0.9946,0.2848,18.5,2026-09-08T18:05:43Z,ACTIVE,forecast_composite,SIMULATED / PROTOTYPE ALERT
ALT-GRID-03394,REGIONAL_GRID_CELL,"Cell COARSE_C26950 (27.314N, 88.595E)",COARSE_C26950,East Sikkim,27.314,88.595,+48h,0.6384,High,HIGH,0.9928,0.2848,18.5,2026-09-08T18:05:43Z,ACTIVE,forecast_composite,SIMULATED / PROTOTYPE ALERT
ALT-GRID-03395,REGIONAL_GRID_CELL,"Cell COARSE_C26952 (27.314N, 88.597E)",COARSE_C26952,East Sikkim,27.314,88.597,+48h,0.6372,High,HIGH,0.9906,0.2848,18.5,2026-09-08T18:05:43Z,ACTIVE,forecast_composite,SIMULATED / PROTOTYPE ALERT
ALT-GRID-03396,REGIONAL_GRID_CELL,"Cell COARSE_C27136 (27.315N, 88.580E)",COARSE_C27136,Gangtok District,27.315,88.58,+48h,0.6191,High,HIGH,0.9582,0.2848,18.5,2026-09-08T18:05:43Z,ACTIVE,forecast_composite,SIMULATED / PROTOTYPE ALERT
ALT-GRID-03397,REGIONAL_GRID_CELL,"Cell COARSE_C27151 (27.315N, 88.595E)",COARSE_C27151,Gangtok District,27.315,88.595,+48h,0.6387,High,HIGH,0.9933,0.2848,18.5,2026-09-08T18:05:43Z,ACTIVE,forecast_composite,SIMULATED / PROTOTYPE ALERT
ALT-GRID-03398,REGIONAL_GRID_CELL,"Cell COARSE_C27156 (27.315N, 88.600E)",COARSE_C27156,East Sikkim,27.315,88.6,+48h,0.6373,High,HIGH,0.9909,0.2848,18.5,2026-09-08T18:05:43Z,ACTIVE,forecast_composite,SIMULATED / PROTOTYPE ALERT
ALT-GRID-03399,REGIONAL_GRID_CELL,"Cell COARSE_C27352 (27.316N, 88.595E)",COARSE_C27352,Gangtok District,27.316,88.595,+48h,0.6392,High,HIGH,0.9942,0.2848,18.5,2026-09-08T18:05:43Z,ACTIVE,forecast_composite,SIMULATED / PROTOTYPE ALERT
ALT-GRID-03400,REGIONAL_GRID_CELL,"Cell COARSE_C27353 (27.316N, 88.596E)",COARSE_C27353,Gangtok District,27.316,88.596,+48h,0.6378,High,HIGH,0.9918,0.2848,18.5,2026-09-08T18:05:43Z,ACTIVE,forecast_composite,SIMULATED / PROTOTYPE ALERT
ALT-GRID-03401,REGIONAL_GRID_CELL,"Cell COARSE_C27354 (27.316N, 88.597E)",COARSE_C27354,East Sikkim,27.316,88.597,+48h,0.6381,High,HIGH,0.9923,0.2848,18.5,2026-09-08T18:05:43Z,ACTIVE,forecast_composite,SIMULATED / PROTOTYPE ALERT
ALT-GRID-03402,REGIONAL_GRID_CELL,"Cell COARSE_C27357 (27.316N, 88.600E)",COARSE_C27357,East Sikkim,27.316,88.6,+48h,0.6384,High,HIGH,0.9928,0.2848,18.5,2026-09-08T18:05:43Z,ACTIVE,forecast_composite,SIMULATED / PROTOTYPE ALERT
ALT-GRID-03403,REGIONAL_GRID_CELL,"Cell COARSE_C27539 (27.317N, 88.581E)",COARSE_C27539,Gangtok District,27.317,88.581,+48h,0.5535,High,HIGH,0.8404,0.2848,18.5,2026-09-08T18:05:43Z,ACTIVE,forecast_composite,SIMULATED / PROTOTYPE ALERT
ALT-GRID-03404,REGIONAL_GRID_CELL,"Cell COARSE_C27554 (27.317N, 88.596E)",COARSE_C27554,Gangtok District,27.317,88.596,+48h,0.6372,High,HIGH,0.9906,0.2848,18.5,2026-09-08T18:05:43Z,ACTIVE,forecast_composite,SIMULATED / PROTOTYPE ALERT
ALT-GRID-03405,REGIONAL_GRID_CELL,"Cell COARSE_C27555 (27.317N, 88.597E)",COARSE_C27555,Gangtok District,27.317,88.597,+48h,0.6372,High,HIGH,0.9907,0.2848,18.5,2026-09-08T18:05:43Z,ACTIVE,forecast_composite,SIMULATED / PROTOTYPE ALERT
ALT-GRID-03406,REGIONAL_GRID_CELL,"Cell COARSE_C27556 (27.317N, 88.598E)",COARSE_C27556,East Sikkim,27.317,88.598,+48h,0.6381,High,HIGH,0.9923,0.2848,18.5,2026-09-08T18:05:43Z,ACTIVE,forecast_composite,SIMULATED / PROTOTYPE ALERT
ALT-GRID-03407,REGIONAL_GRID_CELL,"Cell COARSE_C27558 (27.317N, 88.600E)",COARSE_C27558,East Sikkim,27.317,88.6,+48h,0.5905,High,HIGH,0.9069,0.2848,18.5,2026-09-08T18:05:43Z,ACTIVE,forecast_composite,SIMULATED / PROTOTYPE ALERT
ALT-GRID-03408,REGIONAL_GRID_CELL,"Cell COARSE_C27750 (27.318N, 88.591E)",COARSE_C27750,Gangtok District,27.318,88.591,+48h,0.5888,High,HIGH,0.9037,0.2848,18.5,2026-09-08T18:05:43Z,ACTIVE,forecast_composite,SIMULATED / PROTOTYPE ALERT
ALT-GRID-03409,REGIONAL_GRID_CELL,"Cell COARSE_C27753 (27.318N, 88.594E)",COARSE_C27753,Gangtok District,27.318,88.594,+48h,0.6405,High,HIGH,0.9966,0.2848,18.5,2026-09-08T18:05:43Z,ACTIVE,forecast_composite,SIMULATED / PROTOTYPE ALERT
ALT-GRID-03410,REGIONAL_GRID_CELL,"Cell COARSE_C27754 (27.318N, 88.595E)",COARSE_C27754,Gangtok District,27.318,88.595,+48h,0.6385,High,HIGH,0.993,0.2848,18.5,2026-09-08T18:05:43Z,ACTIVE,forecast_composite,SIMULATED / PROTOTYPE ALERT
ALT-GRID-03411,REGIONAL_GRID_CELL,"Cell COARSE_C27755 (27.318N, 88.596E)",COARSE_C27755,Gangtok District,27.318,88.596,+48h,0.5724,High,HIGH,0.8743,0.2848,18.5,2026-09-08T18:05:43Z,ACTIVE,forecast_composite,SIMULATED / PROTOTYPE ALERT
ALT-GRID-03412,REGIONAL_GRID_CELL,"Cell COARSE_C27759 (27.318N, 88.600E)",COARSE_C27759,East Sikkim,27.318,88.6,+48h,0.5894,High,HIGH,0.9049,0.2848,18.5,2026-09-08T18:05:43Z,ACTIVE,forecast_composite,SIMULATED / PROTOTYPE ALERT
ALT-GRID-03413,REGIONAL_GRID_CELL,"Cell COARSE_C27949 (27.319N, 88.589E)",COARSE_C27949,Gangtok District,27.319,88.589,+48h,0.612,High,HIGH,0.9454,0.2848,18.5,2026-09-08T18:05:43Z,ACTIVE,forecast_composite,SIMULATED / PROTOTYPE ALERT
ALT-GRID-03414,REGIONAL_GRID_CELL,"Cell COARSE_C27957 (27.319N, 88.597E)",COARSE_C27957,Gangtok District,27.319,88.597,+48h,0.6376,High,HIGH,0.9914,0.2848,18.5,2026-09-08T18:05:43Z,ACTIVE,forecast_composite,SIMULATED / PROTOTYPE ALERT
ALT-GRID-03415,REGIONAL_GRID_CELL,"Cell COARSE_C27960 (27.319N, 88.600E)",COARSE_C27960,East Sikkim,27.319,88.6,+48h,0.6374,High,HIGH,0.991,0.2848,18.5,2026-09-08T18:05:43Z,ACTIVE,forecast_composite,SIMULATED / PROTOTYPE ALERT
ALT-GRID-03416,REGIONAL_GRID_CELL,"Cell COARSE_C28158 (27.320N, 88.597E)",COARSE_C28158,Gangtok District,27.32,88.597,+48h,0.6383,High,HIGH,0.9926,0.2848,18.5,2026-09-08T18:05:43Z,ACTIVE,forecast_composite,SIMULATED / PROTOTYPE ALERT
ALT-GRID-03417,REGIONAL_GRID_CELL,"Cell COARSE_C28161 (27.320N, 88.600E)",COARSE_C28161,Gangtok District,27.32,88.6,+48h,0.6372,High,HIGH,0.9907,0.2848,18.5,2026-09-08T18:05:43Z,ACTIVE,forecast_composite,SIMULATED / PROTOTYPE ALERT
ALT-GRID-03418,REGIONAL_GRID_CELL,"Cell COARSE_C28360 (27.321N, 88.598E)",COARSE_C28360,Gangtok District,27.321,88.598,+48h,0.6384,High,HIGH,0.9928,0.2848,18.5,2026-09-08T18:05:43Z,ACTIVE,forecast_composite,SIMULATED / PROTOTYPE ALERT
ALT-GRID-03419,REGIONAL_GRID_CELL,"Cell COARSE_C28557 (27.322N, 88.594E)",COARSE_C28557,Gangtok District,27.322,88.594,+48h,0.6397,High,HIGH,0.9952,0.2848,18.5,2026-09-08T18:05:43Z,ACTIVE,forecast_composite,SIMULATED / PROTOTYPE ALERT
ALT-GRID-03420,REGIONAL_GRID_CELL,"Cell COARSE_C28558 (27.322N, 88.595E)",COARSE_C28558,Gangtok District,27.322,88.595,+48h,0.6124,High,HIGH,0.9461,0.2848,18.5,2026-09-08T18:05:43Z,ACTIVE,forecast_composite,SIMULATED / PROTOTYPE ALERT
ALT-GRID-03421,REGIONAL_GRID_CELL,"Cell COARSE_C28560 (27.322N, 88.597E)",COARSE_C28560,Gangtok District,27.322,88.597,+48h,0.6381,High,HIGH,0.9923,0.2848,18.5,2026-09-08T18:05:43Z,ACTIVE,forecast_composite,SIMULATED / PROTOTYPE ALERT
ALT-GRID-03422,REGIONAL_GRID_CELL,"Cell COARSE_C28561 (27.322N, 88.598E)",COARSE_C28561,Gangtok District,27.322,88.598,+48h,0.5931,High,HIGH,0.9114,0.2848,18.5,2026-09-08T18:05:43Z,ACTIVE,forecast_composite,SIMULATED / PROTOTYPE ALERT
ALT-GRID-03423,REGIONAL_GRID_CELL,"Cell COARSE_C28959 (27.324N, 88.594E)",COARSE_C28959,Gangtok District,27.324,88.594,+48h,0.5974,High,HIGH,0.9192,0.2848,18.5,2026-09-08T18:05:43Z,ACTIVE,forecast_composite,SIMULATED / PROTOTYPE ALERT
ALT-GRID-03424,REGIONAL_GRID_CELL,"Cell COARSE_C29362 (27.326N, 88.595E)",COARSE_C29362,Gangtok District,27.326,88.595,+48h,0.5996,High,HIGH,0.9231,0.2848,18.5,2026-09-08T18:05:43Z,ACTIVE,forecast_composite,SIMULATED / PROTOTYPE ALERT
ALT-GRID-03425,REGIONAL_GRID_CELL,"Cell COARSE_C29366 (27.326N, 88.599E)",COARSE_C29366,Gangtok District,27.326,88.599,+48h,0.5923,High,HIGH,0.9101,0.2848,18.5,2026-09-08T18:05:43Z,ACTIVE,forecast_composite,SIMULATED / PROTOTYPE ALERT
ALT-GRID-03426,REGIONAL_GRID_CELL,"Cell COARSE_C29564 (27.327N, 88.596E)",COARSE_C29564,Gangtok District,27.327,88.596,+48h,0.6172,High,HIGH,0.9547,0.2848,18.5,2026-09-08T18:05:43Z,ACTIVE,forecast_composite,SIMULATED / PROTOTYPE ALERT
ALT-GRID-03427,REGIONAL_GRID_CELL,"Cell COARSE_C30153 (27.330N, 88.582E)",COARSE_C30153,Gangtok District,27.33,88.582,+48h,0.6372,High,HIGH,0.9907,0.2848,18.5,2026-09-08T18:05:43Z,ACTIVE,forecast_composite,SIMULATED / PROTOTYPE ALERT
ALT-GRID-03428,REGIONAL_GRID_CELL,"Cell COARSE_C30161 (27.330N, 88.590E)",COARSE_C30161,Gangtok District,27.33,88.59,+48h,0.5952,High,HIGH,0.9152,0.2848,18.5,2026-09-08T18:05:43Z,ACTIVE,forecast_composite,SIMULATED / PROTOTYPE ALERT
ALT-GRID-03429,REGIONAL_GRID_CELL,"Cell COARSE_C30353 (27.331N, 88.581E)",COARSE_C30353,Gangtok District,27.331,88.581,+48h,0.5535,High,HIGH,0.8404,0.2848,18.5,2026-09-08T18:05:43Z,ACTIVE,forecast_composite,SIMULATED / PROTOTYPE ALERT
ALT-GRID-03430,REGIONAL_GRID_CELL,"Cell COARSE_C30556 (27.332N, 88.583E)",COARSE_C30556,Gangtok District,27.332,88.583,+48h,0.6371,High,HIGH,0.9904,0.2848,18.5,2026-09-08T18:05:43Z,ACTIVE,forecast_composite,SIMULATED / PROTOTYPE ALERT
ALT-GRID-03431,REGIONAL_GRID_CELL,"Cell COARSE_C30562 (27.332N, 88.589E)",COARSE_C30562,Gangtok District,27.332,88.589,+48h,0.5951,High,HIGH,0.915,0.2848,18.5,2026-09-08T18:05:43Z,ACTIVE,forecast_composite,SIMULATED / PROTOTYPE ALERT
ALT-GRID-03432,REGIONAL_GRID_CELL,"Cell COARSE_C30760 (27.333N, 88.586E)",COARSE_C30760,Gangtok District,27.333,88.586,+48h,0.5905,High,HIGH,0.9069,0.2848,18.5,2026-09-08T18:05:43Z,ACTIVE,forecast_composite,SIMULATED / PROTOTYPE ALERT
ALT-GRID-03433,REGIONAL_GRID_CELL,"Cell COARSE_C30761 (27.333N, 88.587E)",COARSE_C30761,Gangtok District,27.333,88.587,+48h,0.599,High,HIGH,0.922,0.2848,18.5,2026-09-08T18:05:43Z,ACTIVE,forecast_composite,SIMULATED / PROTOTYPE ALERT
ALT-GRID-03434,REGIONAL_GRID_CELL,"Cell COARSE_C30962 (27.334N, 88.587E)",COARSE_C30962,Gangtok District,27.334,88.587,+48h,0.5993,High,HIGH,0.9226,0.2848,18.5,2026-09-08T18:05:43Z,ACTIVE,forecast_composite,SIMULATED / PROTOTYPE ALERT
ALT-GRID-03435,REGIONAL_GRID_CELL,"Cell COARSE_C31166 (27.335N, 88.590E)",COARSE_C31166,Gangtok District,27.335,88.59,+48h,0.6386,High,HIGH,0.9932,0.2848,18.5,2026-09-08T18:05:43Z,ACTIVE,forecast_composite,SIMULATED / PROTOTYPE ALERT
ALT-GRID-03436,REGIONAL_GRID_CELL,"Cell COARSE_C31172 (27.335N, 88.596E)",COARSE_C31172,Gangtok District,27.335,88.596,+48h,0.6401,High,HIGH,0.9958,0.2848,18.5,2026-09-08T18:05:43Z,ACTIVE,forecast_composite,SIMULATED / PROTOTYPE ALERT
ALT-GRID-03437,REGIONAL_GRID_CELL,"Cell COARSE_C31762 (27.338N, 88.583E)",COARSE_C31762,Gangtok District,27.338,88.583,+48h,0.6367,High,HIGH,0.9897,0.2848,18.5,2026-09-08T18:05:43Z,ACTIVE,forecast_composite,SIMULATED / PROTOTYPE ALERT
ALT-GRID-03438,REGIONAL_GRID_CELL,"Cell COARSE_C31969 (27.339N, 88.589E)",COARSE_C31969,Gangtok District,27.339,88.589,+48h,0.5901,High,HIGH,0.9061,0.2848,18.5,2026-09-08T18:05:43Z,ACTIVE,forecast_composite,SIMULATED / PROTOTYPE ALERT
ALT-GRID-03439,REGIONAL_GRID_CELL,"Cell COARSE_C31974 (27.339N, 88.594E)",COARSE_C31974,East Sikkim,27.339,88.594,+48h,0.6075,High,HIGH,0.9373,0.2848,18.5,2026-09-08T18:05:43Z,ACTIVE,forecast_composite,SIMULATED / PROTOTYPE ALERT
ALT-GRID-03440,REGIONAL_GRID_CELL,"Cell COARSE_C32175 (27.340N, 88.594E)",COARSE_C32175,East Sikkim,27.34,88.594,+48h,0.5838,High,HIGH,0.8948,0.2848,18.5,2026-09-08T18:05:43Z,ACTIVE,forecast_composite,SIMULATED / PROTOTYPE ALERT
ALT-GRID-03441,REGIONAL_GRID_CELL,"Cell COARSE_C32373 (27.341N, 88.591E)",COARSE_C32373,East Sikkim,27.341,88.591,+48h,0.6122,High,HIGH,0.9457,0.2848,18.5,2026-09-08T18:05:43Z,ACTIVE,forecast_composite,SIMULATED / PROTOTYPE ALERT
ALT-GRID-03442,REGIONAL_GRID_CELL,"Cell COARSE_C32376 (27.341N, 88.594E)",COARSE_C32376,East Sikkim,27.341,88.594,+48h,0.6186,High,HIGH,0.9573,0.2848,18.5,2026-09-08T18:05:43Z,ACTIVE,forecast_composite,SIMULATED / PROTOTYPE ALERT
ALT-GRID-03443,REGIONAL_GRID_CELL,"Cell COARSE_C32568 (27.342N, 88.585E)",COARSE_C32568,East Sikkim,27.342,88.585,+48h,0.6373,High,HIGH,0.9908,0.2848,18.5,2026-09-08T18:05:43Z,ACTIVE,forecast_composite,SIMULATED / PROTOTYPE ALERT
ALT-GRID-03444,REGIONAL_GRID_CELL,"Cell COARSE_C32577 (27.342N, 88.594E)",COARSE_C32577,East Sikkim,27.342,88.594,+48h,0.5913,High,HIGH,0.9082,0.2848,18.5,2026-09-08T18:05:43Z,ACTIVE,forecast_composite,SIMULATED / PROTOTYPE ALERT
ALT-GRID-03445,REGIONAL_GRID_CELL,"Cell COARSE_C32768 (27.343N, 88.584E)",COARSE_C32768,East Sikkim,27.343,88.584,+48h,0.5745,High,HIGH,0.878,0.2848,18.5,2026-09-08T18:05:43Z,ACTIVE,forecast_composite,SIMULATED / PROTOTYPE ALERT
ALT-GRID-03446,REGIONAL_GRID_CELL,"Cell COARSE_C32777 (27.343N, 88.593E)",COARSE_C32777,East Sikkim,27.343,88.593,+48h,0.5951,High,HIGH,0.9151,0.2848,18.5,2026-09-08T18:05:43Z,ACTIVE,forecast_composite,SIMULATED / PROTOTYPE ALERT
ALT-GRID-03447,REGIONAL_GRID_CELL,"Cell COARSE_C32784 (27.343N, 88.600E)",COARSE_C32784,East Sikkim,27.343,88.6,+48h,0.639,High,HIGH,0.9939,0.2848,18.5,2026-09-08T18:05:43Z,ACTIVE,forecast_composite,SIMULATED / PROTOTYPE ALERT
ALT-GRID-03448,REGIONAL_GRID_CELL,"Cell COARSE_C32967 (27.344N, 88.582E)",COARSE_C32967,East Sikkim,27.344,88.582,+48h,0.5818,High,HIGH,0.8912,0.2848,18.5,2026-09-08T18:05:43Z,ACTIVE,forecast_composite,SIMULATED / PROTOTYPE ALERT
ALT-GRID-03449,REGIONAL_GRID_CELL,"Cell COARSE_C32972 (27.344N, 88.587E)",COARSE_C32972,East Sikkim,27.344,88.587,+48h,0.6081,High,HIGH,0.9385,0.2848,18.5,2026-09-08T18:05:43Z,ACTIVE,forecast_composite,SIMULATED / PROTOTYPE ALERT
ALT-GRID-03450,REGIONAL_GRID_CELL,"Cell COARSE_C32973 (27.344N, 88.588E)",COARSE_C32973,East Sikkim,27.344,88.588,+48h,0.5979,High,HIGH,0.9201,0.2848,18.5,2026-09-08T18:05:43Z,ACTIVE,forecast_composite,SIMULATED / PROTOTYPE ALERT
ALT-GRID-03451,REGIONAL_GRID_CELL,"Cell COARSE_C32979 (27.344N, 88.594E)",COARSE_C32979,East Sikkim,27.344,88.594,+48h,0.5979,High,HIGH,0.9201,0.2848,18.5,2026-09-08T18:05:43Z,ACTIVE,forecast_composite,SIMULATED / PROTOTYPE ALERT
ALT-GRID-03452,REGIONAL_GRID_CELL,"Cell COARSE_C33173 (27.345N, 88.587E)",COARSE_C33173,East Sikkim,27.345,88.587,+48h,0.5841,High,HIGH,0.8953,0.2848,18.5,2026-09-08T18:05:43Z,ACTIVE,forecast_composite,SIMULATED / PROTOTYPE ALERT
ALT-GRID-03453,REGIONAL_GRID_CELL,"Cell COARSE_C33383 (27.346N, 88.596E)",COARSE_C33383,East Sikkim,27.346,88.596,+48h,0.587,High,HIGH,0.9006,0.2848,18.5,2026-09-08T18:05:43Z,ACTIVE,forecast_composite,SIMULATED / PROTOTYPE ALERT
ALT-GRID-03454,REGIONAL_GRID_CELL,"Cell COARSE_C33384 (27.346N, 88.597E)",COARSE_C33384,East Sikkim,27.346,88.597,+48h,0.6381,High,HIGH,0.9922,0.2848,18.5,2026-09-08T18:05:43Z,ACTIVE,forecast_composite,SIMULATED / PROTOTYPE ALERT
ALT-GRID-03455,REGIONAL_GRID_CELL,"Cell COARSE_C33584 (27.347N, 88.596E)",COARSE_C33584,East Sikkim,27.347,88.596,+48h,0.6037,High,HIGH,0.9305,0.2848,18.5,2026-09-08T18:05:43Z,ACTIVE,forecast_composite,SIMULATED / PROTOTYPE ALERT
ALT-GRID-03456,REGIONAL_GRID_CELL,"Cell COARSE_C33585 (27.347N, 88.597E)",COARSE_C33585,East Sikkim,27.347,88.597,+48h,0.5897,High,HIGH,0.9053,0.2848,18.5,2026-09-08T18:05:43Z,ACTIVE,forecast_composite,SIMULATED / PROTOTYPE ALERT
ALT-GRID-03457,REGIONAL_GRID_CELL,"Cell COARSE_C33588 (27.347N, 88.600E)",COARSE_C33588,East Sikkim,27.347,88.6,+48h,0.6393,High,HIGH,0.9945,0.2848,18.5,2026-09-08T18:05:43Z,ACTIVE,forecast_composite,SIMULATED / PROTOTYPE ALERT
ALT-GRID-03458,REGIONAL_GRID_CELL,"Cell COARSE_C33770 (27.348N, 88.581E)",COARSE_C33770,East Sikkim,27.348,88.581,+48h,0.5706,High,HIGH,0.8711,0.2848,18.5,2026-09-08T18:05:43Z,ACTIVE,forecast_composite,SIMULATED / PROTOTYPE ALERT
ALT-GRID-03459,REGIONAL_GRID_CELL,"Cell COARSE_C33782 (27.348N, 88.593E)",COARSE_C33782,East Sikkim,27.348,88.593,+48h,0.5754,High,HIGH,0.8797,0.2848,18.5,2026-09-08T18:05:43Z,ACTIVE,forecast_composite,SIMULATED / PROTOTYPE ALERT
ALT-GRID-03460,REGIONAL_GRID_CELL,"Cell COARSE_C33785 (27.348N, 88.596E)",COARSE_C33785,East Sikkim,27.348,88.596,+48h,0.6393,High,HIGH,0.9945,0.2848,18.5,2026-09-08T18:05:43Z,ACTIVE,forecast_composite,SIMULATED / PROTOTYPE ALERT
ALT-GRID-03461,REGIONAL_GRID_CELL,"Cell COARSE_C33971 (27.349N, 88.581E)",COARSE_C33971,East Sikkim,27.349,88.581,+48h,0.587,High,HIGH,0.9006,0.2848,18.5,2026-09-08T18:05:43Z,ACTIVE,forecast_composite,SIMULATED / PROTOTYPE ALERT
ALT-GRID-03462,REGIONAL_GRID_CELL,"Cell COARSE_C33986 (27.349N, 88.596E)",COARSE_C33986,East Sikkim,27.349,88.596,+48h,0.5913,High,HIGH,0.9082,0.2848,18.5,2026-09-08T18:05:43Z,ACTIVE,forecast_composite,SIMULATED / PROTOTYPE ALERT
ALT-GRID-03463,REGIONAL_GRID_CELL,"Cell COARSE_C33987 (27.349N, 88.597E)",COARSE_C33987,East Sikkim,27.349,88.597,+48h,0.6119,High,HIGH,0.9452,0.2848,18.5,2026-09-08T18:05:43Z,ACTIVE,forecast_composite,SIMULATED / PROTOTYPE ALERT
ALT-GRID-03464,REGIONAL_GRID_CELL,"Cell COARSE_C33988 (27.349N, 88.598E)",COARSE_C33988,East Sikkim,27.349,88.598,+48h,0.6125,High,HIGH,0.9464,0.2848,18.5,2026-09-08T18:05:43Z,ACTIVE,forecast_composite,SIMULATED / PROTOTYPE ALERT
ALT-GRID-03465,REGIONAL_GRID_CELL,"Cell COARSE_C34171 (27.350N, 88.580E)",COARSE_C34171,East Sikkim,27.35,88.58,+48h,0.6215,High,HIGH,0.855,0.4118,31.7,2026-09-08T18:05:43Z,ACTIVE,forecast_composite,SIMULATED / PROTOTYPE ALERT
ALT-GRID-03466,REGIONAL_GRID_CELL,"Cell COARSE_C34173 (27.350N, 88.582E)",COARSE_C34173,East Sikkim,27.35,88.582,+48h,0.6659,High,HIGH,0.9313,0.4118,31.7,2026-09-08T18:05:43Z,ACTIVE,forecast_composite,SIMULATED / PROTOTYPE ALERT
ALT-GRID-03467,REGIONAL_GRID_CELL,"Cell COARSE_C34190 (27.350N, 88.599E)",COARSE_C34190,East Sikkim,27.35,88.599,+48h,0.6774,High,HIGH,0.951,0.4118,31.7,2026-09-08T18:05:43Z,ACTIVE,forecast_composite,SIMULATED / PROTOTYPE ALERT
ALT-GRID-03468,REGIONAL_GRID_CELL,"Cell COARSE_C34192 (27.350N, 88.601E)",COARSE_C34192,East Sikkim,27.35,88.601,+48h,0.664,High,HIGH,0.9452,0.3914,30.5,2026-09-08T18:05:43Z,ACTIVE,forecast_composite,SIMULATED / PROTOTYPE ALERT
ALT-GRID-03469,REGIONAL_GRID_CELL,"Cell COARSE_C34206 (27.350N, 88.615E)",COARSE_C34206,East Sikkim,27.35,88.615,+48h,0.6415,High,HIGH,0.9063,0.3914,30.5,2026-09-08T18:05:43Z,ACTIVE,forecast_composite,SIMULATED / PROTOTYPE ALERT
ALT-GRID-03470,REGIONAL_GRID_CELL,"Cell COARSE_C34208 (27.350N, 88.617E)",COARSE_C34208,East Sikkim,27.35,88.617,+48h,0.6227,High,HIGH,0.8738,0.3914,30.5,2026-09-08T18:05:43Z,ACTIVE,forecast_composite,SIMULATED / PROTOTYPE ALERT
ALT-GRID-03471,REGIONAL_GRID_CELL,"Cell COARSE_C34211 (27.350N, 88.620E)",COARSE_C34211,East Sikkim,27.35,88.62,+48h,0.687,High,HIGH,0.985,0.3914,30.5,2026-09-08T18:05:43Z,ACTIVE,forecast_composite,SIMULATED / PROTOTYPE ALERT
ALT-GRID-03472,REGIONAL_GRID_CELL,"Cell COARSE_C34213 (27.350N, 88.622E)",COARSE_C34213,East Sikkim,27.35,88.622,+48h,0.6854,High,HIGH,0.9822,0.3914,30.5,2026-09-08T18:05:43Z,ACTIVE,forecast_composite,SIMULATED / PROTOTYPE ALERT
ALT-GRID-03473,REGIONAL_GRID_CELL,"Cell COARSE_C34217 (27.350N, 88.626E)",COARSE_C34217,East Sikkim,27.35,88.626,+48h,0.6828,High,HIGH,0.9778,0.3914,30.5,2026-09-08T18:05:43Z,ACTIVE,forecast_composite,SIMULATED / PROTOTYPE ALERT
ALT-GRID-03474,REGIONAL_GRID_CELL,"Cell COARSE_C34230 (27.350N, 88.639E)",COARSE_C34230,East Sikkim,27.35,88.639,+48h,0.5851,High,HIGH,0.8087,0.3914,30.5,2026-09-08T18:05:43Z,ACTIVE,forecast_composite,SIMULATED / PROTOTYPE ALERT
ALT-GRID-03475,REGIONAL_GRID_CELL,"Cell COARSE_C34234 (27.350N, 88.643E)",COARSE_C34234,East Sikkim,27.35,88.643,+48h,0.6769,High,HIGH,0.9676,0.3914,30.5,2026-09-08T18:05:43Z,ACTIVE,forecast_composite,SIMULATED / PROTOTYPE ALERT
