{
  "type": "FeatureCollection",
  "features": [
    {
      "type": "Feature",
      "geometry": {
        "type": "Point",
        "coordinates": [
          88.434778,
          27.08275
        ]
      },
      "properties": {
        "sl_no": "26052",
        "slide_no": "SKM/SS/78A08/2015/256",
        "state": "Sikkim",
        "district": "South Sikkim",
        "slide_name": "",
        "nh_sh_location": "Melli-Sumbuk Road",
        "material_involved": "Debris",
        "movement_type": "Slide",
        "history": "NA"
      }
    },
    {
      "type": "Feature",
      "geometry": {
        "type": "Point",
        "coordinates": [
          88.446083,
          27.084222
        ]
      },
      "properties": {
        "sl_no": "26053",
        "slide_no": "SKM/SS/78A08/2015/254",
        "state": "Sikkim",
        "district": "South Sikkim",
        "slide_name": "",
        "nh_sh_location": "Melli-Sumbuk Road",
        "material_involved": "Debris",
        "movement_type": "Slide",
        "history": "NA"
      }
    },
    {
      "type": "Feature",
      "geometry": {
        "type": "Point",
        "coordinates": [
          88.443833,
          27.084722
        ]
      },
      "properties": {
        "sl_no": "26054",
        "slide_no": "SKM/SS/78A08/2015/255",
        "state": "Sikkim",
        "district": "South Sikkim",
        "slide_name": "",
        "nh_sh_location": "Melli-Sumbuk Road",
        "material_involved": "Debris",
        "movement_type": "Slide",
        "history": "NA"
      }
    },
    {
      "type": "Feature",
      "geometry": {
        "type": "Point",
        "coordinates": [
          88.416528,
          27.087667
        ]
      },
      "properties": {
        "sl_no": "26055",
        "slide_no": "SKM/SS/78A08/2015/257",
        "state": "Sikkim",
        "district": "South Sikkim",
        "slide_name": "",
        "nh_sh_location": "Melli-Sumbuk Road",
        "material_involved": "Debris",
        "movement_type": "Slide",
        "history": "NA"
      }
    },
    {
      "type": "Feature",
      "geometry": {
        "type": "Point",
        "coordinates": [
          88.413139,
          27.090083
        ]
      },
      "properties": {
        "sl_no": "26056",
        "slide_no": "SKM/SS/78A08/2015/258",
        "state": "Sikkim",
        "district": "South Sikkim",
        "slide_name": "",
        "nh_sh_location": "Melli-Sumbuk Road",
        "material_involved": "Debris",
        "movement_type": "Slide",
        "history": "NA"
      }
    },
    {
      "type": "Feature",
      "geometry": {
        "type": "Point",
        "coordinates": [
          88.406833,
          27.090944
        ]
      },
      "properties": {
        "sl_no": "26057",
        "slide_no": "SKM/SS/78A08/2015/259",
        "state": "Sikkim",
        "district": "South Sikkim",
        "slide_name": "",
        "nh_sh_location": "Melli-Sumbuk Road",
        "material_involved": "Debris",
        "movement_type": "Slide",
        "history": "NA"
      }
    },
    {
      "type": "Feature",
      "geometry": {
        "type": "Point",
        "coordinates": [
          88.457444,
          27.093278
        ]
      },
      "properties": {
        "sl_no": "26058",
        "slide_no": "SKM/SS/78A08/2015/253",
        "state": "Sikkim",
        "district": "South Sikkim",
        "slide_name": "",
        "nh_sh_location": "Pachekhani-Melli Road",
        "material_involved": "Debris",
        "movement_type": "Slide",
        "history": "NA"
      }
    },
    {
      "type": "Feature",
      "geometry": {
        "type": "Point",
        "coordinates": [
          88.433375,
          27.096444
        ]
      },
      "properties": {
        "sl_no": "26059",
        "slide_no": "SKM/SS/78A08/2015/248",
        "state": "Sikkim",
        "district": "South Sikkim",
        "slide_name": "",
        "nh_sh_location": "Pachekhani-Melli Road",
        "material_involved": "Debris",
        "movement_type": "Slide",
        "history": "NA"
      }
    },
    {
      "type": "Feature",
      "geometry": {
        "type": "Point",
        "coordinates": [
          88.3785,
          27.097833
        ]
      },
      "properties": {
        "sl_no": "26060",
        "slide_no": "SKM/SS/78A08/2015/260",
        "state": "Sikkim",
        "district": "South Sikkim",
        "slide_name": "",
        "nh_sh_location": "Melli-Sumbuk Road",
        "material_involved": "Debris",
        "movement_type": "Slide",
        "history": "NA"
      }
    },
    {
      "type": "Feature",
      "geometry": {
        "type": "Point",
        "coordinates": [
          88.400167,
          27.098417
        ]
      },
      "properties": {
        "sl_no": "26061",
        "slide_no": "SKM/SS/78A08/2015/245",
        "state": "Sikkim",
        "district": "South Sikkim",
        "slide_name": "",
        "nh_sh_location": "Pachekhani-Melli Road",
        "material_involved": "Debris",
        "movement_type": "Slide",
        "history": "NA"
      }
    },
    {
      "type": "Feature",
      "geometry": {
        "type": "Point",
        "coordinates": [
          88.3615,
          27.101083
        ]
      },
      "properties": {
        "sl_no": "26062",
        "slide_no": "SKM/SS/78A08/2015/261",
        "state": "Sikkim",
        "district": "South Sikkim",
        "slide_name": "",
        "nh_sh_location": "Melli-Sumbuk Road",
        "material_involved": "Debris",
        "movement_type": "Slide",
        "history": "NA"
      }
    },
    {
      "type": "Feature",
      "geometry": {
        "type": "Point",
        "coordinates": [
          88.400417,
          27.101083
        ]
      },
      "properties": {
        "sl_no": "26063",
        "slide_no": "SKM/SS/78A08/2015/244",
        "state": "Sikkim",
        "district": "South Sikkim",
        "slide_name": "",
        "nh_sh_location": "Pachekhani-Melli Road",
        "material_involved": "Debris",
        "movement_type": "Slide",
        "history": "NA"
      }
    },
    {
      "type": "Feature",
      "geometry": {
        "type": "Point",
        "coordinates": [
          88.403333,
          27.101111
        ]
      },
      "properties": {
        "sl_no": "26064",
        "slide_no": "SKM/SS/78A08/2015/243",
        "state": "Sikkim",
        "district": "South Sikkim",
        "slide_name": "",
        "nh_sh_location": "Pachekhani-Melli Road",
        "material_involved": "Debris",
        "movement_type": "Slide",
        "history": "NA"
      }
    },
    {
      "type": "Feature",
      "geometry": {
        "type": "Point",
        "coordinates": [
          88.394611,
          27.101194
        ]
      },
      "properties": {
        "sl_no": "26065",
        "slide_no": "SKM/SS/78A08/2015/247",
        "state": "Sikkim",
        "district": "South Sikkim",
        "slide_name": "",
        "nh_sh_location": "Pachekhani-Melli Road",
        "material_involved": "Debris",
        "movement_type": "Slide",
        "history": "NA"
      }
    },
    {
      "type": "Feature",
      "geometry": {
        "type": "Point",
        "coordinates": [
          88.458667,
          27.102
        ]
      },
      "properties": {
        "sl_no": "26066",
        "slide_no": "SKM/SS/78A08/2015/252",
        "state": "Sikkim",
        "district": "South Sikkim",
        "slide_name": "",
        "nh_sh_location": "Pachekhani-Melli Road",
        "material_involved": "Debris",
        "movement_type": "Slide",
        "history": "NA"
      }
    },
    {
      "type": "Feature",
      "geometry": {
        "type": "Point",
        "coordinates": [
          88.400778,
          27.1025
        ]
      },
      "properties": {
        "sl_no": "26067",
        "slide_no": "SKM/SS/78A08/2015/242",
        "state": "Sikkim",
        "district": "South Sikkim",
        "slide_name": "",
        "nh_sh_location": "Pachekhani-Melli Road",
        "material_involved": "Debris",
        "movement_type": "Slide",
        "history": "NA"
      }
    },
    {
      "type": "Feature",
      "geometry": {
        "type": "Point",
        "coordinates": [
          88.394639,
          27.102639
        ]
      },
      "properties": {
        "sl_no": "26068",
        "slide_no": "SKM/SS/78A08/2015/246",
        "state": "Sikkim",
        "district": "South Sikkim",
        "slide_name": "",
        "nh_sh_location": "Pachekhani-Melli Road",
        "material_involved": "Debris",
        "movement_type": "Slide",
        "history": "NA"
      }
    },
    {
      "type": "Feature",
      "geometry": {
        "type": "Point",
        "coordinates": [
          88.404667,
          27.102944
        ]
      },
      "properties": {
        "sl_no": "26069",
        "slide_no": "SKM/SS/78A08/2015/240",
        "state": "Sikkim",
        "district": "South Sikkim",
        "slide_name": "",
        "nh_sh_location": "Pachekhani-Melli Road",
        "material_involved": "Debris",
        "movement_type": "Subsidence",
        "history": "NA"
      }
    },
    {
      "type": "Feature",
      "geometry": {
        "type": "Point",
        "coordinates": [
          88.402722,
          27.103111
        ]
      },
      "properties": {
        "sl_no": "26070",
        "slide_no": "SKM/SS/78A08/2015/241",
        "state": "Sikkim",
        "district": "South Sikkim",
        "slide_name": "",
        "nh_sh_location": "Pachekhani-Melli Road",
        "material_involved": "Debris",
        "movement_type": "Slide",
        "history": "NA"
      }
    },
    {
      "type": "Feature",
      "geometry": {
        "type": "Point",
        "coordinates": [
          88.444556,
          27.105972
        ]
      },
      "properties": {
        "sl_no": "26071",
        "slide_no": "SKM/SS/78A08/2015/250",
        "state": "Sikkim",
        "district": "South Sikkim",
        "slide_name": "",
        "nh_sh_location": "Pachekhani-Melli Road",
        "material_involved": "Debris",
        "movement_type": "Subsidence",
        "history": "NA"
      }
    },
    {
      "type": "Feature",
      "geometry": {
        "type": "Point",
        "coordinates": [
          88.449389,
          27.106694
        ]
      },
      "properties": {
        "sl_no": "26072",
        "slide_no": "SKM/SS/78A08/2015/251",
        "state": "Sikkim",
        "district": "South Sikkim",
        "slide_name": "",
        "nh_sh_location": "Pachekhani-Melli Road",
        "material_involved": "Debris",
        "movement_type": "Slide",
        "history": "NA"
      }
    },
    {
      "type": "Feature",
      "geometry": {
        "type": "Point",
        "coordinates": [
          88.43375,
          27.106944
        ]
      },
      "properties": {
        "sl_no": "26073",
        "slide_no": "SKM/SS/78A08/2015/249",
        "state": "Sikkim",
        "district": "South Sikkim",
        "slide_name": "",
        "nh_sh_location": "Pachekhani-Melli Road",
        "material_involved": "Rock",
        "movement_type": "Fall",
        "history": "NA"
      }
    },
    {
      "type": "Feature",
      "geometry": {
        "type": "Point",
        "coordinates": [
          88.363139,
          27.107417
        ]
      },
      "properties": {
        "sl_no": "26074",
        "slide_no": "SKM/SS/78A08/2015/262",
        "state": "Sikkim",
        "district": "South Sikkim",
        "slide_name": "",
        "nh_sh_location": "Melli-Sumbuk Road",
        "material_involved": "Debris",
        "movement_type": "Slide",
        "history": "NA"
      }
    },
    {
      "type": "Feature",
      "geometry": {
        "type": "Point",
        "coordinates": [
          88.340472,
          27.110583
        ]
      },
      "properties": {
        "sl_no": "26075",
        "slide_no": "SKM/WS/78A08/2015/315",
        "state": "Sikkim",
        "district": "West Sikkim",
        "slide_name": "",
        "nh_sh_location": "Melli-Jorethang Road",
        "material_involved": "Debris",
        "movement_type": "Slide",
        "history": "NA"
      }
    },
    {
      "type": "Feature",
      "geometry": {
        "type": "Point",
        "coordinates": [
          88.152722,
          27.1205
        ]
      },
      "properties": {
        "sl_no": "26076",
        "slide_no": "SKM/NS/78A04/2017/130",
        "state": "Sikkim",
        "district": "West Sikkim",
        "slide_name": "",
        "nh_sh_location": "SH",
        "material_involved": "Debris",
        "movement_type": "Slide",
        "history": "NA"
      }
    },
    {
      "type": "Feature",
      "geometry": {
        "type": "Point",
        "coordinates": [
          88.153417,
          27.121444
        ]
      },
      "properties": {
        "sl_no": "26077",
        "slide_no": "SKM/NS/78A04/2017/131",
        "state": "Sikkim",
        "district": "West Sikkim",
        "slide_name": "",
        "nh_sh_location": "SH",
        "material_involved": "Debris",
        "movement_type": "Slide",
        "history": "NA"
      }
    },
    {
      "type": "Feature",
      "geometry": {
        "type": "Point",
        "coordinates": [
          88.142222,
          27.1215
        ]
      },
      "properties": {
        "sl_no": "26078",
        "slide_no": "SKM/NS/78A04/2017/128",
        "state": "Sikkim",
        "district": "West Sikkim",
        "slide_name": "",
        "nh_sh_location": "SH",
        "material_involved": "Debris",
        "movement_type": "Slide",
        "history": "NA"
      }
    },
    {
      "type": "Feature",
      "geometry": {
        "type": "Point",
        "coordinates": [
          88.237,
          27.121611
        ]
      },
      "properties": {
        "sl_no": "26079",
        "slide_no": "SKM/NS/78A04/2017/104",
        "state": "Sikkim",
        "district": "West Sikkim",
        "slide_name": "",
        "nh_sh_location": "SH",
        "material_involved": "Debris",
        "movement_type": "Slide",
        "history": "NA"
      }
    },
    {
      "type": "Feature",
      "geometry": {
        "type": "Point",
        "coordinates": [
          88.145528,
          27.121611
        ]
      },
      "properties": {
        "sl_no": "26080",
        "slide_no": "SKM/NS/78A04/2017/129",
        "state": "Sikkim",
        "district": "West Sikkim",
        "slide_name": "",
        "nh_sh_location": "SH",
        "material_involved": "Debris",
        "movement_type": "Slide",
        "history": "NA"
      }
    },
    {
      "type": "Feature",
      "geometry": {
        "type": "Point",
        "coordinates": [
          88.139472,
          27.121917
        ]
      },
      "properties": {
        "sl_no": "26081",
        "slide_no": "SKM/NS/78A04/2017/127",
        "state": "Sikkim",
        "district": "West Sikkim",
        "slide_name": "Lower Siktam",
        "nh_sh_location": "SH",
        "material_involved": "Rock",
        "movement_type": "Slide",
        "history": "NA"
      }
    },
    {
      "type": "Feature",
      "geometry": {
        "type": "Point",
        "coordinates": [
          88.139889,
          27.122
        ]
      },
      "properties": {
        "sl_no": "26082",
        "slide_no": "SKM/NS/78A04/2017/126",
        "state": "Sikkim",
        "district": "West Sikkim",
        "slide_name": "",
        "nh_sh_location": "SH",
        "material_involved": "Debris",
        "movement_type": "Slide",
        "history": "NA"
      }
    },
    {
      "type": "Feature",
      "geometry": {
        "type": "Point",
        "coordinates": [
          88.227611,
          27.122472
        ]
      },
      "properties": {
        "sl_no": "26083",
        "slide_no": "SKM/NS/78A04/2017/103",
        "state": "Sikkim",
        "district": "West Sikkim",
        "slide_name": "",
        "nh_sh_location": "SH",
        "material_involved": "Debris",
        "movement_type": "Slide",
        "history": "NA"
      }
    },
    {
      "type": "Feature",
      "geometry": {
        "type": "Point",
        "coordinates": [
          88.343389,
          27.122611
        ]
      },
      "properties": {
        "sl_no": "26084",
        "slide_no": "SKM/SS/78A08/2015/320",
        "state": "Sikkim",
        "district": "South Sikkim",
        "slide_name": "",
        "nh_sh_location": "Namchi-Kitam Road",
        "material_involved": "Debris",
        "movement_type": "Slide",
        "history": "NA"
      }
    },
    {
      "type": "Feature",
      "geometry": {
        "type": "Point",
        "coordinates": [
          88.225333,
          27.123833
        ]
      },
      "properties": {
        "sl_no": "26085",
        "slide_no": "SKM/NS/78A04/2017/102",
        "state": "Sikkim",
        "district": "West Sikkim",
        "slide_name": "",
        "nh_sh_location": "SH",
        "material_involved": "Debris",
        "movement_type": "Slide",
        "history": "NA"
      }
    },
    {
      "type": "Feature",
      "geometry": {
        "type": "Point",
        "coordinates": [
          88.319778,
          27.123889
        ]
      },
      "properties": {
        "sl_no": "26086",
        "slide_no": "SKM/WS/78A08/2015/316",
        "state": "Sikkim",
        "district": "West Sikkim",
        "slide_name": "",
        "nh_sh_location": "Melli-Jorethang Road",
        "material_involved": "Debris",
        "movement_type": "Slide",
        "history": "NA"
      }
    },
    {
      "type": "Feature",
      "geometry": {
        "type": "Point",
        "coordinates": [
          88.139778,
          27.124556
        ]
      },
      "properties": {
        "sl_no": "26087",
        "slide_no": "SKM/NS/78A04/2017/125",
        "state": "Sikkim",
        "district": "West Sikkim",
        "slide_name": "Siktam",
        "nh_sh_location": "SH",
        "material_involved": "Debris",
        "movement_type": "Slide",
        "history": "NA"
      }
    },
    {
      "type": "Feature",
      "geometry": {
        "type": "Point",
        "coordinates": [
          88.445083,
          27.124778
        ]
      },
      "properties": {
        "sl_no": "26088",
        "slide_no": "SKM/SS/78A08/2015/314",
        "state": "Sikkim",
        "district": "South Sikkim",
        "slide_name": "",
        "nh_sh_location": "Melli-Rabikhola Road",
        "material_involved": "Debris",
        "movement_type": "Slide",
        "history": "NA"
      }
    },
    {
      "type": "Feature",
      "geometry": {
        "type": "Point",
        "coordinates": [
          88.384556,
          27.125528
        ]
      },
      "properties": {
        "sl_no": "26089",
        "slide_no": "SKM/SS/78A08/2015/225",
        "state": "Sikkim",
        "district": "South Sikkim",
        "slide_name": "",
        "nh_sh_location": "Namchi-Palum Road",
        "material_involved": "Rock",
        "movement_type": "Fall",
        "history": "NA"
      }
    },
    {
      "type": "Feature",
      "geometry": {
        "type": "Point",
        "coordinates": [
          88.14275,
          27.125861
        ]
      },
      "properties": {
        "sl_no": "26090",
        "slide_no": "SKM/NS/78A04/2017/123",
        "state": "Sikkim",
        "district": "West Sikkim",
        "slide_name": "",
        "nh_sh_location": "SH",
        "material_involved": "Debris",
        "movement_type": "Slide",
        "history": "NA"
      }
    },
    {
      "type": "Feature",
      "geometry": {
        "type": "Point",
        "coordinates": [
          88.378667,
          27.126306
        ]
      },
      "properties": {
        "sl_no": "26091",
        "slide_no": "SKM/SS/78A08/2015/226",
        "state": "Sikkim",
        "district": "South Sikkim",
        "slide_name": "",
        "nh_sh_location": "Namchi-Palum Road",
        "material_involved": "Debris",
        "movement_type": "Slide",
        "history": "NA"
      }
    },
    {
      "type": "Feature",
      "geometry": {
        "type": "Point",
        "coordinates": [
          88.340444,
          27.126444
        ]
      },
      "properties": {
        "sl_no": "26092",
        "slide_no": "SKM/SS/78A08/2015/322",
        "state": "Sikkim",
        "district": "South Sikkim",
        "slide_name": "",
        "nh_sh_location": "Namchi-Kitam Road",
        "material_involved": "Debris",
        "movement_type": "Slide",
        "history": "NA"
      }
    },
    {
      "type": "Feature",
      "geometry": {
        "type": "Point",
        "coordinates": [
          88.31675,
          27.126472
        ]
      },
      "properties": {
        "sl_no": "26093",
        "slide_no": "SKM/WS/78A08/2015/317",
        "state": "Sikkim",
        "district": "West Sikkim",
        "slide_name": "",
        "nh_sh_location": "Melli-Jorethang Road",
        "material_involved": "Debris",
        "movement_type": "Slide",
        "history": "NA"
      }
    },
    {
      "type": "Feature",
      "geometry": {
        "type": "Point",
        "coordinates": [
          88.308306,
          27.127194
        ]
      },
      "properties": {
        "sl_no": "26094",
        "slide_no": "SKM/WS/78A08/2015/318",
        "state": "Sikkim",
        "district": "West Sikkim",
        "slide_name": "",
        "nh_sh_location": "Melli-Jorethang Road",
        "material_involved": "Debris",
        "movement_type": "Slide",
        "history": "NA"
      }
    },
    {
      "type": "Feature",
      "geometry": {
        "type": "Point",
        "coordinates": [
          88.292194,
          27.12825
        ]
      },
      "properties": {
        "sl_no": "26095",
        "slide_no": "SKM/WS/78A08/2015/319",
        "state": "Sikkim",
        "district": "West Sikkim",
        "slide_name": "",
        "nh_sh_location": "Melli-Jorethang Road",
        "material_involved": "Debris",
        "movement_type": "Slide",
        "history": "NA"
      }
    },
    {
      "type": "Feature",
      "geometry": {
        "type": "Point",
        "coordinates": [
          88.148833,
          27.128333
        ]
      },
      "properties": {
        "sl_no": "26096",
        "slide_no": "SKM/NS/78A04/2017/124",
        "state": "Sikkim",
        "district": "West Sikkim",
        "slide_name": "",
        "nh_sh_location": "SH",
        "material_involved": "Rock",
        "movement_type": "Slide",
        "history": "NA"
      }
    },
    {
      "type": "Feature",
      "geometry": {
        "type": "Point",
        "coordinates": [
          88.442778,
          27.128694
        ]
      },
      "properties": {
        "sl_no": "26097",
        "slide_no": "SKM/SS/78A08/2015/312",
        "state": "Sikkim",
        "district": "South Sikkim",
        "slide_name": "",
        "nh_sh_location": "Melli-Rabikhola Road",
        "material_involved": "Debris",
        "movement_type": "Slide",
        "history": "NA"
      }
    },
    {
      "type": "Feature",
      "geometry": {
        "type": "Point",
        "coordinates": [
          88.141639,
          27.128694
        ]
      },
      "properties": {
        "sl_no": "26098",
        "slide_no": "SKM/NS/78A04/2017/122",
        "state": "Sikkim",
        "district": "West Sikkim",
        "slide_name": "",
        "nh_sh_location": "SH",
        "material_involved": "Debris",
        "movement_type": "Slide",
        "history": "NA"
      }
    },
    {
      "type": "Feature",
      "geometry": {
        "type": "Point",
        "coordinates": [
          88.262111,
          27.128972
        ]
      },
      "properties": {
        "sl_no": "26099",
        "slide_no": "SKM/WS/78A08/2015/383",
        "state": "Sikkim",
        "district": "West Sikkim",
        "slide_name": "",
        "nh_sh_location": "Jorthang-Malbasey Road",
        "material_involved": "Debris",
        "movement_type": "Slide",
        "history": "NA"
      }
    },
    {
      "type": "Feature",
      "geometry": {
        "type": "Point",
        "coordinates": [
          88.441361,
          27.129
        ]
      },
      "properties": {
        "sl_no": "26100",
        "slide_no": "SKM/SS/78A08/2015/313",
        "state": "Sikkim",
        "district": "South Sikkim",
        "slide_name": "",
        "nh_sh_location": "Melli-Rabikhola Road",
        "material_involved": "Debris",
        "movement_type": "Slide",
        "history": "NA"
      }
    },
    {
      "type": "Feature",
      "geometry": {
        "type": "Point",
        "coordinates": [
          88.266222,
          27.129861
        ]
      },
      "properties": {
        "sl_no": "26101",
        "slide_no": "SKM/WS/78A08/2015/382",
        "state": "Sikkim",
        "district": "West Sikkim",
        "slide_name": "",
        "nh_sh_location": "Jorthang-Malbasey Road",
        "material_involved": "Debris",
        "movement_type": "Slide",
        "history": "NA"
      }
    },
    {
      "type": "Feature",
      "geometry": {
        "type": "Point",
        "coordinates": [
          88.412944,
          27.130056
        ]
      },
      "properties": {
        "sl_no": "26102",
        "slide_no": "SKM/SS/78A08/2015/216",
        "state": "Sikkim",
        "district": "South Sikkim",
        "slide_name": "",
        "nh_sh_location": "Sadam-Bhajyang Road",
        "material_involved": "Debris",
        "movement_type": "Slide",
        "history": "NA"
      }
    },
    {
      "type": "Feature",
      "geometry": {
        "type": "Point",
        "coordinates": [
          88.340222,
          27.130444
        ]
      },
      "properties": {
        "sl_no": "26103",
        "slide_no": "SKM/SS/78A08/2015/323",
        "state": "Sikkim",
        "district": "South Sikkim",
        "slide_name": "",
        "nh_sh_location": "Namchi-Kitam Road",
        "material_involved": "Debris",
        "movement_type": "Slide",
        "history": "NA"
      }
    },
    {
      "type": "Feature",
      "geometry": {
        "type": "Point",
        "coordinates": [
          88.386,
          27.131444
        ]
      },
      "properties": {
        "sl_no": "26104",
        "slide_no": "SKM/SS/78A08/2015/224",
        "state": "Sikkim",
        "district": "South Sikkim",
        "slide_name": "",
        "nh_sh_location": "Namchi-Palum Road",
        "material_involved": "Debris",
        "movement_type": "Slide",
        "history": "NA"
      }
    },
    {
      "type": "Feature",
      "geometry": {
        "type": "Point",
        "coordinates": [
          88.384417,
          27.131528
        ]
      },
      "properties": {
        "sl_no": "26105",
        "slide_no": "SKM/SS/78A08/2015/223",
        "state": "Sikkim",
        "district": "South Sikkim",
        "slide_name": "",
        "nh_sh_location": "Sadam-Bhajyang Road",
        "material_involved": "Debris",
        "movement_type": "Slide",
        "history": "NA"
      }
    },
    {
      "type": "Feature",
      "geometry": {
        "type": "Point",
        "coordinates": [
          88.39475,
          27.133556
        ]
      },
      "properties": {
        "sl_no": "26106",
        "slide_no": "SKM/SS/78A08/2015/221",
        "state": "Sikkim",
        "district": "South Sikkim",
        "slide_name": "",
        "nh_sh_location": "Sadam-Bhajyang Road",
        "material_involved": "Rock",
        "movement_type": "Slide",
        "history": "NA"
      }
    },
    {
      "type": "Feature",
      "geometry": {
        "type": "Point",
        "coordinates": [
          88.404583,
          27.133583
        ]
      },
      "properties": {
        "sl_no": "26107",
        "slide_no": "SKM/SS/78A08/2015/217",
        "state": "Sikkim",
        "district": "South Sikkim",
        "slide_name": "",
        "nh_sh_location": "Sadam-Bhajyang Road",
        "material_involved": "Rock",
        "movement_type": "Fall",
        "history": "NA"
      }
    },
    {
      "type": "Feature",
      "geometry": {
        "type": "Point",
        "coordinates": [
          88.390833,
          27.133722
        ]
      },
      "properties": {
        "sl_no": "26108",
        "slide_no": "SKM/SS/78A08/2015/222",
        "state": "Sikkim",
        "district": "South Sikkim",
        "slide_name": "",
        "nh_sh_location": "Sadam-Bhajyang Road",
        "material_involved": "Debris",
        "movement_type": "Slide",
        "history": "NA"
      }
    },
    {
      "type": "Feature",
      "geometry": {
        "type": "Point",
        "coordinates": [
          88.342778,
          27.133806
        ]
      },
      "properties": {
        "sl_no": "26109",
        "slide_no": "SKM/SS/78A08/2015/324",
        "state": "Sikkim",
        "district": "South Sikkim",
        "slide_name": "",
        "nh_sh_location": "Namchi-Kitam Road",
        "material_involved": "Debris",
        "movement_type": "Slide",
        "history": "NA"
      }
    },
    {
      "type": "Feature",
      "geometry": {
        "type": "Point",
        "coordinates": [
          88.370528,
          27.134306
        ]
      },
      "properties": {
        "sl_no": "26110",
        "slide_no": "SKM/SS/78A08/2015/227",
        "state": "Sikkim",
        "district": "South Sikkim",
        "slide_name": "",
        "nh_sh_location": "Namchi-Palum Road",
        "material_involved": "Debris",
        "movement_type": "Slide",
        "history": "NA"
      }
    },
    {
      "type": "Feature",
      "geometry": {
        "type": "Point",
        "coordinates": [
          88.40425,
          27.134389
        ]
      },
      "properties": {
        "sl_no": "26111",
        "slide_no": "SKM/SS/78A08/2015/218",
        "state": "Sikkim",
        "district": "South Sikkim",
        "slide_name": "",
        "nh_sh_location": "Sadam-Bhajyang Road",
        "material_involved": "Debris",
        "movement_type": "Slide",
        "history": "NA"
      }
    },
    {
      "type": "Feature",
      "geometry": {
        "type": "Point",
        "coordinates": [
          88.391111,
          27.135833
        ]
      },
      "properties": {
        "sl_no": "26112",
        "slide_no": "SKM/SS/78A08/2015/220",
        "state": "Sikkim",
        "district": "South Sikkim",
        "slide_name": "",
        "nh_sh_location": "Sadam-Bhajyang Road",
        "material_involved": "Debris",
        "movement_type": "Slide",
        "history": "NA"
      }
    },
    {
      "type": "Feature",
      "geometry": {
        "type": "Point",
        "coordinates": [
          88.342694,
          27.137667
        ]
      },
      "properties": {
        "sl_no": "26113",
        "slide_no": "SKM/SS/78A08/2015/325",
        "state": "Sikkim",
        "district": "South Sikkim",
        "slide_name": "",
        "nh_sh_location": "Namchi-Kitam Road",
        "material_involved": "Debris",
        "movement_type": "Slide",
        "history": "NA"
      }
    },
    {
      "type": "Feature",
      "geometry": {
        "type": "Point",
        "coordinates": [
          88.401556,
          27.137694
        ]
      },
      "properties": {
        "sl_no": "26114",
        "slide_no": "SKM/SS/78A08/2015/219",
        "state": "Sikkim",
        "district": "South Sikkim",
        "slide_name": "",
        "nh_sh_location": "Sadam-Bhajyang Road",
        "material_involved": "Debris",
        "movement_type": "Slide",
        "history": "NA"
      }
    },
    {
      "type": "Feature",
      "geometry": {
        "type": "Point",
        "coordinates": [
          88.368167,
          27.139944
        ]
      },
      "properties": {
        "sl_no": "26115",
        "slide_no": "SKM/SS/78A08/2015/228",
        "state": "Sikkim",
        "district": "South Sikkim",
        "slide_name": "",
        "nh_sh_location": "Namchi-Palum Road",
        "material_involved": "Rock",
        "movement_type": "Slide",
        "history": "NA"
      }
    },
    {
      "type": "Feature",
      "geometry": {
        "type": "Point",
        "coordinates": [
          88.368222,
          27.140889
        ]
      },
      "properties": {
        "sl_no": "26116",
        "slide_no": "SKM/SS/78A08/2015/229",
        "state": "Sikkim",
        "district": "South Sikkim",
        "slide_name": "",
        "nh_sh_location": "Namchi-Palum Road",
        "material_involved": "Debris",
        "movement_type": "Slide",
        "history": "NA"
      }
    },
    {
      "type": "Feature",
      "geometry": {
        "type": "Point",
        "coordinates": [
          88.211194,
          27.141
        ]
      },
      "properties": {
        "sl_no": "26117",
        "slide_no": "SKM/NS/78A04/2017/101",
        "state": "Sikkim",
        "district": "West Sikkim",
        "slide_name": "",
        "nh_sh_location": "SH",
        "material_involved": "Debris",
        "movement_type": "Slide",
        "history": "NA"
      }
    },
    {
      "type": "Feature",
      "geometry": {
        "type": "Point",
        "coordinates": [
          88.180222,
          27.141944
        ]
      },
      "properties": {
        "sl_no": "26118",
        "slide_no": "SKM/NS/78A04/2017/114",
        "state": "Sikkim",
        "district": "West Sikkim",
        "slide_name": "Tharpu",
        "nh_sh_location": "SH",
        "material_involved": "Debris",
        "movement_type": "Slide",
        "history": "NA"
      }
    },
    {
      "type": "Feature",
      "geometry": {
        "type": "Point",
        "coordinates": [
          88.172139,
          27.142028
        ]
      },
      "properties": {
        "sl_no": "26119",
        "slide_no": "SKM/NS/78A04/2017/115",
        "state": "Sikkim",
        "district": "West Sikkim",
        "slide_name": "",
        "nh_sh_location": "SH",
        "material_involved": "Debris",
        "movement_type": "Slide",
        "history": "NA"
      }
    },
    {
      "type": "Feature",
      "geometry": {
        "type": "Point",
        "coordinates": [
          88.373083,
          27.143556
        ]
      },
      "properties": {
        "sl_no": "26120",
        "slide_no": "SKM/SS/78A08/2015/231",
        "state": "Sikkim",
        "district": "South Sikkim",
        "slide_name": "",
        "nh_sh_location": "Namchi-Palum Road",
        "material_involved": "Debris",
        "movement_type": "Slide",
        "history": "NA"
      }
    },
    {
      "type": "Feature",
      "geometry": {
        "type": "Point",
        "coordinates": [
          88.127361,
          27.144056
        ]
      },
      "properties": {
        "sl_no": "26121",
        "slide_no": "SKM/NS/78A04/2017/139",
        "state": "Sikkim",
        "district": "West Sikkim",
        "slide_name": "",
        "nh_sh_location": "SH",
        "material_involved": "Earth",
        "movement_type": "Slide",
        "history": "NA"
      }
    },
    {
      "type": "Feature",
      "geometry": {
        "type": "Point",
        "coordinates": [
          88.311083,
          27.144167
        ]
      },
      "properties": {
        "sl_no": "26122",
        "slide_no": "SKM/WS/78A08/2015/264",
        "state": "Sikkim",
        "district": "West Sikkim",
        "slide_name": "",
        "nh_sh_location": "Namchi-Assangthang Road",
        "material_involved": "Rock",
        "movement_type": "Fall",
        "history": "NA"
      }
    },
    {
      "type": "Feature",
      "geometry": {
        "type": "Point",
        "coordinates": [
          88.370778,
          27.145056
        ]
      },
      "properties": {
        "sl_no": "26123",
        "slide_no": "SKM/SS/78A08/2015/230",
        "state": "Sikkim",
        "district": "South Sikkim",
        "slide_name": "",
        "nh_sh_location": "Namchi-Palum Road",
        "material_involved": "Rock",
        "movement_type": "Slide",
        "history": "NA"
      }
    },
    {
      "type": "Feature",
      "geometry": {
        "type": "Point",
        "coordinates": [
          88.305694,
          27.145444
        ]
      },
      "properties": {
        "sl_no": "26124",
        "slide_no": "SKM/WS/78A08/2015/265",
        "state": "Sikkim",
        "district": "West Sikkim",
        "slide_name": "",
        "nh_sh_location": "Namchi-Assangthang Road",
        "material_involved": "Debris",
        "movement_type": "Slide",
        "history": "NA"
      }
    },
    {
      "type": "Feature",
      "geometry": {
        "type": "Point",
        "coordinates": [
          88.348333,
          27.149722
        ]
      },
      "properties": {
        "sl_no": "26125",
        "slide_no": "SKM/SS/78A07/2015/326",
        "state": "Sikkim",
        "district": "South Sikkim",
        "slide_name": "",
        "nh_sh_location": "Melli-Jorethang Road",
        "material_involved": "Debris",
        "movement_type": "Slide",
        "history": "NA"
      }
    },
    {
      "type": "Feature",
      "geometry": {
        "type": "Point",
        "coordinates": [
          88.096861,
          27.149889
        ]
      },
      "properties": {
        "sl_no": "26126",
        "slide_no": "SKM/NS/78A04/2017/121",
        "state": "Sikkim",
        "district": "West Sikkim",
        "slide_name": "",
        "nh_sh_location": "SH",
        "material_involved": "Earth",
        "movement_type": "Slide",
        "history": "NA"
      }
    },
    {
      "type": "Feature",
      "geometry": {
        "type": "Point",
        "coordinates": [
          88.184222,
          27.149972
        ]
      },
      "properties": {
        "sl_no": "26127",
        "slide_no": "SKM/NS/78A04/2017/109",
        "state": "Sikkim",
        "district": "West Sikkim",
        "slide_name": "",
        "nh_sh_location": "SH",
        "material_involved": "Debris",
        "movement_type": "Slide",
        "history": "NA"
      }
    },
    {
      "type": "Feature",
      "geometry": {
        "type": "Point",
        "coordinates": [
          88.4385,
          27.150778
        ]
      },
      "properties": {
        "sl_no": "26128",
        "slide_no": "SKM/SS/78A08/2015/311",
        "state": "Sikkim",
        "district": "South Sikkim",
        "slide_name": "",
        "nh_sh_location": "Melli-Phong Road",
        "material_involved": "Debris",
        "movement_type": "Slide",
        "history": "NA"
      }
    },
    {
      "type": "Feature",
      "geometry": {
        "type": "Point",
        "coordinates": [
          88.309889,
          27.151028
        ]
      },
      "properties": {
        "sl_no": "26129",
        "slide_no": "SKM/WS/78A08/2015/266",
        "state": "Sikkim",
        "district": "West Sikkim",
        "slide_name": "",
        "nh_sh_location": "Namchi-Assangthang Road",
        "material_involved": "Debris",
        "movement_type": "Slide",
        "history": "NA"
      }
    },
    {
      "type": "Feature",
      "geometry": {
        "type": "Point",
        "coordinates": [
          88.190833,
          27.152722
        ]
      },
      "properties": {
        "sl_no": "26130",
        "slide_no": "SKM/NS/78A04/2017/108",
        "state": "Sikkim",
        "district": "West Sikkim",
        "slide_name": "Lower Timburbung",
        "nh_sh_location": "SH",
        "material_involved": "Earth",
        "movement_type": "Slide",
        "history": "NA"
      }
    },
    {
      "type": "Feature",
      "geometry": {
        "type": "Point",
        "coordinates": [
          88.390361,
          27.152861
        ]
      },
      "properties": {
        "sl_no": "26131",
        "slide_no": "SKM/SS/78A08/2015/232",
        "state": "Sikkim",
        "district": "South Sikkim",
        "slide_name": "",
        "nh_sh_location": "Namchi-Palum Road",
        "material_involved": "Rock",
        "movement_type": "Slide",
        "history": "NA"
      }
    },
    {
      "type": "Feature",
      "geometry": {
        "type": "Point",
        "coordinates": [
          88.412056,
          27.153083
        ]
      },
      "properties": {
        "sl_no": "26132",
        "slide_no": "SKM/SS/78A08/2015/215",
        "state": "Sikkim",
        "district": "South Sikkim",
        "slide_name": "",
        "nh_sh_location": "Sadam-Bhajyang Road",
        "material_involved": "Debris",
        "movement_type": "Slide",
        "history": "NA"
      }
    },
    {
      "type": "Feature",
      "geometry": {
        "type": "Point",
        "coordinates": [
          88.3135,
          27.153306
        ]
      },
      "properties": {
        "sl_no": "26133",
        "slide_no": "SKM/WS/78A08/2015/267",
        "state": "Sikkim",
        "district": "West Sikkim",
        "slide_name": "",
        "nh_sh_location": "Namchi-Assangthang Road",
        "material_involved": "Debris",
        "movement_type": "Slide",
        "history": "NA"
      }
    },
    {
      "type": "Feature",
      "geometry": {
        "type": "Point",
        "coordinates": [
          88.095639,
          27.153444
        ]
      },
      "properties": {
        "sl_no": "26134",
        "slide_no": "SKM/NS/78A04/2017/120",
        "state": "Sikkim",
        "district": "West Sikkim",
        "slide_name": "",
        "nh_sh_location": "SH",
        "material_involved": "Debris",
        "movement_type": "Slide",
        "history": "NA"
      }
    },
    {
      "type": "Feature",
      "geometry": {
        "type": "Point",
        "coordinates": [
          88.494389,
          27.153528
        ]
      },
      "properties": {
        "sl_no": "26135",
        "slide_no": "SKM/SS/78A08/2015/175",
        "state": "Sikkim",
        "district": "South Sikkim",
        "slide_name": "",
        "nh_sh_location": "Namchi-Namthang Road",
        "material_involved": "Debris",
        "movement_type": "Slide",
        "history": "NA"
      }
    },
    {
      "type": "Feature",
      "geometry": {
        "type": "Point",
        "coordinates": [
          88.500333,
          27.15425
        ]
      },
      "properties": {
        "sl_no": "26136",
        "slide_no": "SKM/SS/78A08/2015/307",
        "state": "Sikkim",
        "district": "South Sikkim",
        "slide_name": "",
        "nh_sh_location": "Melli-Phong Road",
        "material_involved": "Debris",
        "movement_type": "Slide",
        "history": "NA"
      }
    },
    {
      "type": "Feature",
      "geometry": {
        "type": "Point",
        "coordinates": [
          88.275667,
          27.1545
        ]
      },
      "properties": {
        "sl_no": "26137",
        "slide_no": "SKM/WS/78A08/2015/379",
        "state": "Sikkim",
        "district": "West Sikkim",
        "slide_name": "",
        "nh_sh_location": "NULL",
        "material_involved": "Debris",
        "movement_type": "Slide",
        "history": "NA"
      }
    },
    {
      "type": "Feature",
      "geometry": {
        "type": "Point",
        "coordinates": [
          88.443056,
          27.154722
        ]
      },
      "properties": {
        "sl_no": "26138",
        "slide_no": "SKM/SS/78A08/2015/310",
        "state": "Sikkim",
        "district": "South Sikkim",
        "slide_name": "",
        "nh_sh_location": "Melli-Phong Road",
        "material_involved": "Debris",
        "movement_type": "Slide",
        "history": "NA"
      }
    },
    {
      "type": "Feature",
      "geometry": {
        "type": "Point",
        "coordinates": [
          88.493194,
          27.154889
        ]
      },
      "properties": {
        "sl_no": "26139",
        "slide_no": "SKM/SS/78A08/2015/176",
        "state": "Sikkim",
        "district": "South Sikkim",
        "slide_name": "",
        "nh_sh_location": "Namchi-Namthang Road",
        "material_involved": "Debris",
        "movement_type": "Slide",
        "history": "NA"
      }
    },
    {
      "type": "Feature",
      "geometry": {
        "type": "Point",
        "coordinates": [
          88.319556,
          27.155028
        ]
      },
      "properties": {
        "sl_no": "26140",
        "slide_no": "SKM/WS/78A08/2015/269",
        "state": "Sikkim",
        "district": "West Sikkim",
        "slide_name": "",
        "nh_sh_location": "Namchi-Assangthang Road",
        "material_involved": "Rock",
        "movement_type": "Slide",
        "history": "NA"
      }
    },
    {
      "type": "Feature",
      "geometry": {
        "type": "Point",
        "coordinates": [
          88.390278,
          27.155306
        ]
      },
      "properties": {
        "sl_no": "26141",
        "slide_no": "SKM/SS/78A08/2015/233",
        "state": "Sikkim",
        "district": "South Sikkim",
        "slide_name": "",
        "nh_sh_location": "Namchi-Palum Road",
        "material_involved": "Debris",
        "movement_type": "Slide",
        "history": "NA"
      }
    },
    {
      "type": "Feature",
      "geometry": {
        "type": "Point",
        "coordinates": [
          88.430722,
          27.15625
        ]
      },
      "properties": {
        "sl_no": "26142",
        "slide_no": "SKM/SS/78A08/2015/279",
        "state": "Sikkim",
        "district": "South Sikkim",
        "slide_name": "",
        "nh_sh_location": "Namchi-Namthang Road",
        "material_involved": "Debris",
        "movement_type": "Slide",
        "history": "NA"
      }
    },
    {
      "type": "Feature",
      "geometry": {
        "type": "Point",
        "coordinates": [
          88.5225,
          27.156806
        ]
      },
      "properties": {
        "sl_no": "26143",
        "slide_no": "SKM/ES/78A12/2015/162",
        "state": "Sikkim",
        "district": "East Sikkim",
        "slide_name": "",
        "nh_sh_location": "Namchi-Namthang Road",
        "material_involved": "Rock",
        "movement_type": "Fall",
        "history": "NA"
      }
    },
    {
      "type": "Feature",
      "geometry": {
        "type": "Point",
        "coordinates": [
          88.230778,
          27.156944
        ]
      },
      "properties": {
        "sl_no": "26144",
        "slide_no": "SKM/NS/78A04/2017/98",
        "state": "Sikkim",
        "district": "West Sikkim",
        "slide_name": "",
        "nh_sh_location": "SH",
        "material_involved": "Debris",
        "movement_type": "Slide",
        "history": "NA"
      }
    },
    {
      "type": "Feature",
      "geometry": {
        "type": "Point",
        "coordinates": [
          88.512778,
          27.157056
        ]
      },
      "properties": {
        "sl_no": "26145",
        "slide_no": "SKM/ES/78A2/2015/167",
        "state": "Sikkim",
        "district": "East Sikkim",
        "slide_name": "",
        "nh_sh_location": "Namchi-Namthang Road",
        "material_involved": "Debris",
        "movement_type": "Slide",
        "history": "NA"
      }
    },
    {
      "type": "Feature",
      "geometry": {
        "type": "Point",
        "coordinates": [
          88.171667,
          27.157361
        ]
      },
      "properties": {
        "sl_no": "26146",
        "slide_no": "SKM/NS/78A04/2017/113",
        "state": "Sikkim",
        "district": "West Sikkim",
        "slide_name": "",
        "nh_sh_location": "SH",
        "material_involved": "Debris",
        "movement_type": "Slide",
        "history": "NA"
      }
    },
    {
      "type": "Feature",
      "geometry": {
        "type": "Point",
        "coordinates": [
          88.306806,
          27.157694
        ]
      },
      "properties": {
        "sl_no": "26147",
        "slide_no": "SKM/WS/78A08/2015/293",
        "state": "Sikkim",
        "district": "West Sikkim",
        "slide_name": "",
        "nh_sh_location": "Namchi-Jorthang Road",
        "material_involved": "Debris",
        "movement_type": "Slide",
        "history": "NA"
      }
    },
    {
      "type": "Feature",
      "geometry": {
        "type": "Point",
        "coordinates": [
          88.522194,
          27.157694
        ]
      },
      "properties": {
        "sl_no": "26148",
        "slide_no": "SKM/ES/78A12/2015/163",
        "state": "Sikkim",
        "district": "East Sikkim",
        "slide_name": "",
        "nh_sh_location": "Namchi-Namthang Road",
        "material_involved": "Rock",
        "movement_type": "Topple",
        "history": "NA"
      }
    },
    {
      "type": "Feature",
      "geometry": {
        "type": "Point",
        "coordinates": [
          88.092833,
          27.157694
        ]
      },
      "properties": {
        "sl_no": "26149",
        "slide_no": "SKM/NS/78A04/2017/119",
        "state": "Sikkim",
        "district": "West Sikkim",
        "slide_name": "",
        "nh_sh_location": "SH",
        "material_involved": "Debris",
        "movement_type": "Slide",
        "history": "NA"
      }
    },
    {
      "type": "Feature",
      "geometry": {
        "type": "Point",
        "coordinates": [
          88.230306,
          27.157806
        ]
      },
      "properties": {
        "sl_no": "26150",
        "slide_no": "SKM/NS/78A04/2017/97",
        "state": "Sikkim",
        "district": "West Sikkim",
        "slide_name": "",
        "nh_sh_location": "SH",
        "material_involved": "Debris",
        "movement_type": "Slide",
        "history": "NA"
      }
    },
    {
      "type": "Feature",
      "geometry": {
        "type": "Point",
        "coordinates": [
          88.090194,
          27.157861
        ]
      },
      "properties": {
        "sl_no": "26151",
        "slide_no": "SKM/NS/78A04/2017/116",
        "state": "Sikkim",
        "district": "West Sikkim",
        "slide_name": "",
        "nh_sh_location": "SH",
        "material_involved": "Earth",
        "movement_type": "Slide",
        "history": "NA"
      }
    },
    {
      "type": "Feature",
      "geometry": {
        "type": "Point",
        "coordinates": [
          88.347972,
          27.158
        ]
      },
      "properties": {
        "sl_no": "26152",
        "slide_no": "SKM/SS/78A08/2015/273",
        "state": "Sikkim",
        "district": "South Sikkim",
        "slide_name": "",
        "nh_sh_location": "Namchi-Namthang Road",
        "material_involved": "Debris",
        "movement_type": "Slide",
        "history": "NA"
      }
    },
    {
      "type": "Feature",
      "geometry": {
        "type": "Point",
        "coordinates": [
          88.141528,
          27.158056
        ]
      },
      "properties": {
        "sl_no": "26153",
        "slide_no": "SKM/NS/78A04/2017/140",
        "state": "Sikkim",
        "district": "West Sikkim",
        "slide_name": "",
        "nh_sh_location": "SH",
        "material_involved": "Debris",
        "movement_type": "Slide",
        "history": "NA"
      }
    },
    {
      "type": "Feature",
      "geometry": {
        "type": "Point",
        "coordinates": [
          88.491722,
          27.158111
        ]
      },
      "properties": {
        "sl_no": "26154",
        "slide_no": "SKM/SS/78A08/2015/177",
        "state": "Sikkim",
        "district": "South Sikkim",
        "slide_name": "",
        "nh_sh_location": "Namchi-Namthang Road",
        "material_involved": "Debris",
        "movement_type": "Slide",
        "history": "NA"
      }
    },
    {
      "type": "Feature",
      "geometry": {
        "type": "Point",
        "coordinates": [
          88.512472,
          27.158111
        ]
      },
      "properties": {
        "sl_no": "26155",
        "slide_no": "SKM/ES/78A2/2015/168",
        "state": "Sikkim",
        "district": "East Sikkim",
        "slide_name": "",
        "nh_sh_location": "Namchi-Namthang Road",
        "material_involved": "Debris",
        "movement_type": "Slide",
        "history": "NA"
      }
    },
    {
      "type": "Feature",
      "geometry": {
        "type": "Point",
        "coordinates": [
          88.344806,
          27.158139
        ]
      },
      "properties": {
        "sl_no": "26156",
        "slide_no": "SKM/WS/78A08/2015/271",
        "state": "Sikkim",
        "district": "West Sikkim",
        "slide_name": "",
        "nh_sh_location": "Namchi-Assangthang Road",
        "material_involved": "Debris",
        "movement_type": "Slide",
        "history": "NA"
      }
    },
    {
      "type": "Feature",
      "geometry": {
        "type": "Point",
        "coordinates": [
          88.34325,
          27.158222
        ]
      },
      "properties": {
        "sl_no": "26157",
        "slide_no": "SKM/WS/78A08/2015/270",
        "state": "Sikkim",
        "district": "West Sikkim",
        "slide_name": "",
        "nh_sh_location": "Namchi-Assangthang Road",
        "material_involved": "Debris",
        "movement_type": "Slide",
        "history": "NA"
      }
    },
    {
      "type": "Feature",
      "geometry": {
        "type": "Point",
        "coordinates": [
          88.100361,
          27.158222
        ]
      },
      "properties": {
        "sl_no": "26158",
        "slide_no": "SKM/NS/78A04/2017/134",
        "state": "Sikkim",
        "district": "West Sikkim",
        "slide_name": "",
        "nh_sh_location": "SH",
        "material_involved": "Debris",
        "movement_type": "Slide",
        "history": "NA"
      }
    },
    {
      "type": "Feature",
      "geometry": {
        "type": "Point",
        "coordinates": [
          88.521833,
          27.158361
        ]
      },
      "properties": {
        "sl_no": "26159",
        "slide_no": "SKM/ES/78A12/2015/164",
        "state": "Sikkim",
        "district": "East Sikkim",
        "slide_name": "",
        "nh_sh_location": "Namchi-Namthang Road",
        "material_involved": "Debris",
        "movement_type": "Slide",
        "history": "NA"
      }
    },
    {
      "type": "Feature",
      "geometry": {
        "type": "Point",
        "coordinates": [
          88.420139,
          27.158417
        ]
      },
      "properties": {
        "sl_no": "26160",
        "slide_no": "SKM/SS/78A08/2015/276",
        "state": "Sikkim",
        "district": "South Sikkim",
        "slide_name": "",
        "nh_sh_location": "Namchi-Namthang Road",
        "material_involved": "Debris",
        "movement_type": "Slide",
        "history": "NA"
      }
    },
    {
      "type": "Feature",
      "geometry": {
        "type": "Point",
        "coordinates": [
          88.466306,
          27.158583
        ]
      },
      "properties": {
        "sl_no": "26161",
        "slide_no": "SKM/SS/78A08/2015/303",
        "state": "Sikkim",
        "district": "South Sikkim",
        "slide_name": "",
        "nh_sh_location": "Namthang-Kabrey Road",
        "material_involved": "Rock",
        "movement_type": "Fall",
        "history": "NA"
      }
    },
    {
      "type": "Feature",
      "geometry": {
        "type": "Point",
        "coordinates": [
          88.427111,
          27.158944
        ]
      },
      "properties": {
        "sl_no": "26162",
        "slide_no": "SKM/SS/78A08/2015/278",
        "state": "Sikkim",
        "district": "South Sikkim",
        "slide_name": "",
        "nh_sh_location": "Namchi-Namthang Road",
        "material_involved": "Debris",
        "movement_type": "Slide",
        "history": "NA"
      }
    },
    {
      "type": "Feature",
      "geometry": {
        "type": "Point",
        "coordinates": [
          88.514611,
          27.158972
        ]
      },
      "properties": {
        "sl_no": "26163",
        "slide_no": "SKM/ES/78A2/2015/169",
        "state": "Sikkim",
        "district": "East Sikkim",
        "slide_name": "",
        "nh_sh_location": "Namchi-Namthang Road",
        "material_involved": "Rock",
        "movement_type": "Fall",
        "history": "NA"
      }
    },
    {
      "type": "Feature",
      "geometry": {
        "type": "Point",
        "coordinates": [
          88.090944,
          27.158972
        ]
      },
      "properties": {
        "sl_no": "26164",
        "slide_no": "SKM/NS/78A04/2017/117",
        "state": "Sikkim",
        "district": "West Sikkim",
        "slide_name": "",
        "nh_sh_location": "SH",
        "material_involved": "Debris",
        "movement_type": "Slide",
        "history": "NA"
      }
    },
    {
      "type": "Feature",
      "geometry": {
        "type": "Point",
        "coordinates": [
          88.444361,
          27.159194
        ]
      },
      "properties": {
        "sl_no": "26165",
        "slide_no": "SKM/SS/78A08/2015/309",
        "state": "Sikkim",
        "district": "South Sikkim",
        "slide_name": "",
        "nh_sh_location": "Melli-Phong Road",
        "material_involved": "Debris",
        "movement_type": "Slide",
        "history": "NA"
      }
    },
    {
      "type": "Feature",
      "geometry": {
        "type": "Point",
        "coordinates": [
          88.09225,
          27.159361
        ]
      },
      "properties": {
        "sl_no": "26166",
        "slide_no": "SKM/NS/78A04/2017/118",
        "state": "Sikkim",
        "district": "West Sikkim",
        "slide_name": "",
        "nh_sh_location": "SH",
        "material_involved": "Earth",
        "movement_type": "Slide",
        "history": "NA"
      }
    },
    {
      "type": "Feature",
      "geometry": {
        "type": "Point",
        "coordinates": [
          88.300028,
          27.159472
        ]
      },
      "properties": {
        "sl_no": "26167",
        "slide_no": "SKM/WS/78A08/2015/294",
        "state": "Sikkim",
        "district": "West Sikkim",
        "slide_name": "",
        "nh_sh_location": "Namchi-Jorthang Road",
        "material_involved": "Debris",
        "movement_type": "Slide",
        "history": "NA"
      }
    },
    {
      "type": "Feature",
      "geometry": {
        "type": "Point",
        "coordinates": [
          88.318889,
          27.159639
        ]
      },
      "properties": {
        "sl_no": "26168",
        "slide_no": "SKM/WS/78A08/2015/268",
        "state": "Sikkim",
        "district": "West Sikkim",
        "slide_name": "",
        "nh_sh_location": "Namchi-Assangthang Road",
        "material_involved": "Debris",
        "movement_type": "Subsidence",
        "history": "NA"
      }
    },
    {
      "type": "Feature",
      "geometry": {
        "type": "Point",
        "coordinates": [
          88.379083,
          27.159972
        ]
      },
      "properties": {
        "sl_no": "26169",
        "slide_no": "SKM/SS/78A08/2015/234",
        "state": "Sikkim",
        "district": "South Sikkim",
        "slide_name": "",
        "nh_sh_location": "Namchi-Palum Road",
        "material_involved": "Rock",
        "movement_type": "Slide",
        "history": "NA"
      }
    },
    {
      "type": "Feature",
      "geometry": {
        "type": "Point",
        "coordinates": [
          88.423028,
          27.160056
        ]
      },
      "properties": {
        "sl_no": "26170",
        "slide_no": "SKM/SS/78A08/2015/277",
        "state": "Sikkim",
        "district": "South Sikkim",
        "slide_name": "",
        "nh_sh_location": "Namchi-Namthang Road",
        "material_involved": "Debris",
        "movement_type": "Slide",
        "history": "NA"
      }
    },
    {
      "type": "Feature",
      "geometry": {
        "type": "Point",
        "coordinates": [
          88.091806,
          27.160056
        ]
      },
      "properties": {
        "sl_no": "26171",
        "slide_no": "SKM/NS/78A04/2017/132",
        "state": "Sikkim",
        "district": "West Sikkim",
        "slide_name": "",
        "nh_sh_location": "SH",
        "material_involved": "Debris",
        "movement_type": "Slide",
        "history": "NA"
      }
    },
    {
      "type": "Feature",
      "geometry": {
        "type": "Point",
        "coordinates": [
          88.415056,
          27.160194
        ]
      },
      "properties": {
        "sl_no": "26172",
        "slide_no": "SKM/SS/78A08/2015/272",
        "state": "Sikkim",
        "district": "South Sikkim",
        "slide_name": "",
        "nh_sh_location": "Namchi-Namthang Road",
        "material_involved": "Debris",
        "movement_type": "Slide",
        "history": "NA"
      }
    },
    {
      "type": "Feature",
      "geometry": {
        "type": "Point",
        "coordinates": [
          88.512472,
          27.160444
        ]
      },
      "properties": {
        "sl_no": "26173",
        "slide_no": "SKM/SS/78A12/2015/170",
        "state": "Sikkim",
        "district": "South Sikkim",
        "slide_name": "",
        "nh_sh_location": "Namchi-Namthang Road",
        "material_involved": "Rock",
        "movement_type": "Fall",
        "history": "NA"
      }
    },
    {
      "type": "Feature",
      "geometry": {
        "type": "Point",
        "coordinates": [
          88.505889,
          27.160722
        ]
      },
      "properties": {
        "sl_no": "26174",
        "slide_no": "SKM/SS/78A12/2015/174",
        "state": "Sikkim",
        "district": "South Sikkim",
        "slide_name": "",
        "nh_sh_location": "Namchi-Namthang Road",
        "material_involved": "Debris",
        "movement_type": "Slide",
        "history": "NA"
      }
    },
    {
      "type": "Feature",
      "geometry": {
        "type": "Point",
        "coordinates": [
          88.094306,
          27.161
        ]
      },
      "properties": {
        "sl_no": "26175",
        "slide_no": "SKM/NS/78A04/2017/133",
        "state": "Sikkim",
        "district": "West Sikkim",
        "slide_name": "",
        "nh_sh_location": "SH",
        "material_involved": "Debris",
        "movement_type": "Slide",
        "history": "NA"
      }
    },
    {
      "type": "Feature",
      "geometry": {
        "type": "Point",
        "coordinates": [
          88.512944,
          27.161306
        ]
      },
      "properties": {
        "sl_no": "26176",
        "slide_no": "SKM/SS/78A12/2015/171",
        "state": "Sikkim",
        "district": "South Sikkim",
        "slide_name": "",
        "nh_sh_location": "Namchi-Namthang Road",
        "material_involved": "Debris",
        "movement_type": "Slide",
        "history": "NA"
      }
    },
    {
      "type": "Feature",
      "geometry": {
        "type": "Point",
        "coordinates": [
          88.410556,
          27.161444
        ]
      },
      "properties": {
        "sl_no": "26177",
        "slide_no": "SKM/SS/78A08/2015/274",
        "state": "Sikkim",
        "district": "South Sikkim",
        "slide_name": "",
        "nh_sh_location": "Namchi-Namthang Road",
        "material_involved": "Debris",
        "movement_type": "Slide",
        "history": "NA"
      }
    },
    {
      "type": "Feature",
      "geometry": {
        "type": "Point",
        "coordinates": [
          88.509639,
          27.161917
        ]
      },
      "properties": {
        "sl_no": "26178",
        "slide_no": "SKM/SS/78A12/2015/173",
        "state": "Sikkim",
        "district": "South Sikkim",
        "slide_name": "",
        "nh_sh_location": "Namchi-Namthang Road",
        "material_involved": "Debris",
        "movement_type": "Slide",
        "history": "NA"
      }
    },
    {
      "type": "Feature",
      "geometry": {
        "type": "Point",
        "coordinates": [
          88.491444,
          27.162111
        ]
      },
      "properties": {
        "sl_no": "26179",
        "slide_no": "SKM/SS/78A08/2015/181",
        "state": "Sikkim",
        "district": "South Sikkim",
        "slide_name": "",
        "nh_sh_location": "Namchi-Namthang Road",
        "material_involved": "Rock",
        "movement_type": "Fall",
        "history": "NA"
      }
    },
    {
      "type": "Feature",
      "geometry": {
        "type": "Point",
        "coordinates": [
          88.510611,
          27.162194
        ]
      },
      "properties": {
        "sl_no": "26180",
        "slide_no": "SKM/SS/78A12/2015/172",
        "state": "Sikkim",
        "district": "South Sikkim",
        "slide_name": "",
        "nh_sh_location": "Namchi-Namthang Road",
        "material_involved": "Debris",
        "movement_type": "Slide",
        "history": "NA"
      }
    },
    {
      "type": "Feature",
      "geometry": {
        "type": "Point",
        "coordinates": [
          88.383306,
          27.16275
        ]
      },
      "properties": {
        "sl_no": "26181",
        "slide_no": "SKM/SS/78A08/2015/212",
        "state": "Sikkim",
        "district": "South Sikkim",
        "slide_name": "",
        "nh_sh_location": "Namchi-Namthang Road",
        "material_involved": "Earth",
        "movement_type": "Slide",
        "history": "NA"
      }
    },
    {
      "type": "Feature",
      "geometry": {
        "type": "Point",
        "coordinates": [
          88.413222,
          27.162778
        ]
      },
      "properties": {
        "sl_no": "26182",
        "slide_no": "SKM/SS/78A08/2015/275",
        "state": "Sikkim",
        "district": "South Sikkim",
        "slide_name": "",
        "nh_sh_location": "Namchi-Namthang Road",
        "material_involved": "Rock",
        "movement_type": "Slide",
        "history": "NA"
      }
    },
    {
      "type": "Feature",
      "geometry": {
        "type": "Point",
        "coordinates": [
          88.484864,
          27.162781
        ]
      },
      "properties": {
        "sl_no": "26183",
        "slide_no": "SKM/SS/78A08/2015/179",
        "state": "Sikkim",
        "district": "South Sikkim",
        "slide_name": "",
        "nh_sh_location": "Namchi-Namthang Road",
        "material_involved": "Debris",
        "movement_type": "Slide",
        "history": "NA"
      }
    },
    {
      "type": "Feature",
      "geometry": {
        "type": "Point",
        "coordinates": [
          88.143083,
          27.163472
        ]
      },
      "properties": {
        "sl_no": "26184",
        "slide_no": "SKM/NS/78A04/2017/142",
        "state": "Sikkim",
        "district": "West Sikkim",
        "slide_name": "",
        "nh_sh_location": "SH",
        "material_involved": "Debris",
        "movement_type": "Slide",
        "history": "NA"
      }
    },
    {
      "type": "Feature",
      "geometry": {
        "type": "Point",
        "coordinates": [
          88.458833,
          27.163556
        ]
      },
      "properties": {
        "sl_no": "26185",
        "slide_no": "SKM/SS/78A08/2015/282",
        "state": "Sikkim",
        "district": "South Sikkim",
        "slide_name": "",
        "nh_sh_location": "Namchi-Namthang Road",
        "material_involved": "Debris",
        "movement_type": "Slide",
        "history": "NA"
      }
    },
    {
      "type": "Feature",
      "geometry": {
        "type": "Point",
        "coordinates": [
          88.406417,
          27.16375
        ]
      },
      "properties": {
        "sl_no": "26186",
        "slide_no": "SKM/SS/78A08/2015/214",
        "state": "Sikkim",
        "district": "South Sikkim",
        "slide_name": "",
        "nh_sh_location": "Namchi-Namthang Road",
        "material_involved": "Rock",
        "movement_type": "Slide",
        "history": "NA"
      }
    },
    {
      "type": "Feature",
      "geometry": {
        "type": "Point",
        "coordinates": [
          88.462306,
          27.163861
        ]
      },
      "properties": {
        "sl_no": "26187",
        "slide_no": "SKM/SS/78A08/2015/281",
        "state": "Sikkim",
        "district": "South Sikkim",
        "slide_name": "",
        "nh_sh_location": "Namchi-Namthang Road",
        "material_involved": "Debris",
        "movement_type": "Slide",
        "history": "NA"
      }
    },
    {
      "type": "Feature",
      "geometry": {
        "type": "Point",
        "coordinates": [
          88.52,
          27.163861
        ]
      },
      "properties": {
        "sl_no": "26188",
        "slide_no": "SKM/ES/78A12/2015/165",
        "state": "Sikkim",
        "district": "East Sikkim",
        "slide_name": "",
        "nh_sh_location": "Namchi-Namthang Road",
        "material_involved": "Debris",
        "movement_type": "Slide",
        "history": "NA"
      }
    },
    {
      "type": "Feature",
      "geometry": {
        "type": "Point",
        "coordinates": [
          88.141361,
          27.163861
        ]
      },
      "properties": {
        "sl_no": "26189",
        "slide_no": "SKM/NS/78A04/2017/141",
        "state": "Sikkim",
        "district": "West Sikkim",
        "slide_name": "",
        "nh_sh_location": "SH",
        "material_involved": "Debris",
        "movement_type": "Slide",
        "history": "NA"
      }
    },
    {
      "type": "Feature",
      "geometry": {
        "type": "Point",
        "coordinates": [
          88.213889,
          27.164472
        ]
      },
      "properties": {
        "sl_no": "26190",
        "slide_no": "SKM/NS/78A04/2017/100",
        "state": "Sikkim",
        "district": "West Sikkim",
        "slide_name": "Malbasley",
        "nh_sh_location": "SH",
        "material_involved": "Rock",
        "movement_type": "Slide",
        "history": "NA"
      }
    },
    {
      "type": "Feature",
      "geometry": {
        "type": "Point",
        "coordinates": [
          88.228444,
          27.1645
        ]
      },
      "properties": {
        "sl_no": "26191",
        "slide_no": "SKM/NS/78A04/2017/96",
        "state": "Sikkim",
        "district": "West Sikkim",
        "slide_name": "",
        "nh_sh_location": "SH",
        "material_involved": "Rock",
        "movement_type": "Slide",
        "history": "NA"
      }
    },
    {
      "type": "Feature",
      "geometry": {
        "type": "Point",
        "coordinates": [
          88.348472,
          27.164528
        ]
      },
      "properties": {
        "sl_no": "26192",
        "slide_no": "SKM/SS/78A08/2015/396",
        "state": "Sikkim",
        "district": "South Sikkim",
        "slide_name": "",
        "nh_sh_location": "Sikkip-Wak-Namchi Road",
        "material_involved": "Debris",
        "movement_type": "Slide",
        "history": "NA"
      }
    },
    {
      "type": "Feature",
      "geometry": {
        "type": "Point",
        "coordinates": [
          88.444444,
          27.165
        ]
      },
      "properties": {
        "sl_no": "26193",
        "slide_no": "SKM/SS/78A08/2015/308",
        "state": "Sikkim",
        "district": "South Sikkim",
        "slide_name": "",
        "nh_sh_location": "Melli-Phong Road",
        "material_involved": "Debris",
        "movement_type": "Slide",
        "history": "NA"
      }
    },
    {
      "type": "Feature",
      "geometry": {
        "type": "Point",
        "coordinates": [
          88.348528,
          27.165278
        ]
      },
      "properties": {
        "sl_no": "26194",
        "slide_no": "SKM/SS/78A08/2015/395",
        "state": "Sikkim",
        "district": "South Sikkim",
        "slide_name": "",
        "nh_sh_location": "Sikkip-Wak-Namchi Road",
        "material_involved": "Debris",
        "movement_type": "Slide",
        "history": "NA"
      }
    },
    {
      "type": "Feature",
      "geometry": {
        "type": "Point",
        "coordinates": [
          88.162028,
          27.165333
        ]
      },
      "properties": {
        "sl_no": "26195",
        "slide_no": "SKM/NS/78A04/2017/112",
        "state": "Sikkim",
        "district": "West Sikkim",
        "slide_name": "",
        "nh_sh_location": "SH",
        "material_involved": "Debris",
        "movement_type": "Slide",
        "history": "NA"
      }
    },
    {
      "type": "Feature",
      "geometry": {
        "type": "Point",
        "coordinates": [
          88.496556,
          27.165528
        ]
      },
      "properties": {
        "sl_no": "26196",
        "slide_no": "SKM/SS/78A08/2015/180",
        "state": "Sikkim",
        "district": "South Sikkim",
        "slide_name": "",
        "nh_sh_location": "Namchi-Namthang Road",
        "material_involved": "Debris",
        "movement_type": "Slide",
        "history": "NA"
      }
    },
    {
      "type": "Feature",
      "geometry": {
        "type": "Point",
        "coordinates": [
          88.488511,
          27.165586
        ]
      },
      "properties": {
        "sl_no": "26197",
        "slide_no": "SKM/SS/78A08/2015/178",
        "state": "Sikkim",
        "district": "South Sikkim",
        "slide_name": "",
        "nh_sh_location": "Namchi-Namthang Road",
        "material_involved": "Debris",
        "movement_type": "Slide",
        "history": "NA"
      }
    },
    {
      "type": "Feature",
      "geometry": {
        "type": "Point",
        "coordinates": [
          88.436667,
          27.165833
        ]
      },
      "properties": {
        "sl_no": "26198",
        "slide_no": "SKM/SS/78A08/2015/183",
        "state": "Sikkim",
        "district": "South Sikkim",
        "slide_name": "",
        "nh_sh_location": "Namchi-Namthang Road",
        "material_involved": "Debris",
        "movement_type": "Slide",
        "history": "NA"
      }
    },
    {
      "type": "Feature",
      "geometry": {
        "type": "Point",
        "coordinates": [
          88.144333,
          27.166278
        ]
      },
      "properties": {
        "sl_no": "26199",
        "slide_no": "SKM/NS/78A04/2017/143",
        "state": "Sikkim",
        "district": "West Sikkim",
        "slide_name": "",
        "nh_sh_location": "SH",
        "material_involved": "Debris",
        "movement_type": "Slide",
        "history": "NA"
      }
    },
    {
      "type": "Feature",
      "geometry": {
        "type": "Point",
        "coordinates": [
          88.401333,
          27.166528
        ]
      },
      "properties": {
        "sl_no": "26200",
        "slide_no": "SKM/SS/78A08/2015/213",
        "state": "Sikkim",
        "district": "South Sikkim",
        "slide_name": "",
        "nh_sh_location": "Namchi-Namthang Road",
        "material_involved": "Debris",
        "movement_type": "Slide",
        "history": "NA"
      }
    },
    {
      "type": "Feature",
      "geometry": {
        "type": "Point",
        "coordinates": [
          88.417528,
          27.166611
        ]
      },
      "properties": {
        "sl_no": "26201",
        "slide_no": "SKM/SS/78A08/2015/304",
        "state": "Sikkim",
        "district": "South Sikkim",
        "slide_name": "",
        "nh_sh_location": "Perbing-Chuba Road",
        "material_involved": "Debris",
        "movement_type": "Slide",
        "history": "NA"
      }
    },
    {
      "type": "Feature",
      "geometry": {
        "type": "Point",
        "coordinates": [
          88.348889,
          27.167611
        ]
      },
      "properties": {
        "sl_no": "26202",
        "slide_no": "SKM/SS/78A08/2015/394",
        "state": "Sikkim",
        "district": "South Sikkim",
        "slide_name": "",
        "nh_sh_location": "Sikkip-Wak-Namchi Road",
        "material_involved": "Debris",
        "movement_type": "Slide",
        "history": "NA"
      }
    },
    {
      "type": "Feature",
      "geometry": {
        "type": "Point",
        "coordinates": [
          88.224778,
          27.167972
        ]
      },
      "properties": {
        "sl_no": "26203",
        "slide_no": "SKM/NS/78A04/2017/99",
        "state": "Sikkim",
        "district": "West Sikkim",
        "slide_name": "",
        "nh_sh_location": "SH",
        "material_involved": "Rock",
        "movement_type": "Slide",
        "history": "NA"
      }
    },
    {
      "type": "Feature",
      "geometry": {
        "type": "Point",
        "coordinates": [
          88.384556,
          27.168167
        ]
      },
      "properties": {
        "sl_no": "26204",
        "slide_no": "SKM/SS/78A08/2015/211",
        "state": "Sikkim",
        "district": "South Sikkim",
        "slide_name": "",
        "nh_sh_location": "Namchi-Namthang Road",
        "material_involved": "Debris",
        "movement_type": "Slide",
        "history": "NA"
      }
    },
    {
      "type": "Feature",
      "geometry": {
        "type": "Point",
        "coordinates": [
          88.486333,
          27.169028
        ]
      },
      "properties": {
        "sl_no": "26205",
        "slide_no": "SKM/SS/78A08/2015/302",
        "state": "Sikkim",
        "district": "South Sikkim",
        "slide_name": "",
        "nh_sh_location": "NULL",
        "material_involved": "Debris",
        "movement_type": "Slide",
        "history": "NA"
      }
    },
    {
      "type": "Feature",
      "geometry": {
        "type": "Point",
        "coordinates": [
          88.363778,
          27.169472
        ]
      },
      "properties": {
        "sl_no": "26206",
        "slide_no": "SKM/SS/78A08/2015/198",
        "state": "Sikkim",
        "district": "South Sikkim",
        "slide_name": "",
        "nh_sh_location": "Namchi-Damthang Road",
        "material_involved": "Debris",
        "movement_type": "Slide",
        "history": "NA"
      }
    },
    {
      "type": "Feature",
      "geometry": {
        "type": "Point",
        "coordinates": [
          88.462361,
          27.169583
        ]
      },
      "properties": {
        "sl_no": "26207",
        "slide_no": "SKM/SS/78A08/2015/280",
        "state": "Sikkim",
        "district": "South Sikkim",
        "slide_name": "",
        "nh_sh_location": "Namchi-Namthang Road",
        "material_involved": "Debris",
        "movement_type": "Slide",
        "history": "NA"
      }
    },
    {
      "type": "Feature",
      "geometry": {
        "type": "Point",
        "coordinates": [
          88.086361,
          27.170833
        ]
      },
      "properties": {
        "sl_no": "26208",
        "slide_no": "SKM/NS/78A04/2017/135",
        "state": "Sikkim",
        "district": "West Sikkim",
        "slide_name": "Bhoreng",
        "nh_sh_location": "SH",
        "material_involved": "Earth",
        "movement_type": "Slide",
        "history": "NA"
      }
    },
    {
      "type": "Feature",
      "geometry": {
        "type": "Point",
        "coordinates": [
          88.245417,
          27.171083
        ]
      },
      "properties": {
        "sl_no": "26209",
        "slide_no": "SKM/NS/78A04/2017/95",
        "state": "Sikkim",
        "district": "West Sikkim",
        "slide_name": "",
        "nh_sh_location": "SH",
        "material_involved": "Debris",
        "movement_type": "Slide",
        "history": "NA"
      }
    },
    {
      "type": "Feature",
      "geometry": {
        "type": "Point",
        "coordinates": [
          88.354611,
          27.171139
        ]
      },
      "properties": {
        "sl_no": "26210",
        "slide_no": "SKM/SS/78A08/2015/393",
        "state": "Sikkim",
        "district": "South Sikkim",
        "slide_name": "",
        "nh_sh_location": "Sikkip-Wak-Namchi Road",
        "material_involved": "Debris",
        "movement_type": "Slide",
        "history": "NA"
      }
    },
    {
      "type": "Feature",
      "geometry": {
        "type": "Point",
        "coordinates": [
          88.159333,
          27.171639
        ]
      },
      "properties": {
        "sl_no": "26211",
        "slide_no": "SKM/NS/78A04/2017/110",
        "state": "Sikkim",
        "district": "West Sikkim",
        "slide_name": "",
        "nh_sh_location": "SH",
        "material_involved": "Debris",
        "movement_type": "Slide",
        "history": "NA"
      }
    },
    {
      "type": "Feature",
      "geometry": {
        "type": "Point",
        "coordinates": [
          88.160861,
          27.171833
        ]
      },
      "properties": {
        "sl_no": "26212",
        "slide_no": "SKM/NS/78A04/2017/111",
        "state": "Sikkim",
        "district": "West Sikkim",
        "slide_name": "",
        "nh_sh_location": "SH",
        "material_involved": "Debris",
        "movement_type": "Slide",
        "history": "NA"
      }
    },
    {
      "type": "Feature",
      "geometry": {
        "type": "Point",
        "coordinates": [
          88.090333,
          27.172083
        ]
      },
      "properties": {
        "sl_no": "26213",
        "slide_no": "SKM/NS/78A04/2017/137",
        "state": "Sikkim",
        "district": "West Sikkim",
        "slide_name": "",
        "nh_sh_location": "SH",
        "material_involved": "Earth",
        "movement_type": "Slide",
        "history": "NA"
      }
    },
    {
      "type": "Feature",
      "geometry": {
        "type": "Point",
        "coordinates": [
          88.372,
          27.172228
        ]
      },
      "properties": {
        "sl_no": "26214",
        "slide_no": "SKM/SOUTH/78A08/2017/001",
        "state": "Sikkim",
        "district": "South Sikkim",
        "slide_name": "Gumpa Monastery, Upper Gurpisey",
        "nh_sh_location": "State Highway (Namchi- Damthang Road, South Sikkim)",
        "material_involved": "Debris",
        "movement_type": "Complex",
        "history": "2017"
      }
    },
    {
      "type": "Feature",
      "geometry": {
        "type": "Point",
        "coordinates": [
          88.381444,
          27.172333
        ]
      },
      "properties": {
        "sl_no": "26215",
        "slide_no": "SKM/SS/78A08/2015/210",
        "state": "Sikkim",
        "district": "South Sikkim",
        "slide_name": "",
        "nh_sh_location": "Namchi-Namthang Road",
        "material_involved": "Debris",
        "movement_type": "Slide",
        "history": "NA"
      }
    },
    {
      "type": "Feature",
      "geometry": {
        "type": "Point",
        "coordinates": [
          88.386972,
          27.172444
        ]
      },
      "properties": {
        "sl_no": "26216",
        "slide_no": "SKM/SS/78A08/2015/297",
        "state": "Sikkim",
        "district": "South Sikkim",
        "slide_name": "",
        "nh_sh_location": "Namchi-Jorthang Road",
        "material_involved": "Rock",
        "movement_type": "Slide",
        "history": "NA"
      }
    },
    {
      "type": "Feature",
      "geometry": {
        "type": "Point",
        "coordinates": [
          88.089528,
          27.172444
        ]
      },
      "properties": {
        "sl_no": "26217",
        "slide_no": "SKM/NS/78A04/2017/136",
        "state": "Sikkim",
        "district": "West Sikkim",
        "slide_name": "Ribdi",
        "nh_sh_location": "SH",
        "material_involved": "Earth",
        "movement_type": "Slide",
        "history": "NA"
      }
    },
    {
      "type": "Feature",
      "geometry": {
        "type": "Point",
        "coordinates": [
          88.092111,
          27.173861
        ]
      },
      "properties": {
        "sl_no": "26218",
        "slide_no": "SKM/NS/78A04/2017/138",
        "state": "Sikkim",
        "district": "West Sikkim",
        "slide_name": "",
        "nh_sh_location": "SH",
        "material_involved": "Earth",
        "movement_type": "Slide",
        "history": "NA"
      }
    },
    {
      "type": "Feature",
      "geometry": {
        "type": "Point",
        "coordinates": [
          88.38525,
          27.173917
        ]
      },
      "properties": {
        "sl_no": "26219",
        "slide_no": "SKM/SS/78A08/2015/296",
        "state": "Sikkim",
        "district": "South Sikkim",
        "slide_name": "",
        "nh_sh_location": "Namchi-Jorthang Road",
        "material_involved": "Rock",
        "movement_type": "Slide",
        "history": "NA"
      }
    },
    {
      "type": "Feature",
      "geometry": {
        "type": "Point",
        "coordinates": [
          88.452028,
          27.174389
        ]
      },
      "properties": {
        "sl_no": "26220",
        "slide_no": "SKM/SS/78A08/2015/182",
        "state": "Sikkim",
        "district": "South Sikkim",
        "slide_name": "",
        "nh_sh_location": "Namchi-Namthang Road",
        "material_involved": "Debris",
        "movement_type": "Slide",
        "history": "NA"
      }
    },
    {
      "type": "Feature",
      "geometry": {
        "type": "Point",
        "coordinates": [
          88.385028,
          27.175
        ]
      },
      "properties": {
        "sl_no": "26221",
        "slide_no": "SKM/SS/78A08/2015/295",
        "state": "Sikkim",
        "district": "South Sikkim",
        "slide_name": "",
        "nh_sh_location": "Namchi-Jorthang Road",
        "material_involved": "Rock",
        "movement_type": "Slide",
        "history": "NA"
      }
    },
    {
      "type": "Feature",
      "geometry": {
        "type": "Point",
        "coordinates": [
          88.402417,
          27.175778
        ]
      },
      "properties": {
        "sl_no": "26222",
        "slide_no": "SKM/SS/78A08/2015/300",
        "state": "Sikkim",
        "district": "South Sikkim",
        "slide_name": "",
        "nh_sh_location": "Namchi-Jorthang Road",
        "material_involved": "Debris",
        "movement_type": "Slide",
        "history": "NA"
      }
    },
    {
      "type": "Feature",
      "geometry": {
        "type": "Point",
        "coordinates": [
          88.429556,
          27.176
        ]
      },
      "properties": {
        "sl_no": "26223",
        "slide_no": "SKM/SS/78A08/2015/305",
        "state": "Sikkim",
        "district": "South Sikkim",
        "slide_name": "",
        "nh_sh_location": "Perbing-Chuba Road",
        "material_involved": "Debris",
        "movement_type": "Slide",
        "history": "NA"
      }
    },
    {
      "type": "Feature",
      "geometry": {
        "type": "Point",
        "coordinates": [
          88.402056,
          27.176944
        ]
      },
      "properties": {
        "sl_no": "26224",
        "slide_no": "SKM/SS/78A08/2015/299",
        "state": "Sikkim",
        "district": "South Sikkim",
        "slide_name": "",
        "nh_sh_location": "Namchi-Jorthang Road",
        "material_involved": "Debris",
        "movement_type": "Slide",
        "history": "NA"
      }
    },
    {
      "type": "Feature",
      "geometry": {
        "type": "Point",
        "coordinates": [
          88.402611,
          27.177056
        ]
      },
      "properties": {
        "sl_no": "26225",
        "slide_no": "SKM/SS/78A08/2015/301",
        "state": "Sikkim",
        "district": "South Sikkim",
        "slide_name": "",
        "nh_sh_location": "Namchi-Jorthang Road",
        "material_involved": "Rock",
        "movement_type": "Slide",
        "history": "NA"
      }
    },
    {
      "type": "Feature",
      "geometry": {
        "type": "Point",
        "coordinates": [
          88.369611,
          27.177167
        ]
      },
      "properties": {
        "sl_no": "26226",
        "slide_no": "SKM/SS/78A08/2015/263",
        "state": "Sikkim",
        "district": "South Sikkim",
        "slide_name": "",
        "nh_sh_location": "NULL",
        "material_involved": "Rock",
        "movement_type": "Slide",
        "history": "NA"
      }
    },
    {
      "type": "Feature",
      "geometry": {
        "type": "Point",
        "coordinates": [
          88.430556,
          27.178111
        ]
      },
      "properties": {
        "sl_no": "26227",
        "slide_no": "SKM/SS/78A08/2015/306",
        "state": "Sikkim",
        "district": "South Sikkim",
        "slide_name": "",
        "nh_sh_location": "Perbing-Chuba Road",
        "material_involved": "Debris",
        "movement_type": "Slide",
        "history": "NA"
      }
    },
    {
      "type": "Feature",
      "geometry": {
        "type": "Point",
        "coordinates": [
          88.533097,
          27.178889
        ]
      },
      "properties": {
        "sl_no": "26228",
        "slide_no": "SKM/ES/78A12/2015/101",
        "state": "Sikkim",
        "district": "East Sikkim",
        "slide_name": "",
        "nh_sh_location": "Rangpo-Rorathang Road",
        "material_involved": "Rock",
        "movement_type": "Slide",
        "history": "NA"
      }
    },
    {
      "type": "Feature",
      "geometry": {
        "type": "Point",
        "coordinates": [
          88.190972,
          27.179278
        ]
      },
      "properties": {
        "sl_no": "26229",
        "slide_no": "SKM/NS/78A04/2017/106",
        "state": "Sikkim",
        "district": "West Sikkim",
        "slide_name": "",
        "nh_sh_location": "SH",
        "material_involved": "Earth",
        "movement_type": "Slide",
        "history": "NA"
      }
    },
    {
      "type": "Feature",
      "geometry": {
        "type": "Point",
        "coordinates": [
          88.519778,
          27.179639
        ]
      },
      "properties": {
        "sl_no": "26230",
        "slide_no": "SKM/ES/78A12/2015/141",
        "state": "Sikkim",
        "district": "East Sikkim",
        "slide_name": "",
        "nh_sh_location": "NH-31A",
        "material_involved": "Debris",
        "movement_type": "Slide",
        "history": "NA"
      }
    },
    {
      "type": "Feature",
      "geometry": {
        "type": "Point",
        "coordinates": [
          88.51025,
          27.180417
        ]
      },
      "properties": {
        "sl_no": "26231",
        "slide_no": "SKM/ES/78A12/2015/143",
        "state": "Sikkim",
        "district": "East Sikkim",
        "slide_name": "",
        "nh_sh_location": "NH-31A",
        "material_involved": "Rock",
        "movement_type": "Slide",
        "history": "NA"
      }
    },
    {
      "type": "Feature",
      "geometry": {
        "type": "Point",
        "coordinates": [
          88.518611,
          27.180528
        ]
      },
      "properties": {
        "sl_no": "26232",
        "slide_no": "SKM/ES/78A12/2015/142",
        "state": "Sikkim",
        "district": "East Sikkim",
        "slide_name": "",
        "nh_sh_location": "NH-31A",
        "material_involved": "Debris",
        "movement_type": "Slide",
        "history": "NA"
      }
    },
    {
      "type": "Feature",
      "geometry": {
        "type": "Point",
        "coordinates": [
          88.192028,
          27.181167
        ]
      },
      "properties": {
        "sl_no": "26233",
        "slide_no": "SKM/NS/78A04/2017/105",
        "state": "Sikkim",
        "district": "West Sikkim",
        "slide_name": "Gumpa Dara",
        "nh_sh_location": "SH",
        "material_involved": "Debris",
        "movement_type": "Slide",
        "history": "NA"
      }
    },
    {
      "type": "Feature",
      "geometry": {
        "type": "Point",
        "coordinates": [
          88.309528,
          27.181222
        ]
      },
      "properties": {
        "sl_no": "26234",
        "slide_no": "SKM/WS/78A08/2015/378",
        "state": "Sikkim",
        "district": "West Sikkim",
        "slide_name": "",
        "nh_sh_location": "NULL",
        "material_involved": "Debris",
        "movement_type": "Slide",
        "history": "NA"
      }
    },
    {
      "type": "Feature",
      "geometry": {
        "type": "Point",
        "coordinates": [
          88.395778,
          27.18175
        ]
      },
      "properties": {
        "sl_no": "26235",
        "slide_no": "SKM/SS/78A08/2015/298",
        "state": "Sikkim",
        "district": "South Sikkim",
        "slide_name": "",
        "nh_sh_location": "Namchi-Jorthang Road",
        "material_involved": "Debris",
        "movement_type": "Slide",
        "history": "NA"
      }
    },
    {
      "type": "Feature",
      "geometry": {
        "type": "Point",
        "coordinates": [
          88.508,
          27.182111
        ]
      },
      "properties": {
        "sl_no": "26236",
        "slide_no": "SKM/ES/78A12/2015/144",
        "state": "Sikkim",
        "district": "East Sikkim",
        "slide_name": "",
        "nh_sh_location": "NH-31A",
        "material_involved": "Rock",
        "movement_type": "Slide",
        "history": "NA"
      }
    },
    {
      "type": "Feature",
      "geometry": {
        "type": "Point",
        "coordinates": [
          88.197944,
          27.185944
        ]
      },
      "properties": {
        "sl_no": "26237",
        "slide_no": "SKM/NS/78A03/2017/82",
        "state": "Sikkim",
        "district": "West Sikkim",
        "slide_name": "Barakheley Dara",
        "nh_sh_location": "SH",
        "material_involved": "Debris",
        "movement_type": "Slide",
        "history": "NA"
      }
    },
    {
      "type": "Feature",
      "geometry": {
        "type": "Point",
        "coordinates": [
          88.205833,
          27.185972
        ]
      },
      "properties": {
        "sl_no": "26238",
        "slide_no": "SKM/NS/78A03/2017/83",
        "state": "Sikkim",
        "district": "West Sikkim",
        "slide_name": "",
        "nh_sh_location": "SH",
        "material_involved": "Earth",
        "movement_type": "Slide",
        "history": "NA"
      }
    },
    {
      "type": "Feature",
      "geometry": {
        "type": "Point",
        "coordinates": [
          88.320417,
          27.186361
        ]
      },
      "properties": {
        "sl_no": "26239",
        "slide_no": "SKM/WS/78A08/2015/351",
        "state": "Sikkim",
        "district": "West Sikkim",
        "slide_name": "",
        "nh_sh_location": "legship-Sikkip Road",
        "material_involved": "Debris",
        "movement_type": "Slide",
        "history": "NA"
      }
    },
    {
      "type": "Feature",
      "geometry": {
        "type": "Point",
        "coordinates": [
          88.206278,
          27.186611
        ]
      },
      "properties": {
        "sl_no": "26240",
        "slide_no": "SKM/NS/78A03/2017/84",
        "state": "Sikkim",
        "district": "West Sikkim",
        "slide_name": "",
        "nh_sh_location": "SH",
        "material_involved": "Earth",
        "movement_type": "Slide",
        "history": "NA"
      }
    },
    {
      "type": "Feature",
      "geometry": {
        "type": "Point",
        "coordinates": [
          88.562083,
          27.18815
        ]
      },
      "properties": {
        "sl_no": "26241",
        "slide_no": "SKM/ES/78A12/2015/102",
        "state": "Sikkim",
        "district": "East Sikkim",
        "slide_name": "",
        "nh_sh_location": "Rangpo-Rorathang Road",
        "material_involved": "Debris",
        "movement_type": "Slide",
        "history": "NA"
      }
    },
    {
      "type": "Feature",
      "geometry": {
        "type": "Point",
        "coordinates": [
          88.501194,
          27.188528
        ]
      },
      "properties": {
        "sl_no": "26242",
        "slide_no": "SKM/ES/78A12/2015/145",
        "state": "Sikkim",
        "district": "East Sikkim",
        "slide_name": "",
        "nh_sh_location": "NH-31A",
        "material_involved": "Rock",
        "movement_type": "Slide",
        "history": "NA"
      }
    },
    {
      "type": "Feature",
      "geometry": {
        "type": "Point",
        "coordinates": [
          88.391056,
          27.189222
        ]
      },
      "properties": {
        "sl_no": "26243",
        "slide_no": "SKM/SS/78A08/2015/197",
        "state": "Sikkim",
        "district": "South Sikkim",
        "slide_name": "",
        "nh_sh_location": "Namchi-Damthang Road",
        "material_involved": "Debris",
        "movement_type": "Slide",
        "history": "NA"
      }
    },
    {
      "type": "Feature",
      "geometry": {
        "type": "Point",
        "coordinates": [
          88.595686,
          27.189261
        ]
      },
      "properties": {
        "sl_no": "26244",
        "slide_no": "SKM/ES/78A12/2015/103",
        "state": "Sikkim",
        "district": "East Sikkim",
        "slide_name": "",
        "nh_sh_location": "Rangpo-Rorathang Road",
        "material_involved": "Debris",
        "movement_type": "Slide",
        "history": "NA"
      }
    },
    {
      "type": "Feature",
      "geometry": {
        "type": "Point",
        "coordinates": [
          88.564472,
          27.19
        ]
      },
      "properties": {
        "sl_no": "26245",
        "slide_no": "SKM/ES/78A12/2015/39",
        "state": "Sikkim",
        "district": "East Sikkim",
        "slide_name": "Padamchey",
        "nh_sh_location": "Rangpo-Rorathang Road",
        "material_involved": "Rock",
        "movement_type": "Fall",
        "history": "NA"
      }
    },
    {
      "type": "Feature",
      "geometry": {
        "type": "Point",
        "coordinates": [
          88.596483,
          27.190067
        ]
      },
      "properties": {
        "sl_no": "26246",
        "slide_no": "SKM/ES/78A12/2015/104",
        "state": "Sikkim",
        "district": "East Sikkim",
        "slide_name": "",
        "nh_sh_location": "Rangpo-Rorathang Road",
        "material_involved": "Rock",
        "movement_type": "Slide",
        "history": "NA"
      }
    },
    {
      "type": "Feature",
      "geometry": {
        "type": "Point",
        "coordinates": [
          88.596889,
          27.190833
        ]
      },
      "properties": {
        "sl_no": "26247",
        "slide_no": "SKM/ES/78A12/2015/105",
        "state": "Sikkim",
        "district": "East Sikkim",
        "slide_name": "",
        "nh_sh_location": "Rangpo-Rorathang Road",
        "material_involved": "Debris",
        "movement_type": "Slide",
        "history": "NA"
      }
    },
    {
      "type": "Feature",
      "geometry": {
        "type": "Point",
        "coordinates": [
          88.325861,
          27.191639
        ]
      },
      "properties": {
        "sl_no": "26248",
        "slide_no": "SKM/WS/78A08/2015/350",
        "state": "Sikkim",
        "district": "West Sikkim",
        "slide_name": "",
        "nh_sh_location": "legship-Sikkip Road",
        "material_involved": "Debris",
        "movement_type": "Slide",
        "history": "NA"
      }
    },
    {
      "type": "Feature",
      "geometry": {
        "type": "Point",
        "coordinates": [
          88.2885,
          27.191917
        ]
      },
      "properties": {
        "sl_no": "26249",
        "slide_no": "SKM/WS/78A08/2015/374",
        "state": "Sikkim",
        "district": "West Sikkim",
        "slide_name": "",
        "nh_sh_location": "Sangadorji-Bum Road",
        "material_involved": "Debris",
        "movement_type": "Slide",
        "history": "NA"
      }
    },
    {
      "type": "Feature",
      "geometry": {
        "type": "Point",
        "coordinates": [
          88.603083,
          27.192989
        ]
      },
      "properties": {
        "sl_no": "26250",
        "slide_no": "SKM/ES/78A12/2015/106",
        "state": "Sikkim",
        "district": "East Sikkim",
        "slide_name": "",
        "nh_sh_location": "Rangpo-Rorathang Road",
        "material_involved": "Debris",
        "movement_type": "Slide",
        "history": "NA"
      }
    },
    {
      "type": "Feature",
      "geometry": {
        "type": "Point",
        "coordinates": [
          88.650528,
          27.193794
        ]
      },
      "properties": {
        "sl_no": "26251",
        "slide_no": "SKM/ES/78A12/2015/135",
        "state": "Sikkim",
        "district": "East Sikkim",
        "slide_name": "",
        "nh_sh_location": "Rhenak Road",
        "material_involved": "Debris",
        "movement_type": "Slide",
        "history": "NA"
      }
    },
    {
      "type": "Feature",
      "geometry": {
        "type": "Point",
        "coordinates": [
          88.388889,
          27.194333
        ]
      },
      "properties": {
        "sl_no": "26252",
        "slide_no": "SKM/SS/78A08/2015/206",
        "state": "Sikkim",
        "district": "South Sikkim",
        "slide_name": "",
        "nh_sh_location": "Kholaghari village Road",
        "material_involved": "Debris",
        "movement_type": "Slide",
        "history": "NA"
      }
    },
    {
      "type": "Feature",
      "geometry": {
        "type": "Point",
        "coordinates": [
          88.631992,
          27.195083
        ]
      },
      "properties": {
        "sl_no": "26253",
        "slide_no": "SKM/ES/78A12/2015/108",
        "state": "Sikkim",
        "district": "East Sikkim",
        "slide_name": "",
        "nh_sh_location": "Rorathang-Rongli Road",
        "material_involved": "Debris",
        "movement_type": "Slide",
        "history": "NA"
      }
    },
    {
      "type": "Feature",
      "geometry": {
        "type": "Point",
        "coordinates": [
          88.6342,
          27.195511
        ]
      },
      "properties": {
        "sl_no": "26254",
        "slide_no": "SKM/ES/78A12/2015/109",
        "state": "Sikkim",
        "district": "East Sikkim",
        "slide_name": "",
        "nh_sh_location": "Rorathang-Rongli Road",
        "material_involved": "Debris",
        "movement_type": "Slide",
        "history": "NA"
      }
    },
    {
      "type": "Feature",
      "geometry": {
        "type": "Point",
        "coordinates": [
          88.625444,
          27.195703
        ]
      },
      "properties": {
        "sl_no": "26255",
        "slide_no": "SKM/ES/78A12/2015/107",
        "state": "Sikkim",
        "district": "East Sikkim",
        "slide_name": "",
        "nh_sh_location": "Rorathang-Rongli Road",
        "material_involved": "Debris",
        "movement_type": "Slide",
        "history": "NA"
      }
    },
    {
      "type": "Feature",
      "geometry": {
        "type": "Point",
        "coordinates": [
          88.387472,
          27.195722
        ]
      },
      "properties": {
        "sl_no": "26256",
        "slide_no": "SKM/SS/78A08/2015/207",
        "state": "Sikkim",
        "district": "South Sikkim",
        "slide_name": "",
        "nh_sh_location": "Kholaghari village Road",
        "material_involved": "Debris",
        "movement_type": "Slide",
        "history": "NA"
      }
    },
    {
      "type": "Feature",
      "geometry": {
        "type": "Point",
        "coordinates": [
          88.208722,
          27.197111
        ]
      },
      "properties": {
        "sl_no": "26257",
        "slide_no": "SKM/NS/78A03/2017/81",
        "state": "Sikkim",
        "district": "West Sikkim",
        "slide_name": "Phuchenbong",
        "nh_sh_location": "SH",
        "material_involved": "Debris",
        "movement_type": "Slide",
        "history": "NA"
      }
    },
    {
      "type": "Feature",
      "geometry": {
        "type": "Point",
        "coordinates": [
          88.4905,
          27.197417
        ]
      },
      "properties": {
        "sl_no": "26258",
        "slide_no": "SKM/SS/78A12/2015/146",
        "state": "Sikkim",
        "district": "South Sikkim",
        "slide_name": "",
        "nh_sh_location": "NH-31A",
        "material_involved": "Rock",
        "movement_type": "Slide",
        "history": "NA"
      }
    },
    {
      "type": "Feature",
      "geometry": {
        "type": "Point",
        "coordinates": [
          88.638725,
          27.198856
        ]
      },
      "properties": {
        "sl_no": "26259",
        "slide_no": "SKM/ES/78A12/2015/110",
        "state": "Sikkim",
        "district": "East Sikkim",
        "slide_name": "",
        "nh_sh_location": "Rorathang-Rongli Road",
        "material_involved": "Debris",
        "movement_type": "Slide",
        "history": "NA"
      }
    },
    {
      "type": "Feature",
      "geometry": {
        "type": "Point",
        "coordinates": [
          88.66095,
          27.198928
        ]
      },
      "properties": {
        "sl_no": "26260",
        "slide_no": "SKM/ES/78A12/2015/134",
        "state": "Sikkim",
        "district": "East Sikkim",
        "slide_name": "",
        "nh_sh_location": "Rhenak Road",
        "material_involved": "Debris",
        "movement_type": "Slide",
        "history": "NA"
      }
    },
    {
      "type": "Feature",
      "geometry": {
        "type": "Point",
        "coordinates": [
          88.350417,
          27.199028
        ]
      },
      "properties": {
        "sl_no": "26261",
        "slide_no": "SKM/SS/78A08/2015/385",
        "state": "Sikkim",
        "district": "South Sikkim",
        "slide_name": "",
        "nh_sh_location": "Sikkip-Wak-Namchi Road",
        "material_involved": "Debris",
        "movement_type": "Slide",
        "history": "NA"
      }
    },
    {
      "type": "Feature",
      "geometry": {
        "type": "Point",
        "coordinates": [
          88.641633,
          27.199722
        ]
      },
      "properties": {
        "sl_no": "26262",
        "slide_no": "SKM/ES/78A12/2015/111",
        "state": "Sikkim",
        "district": "East Sikkim",
        "slide_name": "",
        "nh_sh_location": "Rorathang-Rongli Road",
        "material_involved": "Rock",
        "movement_type": "Topple",
        "history": "NA"
      }
    },
    {
      "type": "Feature",
      "geometry": {
        "type": "Point",
        "coordinates": [
          88.3545,
          27.200389
        ]
      },
      "properties": {
        "sl_no": "26263",
        "slide_no": "SKM/SS/78A08/2015/386",
        "state": "Sikkim",
        "district": "South Sikkim",
        "slide_name": "",
        "nh_sh_location": "Sikkip-Wak-Namchi Road",
        "material_involved": "Debris",
        "movement_type": "Slide",
        "history": "NA"
      }
    },
    {
      "type": "Feature",
      "geometry": {
        "type": "Point",
        "coordinates": [
          88.340861,
          27.200861
        ]
      },
      "properties": {
        "sl_no": "26264",
        "slide_no": "SKM/WS/78A08/2015/384",
        "state": "Sikkim",
        "district": "West Sikkim",
        "slide_name": "",
        "nh_sh_location": "Sikkip-Wak-Namchi Road",
        "material_involved": "Debris",
        "movement_type": "Slide",
        "history": "NA"
      }
    },
    {
      "type": "Feature",
      "geometry": {
        "type": "Point",
        "coordinates": [
          88.665381,
          27.201278
        ]
      },
      "properties": {
        "sl_no": "26265",
        "slide_no": "SKM/ES/78A12/2015/133",
        "state": "Sikkim",
        "district": "East Sikkim",
        "slide_name": "",
        "nh_sh_location": "Rhenak Road",
        "material_involved": "Debris",
        "movement_type": "Slide",
        "history": "NA"
      }
    },
    {
      "type": "Feature",
      "geometry": {
        "type": "Point",
        "coordinates": [
          88.268194,
          27.20175
        ]
      },
      "properties": {
        "sl_no": "26266",
        "slide_no": "SKM/WS/78A08/2015/366",
        "state": "Sikkim",
        "district": "West Sikkim",
        "slide_name": "",
        "nh_sh_location": "Kaluk-Rinchenpong Road",
        "material_involved": "Debris",
        "movement_type": "Slide",
        "history": "NA"
      }
    },
    {
      "type": "Feature",
      "geometry": {
        "type": "Point",
        "coordinates": [
          88.667278,
          27.201875
        ]
      },
      "properties": {
        "sl_no": "26267",
        "slide_no": "SKM/ES/78A12/2015/132",
        "state": "Sikkim",
        "district": "East Sikkim",
        "slide_name": "",
        "nh_sh_location": "Rhenak Road",
        "material_involved": "Debris",
        "movement_type": "Slide",
        "history": "NA"
      }
    },
    {
      "type": "Feature",
      "geometry": {
        "type": "Point",
        "coordinates": [
          88.391583,
          27.202417
        ]
      },
      "properties": {
        "sl_no": "26268",
        "slide_no": "SKM/SS/78A08/2015/209",
        "state": "Sikkim",
        "district": "South Sikkim",
        "slide_name": "",
        "nh_sh_location": "Kholaghari village Road",
        "material_involved": "Debris",
        "movement_type": "Slide",
        "history": "NA"
      }
    },
    {
      "type": "Feature",
      "geometry": {
        "type": "Point",
        "coordinates": [
          88.656708,
          27.202433
        ]
      },
      "properties": {
        "sl_no": "26269",
        "slide_no": "SKM/ES/78A12/2015/113",
        "state": "Sikkim",
        "district": "East Sikkim",
        "slide_name": "",
        "nh_sh_location": "Rorathang-Rongli Road",
        "material_involved": "Rock",
        "movement_type": "Topple",
        "history": "NA"
      }
    },
    {
      "type": "Feature",
      "geometry": {
        "type": "Point",
        "coordinates": [
          88.588667,
          27.203167
        ]
      },
      "properties": {
        "sl_no": "26270",
        "slide_no": "SKM/ES/78A12/2015/34",
        "state": "Sikkim",
        "district": "East Sikkim",
        "slide_name": "Pendam",
        "nh_sh_location": "NULL",
        "material_involved": "Debris",
        "movement_type": "Slide",
        "history": "NA"
      }
    },
    {
      "type": "Feature",
      "geometry": {
        "type": "Point",
        "coordinates": [
          88.600278,
          27.203194
        ]
      },
      "properties": {
        "sl_no": "26271",
        "slide_no": "SKM/ES/78A12/2015/38",
        "state": "Sikkim",
        "district": "East Sikkim",
        "slide_name": "Pamdambhasmey",
        "nh_sh_location": "Rangpo-Rorathang Road",
        "material_involved": "Debris",
        "movement_type": "Slide",
        "history": "NA"
      }
    },
    {
      "type": "Feature",
      "geometry": {
        "type": "Point",
        "coordinates": [
          88.658333,
          27.203869
        ]
      },
      "properties": {
        "sl_no": "26272",
        "slide_no": "SKM/ES/78A12/2015/114",
        "state": "Sikkim",
        "district": "East Sikkim",
        "slide_name": "",
        "nh_sh_location": "Rorathang-Rongli Road",
        "material_involved": "Debris",
        "movement_type": "Slide",
        "history": "NA"
      }
    },
    {
      "type": "Feature",
      "geometry": {
        "type": "Point",
        "coordinates": [
          88.647222,
          27.204556
        ]
      },
      "properties": {
        "sl_no": "26273",
        "slide_no": "SKM/ES/78A12/2015/112",
        "state": "Sikkim",
        "district": "East Sikkim",
        "slide_name": "",
        "nh_sh_location": "Rorathang-Rongli Road",
        "material_involved": "Debris",
        "movement_type": "Slide",
        "history": "NA"
      }
    },
    {
      "type": "Feature",
      "geometry": {
        "type": "Point",
        "coordinates": [
          88.32375,
          27.204694
        ]
      },
      "properties": {
        "sl_no": "26274",
        "slide_no": "SKM/WS/78A08/2015/349",
        "state": "Sikkim",
        "district": "West Sikkim",
        "slide_name": "",
        "nh_sh_location": "legship-Sikkip Road",
        "material_involved": "Debris",
        "movement_type": "Slide",
        "history": "NA"
      }
    },
    {
      "type": "Feature",
      "geometry": {
        "type": "Point",
        "coordinates": [
          88.591722,
          27.205
        ]
      },
      "properties": {
        "sl_no": "26275",
        "slide_no": "SKM/ES/78A12/2015/33",
        "state": "Sikkim",
        "district": "East Sikkim",
        "slide_name": "East Pendam",
        "nh_sh_location": "NULL",
        "material_involved": "Rock",
        "movement_type": "Fall",
        "history": "NA"
      }
    },
    {
      "type": "Feature",
      "geometry": {
        "type": "Point",
        "coordinates": [
          88.442122,
          27.205
        ]
      },
      "properties": {
        "sl_no": "26276",
        "slide_no": "SKM/SS/78A08/2015/56",
        "state": "Sikkim",
        "district": "South Sikkim",
        "slide_name": "",
        "nh_sh_location": "Phong-Bermiok Road",
        "material_involved": "Debris",
        "movement_type": "Slide",
        "history": "NA"
      }
    },
    {
      "type": "Feature",
      "geometry": {
        "type": "Point",
        "coordinates": [
          88.689053,
          27.205047
        ]
      },
      "properties": {
        "sl_no": "26277",
        "slide_no": "SKM/ES/78A12/2015/115",
        "state": "Sikkim",
        "district": "East Sikkim",
        "slide_name": "",
        "nh_sh_location": "Rorathang-Rongli Road",
        "material_involved": "Debris",
        "movement_type": "Slide",
        "history": "NA"
      }
    },
    {
      "type": "Feature",
      "geometry": {
        "type": "Point",
        "coordinates": [
          88.442814,
          27.206611
        ]
      },
      "properties": {
        "sl_no": "26278",
        "slide_no": "SKM/SS/78A08/2015/54",
        "state": "Sikkim",
        "district": "South Sikkim",
        "slide_name": "",
        "nh_sh_location": "Phong-Bermiok Road",
        "material_involved": "Debris",
        "movement_type": "Slide",
        "history": "NA"
      }
    },
    {
      "type": "Feature",
      "geometry": {
        "type": "Point",
        "coordinates": [
          88.679953,
          27.206653
        ]
      },
      "properties": {
        "sl_no": "26279",
        "slide_no": "SKM/ES/78A12/2015/118",
        "state": "Sikkim",
        "district": "East Sikkim",
        "slide_name": "",
        "nh_sh_location": "Rorathang-Rongli Road",
        "material_involved": "Rock",
        "movement_type": "Fall",
        "history": "NA"
      }
    },
    {
      "type": "Feature",
      "geometry": {
        "type": "Point",
        "coordinates": [
          88.323278,
          27.206917
        ]
      },
      "properties": {
        "sl_no": "26280",
        "slide_no": "SKM/WS/78A08/2015/348",
        "state": "Sikkim",
        "district": "West Sikkim",
        "slide_name": "",
        "nh_sh_location": "legship-Sikkip Road",
        "material_involved": "Debris",
        "movement_type": "Slide",
        "history": "NA"
      }
    },
    {
      "type": "Feature",
      "geometry": {
        "type": "Point",
        "coordinates": [
          88.446667,
          27.207039
        ]
      },
      "properties": {
        "sl_no": "26281",
        "slide_no": "SKM/SS/78A08/2015/55",
        "state": "Sikkim",
        "district": "South Sikkim",
        "slide_name": "",
        "nh_sh_location": "Phong-Bermiok Road",
        "material_involved": "Debris",
        "movement_type": "Slide",
        "history": "NA"
      }
    },
    {
      "type": "Feature",
      "geometry": {
        "type": "Point",
        "coordinates": [
          88.672817,
          27.207264
        ]
      },
      "properties": {
        "sl_no": "26282",
        "slide_no": "SKM/ES/78A12/2015/116",
        "state": "Sikkim",
        "district": "East Sikkim",
        "slide_name": "",
        "nh_sh_location": "Rorathang-Rongli Road",
        "material_involved": "Debris",
        "movement_type": "Slide",
        "history": "NA"
      }
    },
    {
      "type": "Feature",
      "geometry": {
        "type": "Point",
        "coordinates": [
          88.676047,
          27.207606
        ]
      },
      "properties": {
        "sl_no": "26283",
        "slide_no": "SKM/ES/78A12/2015/117",
        "state": "Sikkim",
        "district": "East Sikkim",
        "slide_name": "",
        "nh_sh_location": "Rorathang-Rongli Road",
        "material_involved": "Rock",
        "movement_type": "Fall",
        "history": "NA"
      }
    },
    {
      "type": "Feature",
      "geometry": {
        "type": "Point",
        "coordinates": [
          88.387667,
          27.20825
        ]
      },
      "properties": {
        "sl_no": "26284",
        "slide_no": "SKM/SS/78A08/2015/208",
        "state": "Sikkim",
        "district": "South Sikkim",
        "slide_name": "",
        "nh_sh_location": "Kholaghari village Road",
        "material_involved": "Earth",
        "movement_type": "Slide",
        "history": "NA"
      }
    },
    {
      "type": "Feature",
      "geometry": {
        "type": "Point",
        "coordinates": [
          88.58775,
          27.2115
        ]
      },
      "properties": {
        "sl_no": "26285",
        "slide_no": "SKM/ES/78A12/2015/35",
        "state": "Sikkim",
        "district": "East Sikkim",
        "slide_name": "",
        "nh_sh_location": "Rangpo-Rorathang Road",
        "material_involved": "Debris",
        "movement_type": "Slide",
        "history": "NA"
      }
    },
    {
      "type": "Feature",
      "geometry": {
        "type": "Point",
        "coordinates": [
          88.587889,
          27.212222
        ]
      },
      "properties": {
        "sl_no": "26286",
        "slide_no": "SKM/ES/78A12/2015/36",
        "state": "Sikkim",
        "district": "East Sikkim",
        "slide_name": "",
        "nh_sh_location": "Rangpo-Rorathang Road",
        "material_involved": "Debris",
        "movement_type": "Slide",
        "history": "NA"
      }
    },
    {
      "type": "Feature",
      "geometry": {
        "type": "Point",
        "coordinates": [
          88.399333,
          27.212583
        ]
      },
      "properties": {
        "sl_no": "26287",
        "slide_no": "SKM/SS/78A08/2015/196",
        "state": "Sikkim",
        "district": "South Sikkim",
        "slide_name": "",
        "nh_sh_location": "Namchi-Damthang Road",
        "material_involved": "Debris",
        "movement_type": "Slide",
        "history": "NA"
      }
    },
    {
      "type": "Feature",
      "geometry": {
        "type": "Point",
        "coordinates": [
          88.391444,
          27.21275
        ]
      },
      "properties": {
        "sl_no": "26288",
        "slide_no": "SKM/SS/78A08/2015/202",
        "state": "Sikkim",
        "district": "South Sikkim",
        "slide_name": "",
        "nh_sh_location": "Kholaghari village Road",
        "material_involved": "Debris",
        "movement_type": "Slide",
        "history": "NA"
      }
    },
    {
      "type": "Feature",
      "geometry": {
        "type": "Point",
        "coordinates": [
          88.321833,
          27.213556
        ]
      },
      "properties": {
        "sl_no": "26289",
        "slide_no": "SKM/WS/78A08/2015/347",
        "state": "Sikkim",
        "district": "West Sikkim",
        "slide_name": "",
        "nh_sh_location": "legship-Sikkip Road",
        "material_involved": "Debris",
        "movement_type": "Slide",
        "history": "NA"
      }
    },
    {
      "type": "Feature",
      "geometry": {
        "type": "Point",
        "coordinates": [
          88.608361,
          27.214222
        ]
      },
      "properties": {
        "sl_no": "26290",
        "slide_no": "SKM/ES/78A11/2015/13",
        "state": "Sikkim",
        "district": "East Sikkim",
        "slide_name": "",
        "nh_sh_location": "NULL",
        "material_involved": "Debris",
        "movement_type": "Slide",
        "history": "NA"
      }
    },
    {
      "type": "Feature",
      "geometry": {
        "type": "Point",
        "coordinates": [
          88.392417,
          27.214639
        ]
      },
      "properties": {
        "sl_no": "26291",
        "slide_no": "SKM/SS/78A08/2015/203",
        "state": "Sikkim",
        "district": "South Sikkim",
        "slide_name": "",
        "nh_sh_location": "Kholaghari village Road",
        "material_involved": "Debris",
        "movement_type": "Slide",
        "history": "NA"
      }
    },
    {
      "type": "Feature",
      "geometry": {
        "type": "Point",
        "coordinates": [
          88.588083,
          27.214806
        ]
      },
      "properties": {
        "sl_no": "26292",
        "slide_no": "SKM/ES/78A12/2015/37",
        "state": "Sikkim",
        "district": "East Sikkim",
        "slide_name": "",
        "nh_sh_location": "Rangpo-Rorathang Road",
        "material_involved": "Debris",
        "movement_type": "Slide",
        "history": "NA"
      }
    },
    {
      "type": "Feature",
      "geometry": {
        "type": "Point",
        "coordinates": [
          88.393306,
          27.215056
        ]
      },
      "properties": {
        "sl_no": "26293",
        "slide_no": "SKM/SS/78A08/2015/205",
        "state": "Sikkim",
        "district": "South Sikkim",
        "slide_name": "",
        "nh_sh_location": "Kholaghari village Road",
        "material_involved": "Debris",
        "movement_type": "Slide",
        "history": "NA"
      }
    },
    {
      "type": "Feature",
      "geometry": {
        "type": "Point",
        "coordinates": [
          88.402278,
          27.21525
        ]
      },
      "properties": {
        "sl_no": "26294",
        "slide_no": "SKM/SS/78A08/2015/195",
        "state": "Sikkim",
        "district": "South Sikkim",
        "slide_name": "",
        "nh_sh_location": "Namchi-Damthang Road",
        "material_involved": "Debris",
        "movement_type": "Slide",
        "history": "NA"
      }
    },
    {
      "type": "Feature",
      "geometry": {
        "type": "Point",
        "coordinates": [
          88.199667,
          27.216361
        ]
      },
      "properties": {
        "sl_no": "26295",
        "slide_no": "SKM/NS/78A03/2017/85",
        "state": "Sikkim",
        "district": "West Sikkim",
        "slide_name": "",
        "nh_sh_location": "SH",
        "material_involved": "Debris",
        "movement_type": "Slide",
        "history": "NA"
      }
    },
    {
      "type": "Feature",
      "geometry": {
        "type": "Point",
        "coordinates": [
          88.392361,
          27.216639
        ]
      },
      "properties": {
        "sl_no": "26296",
        "slide_no": "SKM/SS/78A08/2015/204",
        "state": "Sikkim",
        "district": "South Sikkim",
        "slide_name": "",
        "nh_sh_location": "Kholaghari village Road",
        "material_involved": "Rock",
        "movement_type": "Slide",
        "history": "NA"
      }
    },
    {
      "type": "Feature",
      "geometry": {
        "type": "Point",
        "coordinates": [
          88.274639,
          27.216722
        ]
      },
      "properties": {
        "sl_no": "26297",
        "slide_no": "SKM/WS/78A08/2015/367",
        "state": "Sikkim",
        "district": "West Sikkim",
        "slide_name": "",
        "nh_sh_location": "Kaluk-Rinchenpong Road",
        "material_involved": "Debris",
        "movement_type": "Slide",
        "history": "NA"
      }
    },
    {
      "type": "Feature",
      "geometry": {
        "type": "Point",
        "coordinates": [
          88.236944,
          27.217278
        ]
      },
      "properties": {
        "sl_no": "26298",
        "slide_no": "SKM/NS/78A04/2017/93",
        "state": "Sikkim",
        "district": "West Sikkim",
        "slide_name": "Rishithang",
        "nh_sh_location": "SH",
        "material_involved": "Debris",
        "movement_type": "Slide",
        "history": "NA"
      }
    },
    {
      "type": "Feature",
      "geometry": {
        "type": "Point",
        "coordinates": [
          88.233472,
          27.217667
        ]
      },
      "properties": {
        "sl_no": "26299",
        "slide_no": "SKM/NS/78A04/2017/91",
        "state": "Sikkim",
        "district": "West Sikkim",
        "slide_name": "",
        "nh_sh_location": "SH",
        "material_involved": "Debris",
        "movement_type": "Slide",
        "history": "NA"
      }
    },
    {
      "type": "Feature",
      "geometry": {
        "type": "Point",
        "coordinates": [
          88.234639,
          27.217667
        ]
      },
      "properties": {
        "sl_no": "26300",
        "slide_no": "SKM/NS/78A04/2017/92",
        "state": "Sikkim",
        "district": "West Sikkim",
        "slide_name": "",
        "nh_sh_location": "SH",
        "material_involved": "Debris",
        "movement_type": "Slide",
        "history": "NA"
      }
    },
    {
      "type": "Feature",
      "geometry": {
        "type": "Point",
        "coordinates": [
          88.232472,
          27.218278
        ]
      },
      "properties": {
        "sl_no": "26301",
        "slide_no": "SKM/NS/78A04/2017/90",
        "state": "Sikkim",
        "district": "West Sikkim",
        "slide_name": "",
        "nh_sh_location": "SH",
        "material_involved": "Debris",
        "movement_type": "Slide",
        "history": "NA"
      }
    },
    {
      "type": "Feature",
      "geometry": {
        "type": "Point",
        "coordinates": [
          88.233694,
          27.21875
        ]
      },
      "properties": {
        "sl_no": "26302",
        "slide_no": "SKM/NS/78A04/2017/89",
        "state": "Sikkim",
        "district": "West Sikkim",
        "slide_name": "",
        "nh_sh_location": "SH",
        "material_involved": "Debris",
        "movement_type": "Slide",
        "history": "NA"
      }
    },
    {
      "type": "Feature",
      "geometry": {
        "type": "Point",
        "coordinates": [
          88.391111,
          27.219444
        ]
      },
      "properties": {
        "sl_no": "26303",
        "slide_no": "SKM/SS/78A08/2015/200",
        "state": "Sikkim",
        "district": "South Sikkim",
        "slide_name": "",
        "nh_sh_location": "Kholaghari village Road",
        "material_involved": "Debris",
        "movement_type": "Slide",
        "history": "NA"
      }
    },
    {
      "type": "Feature",
      "geometry": {
        "type": "Point",
        "coordinates": [
          88.234361,
          27.219444
        ]
      },
      "properties": {
        "sl_no": "26304",
        "slide_no": "SKM/NS/78A04/2017/88",
        "state": "Sikkim",
        "district": "West Sikkim",
        "slide_name": "",
        "nh_sh_location": "SH",
        "material_involved": "Rock",
        "movement_type": "Slide",
        "history": "NA"
      }
    },
    {
      "type": "Feature",
      "geometry": {
        "type": "Point",
        "coordinates": [
          88.210222,
          27.2195
        ]
      },
      "properties": {
        "sl_no": "26305",
        "slide_no": "SKM/NS/78A03/2017/80",
        "state": "Sikkim",
        "district": "West Sikkim",
        "slide_name": "",
        "nh_sh_location": "SH",
        "material_involved": "Debris",
        "movement_type": "Slide",
        "history": "NA"
      }
    },
    {
      "type": "Feature",
      "geometry": {
        "type": "Point",
        "coordinates": [
          88.276306,
          27.219917
        ]
      },
      "properties": {
        "sl_no": "26306",
        "slide_no": "SKM/WS/78A08/2015/369",
        "state": "Sikkim",
        "district": "West Sikkim",
        "slide_name": "",
        "nh_sh_location": "Sangadorji-Bum Road",
        "material_involved": "Debris",
        "movement_type": "Slide",
        "history": "NA"
      }
    },
    {
      "type": "Feature",
      "geometry": {
        "type": "Point",
        "coordinates": [
          88.261861,
          27.220306
        ]
      },
      "properties": {
        "sl_no": "26307",
        "slide_no": "SKM/WS/78A08/2015/370",
        "state": "Sikkim",
        "district": "West Sikkim",
        "slide_name": "",
        "nh_sh_location": "Sangadorji-Bum Road",
        "material_involved": "Debris",
        "movement_type": "Slide",
        "history": "NA"
      }
    },
    {
      "type": "Feature",
      "geometry": {
        "type": "Point",
        "coordinates": [
          88.281028,
          27.220472
        ]
      },
      "properties": {
        "sl_no": "26308",
        "slide_no": "SKM/WS/78A08/2015/373",
        "state": "Sikkim",
        "district": "West Sikkim",
        "slide_name": "",
        "nh_sh_location": "Sangadorji-Bum Road",
        "material_involved": "Debris",
        "movement_type": "Slide",
        "history": "NA"
      }
    },
    {
      "type": "Feature",
      "geometry": {
        "type": "Point",
        "coordinates": [
          88.699833,
          27.22075
        ]
      },
      "properties": {
        "sl_no": "26309",
        "slide_no": "SKM/ES/78A12/2015/131",
        "state": "Sikkim",
        "district": "East Sikkim",
        "slide_name": "",
        "nh_sh_location": "Rhenak-Kopchey Road",
        "material_involved": "Debris",
        "movement_type": "Slide",
        "history": "NA"
      }
    },
    {
      "type": "Feature",
      "geometry": {
        "type": "Point",
        "coordinates": [
          88.279917,
          27.220778
        ]
      },
      "properties": {
        "sl_no": "26310",
        "slide_no": "SKM/WS/78A08/2015/371",
        "state": "Sikkim",
        "district": "West Sikkim",
        "slide_name": "",
        "nh_sh_location": "Sangadorji-Bum Road",
        "material_involved": "Debris",
        "movement_type": "Slide",
        "history": "NA"
      }
    },
    {
      "type": "Feature",
      "geometry": {
        "type": "Point",
        "coordinates": [
          88.237361,
          27.220806
        ]
      },
      "properties": {
        "sl_no": "26311",
        "slide_no": "SKM/NS/78A04/2017/87",
        "state": "Sikkim",
        "district": "West Sikkim",
        "slide_name": "Rishi",
        "nh_sh_location": "SH",
        "material_involved": "Rock",
        "movement_type": "Slide",
        "history": "NA"
      }
    },
    {
      "type": "Feature",
      "geometry": {
        "type": "Point",
        "coordinates": [
          88.657111,
          27.220861
        ]
      },
      "properties": {
        "sl_no": "26312",
        "slide_no": "SKM/ES/78A11/2015/14",
        "state": "Sikkim",
        "district": "East Sikkim",
        "slide_name": "",
        "nh_sh_location": "NULL",
        "material_involved": "Debris",
        "movement_type": "Slide",
        "history": "NA"
      }
    },
    {
      "type": "Feature",
      "geometry": {
        "type": "Point",
        "coordinates": [
          88.652278,
          27.220889
        ]
      },
      "properties": {
        "sl_no": "26313",
        "slide_no": "SKM/ES/78A12/2015/27",
        "state": "Sikkim",
        "district": "East Sikkim",
        "slide_name": "Mamring",
        "nh_sh_location": "NULL",
        "material_involved": "Debris",
        "movement_type": "Slide",
        "history": "NA"
      }
    },
    {
      "type": "Feature",
      "geometry": {
        "type": "Point",
        "coordinates": [
          88.385083,
          27.220917
        ]
      },
      "properties": {
        "sl_no": "26314",
        "slide_no": "SKM/SS/78A08/2015/199",
        "state": "Sikkim",
        "district": "South Sikkim",
        "slide_name": "",
        "nh_sh_location": "Kholaghari village Road",
        "material_involved": "Debris",
        "movement_type": "Slide",
        "history": "NA"
      }
    },
    {
      "type": "Feature",
      "geometry": {
        "type": "Point",
        "coordinates": [
          88.397639,
          27.220972
        ]
      },
      "properties": {
        "sl_no": "26315",
        "slide_no": "SKM/SS/78A08/2015/194",
        "state": "Sikkim",
        "district": "South Sikkim",
        "slide_name": "",
        "nh_sh_location": "Namchi-Damthang Road",
        "material_involved": "Debris",
        "movement_type": "Slide",
        "history": "NA"
      }
    },
    {
      "type": "Feature",
      "geometry": {
        "type": "Point",
        "coordinates": [
          88.376167,
          27.221444
        ]
      },
      "properties": {
        "sl_no": "26316",
        "slide_no": "SKM/SS/78A08/2015/189",
        "state": "Sikkim",
        "district": "South Sikkim",
        "slide_name": "",
        "nh_sh_location": "Temi village Road",
        "material_involved": "Debris",
        "movement_type": "Slide",
        "history": "NA"
      }
    },
    {
      "type": "Feature",
      "geometry": {
        "type": "Point",
        "coordinates": [
          88.370667,
          27.2215
        ]
      },
      "properties": {
        "sl_no": "26317",
        "slide_no": "SKM/SS/78A08/2015/188",
        "state": "Sikkim",
        "district": "South Sikkim",
        "slide_name": "",
        "nh_sh_location": "Temi village Road",
        "material_involved": "Debris",
        "movement_type": "Slide",
        "history": "NA"
      }
    },
    {
      "type": "Feature",
      "geometry": {
        "type": "Point",
        "coordinates": [
          88.390861,
          27.221778
        ]
      },
      "properties": {
        "sl_no": "26318",
        "slide_no": "SKM/SS/78A08/2015/201",
        "state": "Sikkim",
        "district": "South Sikkim",
        "slide_name": "",
        "nh_sh_location": "Kholaghari village Road",
        "material_involved": "Debris",
        "movement_type": "Slide",
        "history": "NA"
      }
    },
    {
      "type": "Feature",
      "geometry": {
        "type": "Point",
        "coordinates": [
          88.281972,
          27.222917
        ]
      },
      "properties": {
        "sl_no": "26319",
        "slide_no": "SKM/WS/78A08/2015/372",
        "state": "Sikkim",
        "district": "West Sikkim",
        "slide_name": "",
        "nh_sh_location": "Sangadorji-Bum Road",
        "material_involved": "Debris",
        "movement_type": "Slide",
        "history": "NA"
      }
    },
    {
      "type": "Feature",
      "geometry": {
        "type": "Point",
        "coordinates": [
          88.491833,
          27.223833
        ]
      },
      "properties": {
        "sl_no": "26320",
        "slide_no": "SKM/SS/78A12/2015/147",
        "state": "Sikkim",
        "district": "South Sikkim",
        "slide_name": "",
        "nh_sh_location": "NH-31A",
        "material_involved": "Debris",
        "movement_type": "Slide",
        "history": "NA"
      }
    },
    {
      "type": "Feature",
      "geometry": {
        "type": "Point",
        "coordinates": [
          88.372083,
          27.224778
        ]
      },
      "properties": {
        "sl_no": "26321",
        "slide_no": "SKM/SS/78A08/2015/187",
        "state": "Sikkim",
        "district": "South Sikkim",
        "slide_name": "",
        "nh_sh_location": "Temi village Road",
        "material_involved": "Debris",
        "movement_type": "Slide",
        "history": "NA"
      }
    },
    {
      "type": "Feature",
      "geometry": {
        "type": "Point",
        "coordinates": [
          88.373333,
          27.225083
        ]
      },
      "properties": {
        "sl_no": "26322",
        "slide_no": "SKM/SS/78A08/2015/186",
        "state": "Sikkim",
        "district": "South Sikkim",
        "slide_name": "",
        "nh_sh_location": "Temi village Road",
        "material_involved": "Debris",
        "movement_type": "Slide",
        "history": "NA"
      }
    },
    {
      "type": "Feature",
      "geometry": {
        "type": "Point",
        "coordinates": [
          88.240333,
          27.225556
        ]
      },
      "properties": {
        "sl_no": "26323",
        "slide_no": "SKM/NS/78A04/2017/86",
        "state": "Sikkim",
        "district": "West Sikkim",
        "slide_name": "",
        "nh_sh_location": "SH",
        "material_involved": "Debris",
        "movement_type": "Slide",
        "history": "NA"
      }
    },
    {
      "type": "Feature",
      "geometry": {
        "type": "Point",
        "coordinates": [
          88.49325,
          27.22575
        ]
      },
      "properties": {
        "sl_no": "26324",
        "slide_no": "SKM/SS/78A12/2015/148",
        "state": "Sikkim",
        "district": "South Sikkim",
        "slide_name": "",
        "nh_sh_location": "NH-31A",
        "material_involved": "Rock",
        "movement_type": "Slide",
        "history": "NA"
      }
    },
    {
      "type": "Feature",
      "geometry": {
        "type": "Point",
        "coordinates": [
          88.308861,
          27.226556
        ]
      },
      "properties": {
        "sl_no": "26325",
        "slide_no": "SKM/WS/78A08/2015/392",
        "state": "Sikkim",
        "district": "West Sikkim",
        "slide_name": "",
        "nh_sh_location": "Tinktitam village Road",
        "material_involved": "Debris",
        "movement_type": "Slide",
        "history": "NA"
      }
    },
    {
      "type": "Feature",
      "geometry": {
        "type": "Point",
        "coordinates": [
          88.220278,
          27.2275
        ]
      },
      "properties": {
        "sl_no": "26326",
        "slide_no": "SKM/NS/78A03/2017/79",
        "state": "Sikkim",
        "district": "West Sikkim",
        "slide_name": "",
        "nh_sh_location": "SH",
        "material_involved": "Debris",
        "movement_type": "Slide",
        "history": "NA"
      }
    },
    {
      "type": "Feature",
      "geometry": {
        "type": "Point",
        "coordinates": [
          88.219639,
          27.227528
        ]
      },
      "properties": {
        "sl_no": "26327",
        "slide_no": "SKM/NS/78A04/2017/94",
        "state": "Sikkim",
        "district": "West Sikkim",
        "slide_name": "",
        "nh_sh_location": "SH",
        "material_involved": "Debris",
        "movement_type": "Slide",
        "history": "NA"
      }
    },
    {
      "type": "Feature",
      "geometry": {
        "type": "Point",
        "coordinates": [
          88.493889,
          27.228556
        ]
      },
      "properties": {
        "sl_no": "26328",
        "slide_no": "SKM/SS/78A12/2015/149",
        "state": "Sikkim",
        "district": "South Sikkim",
        "slide_name": "",
        "nh_sh_location": "Singtam-Dikchu Road",
        "material_involved": "Debris",
        "movement_type": "Slide",
        "history": "NA"
      }
    },
    {
      "type": "Feature",
      "geometry": {
        "type": "Point",
        "coordinates": [
          88.378444,
          27.229417
        ]
      },
      "properties": {
        "sl_no": "26329",
        "slide_no": "SKM/SS/78A08/2015/185",
        "state": "Sikkim",
        "district": "South Sikkim",
        "slide_name": "",
        "nh_sh_location": "Temi village Road",
        "material_involved": "Debris",
        "movement_type": "Slide",
        "history": "NA"
      }
    },
    {
      "type": "Feature",
      "geometry": {
        "type": "Point",
        "coordinates": [
          88.619361,
          27.22975
        ]
      },
      "properties": {
        "sl_no": "26330",
        "slide_no": "SKM/ES/78A12/2015/28",
        "state": "Sikkim",
        "district": "East Sikkim",
        "slide_name": "Taza",
        "nh_sh_location": "NULL",
        "material_involved": "Earth",
        "movement_type": "Slide",
        "history": "NA"
      }
    },
    {
      "type": "Feature",
      "geometry": {
        "type": "Point",
        "coordinates": [
          88.306056,
          27.230583
        ]
      },
      "properties": {
        "sl_no": "26331",
        "slide_no": "SKM/WS/78A08/2015/391",
        "state": "Sikkim",
        "district": "West Sikkim",
        "slide_name": "",
        "nh_sh_location": "Tinktitam village Road",
        "material_involved": "Debris",
        "movement_type": "Slide",
        "history": "NA"
      }
    },
    {
      "type": "Feature",
      "geometry": {
        "type": "Point",
        "coordinates": [
          88.378417,
          27.232639
        ]
      },
      "properties": {
        "sl_no": "26332",
        "slide_no": "SKM/SS/78A08/2015/184",
        "state": "Sikkim",
        "district": "South Sikkim",
        "slide_name": "Chemchey",
        "nh_sh_location": "Temi village Road",
        "material_involved": "Debris",
        "movement_type": "Slide",
        "history": "NA"
      }
    },
    {
      "type": "Feature",
      "geometry": {
        "type": "Point",
        "coordinates": [
          88.246361,
          27.233194
        ]
      },
      "properties": {
        "sl_no": "26333",
        "slide_no": "SKM/NS/78A04/2017/68",
        "state": "Sikkim",
        "district": "West Sikkim",
        "slide_name": "",
        "nh_sh_location": "SH",
        "material_involved": "Debris",
        "movement_type": "Slide",
        "history": "NA"
      }
    },
    {
      "type": "Feature",
      "geometry": {
        "type": "Point",
        "coordinates": [
          88.5015,
          27.233389
        ]
      },
      "properties": {
        "sl_no": "26334",
        "slide_no": "SKM/ES/78A12/2015/22",
        "state": "Sikkim",
        "district": "East Sikkim",
        "slide_name": "",
        "nh_sh_location": "NH-31A",
        "material_involved": "Debris",
        "movement_type": "Slide",
        "history": "NA"
      }
    },
    {
      "type": "Feature",
      "geometry": {
        "type": "Point",
        "coordinates": [
          88.634806,
          27.233417
        ]
      },
      "properties": {
        "sl_no": "26335",
        "slide_no": "SKM/ES/78A12/2015/120",
        "state": "Sikkim",
        "district": "East Sikkim",
        "slide_name": "",
        "nh_sh_location": "Machong-Rongli Road",
        "material_involved": "Debris",
        "movement_type": "Slide",
        "history": "NA"
      }
    },
    {
      "type": "Feature",
      "geometry": {
        "type": "Point",
        "coordinates": [
          88.348389,
          27.233667
        ]
      },
      "properties": {
        "sl_no": "26336",
        "slide_no": "SKM/SS/78A08/2015/235",
        "state": "Sikkim",
        "district": "South Sikkim",
        "slide_name": "",
        "nh_sh_location": "Tinktam-Rheyong Road",
        "material_involved": "Debris",
        "movement_type": "Slide",
        "history": "NA"
      }
    },
    {
      "type": "Feature",
      "geometry": {
        "type": "Point",
        "coordinates": [
          88.6025,
          27.235694
        ]
      },
      "properties": {
        "sl_no": "26337",
        "slide_no": "SKM/ES/78A12/2015/29",
        "state": "Sikkim",
        "district": "East Sikkim",
        "slide_name": "",
        "nh_sh_location": "NULL",
        "material_involved": "Debris",
        "movement_type": "Slide",
        "history": "NA"
      }
    },
    {
      "type": "Feature",
      "geometry": {
        "type": "Point",
        "coordinates": [
          88.602389,
          27.23575
        ]
      },
      "properties": {
        "sl_no": "26338",
        "slide_no": "SKM/ES/78A12/2015/30",
        "state": "Sikkim",
        "district": "East Sikkim",
        "slide_name": "",
        "nh_sh_location": "NULL",
        "material_involved": "Debris",
        "movement_type": "Slide",
        "history": "NA"
      }
    },
    {
      "type": "Feature",
      "geometry": {
        "type": "Point",
        "coordinates": [
          88.506472,
          27.23575
        ]
      },
      "properties": {
        "sl_no": "26339",
        "slide_no": "SKM/SS/78A12/2015/150",
        "state": "Sikkim",
        "district": "South Sikkim",
        "slide_name": "",
        "nh_sh_location": "Singtam-Dikchu Road",
        "material_involved": "Debris",
        "movement_type": "Slide",
        "history": "NA"
      }
    },
    {
      "type": "Feature",
      "geometry": {
        "type": "Point",
        "coordinates": [
          88.507972,
          27.23575
        ]
      },
      "properties": {
        "sl_no": "26340",
        "slide_no": "SKM/SS/78A12/2015/151",
        "state": "Sikkim",
        "district": "South Sikkim",
        "slide_name": "",
        "nh_sh_location": "Singtam-Dikchu Road",
        "material_involved": "Debris",
        "movement_type": "Slide",
        "history": "NA"
      }
    },
    {
      "type": "Feature",
      "geometry": {
        "type": "Point",
        "coordinates": [
          88.506306,
          27.235778
        ]
      },
      "properties": {
        "sl_no": "26341",
        "slide_no": "SKM/ES/78A12/2015/21",
        "state": "Sikkim",
        "district": "East Sikkim",
        "slide_name": "",
        "nh_sh_location": "NH-31A",
        "material_involved": "Debris",
        "movement_type": "Slide",
        "history": "NA"
      }
    },
    {
      "type": "Feature",
      "geometry": {
        "type": "Point",
        "coordinates": [
          88.433167,
          27.235861
        ]
      },
      "properties": {
        "sl_no": "26342",
        "slide_no": "SKM/SS/78A08/2015/360",
        "state": "Sikkim",
        "district": "South Sikkim",
        "slide_name": "",
        "nh_sh_location": "NULL",
        "material_involved": "Debris",
        "movement_type": "Slide",
        "history": "NA"
      }
    },
    {
      "type": "Feature",
      "geometry": {
        "type": "Point",
        "coordinates": [
          88.645167,
          27.235917
        ]
      },
      "properties": {
        "sl_no": "26343",
        "slide_no": "SKM/ES/78A12/2015/121",
        "state": "Sikkim",
        "district": "East Sikkim",
        "slide_name": "",
        "nh_sh_location": "Machong-Rongli Road",
        "material_involved": "Rock",
        "movement_type": "Fall",
        "history": "NA"
      }
    },
    {
      "type": "Feature",
      "geometry": {
        "type": "Point",
        "coordinates": [
          88.50875,
          27.236361
        ]
      },
      "properties": {
        "sl_no": "26344",
        "slide_no": "SKM/ES/78A12/2015/152",
        "state": "Sikkim",
        "district": "East Sikkim",
        "slide_name": "",
        "nh_sh_location": "NH-31A",
        "material_involved": "Debris",
        "movement_type": "Slide",
        "history": "NA"
      }
    },
    {
      "type": "Feature",
      "geometry": {
        "type": "Point",
        "coordinates": [
          88.509611,
          27.236583
        ]
      },
      "properties": {
        "sl_no": "26345",
        "slide_no": "SKM/ES/78A12/2015/20",
        "state": "Sikkim",
        "district": "East Sikkim",
        "slide_name": "",
        "nh_sh_location": "NH-31A",
        "material_involved": "Debris",
        "movement_type": "Slide",
        "history": "NA"
      }
    },
    {
      "type": "Feature",
      "geometry": {
        "type": "Point",
        "coordinates": [
          88.235917,
          27.236889
        ]
      },
      "properties": {
        "sl_no": "26346",
        "slide_no": "SKM/NS/78A04/2017/69",
        "state": "Sikkim",
        "district": "West Sikkim",
        "slide_name": "",
        "nh_sh_location": "SH",
        "material_involved": "Rock",
        "movement_type": "Slide",
        "history": "NA"
      }
    },
    {
      "type": "Feature",
      "geometry": {
        "type": "Point",
        "coordinates": [
          88.598806,
          27.237694
        ]
      },
      "properties": {
        "sl_no": "26347",
        "slide_no": "SKM/ES/78A12/2015/32",
        "state": "Sikkim",
        "district": "East Sikkim",
        "slide_name": "",
        "nh_sh_location": "NULL",
        "material_involved": "Debris",
        "movement_type": "Slide",
        "history": "NA"
      }
    },
    {
      "type": "Feature",
      "geometry": {
        "type": "Point",
        "coordinates": [
          88.51384,
          27.23772
        ]
      },
      "properties": {
        "sl_no": "26348",
        "slide_no": "SKM/EAS/78A12/2014/002",
        "state": "Sikkim",
        "district": "East Sikkim",
        "slide_name": "6 km from Martam",
        "nh_sh_location": "0.5 km before Sikkim Supreme (On NH-31A)",
        "material_involved": "Debris",
        "movement_type": "Slide",
        "history": "26 August 2014"
      }
    },
    {
      "type": "Feature",
      "geometry": {
        "type": "Point",
        "coordinates": [
          88.346444,
          27.237889
        ]
      },
      "properties": {
        "sl_no": "26349",
        "slide_no": "SKM/SS/78A08/2015/236",
        "state": "Sikkim",
        "district": "South Sikkim",
        "slide_name": "",
        "nh_sh_location": "Tinktam-Rheyong Road",
        "material_involved": "Debris",
        "movement_type": "Slide",
        "history": "NA"
      }
    },
    {
      "type": "Feature",
      "geometry": {
        "type": "Point",
        "coordinates": [
          88.30475,
          27.237917
        ]
      },
      "properties": {
        "sl_no": "26350",
        "slide_no": "SKM/WS/78A08/2015/390",
        "state": "Sikkim",
        "district": "West Sikkim",
        "slide_name": "",
        "nh_sh_location": "Tinktitam village Road",
        "material_involved": "Rock",
        "movement_type": "Slide",
        "history": "NA"
      }
    },
    {
      "type": "Feature",
      "geometry": {
        "type": "Point",
        "coordinates": [
          88.601528,
          27.238111
        ]
      },
      "properties": {
        "sl_no": "26351",
        "slide_no": "SKM/ES/78A12/2015/31",
        "state": "Sikkim",
        "district": "East Sikkim",
        "slide_name": "Dikling",
        "nh_sh_location": "NULL",
        "material_involved": "Debris",
        "movement_type": "Slide",
        "history": "NA"
      }
    },
    {
      "type": "Feature",
      "geometry": {
        "type": "Point",
        "coordinates": [
          88.48416,
          27.23924
        ]
      },
      "properties": {
        "sl_no": "26352",
        "slide_no": "SKM/EAS/78A08/2014/003",
        "state": "Sikkim",
        "district": "East Sikkim",
        "slide_name": "Sirwani Landslide",
        "nh_sh_location": "Sirwani (On Singtam-Mangkha road )",
        "material_involved": "Debris",
        "movement_type": "Slide",
        "history": "2011, 25 August 2014"
      }
    },
    {
      "type": "Feature",
      "geometry": {
        "type": "Point",
        "coordinates": [
          88.332778,
          27.239972
        ]
      },
      "properties": {
        "sl_no": "26353",
        "slide_no": "SKM/WS/78A08/2015/387",
        "state": "Sikkim",
        "district": "West Sikkim",
        "slide_name": "",
        "nh_sh_location": "Tinktitam village Road",
        "material_involved": "Debris",
        "movement_type": "Slide",
        "history": "NA"
      }
    },
    {
      "type": "Feature",
      "geometry": {
        "type": "Point",
        "coordinates": [
          88.486472,
          27.240028
        ]
      },
      "properties": {
        "sl_no": "26354",
        "slide_no": "SKM/ES/78A08/2015/49",
        "state": "Sikkim",
        "district": "East Sikkim",
        "slide_name": "",
        "nh_sh_location": "Singtam-Dikchu Road",
        "material_involved": "Debris",
        "movement_type": "Slide",
        "history": "NA"
      }
    },
    {
      "type": "Feature",
      "geometry": {
        "type": "Point",
        "coordinates": [
          88.486278,
          27.240194
        ]
      },
      "properties": {
        "sl_no": "26355",
        "slide_no": "SKM/ES/78A08/2015/50",
        "state": "Sikkim",
        "district": "East Sikkim",
        "slide_name": "",
        "nh_sh_location": "Singtam-Dikchu Road",
        "material_involved": "Debris",
        "movement_type": "Slide",
        "history": "NA"
      }
    },
    {
      "type": "Feature",
      "geometry": {
        "type": "Point",
        "coordinates": [
          88.234028,
          27.240389
        ]
      },
      "properties": {
        "sl_no": "26356",
        "slide_no": "SKM/NS/78A04/2017/71",
        "state": "Sikkim",
        "district": "West Sikkim",
        "slide_name": "Upper Bermiok",
        "nh_sh_location": "SH",
        "material_involved": "Debris",
        "movement_type": "Slide",
        "history": "NA"
      }
    },
    {
      "type": "Feature",
      "geometry": {
        "type": "Point",
        "coordinates": [
          88.48025,
          27.240556
        ]
      },
      "properties": {
        "sl_no": "26357",
        "slide_no": "SKM/ES/78A08/2015/52",
        "state": "Sikkim",
        "district": "East Sikkim",
        "slide_name": "",
        "nh_sh_location": "NULL",
        "material_involved": "Debris",
        "movement_type": "Slide",
        "history": "NA"
      }
    },
    {
      "type": "Feature",
      "geometry": {
        "type": "Point",
        "coordinates": [
          88.306056,
          27.240639
        ]
      },
      "properties": {
        "sl_no": "26358",
        "slide_no": "SKM/WS/78A08/2015/389",
        "state": "Sikkim",
        "district": "West Sikkim",
        "slide_name": "",
        "nh_sh_location": "Tinktitam village Road",
        "material_involved": "Debris",
        "movement_type": "Slide",
        "history": "NA"
      }
    },
    {
      "type": "Feature",
      "geometry": {
        "type": "Point",
        "coordinates": [
          88.486278,
          27.240861
        ]
      },
      "properties": {
        "sl_no": "26359",
        "slide_no": "SKM/ES/78A08/2015/51",
        "state": "Sikkim",
        "district": "East Sikkim",
        "slide_name": "",
        "nh_sh_location": "Singtam-Dikchu Road",
        "material_involved": "Debris",
        "movement_type": "Slide",
        "history": "NA"
      }
    },
    {
      "type": "Feature",
      "geometry": {
        "type": "Point",
        "coordinates": [
          88.233972,
          27.241333
        ]
      },
      "properties": {
        "sl_no": "26360",
        "slide_no": "SKM/NS/78A04/2017/70",
        "state": "Sikkim",
        "district": "West Sikkim",
        "slide_name": "",
        "nh_sh_location": "SH",
        "material_involved": "Debris",
        "movement_type": "Slide",
        "history": "NA"
      }
    },
    {
      "type": "Feature",
      "geometry": {
        "type": "Point",
        "coordinates": [
          88.60681,
          27.24144
        ]
      },
      "properties": {
        "sl_no": "26361",
        "slide_no": "SK/ED/78A12/2017/01",
        "state": "Sikkim",
        "district": "East Sikkim",
        "slide_name": "Pachey landslide near Pakyong Town",
        "nh_sh_location": "Pakyong-Machong Road near Pakyong",
        "material_involved": "Debris",
        "movement_type": "Fall and Slide",
        "history": "9 July 2017"
      }
    },
    {
      "type": "Feature",
      "geometry": {
        "type": "Point",
        "coordinates": [
          88.327389,
          27.242139
        ]
      },
      "properties": {
        "sl_no": "26362",
        "slide_no": "SKM/WS/78A08/2015/388",
        "state": "Sikkim",
        "district": "West Sikkim",
        "slide_name": "",
        "nh_sh_location": "Tinktitam village Road",
        "material_involved": "Debris",
        "movement_type": "Slide",
        "history": "NA"
      }
    },
    {
      "type": "Feature",
      "geometry": {
        "type": "Point",
        "coordinates": [
          88.354417,
          27.242917
        ]
      },
      "properties": {
        "sl_no": "26363",
        "slide_no": "SKM/SS/78A08/2015/237",
        "state": "Sikkim",
        "district": "South Sikkim",
        "slide_name": "",
        "nh_sh_location": "Tinktam-Rheyong Road",
        "material_involved": "Debris",
        "movement_type": "Slide",
        "history": "NA"
      }
    },
    {
      "type": "Feature",
      "geometry": {
        "type": "Point",
        "coordinates": [
          88.2725,
          27.243806
        ]
      },
      "properties": {
        "sl_no": "26364",
        "slide_no": "SKM/WS/78A08/2015/368",
        "state": "Sikkim",
        "district": "West Sikkim",
        "slide_name": "",
        "nh_sh_location": "Kaluk-Rinchenpong Road",
        "material_involved": "Debris",
        "movement_type": "Slide",
        "history": "NA"
      }
    },
    {
      "type": "Feature",
      "geometry": {
        "type": "Point",
        "coordinates": [
          88.348056,
          27.244056
        ]
      },
      "properties": {
        "sl_no": "26365",
        "slide_no": "SKM/SS/78A08/2015/239",
        "state": "Sikkim",
        "district": "South Sikkim",
        "slide_name": "",
        "nh_sh_location": "Tinktam-Rheyong Road",
        "material_involved": "Debris",
        "movement_type": "Slide",
        "history": "NA"
      }
    },
    {
      "type": "Feature",
      "geometry": {
        "type": "Point",
        "coordinates": [
          88.350472,
          27.244472
        ]
      },
      "properties": {
        "sl_no": "26366",
        "slide_no": "SKM/SS/78A08/2015/238",
        "state": "Sikkim",
        "district": "South Sikkim",
        "slide_name": "",
        "nh_sh_location": "Tinktam-Rheyong Road",
        "material_involved": "Rock",
        "movement_type": "Fall",
        "history": "NA"
      }
    },
    {
      "type": "Feature",
      "geometry": {
        "type": "Point",
        "coordinates": [
          88.524389,
          27.245028
        ]
      },
      "properties": {
        "sl_no": "26367",
        "slide_no": "SKM/ES/78A12/2015/153",
        "state": "Sikkim",
        "district": "East Sikkim",
        "slide_name": "",
        "nh_sh_location": "NH-31A",
        "material_involved": "Debris",
        "movement_type": "Slide",
        "history": "NA"
      }
    },
    {
      "type": "Feature",
      "geometry": {
        "type": "Point",
        "coordinates": [
          88.226861,
          27.245028
        ]
      },
      "properties": {
        "sl_no": "26368",
        "slide_no": "SKM/NS/78A04/2017/72",
        "state": "Sikkim",
        "district": "West Sikkim",
        "slide_name": "Upper Bermiok",
        "nh_sh_location": "SH",
        "material_involved": "Debris",
        "movement_type": "Slide",
        "history": "NA"
      }
    },
    {
      "type": "Feature",
      "geometry": {
        "type": "Point",
        "coordinates": [
          88.524444,
          27.245139
        ]
      },
      "properties": {
        "sl_no": "26369",
        "slide_no": "SKM/ES/78A12/2015/19",
        "state": "Sikkim",
        "district": "East Sikkim",
        "slide_name": "Sangkhola",
        "nh_sh_location": "NH-31A",
        "material_involved": "Debris",
        "movement_type": "Slide",
        "history": "NA"
      }
    },
    {
      "type": "Feature",
      "geometry": {
        "type": "Point",
        "coordinates": [
          88.185278,
          27.245972
        ]
      },
      "properties": {
        "sl_no": "26370",
        "slide_no": "SKM/NS/78A04/2017/45",
        "state": "Sikkim",
        "district": "West Sikkim",
        "slide_name": "Hee gown",
        "nh_sh_location": "SH",
        "material_involved": "Debris",
        "movement_type": "Slide",
        "history": "NA"
      }
    },
    {
      "type": "Feature",
      "geometry": {
        "type": "Point",
        "coordinates": [
          88.62575,
          27.246056
        ]
      },
      "properties": {
        "sl_no": "26371",
        "slide_no": "SKM/ES/78A11/2015/16",
        "state": "Sikkim",
        "district": "East Sikkim",
        "slide_name": "",
        "nh_sh_location": "NULL",
        "material_involved": "Rock",
        "movement_type": "Slide",
        "history": "NA"
      }
    },
    {
      "type": "Feature",
      "geometry": {
        "type": "Point",
        "coordinates": [
          88.625694,
          27.246194
        ]
      },
      "properties": {
        "sl_no": "26372",
        "slide_no": "SKM/ES/78A12/2015/119",
        "state": "Sikkim",
        "district": "East Sikkim",
        "slide_name": "",
        "nh_sh_location": "Machong-Rongli Road",
        "material_involved": "Rock",
        "movement_type": "Fall",
        "history": "NA"
      }
    },
    {
      "type": "Feature",
      "geometry": {
        "type": "Point",
        "coordinates": [
          88.184833,
          27.246944
        ]
      },
      "properties": {
        "sl_no": "26373",
        "slide_no": "SKM/NS/78A04/2017/44",
        "state": "Sikkim",
        "district": "West Sikkim",
        "slide_name": "",
        "nh_sh_location": "SH",
        "material_involved": "Debris",
        "movement_type": "Slide",
        "history": "NA"
      }
    },
    {
      "type": "Feature",
      "geometry": {
        "type": "Point",
        "coordinates": [
          88.225222,
          27.247111
        ]
      },
      "properties": {
        "sl_no": "26374",
        "slide_no": "SKM/NS/78A04/2017/73",
        "state": "Sikkim",
        "district": "West Sikkim",
        "slide_name": "Budha Bari",
        "nh_sh_location": "SH",
        "material_involved": "Debris",
        "movement_type": "Slide",
        "history": "NA"
      }
    },
    {
      "type": "Feature",
      "geometry": {
        "type": "Point",
        "coordinates": [
          88.117444,
          27.248583
        ]
      },
      "properties": {
        "sl_no": "26375",
        "slide_no": "SKM/NS/78A04/2017/01",
        "state": "Sikkim",
        "district": "West Sikkim",
        "slide_name": "Upper Bega",
        "nh_sh_location": "SH",
        "material_involved": "Debris",
        "movement_type": "Slide",
        "history": "NA"
      }
    },
    {
      "type": "Feature",
      "geometry": {
        "type": "Point",
        "coordinates": [
          88.117194,
          27.248833
        ]
      },
      "properties": {
        "sl_no": "26376",
        "slide_no": "SKM/NS/78A04/2017/02",
        "state": "Sikkim",
        "district": "West Sikkim",
        "slide_name": "Upper Bega",
        "nh_sh_location": "SH",
        "material_involved": "Debris",
        "movement_type": "Slide",
        "history": "NA"
      }
    },
    {
      "type": "Feature",
      "geometry": {
        "type": "Point",
        "coordinates": [
          88.301889,
          27.25
        ]
      },
      "properties": {
        "sl_no": "26377",
        "slide_no": "SKM/WS/78A07/2015/346",
        "state": "Sikkim",
        "district": "West Sikkim",
        "slide_name": "",
        "nh_sh_location": "Legship-Rishi Road",
        "material_involved": "Debris",
        "movement_type": "Slide",
        "history": "NA"
      }
    },
    {
      "type": "Feature",
      "geometry": {
        "type": "Point",
        "coordinates": [
          88.53325,
          27.250556
        ]
      },
      "properties": {
        "sl_no": "26378",
        "slide_no": "SKM/ES/78A11/2015/154",
        "state": "Sikkim",
        "district": "East Sikkim",
        "slide_name": "",
        "nh_sh_location": "NH-31A",
        "material_involved": "Debris",
        "movement_type": "Slide",
        "history": "NA"
      }
    },
    {
      "type": "Feature",
      "geometry": {
        "type": "Point",
        "coordinates": [
          88.715444,
          27.250889
        ]
      },
      "properties": {
        "sl_no": "26379",
        "slide_no": "SKM/ES/78A11/2015/130",
        "state": "Sikkim",
        "district": "East Sikkim",
        "slide_name": "",
        "nh_sh_location": "Machong-Rongli Road",
        "material_involved": "Debris",
        "movement_type": "Slide",
        "history": "NA"
      }
    },
    {
      "type": "Feature",
      "geometry": {
        "type": "Point",
        "coordinates": [
          88.659833,
          27.250972
        ]
      },
      "properties": {
        "sl_no": "26380",
        "slide_no": "SKM/ES/78A11/2015/122",
        "state": "Sikkim",
        "district": "East Sikkim",
        "slide_name": "",
        "nh_sh_location": "Machong-Rongli Road",
        "material_involved": "Rock",
        "movement_type": "Fall",
        "history": "NA"
      }
    },
    {
      "type": "Feature",
      "geometry": {
        "type": "Point",
        "coordinates": [
          88.3845,
          27.251417
        ]
      },
      "properties": {
        "sl_no": "26381",
        "slide_no": "SKM/SS/78A07/2015/190",
        "state": "Sikkim",
        "district": "South Sikkim",
        "slide_name": "",
        "nh_sh_location": "Ben village Road",
        "material_involved": "Debris",
        "movement_type": "Slide",
        "history": "NA"
      }
    },
    {
      "type": "Feature",
      "geometry": {
        "type": "Point",
        "coordinates": [
          88.531361,
          27.251639
        ]
      },
      "properties": {
        "sl_no": "26382",
        "slide_no": "SK/ESK/78A11/2019/03",
        "state": "Sikkim",
        "district": "East Sikkim",
        "slide_name": "Sang",
        "nh_sh_location": "NH10A/ GangtokSiliguri Highway",
        "material_involved": "Rock",
        "movement_type": "Slide",
        "history": "2019"
      }
    },
    {
      "type": "Feature",
      "geometry": {
        "type": "Point",
        "coordinates": [
          88.182972,
          27.251722
        ]
      },
      "properties": {
        "sl_no": "26383",
        "slide_no": "SKM/NS/78A03/2017/43",
        "state": "Sikkim",
        "district": "West Sikkim",
        "slide_name": "Hee Sapong",
        "nh_sh_location": "SH",
        "material_involved": "Debris",
        "movement_type": "Slide",
        "history": "NA"
      }
    },
    {
      "type": "Feature",
      "geometry": {
        "type": "Point",
        "coordinates": [
          88.176944,
          27.252139
        ]
      },
      "properties": {
        "sl_no": "26384",
        "slide_no": "SKM/NS/78A03/2017/42",
        "state": "Sikkim",
        "district": "West Sikkim",
        "slide_name": "Hee Pool",
        "nh_sh_location": "SH",
        "material_involved": "Rock",
        "movement_type": "Slide",
        "history": "NA"
      }
    },
    {
      "type": "Feature",
      "geometry": {
        "type": "Point",
        "coordinates": [
          88.272778,
          27.252167
        ]
      },
      "properties": {
        "sl_no": "26385",
        "slide_no": "SKM/WS/78A07/2015/365",
        "state": "Sikkim",
        "district": "West Sikkim",
        "slide_name": "",
        "nh_sh_location": "Kaluk-Rinchenpong Road",
        "material_involved": "Rock",
        "movement_type": "Fall",
        "history": "NA"
      }
    },
    {
      "type": "Feature",
      "geometry": {
        "type": "Point",
        "coordinates": [
          88.694194,
          27.252667
        ]
      },
      "properties": {
        "sl_no": "26386",
        "slide_no": "SKM/ES/78A11/2015/123",
        "state": "Sikkim",
        "district": "East Sikkim",
        "slide_name": "",
        "nh_sh_location": "Machong-Rongli Road",
        "material_involved": "Debris",
        "movement_type": "Slide",
        "history": "NA"
      }
    },
    {
      "type": "Feature",
      "geometry": {
        "type": "Point",
        "coordinates": [
          88.786111,
          27.253528
        ]
      },
      "properties": {
        "sl_no": "26387",
        "slide_no": "SKM/NS/78A15/2017/165",
        "state": "Sikkim",
        "district": "East Sikkim",
        "slide_name": "",
        "nh_sh_location": "SH",
        "material_involved": "Debris",
        "movement_type": "Slide",
        "history": "NA"
      }
    },
    {
      "type": "Feature",
      "geometry": {
        "type": "Point",
        "coordinates": [
          88.210028,
          27.253889
        ]
      },
      "properties": {
        "sl_no": "26388",
        "slide_no": "SKM/NS/78A03/2017/67",
        "state": "Sikkim",
        "district": "West Sikkim",
        "slide_name": "Martam Ralong",
        "nh_sh_location": "SH",
        "material_involved": "Debris",
        "movement_type": "Slide",
        "history": "NA"
      }
    },
    {
      "type": "Feature",
      "geometry": {
        "type": "Point",
        "coordinates": [
          88.3005,
          27.254222
        ]
      },
      "properties": {
        "sl_no": "26389",
        "slide_no": "SKM/WS/78A07/2015/345",
        "state": "Sikkim",
        "district": "West Sikkim",
        "slide_name": "",
        "nh_sh_location": "Legship-Rishi Road",
        "material_involved": "Debris",
        "movement_type": "Slide",
        "history": "NA"
      }
    },
    {
      "type": "Feature",
      "geometry": {
        "type": "Point",
        "coordinates": [
          88.145306,
          27.254389
        ]
      },
      "properties": {
        "sl_no": "26390",
        "slide_no": "SKM/NS/78A03/2017/34",
        "state": "Sikkim",
        "district": "West Sikkim",
        "slide_name": "Sangkhu",
        "nh_sh_location": "SH",
        "material_involved": "Debris",
        "movement_type": "Slide",
        "history": "NA"
      }
    },
    {
      "type": "Feature",
      "geometry": {
        "type": "Point",
        "coordinates": [
          88.711,
          27.25475
        ]
      },
      "properties": {
        "sl_no": "26391",
        "slide_no": "SKM/ES/78A11/2015/128",
        "state": "Sikkim",
        "district": "East Sikkim",
        "slide_name": "",
        "nh_sh_location": "Machong-Rongli Road",
        "material_involved": "Debris",
        "movement_type": "Slide",
        "history": "NA"
      }
    },
    {
      "type": "Feature",
      "geometry": {
        "type": "Point",
        "coordinates": [
          88.542444,
          27.254778
        ]
      },
      "properties": {
        "sl_no": "26392",
        "slide_no": "SKM/ES/78A11/2015/155",
        "state": "Sikkim",
        "district": "East Sikkim",
        "slide_name": "",
        "nh_sh_location": "NH-31A",
        "material_involved": "Debris",
        "movement_type": "Slide",
        "history": "NA"
      }
    },
    {
      "type": "Feature",
      "geometry": {
        "type": "Point",
        "coordinates": [
          88.390889,
          27.254917
        ]
      },
      "properties": {
        "sl_no": "26393",
        "slide_no": "SKM/SS/78A07/2015/192",
        "state": "Sikkim",
        "district": "South Sikkim",
        "slide_name": "",
        "nh_sh_location": "Ben village Road",
        "material_involved": "Debris",
        "movement_type": "Slide",
        "history": "NA"
      }
    },
    {
      "type": "Feature",
      "geometry": {
        "type": "Point",
        "coordinates": [
          88.396944,
          27.255167
        ]
      },
      "properties": {
        "sl_no": "26394",
        "slide_no": "SKM/SS/78A07/2015/193",
        "state": "Sikkim",
        "district": "South Sikkim",
        "slide_name": "",
        "nh_sh_location": "Ben village Road",
        "material_involved": "Debris",
        "movement_type": "Slide",
        "history": "NA"
      }
    },
    {
      "type": "Feature",
      "geometry": {
        "type": "Point",
        "coordinates": [
          88.543611,
          27.255278
        ]
      },
      "properties": {
        "sl_no": "26395",
        "slide_no": "SKM/ES/78A11/2015/17",
        "state": "Sikkim",
        "district": "East Sikkim",
        "slide_name": "",
        "nh_sh_location": "NH-31A",
        "material_involved": "Debris",
        "movement_type": "Slide",
        "history": "NA"
      }
    },
    {
      "type": "Feature",
      "geometry": {
        "type": "Point",
        "coordinates": [
          88.388944,
          27.255389
        ]
      },
      "properties": {
        "sl_no": "26396",
        "slide_no": "SKM/SS/78A07/2015/191",
        "state": "Sikkim",
        "district": "South Sikkim",
        "slide_name": "",
        "nh_sh_location": "Ben village Road",
        "material_involved": "Debris",
        "movement_type": "Slide",
        "history": "NA"
      }
    },
    {
      "type": "Feature",
      "geometry": {
        "type": "Point",
        "coordinates": [
          88.156139,
          27.255861
        ]
      },
      "properties": {
        "sl_no": "26397",
        "slide_no": "SKM/NS/78A03/2017/38",
        "state": "Sikkim",
        "district": "West Sikkim",
        "slide_name": "Sangkhu",
        "nh_sh_location": "SH",
        "material_involved": "Debris",
        "movement_type": "Slide",
        "history": "NA"
      }
    },
    {
      "type": "Feature",
      "geometry": {
        "type": "Point",
        "coordinates": [
          88.706167,
          27.256
        ]
      },
      "properties": {
        "sl_no": "26398",
        "slide_no": "SKM/ES/78A11/2015/127",
        "state": "Sikkim",
        "district": "East Sikkim",
        "slide_name": "",
        "nh_sh_location": "Machong-Rongli Road",
        "material_involved": "Debris",
        "movement_type": "Slide",
        "history": "NA"
      }
    },
    {
      "type": "Feature",
      "geometry": {
        "type": "Point",
        "coordinates": [
          88.148722,
          27.256556
        ]
      },
      "properties": {
        "sl_no": "26399",
        "slide_no": "SKM/NS/78A03/2017/40",
        "state": "Sikkim",
        "district": "West Sikkim",
        "slide_name": "",
        "nh_sh_location": "SH",
        "material_involved": "Debris",
        "movement_type": "Slide",
        "history": "NA"
      }
    },
    {
      "type": "Feature",
      "geometry": {
        "type": "Point",
        "coordinates": [
          88.148611,
          27.25675
        ]
      },
      "properties": {
        "sl_no": "26400",
        "slide_no": "SKM/NS/78A03/2017/37",
        "state": "Sikkim",
        "district": "West Sikkim",
        "slide_name": "Sangkhu",
        "nh_sh_location": "SH",
        "material_involved": "Debris",
        "movement_type": "Slide",
        "history": "NA"
      }
    },
    {
      "type": "Feature",
      "geometry": {
        "type": "Point",
        "coordinates": [
          88.55359,
          27.25677
        ]
      },
      "properties": {
        "sl_no": "26401",
        "slide_no": "SKM/EAS/78A11/2014/001",
        "state": "Sikkim",
        "district": "East Sikkim",
        "slide_name": "Mangthang Landslide",
        "nh_sh_location": "Mangthang (On Dhajey- Mangthang road )",
        "material_involved": "Debris",
        "movement_type": "Slide",
        "history": "June 2014, 16 August 2014"
      }
    },
    {
      "type": "Feature",
      "geometry": {
        "type": "Point",
        "coordinates": [
          88.65975,
          27.257083
        ]
      },
      "properties": {
        "sl_no": "26402",
        "slide_no": "SKM/ES/78A11/2015/15",
        "state": "Sikkim",
        "district": "East Sikkim",
        "slide_name": "",
        "nh_sh_location": "NULL",
        "material_involved": "Debris",
        "movement_type": "Slide",
        "history": "2014"
      }
    },
    {
      "type": "Feature",
      "geometry": {
        "type": "Point",
        "coordinates": [
          88.696583,
          27.257083
        ]
      },
      "properties": {
        "sl_no": "26403",
        "slide_no": "SKM/ES/78A11/2015/124",
        "state": "Sikkim",
        "district": "East Sikkim",
        "slide_name": "",
        "nh_sh_location": "Machong-Rongli Road",
        "material_involved": "Debris",
        "movement_type": "Slide",
        "history": "NA"
      }
    },
    {
      "type": "Feature",
      "geometry": {
        "type": "Point",
        "coordinates": [
          88.697556,
          27.257139
        ]
      },
      "properties": {
        "sl_no": "26404",
        "slide_no": "SKM/ES/78A11/2015/125",
        "state": "Sikkim",
        "district": "East Sikkim",
        "slide_name": "",
        "nh_sh_location": "Machong-Rongli Road",
        "material_involved": "Debris",
        "movement_type": "Slide",
        "history": "NA"
      }
    },
    {
      "type": "Feature",
      "geometry": {
        "type": "Point",
        "coordinates": [
          88.305444,
          27.257194
        ]
      },
      "properties": {
        "sl_no": "26405",
        "slide_no": "SKM/WS/78A07/2015/363",
        "state": "Sikkim",
        "district": "West Sikkim",
        "slide_name": "",
        "nh_sh_location": "Legship-Mayong Road",
        "material_involved": "Debris",
        "movement_type": "Slide",
        "history": "NA"
      }
    },
    {
      "type": "Feature",
      "geometry": {
        "type": "Point",
        "coordinates": [
          88.165333,
          27.257361
        ]
      },
      "properties": {
        "sl_no": "26406",
        "slide_no": "SKM/NS/78A03/2017/39",
        "state": "Sikkim",
        "district": "West Sikkim",
        "slide_name": "",
        "nh_sh_location": "SH",
        "material_involved": "Debris",
        "movement_type": "Slide",
        "history": "NA"
      }
    },
    {
      "type": "Feature",
      "geometry": {
        "type": "Point",
        "coordinates": [
          88.418889,
          27.257417
        ]
      },
      "properties": {
        "sl_no": "26407",
        "slide_no": "SKM/SS/78A07/2015/327",
        "state": "Sikkim",
        "district": "South Sikkim",
        "slide_name": "",
        "nh_sh_location": "NULL",
        "material_involved": "Debris",
        "movement_type": "Slide",
        "history": "NA"
      }
    },
    {
      "type": "Feature",
      "geometry": {
        "type": "Point",
        "coordinates": [
          88.548861,
          27.257972
        ]
      },
      "properties": {
        "sl_no": "26408",
        "slide_no": "SKM/ES/78A11/2015/156",
        "state": "Sikkim",
        "district": "East Sikkim",
        "slide_name": "",
        "nh_sh_location": "NH-31A",
        "material_involved": "Debris",
        "movement_type": "Slide",
        "history": "NA"
      }
    },
    {
      "type": "Feature",
      "geometry": {
        "type": "Point",
        "coordinates": [
          88.704778,
          27.258222
        ]
      },
      "properties": {
        "sl_no": "26409",
        "slide_no": "SKM/ES/78A11/2015/126",
        "state": "Sikkim",
        "district": "East Sikkim",
        "slide_name": "",
        "nh_sh_location": "Machong-Rongli Road",
        "material_involved": "Debris",
        "movement_type": "Slide",
        "history": "NA"
      }
    },
    {
      "type": "Feature",
      "geometry": {
        "type": "Point",
        "coordinates": [
          88.245306,
          27.258306
        ]
      },
      "properties": {
        "sl_no": "26410",
        "slide_no": "SKM/NS/78A03/2017/76",
        "state": "Sikkim",
        "district": "West Sikkim",
        "slide_name": "",
        "nh_sh_location": "SH",
        "material_involved": "Debris",
        "movement_type": "Slide",
        "history": "NA"
      }
    },
    {
      "type": "Feature",
      "geometry": {
        "type": "Point",
        "coordinates": [
          88.246611,
          27.258389
        ]
      },
      "properties": {
        "sl_no": "26411",
        "slide_no": "SKM/NS/78A03/2017/78",
        "state": "Sikkim",
        "district": "West Sikkim",
        "slide_name": "",
        "nh_sh_location": "SH",
        "material_involved": "Debris",
        "movement_type": "Slide",
        "history": "NA"
      }
    },
    {
      "type": "Feature",
      "geometry": {
        "type": "Point",
        "coordinates": [
          88.147028,
          27.258556
        ]
      },
      "properties": {
        "sl_no": "26412",
        "slide_no": "SKM/NS/78A03/2017/36",
        "state": "Sikkim",
        "district": "West Sikkim",
        "slide_name": "Sangkhu",
        "nh_sh_location": "SH",
        "material_involved": "Debris",
        "movement_type": "Slide",
        "history": "NA"
      }
    },
    {
      "type": "Feature",
      "geometry": {
        "type": "Point",
        "coordinates": [
          88.202639,
          27.258778
        ]
      },
      "properties": {
        "sl_no": "26413",
        "slide_no": "SKM/NS/78A03/2017/74",
        "state": "Sikkim",
        "district": "West Sikkim",
        "slide_name": "",
        "nh_sh_location": "SH",
        "material_involved": "Debris",
        "movement_type": "Slide",
        "history": "NA"
      }
    },
    {
      "type": "Feature",
      "geometry": {
        "type": "Point",
        "coordinates": [
          88.145611,
          27.258889
        ]
      },
      "properties": {
        "sl_no": "26414",
        "slide_no": "SKM/NS/78A03/2017/35",
        "state": "Sikkim",
        "district": "West Sikkim",
        "slide_name": "Sangkhu",
        "nh_sh_location": "SH",
        "material_involved": "Rock",
        "movement_type": "Fall",
        "history": "NA"
      }
    },
    {
      "type": "Feature",
      "geometry": {
        "type": "Point",
        "coordinates": [
          88.423028,
          27.259306
        ]
      },
      "properties": {
        "sl_no": "26415",
        "slide_no": "SKM/SS/78A07/2015/328",
        "state": "Sikkim",
        "district": "South Sikkim",
        "slide_name": "",
        "nh_sh_location": "NULL",
        "material_involved": "Debris",
        "movement_type": "Slide",
        "history": "NA"
      }
    },
    {
      "type": "Feature",
      "geometry": {
        "type": "Point",
        "coordinates": [
          88.550417,
          27.259694
        ]
      },
      "properties": {
        "sl_no": "26416",
        "slide_no": "SKM/ES/78A11/2015/18",
        "state": "Sikkim",
        "district": "East Sikkim",
        "slide_name": "",
        "nh_sh_location": "NH-31A",
        "material_involved": "Debris",
        "movement_type": "Slide",
        "history": "NA"
      }
    },
    {
      "type": "Feature",
      "geometry": {
        "type": "Point",
        "coordinates": [
          88.248972,
          27.259722
        ]
      },
      "properties": {
        "sl_no": "26417",
        "slide_no": "SKM/NS/78A03/2017/77",
        "state": "Sikkim",
        "district": "West Sikkim",
        "slide_name": "Rat Mathe",
        "nh_sh_location": "SH",
        "material_involved": "Debris",
        "movement_type": "Slide",
        "history": "NA"
      }
    },
    {
      "type": "Feature",
      "geometry": {
        "type": "Point",
        "coordinates": [
          88.711722,
          27.259833
        ]
      },
      "properties": {
        "sl_no": "26418",
        "slide_no": "SKM/ES/78A11/2015/129",
        "state": "Sikkim",
        "district": "East Sikkim",
        "slide_name": "",
        "nh_sh_location": "Machong-Rongli Road",
        "material_involved": "Debris",
        "movement_type": "Slide",
        "history": "NA"
      }
    },
    {
      "type": "Feature",
      "geometry": {
        "type": "Point",
        "coordinates": [
          88.381361,
          27.26
        ]
      },
      "properties": {
        "sl_no": "26419",
        "slide_no": "SKM/SS/78A07/2015/289",
        "state": "Sikkim",
        "district": "South Sikkim",
        "slide_name": "",
        "nh_sh_location": "Gangla village Road",
        "material_involved": "Debris",
        "movement_type": "Slide",
        "history": "NA"
      }
    },
    {
      "type": "Feature",
      "geometry": {
        "type": "Point",
        "coordinates": [
          88.171889,
          27.260167
        ]
      },
      "properties": {
        "sl_no": "26420",
        "slide_no": "SKM/NS/78A03/2017/41",
        "state": "Sikkim",
        "district": "West Sikkim",
        "slide_name": "Radhu Basti",
        "nh_sh_location": "SH",
        "material_involved": "Debris",
        "movement_type": "Slide",
        "history": "NA"
      }
    },
    {
      "type": "Feature",
      "geometry": {
        "type": "Point",
        "coordinates": [
          88.302417,
          27.260194
        ]
      },
      "properties": {
        "sl_no": "26421",
        "slide_no": "SKM/WS/78A07/2015/364",
        "state": "Sikkim",
        "district": "West Sikkim",
        "slide_name": "",
        "nh_sh_location": "Legship-Mayong Road",
        "material_involved": "Debris",
        "movement_type": "Slide",
        "history": "NA"
      }
    },
    {
      "type": "Feature",
      "geometry": {
        "type": "Point",
        "coordinates": [
          88.233278,
          27.260861
        ]
      },
      "properties": {
        "sl_no": "26422",
        "slide_no": "SKM/NS/78A03/2017/75",
        "state": "Sikkim",
        "district": "West Sikkim",
        "slide_name": "",
        "nh_sh_location": "SH",
        "material_involved": "Debris",
        "movement_type": "Slide",
        "history": "NA"
      }
    },
    {
      "type": "Feature",
      "geometry": {
        "type": "Point",
        "coordinates": [
          88.788778,
          27.2615
        ]
      },
      "properties": {
        "sl_no": "26423",
        "slide_no": "SKM/NS/78A15/2017/164",
        "state": "Sikkim",
        "district": "East Sikkim",
        "slide_name": "",
        "nh_sh_location": "SH",
        "material_involved": "Debris",
        "movement_type": "Slide",
        "history": "NA"
      }
    },
    {
      "type": "Feature",
      "geometry": {
        "type": "Point",
        "coordinates": [
          88.2945,
          27.26175
        ]
      },
      "properties": {
        "sl_no": "26424",
        "slide_no": "SKM/WS/78A07/2015/344",
        "state": "Sikkim",
        "district": "West Sikkim",
        "slide_name": "",
        "nh_sh_location": "Legship-Rishi Road",
        "material_involved": "Debris",
        "movement_type": "Slide",
        "history": "NA"
      }
    },
    {
      "type": "Feature",
      "geometry": {
        "type": "Point",
        "coordinates": [
          88.197194,
          27.261778
        ]
      },
      "properties": {
        "sl_no": "26425",
        "slide_no": "SKM/NS/78A03/2017/66",
        "state": "Sikkim",
        "district": "West Sikkim",
        "slide_name": "",
        "nh_sh_location": "SH",
        "material_involved": "Debris",
        "movement_type": "Slide",
        "history": "NA"
      }
    },
    {
      "type": "Feature",
      "geometry": {
        "type": "Point",
        "coordinates": [
          88.4305,
          27.262056
        ]
      },
      "properties": {
        "sl_no": "26426",
        "slide_no": "SKM/SS/78A07/2015/329",
        "state": "Sikkim",
        "district": "South Sikkim",
        "slide_name": "",
        "nh_sh_location": "NULL",
        "material_involved": "Debris",
        "movement_type": "Slide",
        "history": "NA"
      }
    },
    {
      "type": "Feature",
      "geometry": {
        "type": "Point",
        "coordinates": [
          88.562389,
          27.262583
        ]
      },
      "properties": {
        "sl_no": "26427",
        "slide_no": "SKM/ES/78A11/2015/158",
        "state": "Sikkim",
        "district": "East Sikkim",
        "slide_name": "",
        "nh_sh_location": "NH-31A",
        "material_involved": "Debris",
        "movement_type": "Slide",
        "history": "NA"
      }
    },
    {
      "type": "Feature",
      "geometry": {
        "type": "Point",
        "coordinates": [
          88.377139,
          27.263194
        ]
      },
      "properties": {
        "sl_no": "26428",
        "slide_no": "SKM/SS/78A07/2015/290",
        "state": "Sikkim",
        "district": "South Sikkim",
        "slide_name": "",
        "nh_sh_location": "Gangla village Road",
        "material_involved": "Debris",
        "movement_type": "Slide",
        "history": "NA"
      }
    },
    {
      "type": "Feature",
      "geometry": {
        "type": "Point",
        "coordinates": [
          88.786667,
          27.263278
        ]
      },
      "properties": {
        "sl_no": "26429",
        "slide_no": "SKM/NS/78A15/2017/163",
        "state": "Sikkim",
        "district": "East Sikkim",
        "slide_name": "",
        "nh_sh_location": "SH",
        "material_involved": "Debris",
        "movement_type": "Slide",
        "history": "NA"
      }
    },
    {
      "type": "Feature",
      "geometry": {
        "type": "Point",
        "coordinates": [
          88.558389,
          27.264361
        ]
      },
      "properties": {
        "sl_no": "26430",
        "slide_no": "SKM/ES/78A11/2015/157",
        "state": "Sikkim",
        "district": "East Sikkim",
        "slide_name": "",
        "nh_sh_location": "NH-31A",
        "material_involved": "Debris",
        "movement_type": "Slide",
        "history": "NA"
      }
    },
    {
      "type": "Feature",
      "geometry": {
        "type": "Point",
        "coordinates": [
          88.792667,
          27.264694
        ]
      },
      "properties": {
        "sl_no": "26431",
        "slide_no": "SKM/NS/78A15/2017/160",
        "state": "Sikkim",
        "district": "East Sikkim",
        "slide_name": "",
        "nh_sh_location": "SH",
        "material_involved": "Debris",
        "movement_type": "Slide",
        "history": "NA"
      }
    },
    {
      "type": "Feature",
      "geometry": {
        "type": "Point",
        "coordinates": [
          88.789556,
          27.26525
        ]
      },
      "properties": {
        "sl_no": "26432",
        "slide_no": "SKM/NS/78A15/2017/161",
        "state": "Sikkim",
        "district": "East Sikkim",
        "slide_name": "",
        "nh_sh_location": "SH",
        "material_involved": "Debris",
        "movement_type": "Slide",
        "history": "NA"
      }
    },
    {
      "type": "Feature",
      "geometry": {
        "type": "Point",
        "coordinates": [
          88.788278,
          27.265389
        ]
      },
      "properties": {
        "sl_no": "26433",
        "slide_no": "SKM/NS/78A15/2017/162",
        "state": "Sikkim",
        "district": "East Sikkim",
        "slide_name": "",
        "nh_sh_location": "SH",
        "material_involved": "Debris",
        "movement_type": "Slide",
        "history": "NA"
      }
    },
    {
      "type": "Feature",
      "geometry": {
        "type": "Point",
        "coordinates": [
          88.534556,
          27.265944
        ]
      },
      "properties": {
        "sl_no": "26434",
        "slide_no": "SKM/ES/78A11/2015/40",
        "state": "Sikkim",
        "district": "East Sikkim",
        "slide_name": "Martam",
        "nh_sh_location": "NULL",
        "material_involved": "Rock",
        "movement_type": "Fall",
        "history": "NA"
      }
    },
    {
      "type": "Feature",
      "geometry": {
        "type": "Point",
        "coordinates": [
          88.2875,
          27.268944
        ]
      },
      "properties": {
        "sl_no": "26435",
        "slide_no": "SKM/WS/78A07/2015/343",
        "state": "Sikkim",
        "district": "West Sikkim",
        "slide_name": "",
        "nh_sh_location": "Legship-Rishi Road",
        "material_involved": "Debris",
        "movement_type": "Slide",
        "history": "NA"
      }
    },
    {
      "type": "Feature",
      "geometry": {
        "type": "Point",
        "coordinates": [
          88.137861,
          27.269556
        ]
      },
      "properties": {
        "sl_no": "26436",
        "slide_no": "SKM/NS/78A03/2017/19",
        "state": "Sikkim",
        "district": "West Sikkim",
        "slide_name": "Liching",
        "nh_sh_location": "SH",
        "material_involved": "Debris",
        "movement_type": "Slide",
        "history": "NA"
      }
    },
    {
      "type": "Feature",
      "geometry": {
        "type": "Point",
        "coordinates": [
          88.144278,
          27.269778
        ]
      },
      "properties": {
        "sl_no": "26437",
        "slide_no": "SKM/NS/78A03/2017/18",
        "state": "Sikkim",
        "district": "West Sikkim",
        "slide_name": "Som",
        "nh_sh_location": "SH",
        "material_involved": "Debris",
        "movement_type": "Slide",
        "history": "NA"
      }
    },
    {
      "type": "Feature",
      "geometry": {
        "type": "Point",
        "coordinates": [
          88.178139,
          27.269861
        ]
      },
      "properties": {
        "sl_no": "26438",
        "slide_no": "SKM/NS/78A03/2017/31",
        "state": "Sikkim",
        "district": "West Sikkim",
        "slide_name": "Sapong",
        "nh_sh_location": "SH",
        "material_involved": "Debris",
        "movement_type": "Slide",
        "history": "NA"
      }
    },
    {
      "type": "Feature",
      "geometry": {
        "type": "Point",
        "coordinates": [
          88.077111,
          27.269917
        ]
      },
      "properties": {
        "sl_no": "26439",
        "slide_no": "SKM/NS/78A03/2017/03",
        "state": "Sikkim",
        "district": "West Sikkim",
        "slide_name": "",
        "nh_sh_location": "SH",
        "material_involved": "Debris",
        "movement_type": "Slide",
        "history": "NA"
      }
    },
    {
      "type": "Feature",
      "geometry": {
        "type": "Point",
        "coordinates": [
          88.179944,
          27.27
        ]
      },
      "properties": {
        "sl_no": "26440",
        "slide_no": "SKM/NS/78A03/2017/30",
        "state": "Sikkim",
        "district": "West Sikkim",
        "slide_name": "Lungzick",
        "nh_sh_location": "SH",
        "material_involved": "Rock",
        "movement_type": "Fall",
        "history": "NA"
      }
    },
    {
      "type": "Feature",
      "geometry": {
        "type": "Point",
        "coordinates": [
          88.430139,
          27.270056
        ]
      },
      "properties": {
        "sl_no": "26441",
        "slide_no": "SKM/SS/78A07/2015/330",
        "state": "Sikkim",
        "district": "South Sikkim",
        "slide_name": "",
        "nh_sh_location": "Robang-Tarku Road",
        "material_involved": "Debris",
        "movement_type": "Slide",
        "history": "NA"
      }
    },
    {
      "type": "Feature",
      "geometry": {
        "type": "Point",
        "coordinates": [
          88.174444,
          27.270056
        ]
      },
      "properties": {
        "sl_no": "26442",
        "slide_no": "SKM/NS/78A03/2017/32",
        "state": "Sikkim",
        "district": "West Sikkim",
        "slide_name": "Sapong",
        "nh_sh_location": "SH",
        "material_involved": "Debris",
        "movement_type": "Slide",
        "history": "NA"
      }
    },
    {
      "type": "Feature",
      "geometry": {
        "type": "Point",
        "coordinates": [
          88.142056,
          27.270667
        ]
      },
      "properties": {
        "sl_no": "26443",
        "slide_no": "SKM/NS/78A03/2017/17",
        "state": "Sikkim",
        "district": "West Sikkim",
        "slide_name": "Jhum Khola",
        "nh_sh_location": "SH",
        "material_involved": "Rock",
        "movement_type": "Fall",
        "history": "NA"
      }
    },
    {
      "type": "Feature",
      "geometry": {
        "type": "Point",
        "coordinates": [
          88.167417,
          27.27075
        ]
      },
      "properties": {
        "sl_no": "26444",
        "slide_no": "SKM/NS/78A03/2017/33",
        "state": "Sikkim",
        "district": "West Sikkim",
        "slide_name": "Lower Sapong",
        "nh_sh_location": "SH",
        "material_involved": "Debris",
        "movement_type": "Slide",
        "history": "NA"
      }
    },
    {
      "type": "Feature",
      "geometry": {
        "type": "Point",
        "coordinates": [
          88.430389,
          27.271583
        ]
      },
      "properties": {
        "sl_no": "26445",
        "slide_no": "SKM/SS/78A07/2015/331",
        "state": "Sikkim",
        "district": "South Sikkim",
        "slide_name": "",
        "nh_sh_location": "Robang-Tarku Road",
        "material_involved": "Debris",
        "movement_type": "Slide",
        "history": "NA"
      }
    },
    {
      "type": "Feature",
      "geometry": {
        "type": "Point",
        "coordinates": [
          88.394139,
          27.272056
        ]
      },
      "properties": {
        "sl_no": "26446",
        "slide_no": "SKM/SS/78A07/2015/286",
        "state": "Sikkim",
        "district": "South Sikkim",
        "slide_name": "",
        "nh_sh_location": "Gangla village Road",
        "material_involved": "Debris",
        "movement_type": "Slide",
        "history": "NA"
      }
    },
    {
      "type": "Feature",
      "geometry": {
        "type": "Point",
        "coordinates": [
          88.389528,
          27.273083
        ]
      },
      "properties": {
        "sl_no": "26447",
        "slide_no": "SKM/SS/78A07/2015/285",
        "state": "Sikkim",
        "district": "South Sikkim",
        "slide_name": "",
        "nh_sh_location": "Sangmo village Road",
        "material_involved": "Debris",
        "movement_type": "Slide",
        "history": "NA"
      }
    },
    {
      "type": "Feature",
      "geometry": {
        "type": "Point",
        "coordinates": [
          88.303417,
          27.27325
        ]
      },
      "properties": {
        "sl_no": "26448",
        "slide_no": "SKM/WS/78A07/2015/362",
        "state": "Sikkim",
        "district": "West Sikkim",
        "slide_name": "",
        "nh_sh_location": "NULL",
        "material_involved": "Debris",
        "movement_type": "Slide",
        "history": "NA"
      }
    },
    {
      "type": "Feature",
      "geometry": {
        "type": "Point",
        "coordinates": [
          88.398722,
          27.273861
        ]
      },
      "properties": {
        "sl_no": "26449",
        "slide_no": "SKM/SS/78A07/2015/287",
        "state": "Sikkim",
        "district": "South Sikkim",
        "slide_name": "",
        "nh_sh_location": "Gangla village Road",
        "material_involved": "Debris",
        "movement_type": "Slide",
        "history": "NA"
      }
    },
    {
      "type": "Feature",
      "geometry": {
        "type": "Point",
        "coordinates": [
          88.308056,
          27.2755
        ]
      },
      "properties": {
        "sl_no": "26450",
        "slide_no": "SKM/WS/78A07/2015/361",
        "state": "Sikkim",
        "district": "West Sikkim",
        "slide_name": "",
        "nh_sh_location": "NULL",
        "material_involved": "Debris",
        "movement_type": "Slide",
        "history": "NA"
      }
    },
    {
      "type": "Feature",
      "geometry": {
        "type": "Point",
        "coordinates": [
          88.084972,
          27.27575
        ]
      },
      "properties": {
        "sl_no": "26451",
        "slide_no": "SKM/NS/78A03/2017/04",
        "state": "Sikkim",
        "district": "West Sikkim",
        "slide_name": "Kachapati",
        "nh_sh_location": "SH",
        "material_involved": "Debris",
        "movement_type": "Slide",
        "history": "NA"
      }
    },
    {
      "type": "Feature",
      "geometry": {
        "type": "Point",
        "coordinates": [
          88.254278,
          27.275917
        ]
      },
      "properties": {
        "sl_no": "26452",
        "slide_no": "SKM/WS/78A07/2015/358",
        "state": "Sikkim",
        "district": "West Sikkim",
        "slide_name": "",
        "nh_sh_location": "Legship-Geyzing Road",
        "material_involved": "Rock",
        "movement_type": "Slide",
        "history": "NA"
      }
    },
    {
      "type": "Feature",
      "geometry": {
        "type": "Point",
        "coordinates": [
          88.398722,
          27.276167
        ]
      },
      "properties": {
        "sl_no": "26453",
        "slide_no": "SKM/SS/78A07/2015/288",
        "state": "Sikkim",
        "district": "South Sikkim",
        "slide_name": "",
        "nh_sh_location": "Gangla village Road",
        "material_involved": "Debris",
        "movement_type": "Slide",
        "history": "NA"
      }
    },
    {
      "type": "Feature",
      "geometry": {
        "type": "Point",
        "coordinates": [
          88.436472,
          27.279889
        ]
      },
      "properties": {
        "sl_no": "26454",
        "slide_no": "SKM/SS/78A07/2015/332",
        "state": "Sikkim",
        "district": "South Sikkim",
        "slide_name": "",
        "nh_sh_location": "Robang-Tarku Road",
        "material_involved": "Debris",
        "movement_type": "Slide",
        "history": "NA"
      }
    },
    {
      "type": "Feature",
      "geometry": {
        "type": "Point",
        "coordinates": [
          88.804278,
          27.279972
        ]
      },
      "properties": {
        "sl_no": "26455",
        "slide_no": "SKM/NS/78A15/2017/159",
        "state": "Sikkim",
        "district": "East Sikkim",
        "slide_name": "Lungthang",
        "nh_sh_location": "SH",
        "material_involved": "Debris",
        "movement_type": "Slide",
        "history": "NA"
      }
    },
    {
      "type": "Feature",
      "geometry": {
        "type": "Point",
        "coordinates": [
          88.186917,
          27.279972
        ]
      },
      "properties": {
        "sl_no": "26456",
        "slide_no": "SKM/NS/78A03/2017/23",
        "state": "Sikkim",
        "district": "West Sikkim",
        "slide_name": "Sardong",
        "nh_sh_location": "SH",
        "material_involved": "Debris",
        "movement_type": "Slide",
        "history": "NA"
      }
    },
    {
      "type": "Feature",
      "geometry": {
        "type": "Point",
        "coordinates": [
          88.190861,
          27.280667
        ]
      },
      "properties": {
        "sl_no": "26457",
        "slide_no": "SKM/NS/78A03/2017/26",
        "state": "Sikkim",
        "district": "West Sikkim",
        "slide_name": "Lungzick",
        "nh_sh_location": "SH",
        "material_involved": "Debris",
        "movement_type": "Slide",
        "history": "NA"
      }
    },
    {
      "type": "Feature",
      "geometry": {
        "type": "Point",
        "coordinates": [
          88.084333,
          27.280889
        ]
      },
      "properties": {
        "sl_no": "26458",
        "slide_no": "SKM/NS/78A03/2017/05",
        "state": "Sikkim",
        "district": "West Sikkim",
        "slide_name": "",
        "nh_sh_location": "SH",
        "material_involved": "Debris",
        "movement_type": "Slide",
        "history": "NA"
      }
    },
    {
      "type": "Feature",
      "geometry": {
        "type": "Point",
        "coordinates": [
          88.227667,
          27.281028
        ]
      },
      "properties": {
        "sl_no": "26459",
        "slide_no": "SKM/NS/78A03/2017/28",
        "state": "Sikkim",
        "district": "West Sikkim",
        "slide_name": "Arigown",
        "nh_sh_location": "SH",
        "material_involved": "Debris",
        "movement_type": "Slide",
        "history": "NA"
      }
    },
    {
      "type": "Feature",
      "geometry": {
        "type": "Point",
        "coordinates": [
          88.187833,
          27.281444
        ]
      },
      "properties": {
        "sl_no": "26460",
        "slide_no": "SKM/NS/78A03/2017/22",
        "state": "Sikkim",
        "district": "West Sikkim",
        "slide_name": "Sardong",
        "nh_sh_location": "SH",
        "material_involved": "Debris",
        "movement_type": "Slide",
        "history": "NA"
      }
    },
    {
      "type": "Feature",
      "geometry": {
        "type": "Point",
        "coordinates": [
          88.229556,
          27.281611
        ]
      },
      "properties": {
        "sl_no": "26461",
        "slide_no": "SKM/NS/78A03/2017/29",
        "state": "Sikkim",
        "district": "West Sikkim",
        "slide_name": "Arigown",
        "nh_sh_location": "SH",
        "material_involved": "Debris",
        "movement_type": "Slide",
        "history": "NA"
      }
    },
    {
      "type": "Feature",
      "geometry": {
        "type": "Point",
        "coordinates": [
          88.415028,
          27.282
        ]
      },
      "properties": {
        "sl_no": "26462",
        "slide_no": "SKM/SS/78A07/2015/334",
        "state": "Sikkim",
        "district": "South Sikkim",
        "slide_name": "",
        "nh_sh_location": "Robang-Tarku Road",
        "material_involved": "Debris",
        "movement_type": "Slide",
        "history": "NA"
      }
    },
    {
      "type": "Feature",
      "geometry": {
        "type": "Point",
        "coordinates": [
          88.598917,
          27.282444
        ]
      },
      "properties": {
        "sl_no": "26463",
        "slide_no": "SKM/ES/78A11/2015/97",
        "state": "Sikkim",
        "district": "East Sikkim",
        "slide_name": "",
        "nh_sh_location": "NULL",
        "material_involved": "Debris",
        "movement_type": "Slide",
        "history": "NA"
      }
    },
    {
      "type": "Feature",
      "geometry": {
        "type": "Point",
        "coordinates": [
          88.108278,
          27.282667
        ]
      },
      "properties": {
        "sl_no": "26464",
        "slide_no": "SKM/NS/78A03/2017/09",
        "state": "Sikkim",
        "district": "West Sikkim",
        "slide_name": "Sarkitar",
        "nh_sh_location": "SH",
        "material_involved": "Debris",
        "movement_type": "Slide",
        "history": "NA"
      }
    },
    {
      "type": "Feature",
      "geometry": {
        "type": "Point",
        "coordinates": [
          88.189556,
          27.282917
        ]
      },
      "properties": {
        "sl_no": "26465",
        "slide_no": "SKM/NS/78A03/2017/21",
        "state": "Sikkim",
        "district": "West Sikkim",
        "slide_name": "Sardong",
        "nh_sh_location": "SH",
        "material_involved": "Debris",
        "movement_type": "Slide",
        "history": "NA"
      }
    },
    {
      "type": "Feature",
      "geometry": {
        "type": "Point",
        "coordinates": [
          88.106667,
          27.283194
        ]
      },
      "properties": {
        "sl_no": "26466",
        "slide_no": "SKM/NS/78A03/2017/08",
        "state": "Sikkim",
        "district": "West Sikkim",
        "slide_name": "",
        "nh_sh_location": "SH",
        "material_involved": "Debris",
        "movement_type": "Slide",
        "history": "NA"
      }
    },
    {
      "type": "Feature",
      "geometry": {
        "type": "Point",
        "coordinates": [
          88.192639,
          27.283444
        ]
      },
      "properties": {
        "sl_no": "26467",
        "slide_no": "SKM/NS/78A03/2017/25",
        "state": "Sikkim",
        "district": "West Sikkim",
        "slide_name": "",
        "nh_sh_location": "SH",
        "material_involved": "Debris",
        "movement_type": "Slide",
        "history": "NA"
      }
    },
    {
      "type": "Feature",
      "geometry": {
        "type": "Point",
        "coordinates": [
          88.189944,
          27.283639
        ]
      },
      "properties": {
        "sl_no": "26468",
        "slide_no": "SKM/NS/78A03/2017/20",
        "state": "Sikkim",
        "district": "West Sikkim",
        "slide_name": "Sardong",
        "nh_sh_location": "SH",
        "material_involved": "Debris",
        "movement_type": "Slide",
        "history": "NA"
      }
    },
    {
      "type": "Feature",
      "geometry": {
        "type": "Point",
        "coordinates": [
          88.54611,
          27.28408
        ]
      },
      "properties": {
        "sl_no": "26469",
        "slide_no": "SK/EAS/78A11/2014/01",
        "state": "Sikkim",
        "district": "East Sikkim",
        "slide_name": "Dhankutey dhara Slide",
        "nh_sh_location": "3km away from Rumtek on Rumtek - Martam road.",
        "material_involved": "Earth",
        "movement_type": "Slide",
        "history": "28 August 2013"
      }
    },
    {
      "type": "Feature",
      "geometry": {
        "type": "Point",
        "coordinates": [
          88.264889,
          27.284139
        ]
      },
      "properties": {
        "sl_no": "26470",
        "slide_no": "SKM/WS/78A07/2015/359",
        "state": "Sikkim",
        "district": "West Sikkim",
        "slide_name": "",
        "nh_sh_location": "Legship-Geyzing Road",
        "material_involved": "Debris",
        "movement_type": "Slide",
        "history": "NA"
      }
    },
    {
      "type": "Feature",
      "geometry": {
        "type": "Point",
        "coordinates": [
          88.370056,
          27.28425
        ]
      },
      "properties": {
        "sl_no": "26471",
        "slide_no": "SKM/SS/78A07/2015/291",
        "state": "Sikkim",
        "district": "South Sikkim",
        "slide_name": "",
        "nh_sh_location": "Gangla village Road",
        "material_involved": "Debris",
        "movement_type": "Slide",
        "history": "NA"
      }
    },
    {
      "type": "Feature",
      "geometry": {
        "type": "Point",
        "coordinates": [
          88.195583,
          27.284528
        ]
      },
      "properties": {
        "sl_no": "26472",
        "slide_no": "SKM/NS/78A03/2017/24",
        "state": "Sikkim",
        "district": "West Sikkim",
        "slide_name": "",
        "nh_sh_location": "SH",
        "material_involved": "Debris",
        "movement_type": "Slide",
        "history": "NA"
      }
    },
    {
      "type": "Feature",
      "geometry": {
        "type": "Point",
        "coordinates": [
          88.106194,
          27.28475
        ]
      },
      "properties": {
        "sl_no": "26473",
        "slide_no": "SKM/NS/78A03/2017/10",
        "state": "Sikkim",
        "district": "West Sikkim",
        "slide_name": "",
        "nh_sh_location": "SH",
        "material_involved": "Rock",
        "movement_type": "Fall",
        "history": "NA"
      }
    },
    {
      "type": "Feature",
      "geometry": {
        "type": "Point",
        "coordinates": [
          88.197583,
          27.285
        ]
      },
      "properties": {
        "sl_no": "26474",
        "slide_no": "SKM/NS/78A03/2017/27",
        "state": "Sikkim",
        "district": "West Sikkim",
        "slide_name": "Sardong",
        "nh_sh_location": "SH",
        "material_involved": "Debris",
        "movement_type": "Slide",
        "history": "NA"
      }
    },
    {
      "type": "Feature",
      "geometry": {
        "type": "Point",
        "coordinates": [
          88.369444,
          27.287194
        ]
      },
      "properties": {
        "sl_no": "26475",
        "slide_no": "SKM/SS/78A07/2015/292",
        "state": "Sikkim",
        "district": "South Sikkim",
        "slide_name": "",
        "nh_sh_location": "Gangla village Road",
        "material_involved": "Debris",
        "movement_type": "Slide",
        "history": "NA"
      }
    },
    {
      "type": "Feature",
      "geometry": {
        "type": "Point",
        "coordinates": [
          88.102611,
          27.287361
        ]
      },
      "properties": {
        "sl_no": "26476",
        "slide_no": "SKM/NS/78A03/2017/11",
        "state": "Sikkim",
        "district": "West Sikkim",
        "slide_name": "",
        "nh_sh_location": "SH",
        "material_involved": "Debris",
        "movement_type": "Slide",
        "history": "NA"
      }
    },
    {
      "type": "Feature",
      "geometry": {
        "type": "Point",
        "coordinates": [
          88.102778,
          27.288167
        ]
      },
      "properties": {
        "sl_no": "26477",
        "slide_no": "SKM/NS/78A03/2017/13",
        "state": "Sikkim",
        "district": "West Sikkim",
        "slide_name": "",
        "nh_sh_location": "SH",
        "material_involved": "Rock",
        "movement_type": "Fall",
        "history": "NA"
      }
    },
    {
      "type": "Feature",
      "geometry": {
        "type": "Point",
        "coordinates": [
          88.102667,
          27.288444
        ]
      },
      "properties": {
        "sl_no": "26478",
        "slide_no": "SKM/NS/78A03/2017/12",
        "state": "Sikkim",
        "district": "West Sikkim",
        "slide_name": "",
        "nh_sh_location": "SH",
        "material_involved": "Rock",
        "movement_type": "Fall",
        "history": "NA"
      }
    },
    {
      "type": "Feature",
      "geometry": {
        "type": "Point",
        "coordinates": [
          88.816111,
          27.288667
        ]
      },
      "properties": {
        "sl_no": "26479",
        "slide_no": "SKM/NS/78A15/2017/158",
        "state": "Sikkim",
        "district": "East Sikkim",
        "slide_name": "",
        "nh_sh_location": "SH",
        "material_involved": "Debris",
        "movement_type": "Slide",
        "history": "NA"
      }
    },
    {
      "type": "Feature",
      "geometry": {
        "type": "Point",
        "coordinates": [
          88.084389,
          27.289861
        ]
      },
      "properties": {
        "sl_no": "26480",
        "slide_no": "SKM/NS/78A03/2017/06",
        "state": "Sikkim",
        "district": "West Sikkim",
        "slide_name": "",
        "nh_sh_location": "SH",
        "material_involved": "Debris",
        "movement_type": "Slide",
        "history": "NA"
      }
    },
    {
      "type": "Feature",
      "geometry": {
        "type": "Point",
        "coordinates": [
          88.820417,
          27.292583
        ]
      },
      "properties": {
        "sl_no": "26481",
        "slide_no": "SKM/NS/78A15/2017/157",
        "state": "Sikkim",
        "district": "East Sikkim",
        "slide_name": "Nathang Valley",
        "nh_sh_location": "SH",
        "material_involved": "Debris",
        "movement_type": "Slide",
        "history": "NA"
      }
    },
    {
      "type": "Feature",
      "geometry": {
        "type": "Point",
        "coordinates": [
          88.589417,
          27.292944
        ]
      },
      "properties": {
        "sl_no": "26482",
        "slide_no": "SKM/ES/78A11/2015/159",
        "state": "Sikkim",
        "district": "East Sikkim",
        "slide_name": "",
        "nh_sh_location": "NH-31A",
        "material_involved": "Debris",
        "movement_type": "Slide",
        "history": "NA"
      }
    },
    {
      "type": "Feature",
      "geometry": {
        "type": "Point",
        "coordinates": [
          88.294917,
          27.293417
        ]
      },
      "properties": {
        "sl_no": "26483",
        "slide_no": "SKM/WS/78A07/2015/380",
        "state": "Sikkim",
        "district": "West Sikkim",
        "slide_name": "",
        "nh_sh_location": "NULL",
        "material_involved": "Debris",
        "movement_type": "Slide",
        "history": "NA"
      }
    },
    {
      "type": "Feature",
      "geometry": {
        "type": "Point",
        "coordinates": [
          88.642056,
          27.293556
        ]
      },
      "properties": {
        "sl_no": "26484",
        "slide_no": "SKM/ES/78A11/2015/98",
        "state": "Sikkim",
        "district": "East Sikkim",
        "slide_name": "",
        "nh_sh_location": "Namok Road",
        "material_involved": "Debris",
        "movement_type": "Slide",
        "history": "NA"
      }
    },
    {
      "type": "Feature",
      "geometry": {
        "type": "Point",
        "coordinates": [
          88.079944,
          27.294889
        ]
      },
      "properties": {
        "sl_no": "26485",
        "slide_no": "SKM/NS/78A03/2017/07",
        "state": "Sikkim",
        "district": "West Sikkim",
        "slide_name": "Kumuk",
        "nh_sh_location": "SH",
        "material_involved": "Debris",
        "movement_type": "Slide",
        "history": "NA"
      }
    },
    {
      "type": "Feature",
      "geometry": {
        "type": "Point",
        "coordinates": [
          88.102694,
          27.29525
        ]
      },
      "properties": {
        "sl_no": "26486",
        "slide_no": "SKM/NS/78A03/2017/14",
        "state": "Sikkim",
        "district": "West Sikkim",
        "slide_name": "",
        "nh_sh_location": "SH",
        "material_involved": "Debris",
        "movement_type": "Slide",
        "history": "NA"
      }
    },
    {
      "type": "Feature",
      "geometry": {
        "type": "Point",
        "coordinates": [
          88.094583,
          27.295444
        ]
      },
      "properties": {
        "sl_no": "26487",
        "slide_no": "SKM/NS/78A03/2017/16",
        "state": "Sikkim",
        "district": "West Sikkim",
        "slide_name": "",
        "nh_sh_location": "SH",
        "material_involved": "Debris",
        "movement_type": "Slide",
        "history": "NA"
      }
    },
    {
      "type": "Feature",
      "geometry": {
        "type": "Point",
        "coordinates": [
          88.10175,
          27.296028
        ]
      },
      "properties": {
        "sl_no": "26488",
        "slide_no": "SKM/NS/78A03/2017/15",
        "state": "Sikkim",
        "district": "West Sikkim",
        "slide_name": "",
        "nh_sh_location": "SH",
        "material_involved": "Debris",
        "movement_type": "Slide",
        "history": "NA"
      }
    },
    {
      "type": "Feature",
      "geometry": {
        "type": "Point",
        "coordinates": [
          88.388472,
          27.297139
        ]
      },
      "properties": {
        "sl_no": "26489",
        "slide_no": "SKM/SS/78A07/2015/335",
        "state": "Sikkim",
        "district": "South Sikkim",
        "slide_name": "",
        "nh_sh_location": "Robang-Tarku Road",
        "material_involved": "Debris",
        "movement_type": "Slide",
        "history": "NA"
      }
    },
    {
      "type": "Feature",
      "geometry": {
        "type": "Point",
        "coordinates": [
          88.419778,
          27.29975
        ]
      },
      "properties": {
        "sl_no": "26490",
        "slide_no": "SKM/SS/78A07/2015/338",
        "state": "Sikkim",
        "district": "South Sikkim",
        "slide_name": "",
        "nh_sh_location": "Lingmo village Road",
        "material_involved": "Debris",
        "movement_type": "Slide",
        "history": "NA"
      }
    },
    {
      "type": "Feature",
      "geometry": {
        "type": "Point",
        "coordinates": [
          88.218778,
          27.301972
        ]
      },
      "properties": {
        "sl_no": "26491",
        "slide_no": "SKM/NS/78A03/2017/46",
        "state": "Sikkim",
        "district": "West Sikkim",
        "slide_name": "Singdong",
        "nh_sh_location": "SH",
        "material_involved": "Debris",
        "movement_type": "Slide",
        "history": "NA"
      }
    },
    {
      "type": "Feature",
      "geometry": {
        "type": "Point",
        "coordinates": [
          88.373944,
          27.302861
        ]
      },
      "properties": {
        "sl_no": "26492",
        "slide_no": "SKM/SS/78A07/2015/284",
        "state": "Sikkim",
        "district": "South Sikkim",
        "slide_name": "",
        "nh_sh_location": "Sangmo village Road",
        "material_involved": "Debris",
        "movement_type": "Slide",
        "history": "NA"
      }
    },
    {
      "type": "Feature",
      "geometry": {
        "type": "Point",
        "coordinates": [
          88.433167,
          27.303083
        ]
      },
      "properties": {
        "sl_no": "26493",
        "slide_no": "SKM/SS/78A07/2015/333",
        "state": "Sikkim",
        "district": "South Sikkim",
        "slide_name": "",
        "nh_sh_location": "Robang-Tarku Road",
        "material_involved": "Debris",
        "movement_type": "Slide",
        "history": "NA"
      }
    },
    {
      "type": "Feature",
      "geometry": {
        "type": "Point",
        "coordinates": [
          88.178806,
          27.304028
        ]
      },
      "properties": {
        "sl_no": "26494",
        "slide_no": "SKM/NS/78A03/2017/107",
        "state": "Sikkim",
        "district": "West Sikkim",
        "slide_name": "",
        "nh_sh_location": "SH",
        "material_involved": "Debris",
        "movement_type": "Slide",
        "history": "NA"
      }
    },
    {
      "type": "Feature",
      "geometry": {
        "type": "Point",
        "coordinates": [
          88.199083,
          27.30675
        ]
      },
      "properties": {
        "sl_no": "26495",
        "slide_no": "SKM/NS/78A03/2017/47",
        "state": "Sikkim",
        "district": "West Sikkim",
        "slide_name": "Singdong",
        "nh_sh_location": "SH",
        "material_involved": "Rock",
        "movement_type": "Slide",
        "history": "NA"
      }
    },
    {
      "type": "Feature",
      "geometry": {
        "type": "Point",
        "coordinates": [
          88.375194,
          27.306806
        ]
      },
      "properties": {
        "sl_no": "26496",
        "slide_no": "SKM/SS/78A07/2015/336",
        "state": "Sikkim",
        "district": "South Sikkim",
        "slide_name": "",
        "nh_sh_location": "Robang-Tarku Road",
        "material_involved": "Debris",
        "movement_type": "Slide",
        "history": "NA"
      }
    },
    {
      "type": "Feature",
      "geometry": {
        "type": "Point",
        "coordinates": [
          88.368444,
          27.306861
        ]
      },
      "properties": {
        "sl_no": "26497",
        "slide_no": "SKM/SS/78A07/2015/283",
        "state": "Sikkim",
        "district": "South Sikkim",
        "slide_name": "",
        "nh_sh_location": "Sangmo village Road",
        "material_involved": "Debris",
        "movement_type": "Slide",
        "history": "NA"
      }
    },
    {
      "type": "Feature",
      "geometry": {
        "type": "Point",
        "coordinates": [
          88.418611,
          27.311667
        ]
      },
      "properties": {
        "sl_no": "26498",
        "slide_no": "SKM/SS/78A07/2015/337",
        "state": "Sikkim",
        "district": "South Sikkim",
        "slide_name": "",
        "nh_sh_location": "Lingmo village Road",
        "material_involved": "Debris",
        "movement_type": "Subsidence",
        "history": "NA"
      }
    },
    {
      "type": "Feature",
      "geometry": {
        "type": "Point",
        "coordinates": [
          88.189917,
          27.313722
        ]
      },
      "properties": {
        "sl_no": "26499",
        "slide_no": "SKM/NS/78A03/2017/48",
        "state": "Sikkim",
        "district": "West Sikkim",
        "slide_name": "Rimbi",
        "nh_sh_location": "SH",
        "material_involved": "Rock",
        "movement_type": "Slide",
        "history": "NA"
      }
    },
    {
      "type": "Feature",
      "geometry": {
        "type": "Point",
        "coordinates": [
          88.557583,
          27.313917
        ]
      },
      "properties": {
        "sl_no": "26500",
        "slide_no": "SKM/ES/78A11/2015/42",
        "state": "Sikkim",
        "district": "East Sikkim",
        "slide_name": "",
        "nh_sh_location": "Lingdum Road",
        "material_involved": "Debris",
        "movement_type": "Slide",
        "history": "NA"
      }
    },
    {
      "type": "Feature",
      "geometry": {
        "type": "Point",
        "coordinates": [
          88.8365,
          27.3145
        ]
      },
      "properties": {
        "sl_no": "26501",
        "slide_no": "SKM/NS/78A15/2017/156",
        "state": "Sikkim",
        "district": "East Sikkim",
        "slide_name": "Purana Baba Mandir",
        "nh_sh_location": "SH",
        "material_involved": "Debris",
        "movement_type": "Slide",
        "history": "NA"
      }
    },
    {
      "type": "Feature",
      "geometry": {
        "type": "Point",
        "coordinates": [
          88.417917,
          27.314694
        ]
      },
      "properties": {
        "sl_no": "26502",
        "slide_no": "SKM/SS/78A07/2015/340",
        "state": "Sikkim",
        "district": "South Sikkim",
        "slide_name": "",
        "nh_sh_location": "Lingmo village Road",
        "material_involved": "Debris",
        "movement_type": "Subsidence",
        "history": "NA"
      }
    },
    {
      "type": "Feature",
      "geometry": {
        "type": "Point",
        "coordinates": [
          88.558139,
          27.315028
        ]
      },
      "properties": {
        "sl_no": "26503",
        "slide_no": "SKM/ES/78A11/2015/41",
        "state": "Sikkim",
        "district": "East Sikkim",
        "slide_name": "",
        "nh_sh_location": "Lingdum Road",
        "material_involved": "Rock",
        "movement_type": "Fall",
        "history": "NA"
      }
    },
    {
      "type": "Feature",
      "geometry": {
        "type": "Point",
        "coordinates": [
          88.558611,
          27.315028
        ]
      },
      "properties": {
        "sl_no": "26504",
        "slide_no": "SKM/ES/78A11/2015/43",
        "state": "Sikkim",
        "district": "East Sikkim",
        "slide_name": "",
        "nh_sh_location": "Lingdum Road",
        "material_involved": "Debris",
        "movement_type": "Slide",
        "history": "NA"
      }
    },
    {
      "type": "Feature",
      "geometry": {
        "type": "Point",
        "coordinates": [
          88.506056,
          27.315083
        ]
      },
      "properties": {
        "sl_no": "26505",
        "slide_no": "SKM/ES/78A11/2015/47",
        "state": "Sikkim",
        "district": "East Sikkim",
        "slide_name": "Khamdong",
        "nh_sh_location": "NULL",
        "material_involved": "Debris",
        "movement_type": "Slide",
        "history": "NA"
      }
    },
    {
      "type": "Feature",
      "geometry": {
        "type": "Point",
        "coordinates": [
          88.178944,
          27.315778
        ]
      },
      "properties": {
        "sl_no": "26506",
        "slide_no": "SKM/NS/78A03/2017/62",
        "state": "Sikkim",
        "district": "West Sikkim",
        "slide_name": "",
        "nh_sh_location": "SH",
        "material_involved": "Debris",
        "movement_type": "Slide",
        "history": "NA"
      }
    },
    {
      "type": "Feature",
      "geometry": {
        "type": "Point",
        "coordinates": [
          88.559889,
          27.316
        ]
      },
      "properties": {
        "sl_no": "26507",
        "slide_no": "SKM/ES/78A11/2015/44",
        "state": "Sikkim",
        "district": "East Sikkim",
        "slide_name": "Sangmoo",
        "nh_sh_location": "Lingdum Road",
        "material_involved": "Rock",
        "movement_type": "Slide",
        "history": "NA"
      }
    },
    {
      "type": "Feature",
      "geometry": {
        "type": "Point",
        "coordinates": [
          88.178917,
          27.316583
        ]
      },
      "properties": {
        "sl_no": "26508",
        "slide_no": "SKM/NS/78A03/2017/63",
        "state": "Sikkim",
        "district": "West Sikkim",
        "slide_name": "",
        "nh_sh_location": "SH",
        "material_involved": "Debris",
        "movement_type": "Slide",
        "history": "NA"
      }
    },
    {
      "type": "Feature",
      "geometry": {
        "type": "Point",
        "coordinates": [
          88.560056,
          27.316944
        ]
      },
      "properties": {
        "sl_no": "26509",
        "slide_no": "SKM/ES/78A11/2015/45",
        "state": "Sikkim",
        "district": "East Sikkim",
        "slide_name": "Lingdum",
        "nh_sh_location": "Lingdum Road",
        "material_involved": "Rock",
        "movement_type": "Fall",
        "history": "NA"
      }
    },
    {
      "type": "Feature",
      "geometry": {
        "type": "Point",
        "coordinates": [
          88.178556,
          27.317083
        ]
      },
      "properties": {
        "sl_no": "26510",
        "slide_no": "SKM/NS/78A03/2017/64",
        "state": "Sikkim",
        "district": "West Sikkim",
        "slide_name": "",
        "nh_sh_location": "SH",
        "material_involved": "Debris",
        "movement_type": "Slide",
        "history": "NA"
      }
    },
    {
      "type": "Feature",
      "geometry": {
        "type": "Point",
        "coordinates": [
          88.182861,
          27.317417
        ]
      },
      "properties": {
        "sl_no": "26511",
        "slide_no": "SKM/NS/78A03/2017/61",
        "state": "Sikkim",
        "district": "West Sikkim",
        "slide_name": "",
        "nh_sh_location": "SH",
        "material_involved": "Debris",
        "movement_type": "Slide",
        "history": "NA"
      }
    },
    {
      "type": "Feature",
      "geometry": {
        "type": "Point",
        "coordinates": [
          88.16222,
          27.31892
        ]
      },
      "properties": {
        "sl_no": "26512",
        "slide_no": "SK/WES/78A03/2014/02",
        "state": "Sikkim",
        "district": "West Sikkim",
        "slide_name": "Tamabung slide",
        "nh_sh_location": "Tamabung (On Dharap-Nambu road)",
        "material_involved": "Debris",
        "movement_type": "Flow",
        "history": "1 September 2013 at 21:30 hrs."
      }
    },
    {
      "type": "Feature",
      "geometry": {
        "type": "Point",
        "coordinates": [
          88.177833,
          27.320111
        ]
      },
      "properties": {
        "sl_no": "26513",
        "slide_no": "SKM/NS/78A03/2017/65",
        "state": "Sikkim",
        "district": "West Sikkim",
        "slide_name": "",
        "nh_sh_location": "SH",
        "material_involved": "Debris",
        "movement_type": "Slide",
        "history": "NA"
      }
    },
    {
      "type": "Feature",
      "geometry": {
        "type": "Point",
        "coordinates": [
          88.219611,
          27.320611
        ]
      },
      "properties": {
        "sl_no": "26514",
        "slide_no": "SKM/NS/78A03/2017/49",
        "state": "Sikkim",
        "district": "West Sikkim",
        "slide_name": "Lower Melli",
        "nh_sh_location": "SH",
        "material_involved": "Debris",
        "movement_type": "Slide",
        "history": "NA"
      }
    },
    {
      "type": "Feature",
      "geometry": {
        "type": "Point",
        "coordinates": [
          88.213861,
          27.324944
        ]
      },
      "properties": {
        "sl_no": "26515",
        "slide_no": "SKM/NS/78A03/2017/59",
        "state": "Sikkim",
        "district": "West Sikkim",
        "slide_name": "",
        "nh_sh_location": "SH",
        "material_involved": "Debris",
        "movement_type": "Slide",
        "history": "NA"
      }
    },
    {
      "type": "Feature",
      "geometry": {
        "type": "Point",
        "coordinates": [
          88.219,
          27.326444
        ]
      },
      "properties": {
        "sl_no": "26516",
        "slide_no": "SKM/NS/78A03/2017/52",
        "state": "Sikkim",
        "district": "West Sikkim",
        "slide_name": "",
        "nh_sh_location": "SH",
        "material_involved": "Rock",
        "movement_type": "Slide",
        "history": "NA"
      }
    },
    {
      "type": "Feature",
      "geometry": {
        "type": "Point",
        "coordinates": [
          88.649278,
          27.329361
        ]
      },
      "properties": {
        "sl_no": "26517",
        "slide_no": "SKM/ES/78A11/2015/100",
        "state": "Sikkim",
        "district": "East Sikkim",
        "slide_name": "",
        "nh_sh_location": "Namok Road",
        "material_involved": "Debris",
        "movement_type": "Slide",
        "history": "NA"
      }
    },
    {
      "type": "Feature",
      "geometry": {
        "type": "Point",
        "coordinates": [
          88.648917,
          27.329472
        ]
      },
      "properties": {
        "sl_no": "26518",
        "slide_no": "SKM/ES/78A11/2015/99",
        "state": "Sikkim",
        "district": "East Sikkim",
        "slide_name": "",
        "nh_sh_location": "Namok Road",
        "material_involved": "Debris",
        "movement_type": "Slide",
        "history": "NA"
      }
    },
    {
      "type": "Feature",
      "geometry": {
        "type": "Point",
        "coordinates": [
          88.215639,
          27.3305
        ]
      },
      "properties": {
        "sl_no": "26519",
        "slide_no": "SKM/NS/78A03/2017/58",
        "state": "Sikkim",
        "district": "West Sikkim",
        "slide_name": "",
        "nh_sh_location": "SH",
        "material_involved": "Debris",
        "movement_type": "Slide",
        "history": "NA"
      }
    },
    {
      "type": "Feature",
      "geometry": {
        "type": "Point",
        "coordinates": [
          88.216333,
          27.33075
        ]
      },
      "properties": {
        "sl_no": "26520",
        "slide_no": "SKM/NS/78A03/2017/57",
        "state": "Sikkim",
        "district": "West Sikkim",
        "slide_name": "",
        "nh_sh_location": "SH",
        "material_involved": "Debris",
        "movement_type": "Slide",
        "history": "NA"
      }
    },
    {
      "type": "Feature",
      "geometry": {
        "type": "Point",
        "coordinates": [
          88.49225,
          27.330778
        ]
      },
      "properties": {
        "sl_no": "26521",
        "slide_no": "SKM/ES/78A07/2015/48",
        "state": "Sikkim",
        "district": "East Sikkim",
        "slide_name": "Makha",
        "nh_sh_location": "Singtam-Dikchu Road",
        "material_involved": "Debris",
        "movement_type": "Slide",
        "history": "NA"
      }
    },
    {
      "type": "Feature",
      "geometry": {
        "type": "Point",
        "coordinates": [
          88.450528,
          27.330917
        ]
      },
      "properties": {
        "sl_no": "26522",
        "slide_no": "SKM/SS/78A07/2015/339",
        "state": "Sikkim",
        "district": "South Sikkim",
        "slide_name": "",
        "nh_sh_location": "Lingmo village Road",
        "material_involved": "Debris",
        "movement_type": "Slide",
        "history": "NA"
      }
    },
    {
      "type": "Feature",
      "geometry": {
        "type": "Point",
        "coordinates": [
          88.213583,
          27.33325
        ]
      },
      "properties": {
        "sl_no": "26523",
        "slide_no": "SKM/NS/78A03/2017/56",
        "state": "Sikkim",
        "district": "West Sikkim",
        "slide_name": "",
        "nh_sh_location": "SH",
        "material_involved": "Debris",
        "movement_type": "Slide",
        "history": "NA"
      }
    },
    {
      "type": "Feature",
      "geometry": {
        "type": "Point",
        "coordinates": [
          88.212972,
          27.333333
        ]
      },
      "properties": {
        "sl_no": "26524",
        "slide_no": "SKM/NS/78A03/2017/53",
        "state": "Sikkim",
        "district": "West Sikkim",
        "slide_name": "Tadong",
        "nh_sh_location": "SH",
        "material_involved": "Debris",
        "movement_type": "Slide",
        "history": "NA"
      }
    },
    {
      "type": "Feature",
      "geometry": {
        "type": "Point",
        "coordinates": [
          88.206722,
          27.335
        ]
      },
      "properties": {
        "sl_no": "26525",
        "slide_no": "SKM/NS/78A03/2017/54",
        "state": "Sikkim",
        "district": "West Sikkim",
        "slide_name": "",
        "nh_sh_location": "SH",
        "material_involved": "Debris",
        "movement_type": "Slide",
        "history": "NA"
      }
    },
    {
      "type": "Feature",
      "geometry": {
        "type": "Point",
        "coordinates": [
          88.621833,
          27.337194
        ]
      },
      "properties": {
        "sl_no": "26526",
        "slide_no": "SKM/ES/78A11/2015/417",
        "state": "Sikkim",
        "district": "East Sikkim",
        "slide_name": "",
        "nh_sh_location": "Changhu_Nathula Road",
        "material_involved": "Debris",
        "movement_type": "Slide",
        "history": "NA"
      }
    },
    {
      "type": "Feature",
      "geometry": {
        "type": "Point",
        "coordinates": [
          88.227361,
          27.339806
        ]
      },
      "properties": {
        "sl_no": "26527",
        "slide_no": "SKM/NS/78A03/2017/50",
        "state": "Sikkim",
        "district": "West Sikkim",
        "slide_name": "",
        "nh_sh_location": "SH",
        "material_involved": "Rock",
        "movement_type": "Slide",
        "history": "NA"
      }
    },
    {
      "type": "Feature",
      "geometry": {
        "type": "Point",
        "coordinates": [
          88.628389,
          27.340917
        ]
      },
      "properties": {
        "sl_no": "26528",
        "slide_no": "SKM/ES/78A11/2015/416",
        "state": "Sikkim",
        "district": "East Sikkim",
        "slide_name": "",
        "nh_sh_location": "Changhu_Nathula Road",
        "material_involved": "Debris",
        "movement_type": "Slide",
        "history": "NA"
      }
    },
    {
      "type": "Feature",
      "geometry": {
        "type": "Point",
        "coordinates": [
          88.626194,
          27.341444
        ]
      },
      "properties": {
        "sl_no": "26529",
        "slide_no": "SKM/ES/78A11/2015/412",
        "state": "Sikkim",
        "district": "East Sikkim",
        "slide_name": "",
        "nh_sh_location": "Changhu_Nathula Road",
        "material_involved": "Debris",
        "movement_type": "Slide",
        "history": "NA"
      }
    },
    {
      "type": "Feature",
      "geometry": {
        "type": "Point",
        "coordinates": [
          88.223722,
          27.342
        ]
      },
      "properties": {
        "sl_no": "26530",
        "slide_no": "SKM/NS/78A03/2017/51",
        "state": "Sikkim",
        "district": "West Sikkim",
        "slide_name": "13th Mile",
        "nh_sh_location": "SH",
        "material_involved": "Rock",
        "movement_type": "Slide",
        "history": "NA"
      }
    },
    {
      "type": "Feature",
      "geometry": {
        "type": "Point",
        "coordinates": [
          88.246639,
          27.345028
        ]
      },
      "properties": {
        "sl_no": "26531",
        "slide_no": "SKM/NS/78A03/2017/60",
        "state": "Sikkim",
        "district": "West Sikkim",
        "slide_name": "",
        "nh_sh_location": "SH",
        "material_involved": "Debris",
        "movement_type": "Slide",
        "history": "NA"
      }
    },
    {
      "type": "Feature",
      "geometry": {
        "type": "Point",
        "coordinates": [
          88.196833,
          27.347278
        ]
      },
      "properties": {
        "sl_no": "26532",
        "slide_no": "SKM/NS/78A03/2017/55",
        "state": "Sikkim",
        "district": "West Sikkim",
        "slide_name": "",
        "nh_sh_location": "SH",
        "material_involved": "Debris",
        "movement_type": "Slide",
        "history": "NA"
      }
    },
    {
      "type": "Feature",
      "geometry": {
        "type": "Point",
        "coordinates": [
          88.600556,
          27.348722
        ]
      },
      "properties": {
        "sl_no": "26533",
        "slide_no": "SKM/ES/78A11/2015/46",
        "state": "Sikkim",
        "district": "East Sikkim",
        "slide_name": "Sichey",
        "nh_sh_location": "Ranka Road",
        "material_involved": "Debris",
        "movement_type": "Slide",
        "history": "NA"
      }
    },
    {
      "type": "Feature",
      "geometry": {
        "type": "Point",
        "coordinates": [
          88.272417,
          27.351194
        ]
      },
      "properties": {
        "sl_no": "26534",
        "slide_no": "SKM/SS/78A07/2015/53",
        "state": "Sikkim",
        "district": "South Sikkim",
        "slide_name": "",
        "nh_sh_location": "Chongrang Road",
        "material_involved": "Rock",
        "movement_type": "Fall",
        "history": "NA"
      }
    },
    {
      "type": "Feature",
      "geometry": {
        "type": "Point",
        "coordinates": [
          88.273028,
          27.3515
        ]
      },
      "properties": {
        "sl_no": "26535",
        "slide_no": "SKM/WS/78A07/2015/381",
        "state": "Sikkim",
        "district": "West Sikkim",
        "slide_name": "",
        "nh_sh_location": "Chongrang Road",
        "material_involved": "Debris",
        "movement_type": "Slide",
        "history": "NA"
      }
    },
    {
      "type": "Feature",
      "geometry": {
        "type": "Point",
        "coordinates": [
          88.840194,
          27.358583
        ]
      },
      "properties": {
        "sl_no": "26536",
        "slide_no": "SKM/NS/78A15/2017/155",
        "state": "Sikkim",
        "district": "East Sikkim",
        "slide_name": "",
        "nh_sh_location": "SH",
        "material_involved": "Debris",
        "movement_type": "Slide",
        "history": "NA"
      }
    },
    {
      "type": "Feature",
      "geometry": {
        "type": "Point",
        "coordinates": [
          88.839306,
          27.361583
        ]
      },
      "properties": {
        "sl_no": "26537",
        "slide_no": "SKM/NS/78A15/2017/154",
        "state": "Sikkim",
        "district": "East Sikkim",
        "slide_name": "",
        "nh_sh_location": "SH",
        "material_involved": "Debris",
        "movement_type": "Slide",
        "history": "NA"
      }
    },
    {
      "type": "Feature",
      "geometry": {
        "type": "Point",
        "coordinates": [
          88.787333,
          27.364583
        ]
      },
      "properties": {
        "sl_no": "26538",
        "slide_no": "SKM/NS/78A15/2017/148",
        "state": "Sikkim",
        "district": "East Sikkim",
        "slide_name": "Yakla",
        "nh_sh_location": "SH",
        "material_involved": "Debris",
        "movement_type": "Slide",
        "history": "NA"
      }
    },
    {
      "type": "Feature",
      "geometry": {
        "type": "Point",
        "coordinates": [
          88.834917,
          27.364722
        ]
      },
      "properties": {
        "sl_no": "26539",
        "slide_no": "SKM/NS/78A15/2017/153",
        "state": "Sikkim",
        "district": "East Sikkim",
        "slide_name": "Naya Baba Mandir",
        "nh_sh_location": "SH",
        "material_involved": "Debris",
        "movement_type": "Slide",
        "history": "NA"
      }
    },
    {
      "type": "Feature",
      "geometry": {
        "type": "Point",
        "coordinates": [
          88.655167,
          27.365056
        ]
      },
      "properties": {
        "sl_no": "26540",
        "slide_no": "SKM/ES/78A11/2015/410",
        "state": "Sikkim",
        "district": "East Sikkim",
        "slide_name": "",
        "nh_sh_location": "Changhu_Nathula Road",
        "material_involved": "Debris",
        "movement_type": "Slide",
        "history": "NA"
      }
    },
    {
      "type": "Feature",
      "geometry": {
        "type": "Point",
        "coordinates": [
          88.449806,
          27.366944
        ]
      },
      "properties": {
        "sl_no": "26541",
        "slide_no": "SKM/SS/78A07/2015/342",
        "state": "Sikkim",
        "district": "South Sikkim",
        "slide_name": "",
        "nh_sh_location": "Lingmo village Road",
        "material_involved": "Debris",
        "movement_type": "Slide",
        "history": "NA"
      }
    },
    {
      "type": "Feature",
      "geometry": {
        "type": "Point",
        "coordinates": [
          88.776028,
          27.367111
        ]
      },
      "properties": {
        "sl_no": "26542",
        "slide_no": "SKM/NS/78A15/2017/146",
        "state": "Sikkim",
        "district": "East Sikkim",
        "slide_name": "Thengu",
        "nh_sh_location": "SH",
        "material_involved": "Rock",
        "movement_type": "Slide",
        "history": "NA"
      }
    },
    {
      "type": "Feature",
      "geometry": {
        "type": "Point",
        "coordinates": [
          88.711167,
          27.368194
        ]
      },
      "properties": {
        "sl_no": "26543",
        "slide_no": "SKM/ES/78A11/2015/161",
        "state": "Sikkim",
        "district": "East Sikkim",
        "slide_name": "",
        "nh_sh_location": "NULL",
        "material_involved": "Rock",
        "movement_type": "Fall",
        "history": "NA"
      }
    },
    {
      "type": "Feature",
      "geometry": {
        "type": "Point",
        "coordinates": [
          88.711278,
          27.368278
        ]
      },
      "properties": {
        "sl_no": "26544",
        "slide_no": "SKM/ES/78A11/2015/398",
        "state": "Sikkim",
        "district": "East Sikkim",
        "slide_name": "",
        "nh_sh_location": "Changhu_Nathula Road",
        "material_involved": "Debris",
        "movement_type": "Slide",
        "history": "NA"
      }
    },
    {
      "type": "Feature",
      "geometry": {
        "type": "Point",
        "coordinates": [
          88.794611,
          27.368917
        ]
      },
      "properties": {
        "sl_no": "26545",
        "slide_no": "SKM/NS/78A15/2017/149",
        "state": "Sikkim",
        "district": "East Sikkim",
        "slide_name": "",
        "nh_sh_location": "SH",
        "material_involved": "Debris",
        "movement_type": "Slide",
        "history": "NA"
      }
    },
    {
      "type": "Feature",
      "geometry": {
        "type": "Point",
        "coordinates": [
          88.691583,
          27.369306
        ]
      },
      "properties": {
        "sl_no": "26546",
        "slide_no": "SKM/ES/78A11/2015/405",
        "state": "Sikkim",
        "district": "East Sikkim",
        "slide_name": "",
        "nh_sh_location": "Changhu_Nathula Road",
        "material_involved": "Debris",
        "movement_type": "Slide",
        "history": "NA"
      }
    },
    {
      "type": "Feature",
      "geometry": {
        "type": "Point",
        "coordinates": [
          88.714917,
          27.369333
        ]
      },
      "properties": {
        "sl_no": "26547",
        "slide_no": "SKM/ES/78A11/2015/160",
        "state": "Sikkim",
        "district": "East Sikkim",
        "slide_name": "",
        "nh_sh_location": "NULL",
        "material_involved": "Rock",
        "movement_type": "Fall",
        "history": "NA"
      }
    },
    {
      "type": "Feature",
      "geometry": {
        "type": "Point",
        "coordinates": [
          88.456833,
          27.369778
        ]
      },
      "properties": {
        "sl_no": "26548",
        "slide_no": "SKM/SS/78A07/2015/341",
        "state": "Sikkim",
        "district": "South Sikkim",
        "slide_name": "",
        "nh_sh_location": "Lingmo village Road",
        "material_involved": "Debris",
        "movement_type": "Slide",
        "history": "NA"
      }
    },
    {
      "type": "Feature",
      "geometry": {
        "type": "Point",
        "coordinates": [
          88.67925,
          27.370083
        ]
      },
      "properties": {
        "sl_no": "26549",
        "slide_no": "SKM/ES/78A11/2015/415",
        "state": "Sikkim",
        "district": "East Sikkim",
        "slide_name": "",
        "nh_sh_location": "Changhu_Nathula Road",
        "material_involved": "Debris",
        "movement_type": "Slide",
        "history": "NA"
      }
    },
    {
      "type": "Feature",
      "geometry": {
        "type": "Point",
        "coordinates": [
          88.686417,
          27.370472
        ]
      },
      "properties": {
        "sl_no": "26550",
        "slide_no": "SKM/ES/78A11/2015/406",
        "state": "Sikkim",
        "district": "East Sikkim",
        "slide_name": "",
        "nh_sh_location": "Changhu_Nathula Road",
        "material_involved": "Debris",
        "movement_type": "Slide",
        "history": "NA"
      }
    },
    {
      "type": "Feature",
      "geometry": {
        "type": "Point",
        "coordinates": [
          88.679444,
          27.37075
        ]
      },
      "properties": {
        "sl_no": "26551",
        "slide_no": "SKM/ES/78A11/2015/408",
        "state": "Sikkim",
        "district": "East Sikkim",
        "slide_name": "",
        "nh_sh_location": "Changhu_Nathula Road",
        "material_involved": "Debris",
        "movement_type": "Slide",
        "history": "NA"
      }
    },
    {
      "type": "Feature",
      "geometry": {
        "type": "Point",
        "coordinates": [
          88.683167,
          27.370861
        ]
      },
      "properties": {
        "sl_no": "26552",
        "slide_no": "SKM/ES/78A11/2015/407",
        "state": "Sikkim",
        "district": "East Sikkim",
        "slide_name": "",
        "nh_sh_location": "Changhu_Nathula Road",
        "material_involved": "Debris",
        "movement_type": "Slide",
        "history": "NA"
      }
    },
    {
      "type": "Feature",
      "geometry": {
        "type": "Point",
        "coordinates": [
          88.710111,
          27.370972
        ]
      },
      "properties": {
        "sl_no": "26553",
        "slide_no": "SKM/ES/78A07/2015/166",
        "state": "Sikkim",
        "district": "East Sikkim",
        "slide_name": "",
        "nh_sh_location": "Namchi-Namthang Road",
        "material_involved": "Rock",
        "movement_type": "Fall",
        "history": "NA"
      }
    },
    {
      "type": "Feature",
      "geometry": {
        "type": "Point",
        "coordinates": [
          88.709722,
          27.371472
        ]
      },
      "properties": {
        "sl_no": "26554",
        "slide_no": "SKM/ES/78A11/2015/399",
        "state": "Sikkim",
        "district": "East Sikkim",
        "slide_name": "",
        "nh_sh_location": "Changhu_Nathula Road",
        "material_involved": "Debris",
        "movement_type": "Slide",
        "history": "NA"
      }
    },
    {
      "type": "Feature",
      "geometry": {
        "type": "Point",
        "coordinates": [
          88.677167,
          27.371806
        ]
      },
      "properties": {
        "sl_no": "26555",
        "slide_no": "SKM/ES/78A11/2015/409",
        "state": "Sikkim",
        "district": "East Sikkim",
        "slide_name": "",
        "nh_sh_location": "Changhu_Nathula Road",
        "material_involved": "Debris",
        "movement_type": "Slide",
        "history": "NA"
      }
    },
    {
      "type": "Feature",
      "geometry": {
        "type": "Point",
        "coordinates": [
          88.688944,
          27.372278
        ]
      },
      "properties": {
        "sl_no": "26556",
        "slide_no": "SKM/ES/78A11/2015/404",
        "state": "Sikkim",
        "district": "East Sikkim",
        "slide_name": "",
        "nh_sh_location": "Changhu_Nathula Road",
        "material_involved": "Debris",
        "movement_type": "Slide",
        "history": "NA"
      }
    },
    {
      "type": "Feature",
      "geometry": {
        "type": "Point",
        "coordinates": [
          88.617556,
          27.372333
        ]
      },
      "properties": {
        "sl_no": "26557",
        "slide_no": "SKM/ES/78A11/2015/57",
        "state": "Sikkim",
        "district": "East Sikkim",
        "slide_name": "",
        "nh_sh_location": "North Sikkim Highway",
        "material_involved": "Rock",
        "movement_type": "Fall",
        "history": "NA"
      }
    },
    {
      "type": "Feature",
      "geometry": {
        "type": "Point",
        "coordinates": [
          88.739139,
          27.372806
        ]
      },
      "properties": {
        "sl_no": "26558",
        "slide_no": "SKM/ES/78A11/2015/136",
        "state": "Sikkim",
        "district": "East Sikkim",
        "slide_name": "",
        "nh_sh_location": "Changhu_Nathula Road",
        "material_involved": "Debris",
        "movement_type": "Slide",
        "history": "NA"
      }
    },
    {
      "type": "Feature",
      "geometry": {
        "type": "Point",
        "coordinates": [
          88.720028,
          27.373083
        ]
      },
      "properties": {
        "sl_no": "26559",
        "slide_no": "SKM/ES/78A11/2015/140",
        "state": "Sikkim",
        "district": "East Sikkim",
        "slide_name": "",
        "nh_sh_location": "Changhu_Nathula Road",
        "material_involved": "Debris",
        "movement_type": "Slide",
        "history": "NA"
      }
    },
    {
      "type": "Feature",
      "geometry": {
        "type": "Point",
        "coordinates": [
          88.721944,
          27.373472
        ]
      },
      "properties": {
        "sl_no": "26560",
        "slide_no": "SKM/ES/78A11/2015/397",
        "state": "Sikkim",
        "district": "East Sikkim",
        "slide_name": "",
        "nh_sh_location": "Changhu_Nathula Road",
        "material_involved": "Debris",
        "movement_type": "Slide",
        "history": "NA"
      }
    },
    {
      "type": "Feature",
      "geometry": {
        "type": "Point",
        "coordinates": [
          88.731722,
          27.373472
        ]
      },
      "properties": {
        "sl_no": "26561",
        "slide_no": "SKM/ES/78A11/2015/137",
        "state": "Sikkim",
        "district": "East Sikkim",
        "slide_name": "",
        "nh_sh_location": "Changhu_Nathula Road",
        "material_involved": "Debris",
        "movement_type": "Slide",
        "history": "NA"
      }
    },
    {
      "type": "Feature",
      "geometry": {
        "type": "Point",
        "coordinates": [
          88.542444,
          27.374583
        ]
      },
      "properties": {
        "sl_no": "26562",
        "slide_no": "SKM/NS/78A11/2015/78",
        "state": "Sikkim",
        "district": "North Sikkim",
        "slide_name": "",
        "nh_sh_location": "Gangtok-Chungthang Road",
        "material_involved": "Rock",
        "movement_type": "Fall",
        "history": "NA"
      }
    },
    {
      "type": "Feature",
      "geometry": {
        "type": "Point",
        "coordinates": [
          88.542333,
          27.374583
        ]
      },
      "properties": {
        "sl_no": "26563",
        "slide_no": "SKM/NS/78A11/2015/02",
        "state": "Sikkim",
        "district": "North Sikkim",
        "slide_name": "",
        "nh_sh_location": "North Sikkim Highway",
        "material_involved": "Debris",
        "movement_type": "Slide",
        "history": "NA"
      }
    },
    {
      "type": "Feature",
      "geometry": {
        "type": "Point",
        "coordinates": [
          88.782889,
          27.37475
        ]
      },
      "properties": {
        "sl_no": "26564",
        "slide_no": "SKM/NS/78A15/2017/147",
        "state": "Sikkim",
        "district": "East Sikkim",
        "slide_name": "Thengu",
        "nh_sh_location": "SH",
        "material_involved": "Rock",
        "movement_type": "Slide",
        "history": "NA"
      }
    },
    {
      "type": "Feature",
      "geometry": {
        "type": "Point",
        "coordinates": [
          88.728278,
          27.375028
        ]
      },
      "properties": {
        "sl_no": "26565",
        "slide_no": "SKM/ES/78A11/2015/138",
        "state": "Sikkim",
        "district": "East Sikkim",
        "slide_name": "",
        "nh_sh_location": "Changhu_Nathula Road",
        "material_involved": "Debris",
        "movement_type": "Slide",
        "history": "NA"
      }
    },
    {
      "type": "Feature",
      "geometry": {
        "type": "Point",
        "coordinates": [
          88.542833,
          27.375139
        ]
      },
      "properties": {
        "sl_no": "26566",
        "slide_no": "SKM/NS/78A11/2015/79",
        "state": "Sikkim",
        "district": "North Sikkim",
        "slide_name": "",
        "nh_sh_location": "Gangtok-Chungthang Road",
        "material_involved": "Rock",
        "movement_type": "Fall",
        "history": "NA"
      }
    },
    {
      "type": "Feature",
      "geometry": {
        "type": "Point",
        "coordinates": [
          88.708028,
          27.375139
        ]
      },
      "properties": {
        "sl_no": "26567",
        "slide_no": "SKM/ES/78A11/2015/400",
        "state": "Sikkim",
        "district": "East Sikkim",
        "slide_name": "",
        "nh_sh_location": "Changhu_Nathula Road",
        "material_involved": "Debris",
        "movement_type": "Slide",
        "history": "NA"
      }
    },
    {
      "type": "Feature",
      "geometry": {
        "type": "Point",
        "coordinates": [
          88.54275,
          27.375194
        ]
      },
      "properties": {
        "sl_no": "26568",
        "slide_no": "SKM/NS/78A11/2015/01",
        "state": "Sikkim",
        "district": "North Sikkim",
        "slide_name": "",
        "nh_sh_location": "North Sikkim Highway",
        "material_involved": "Rock",
        "movement_type": "Fall",
        "history": "NA"
      }
    },
    {
      "type": "Feature",
      "geometry": {
        "type": "Point",
        "coordinates": [
          88.625278,
          27.375806
        ]
      },
      "properties": {
        "sl_no": "26569",
        "slide_no": "SKM/ES/78A11/2015/58",
        "state": "Sikkim",
        "district": "East Sikkim",
        "slide_name": "",
        "nh_sh_location": "North Sikkim Highway",
        "material_involved": "Rock",
        "movement_type": "Fall",
        "history": "NA"
      }
    },
    {
      "type": "Feature",
      "geometry": {
        "type": "Point",
        "coordinates": [
          88.726722,
          27.375833
        ]
      },
      "properties": {
        "sl_no": "26570",
        "slide_no": "SKM/ES/78A11/2015/139",
        "state": "Sikkim",
        "district": "East Sikkim",
        "slide_name": "",
        "nh_sh_location": "Changhu_Nathula Road",
        "material_involved": "Rock",
        "movement_type": "Slide",
        "history": "NA"
      }
    },
    {
      "type": "Feature",
      "geometry": {
        "type": "Point",
        "coordinates": [
          88.799667,
          27.376222
        ]
      },
      "properties": {
        "sl_no": "26571",
        "slide_no": "SKM/NS/78A15/2017/150",
        "state": "Sikkim",
        "district": "East Sikkim",
        "slide_name": "Yakla",
        "nh_sh_location": "SH",
        "material_involved": "Debris",
        "movement_type": "Slide",
        "history": "NA"
      }
    },
    {
      "type": "Feature",
      "geometry": {
        "type": "Point",
        "coordinates": [
          88.629583,
          27.376306
        ]
      },
      "properties": {
        "sl_no": "26572",
        "slide_no": "SKM/ES/78A11/2015/59",
        "state": "Sikkim",
        "district": "East Sikkim",
        "slide_name": "",
        "nh_sh_location": "North Sikkim Highway",
        "material_involved": "Rock",
        "movement_type": "Fall",
        "history": "NA"
      }
    },
    {
      "type": "Feature",
      "geometry": {
        "type": "Point",
        "coordinates": [
          88.766167,
          27.376861
        ]
      },
      "properties": {
        "sl_no": "26573",
        "slide_no": "SKM/NS/78A15/2017/144",
        "state": "Sikkim",
        "district": "East Sikkim",
        "slide_name": "Changu",
        "nh_sh_location": "SH",
        "material_involved": "Debris",
        "movement_type": "Slide",
        "history": "NA"
      }
    },
    {
      "type": "Feature",
      "geometry": {
        "type": "Point",
        "coordinates": [
          88.770083,
          27.378306
        ]
      },
      "properties": {
        "sl_no": "26574",
        "slide_no": "SKM/NS/78A15/2017/145",
        "state": "Sikkim",
        "district": "East Sikkim",
        "slide_name": "Thengu",
        "nh_sh_location": "SH",
        "material_involved": "Debris",
        "movement_type": "Slide",
        "history": "NA"
      }
    },
    {
      "type": "Feature",
      "geometry": {
        "type": "Point",
        "coordinates": [
          88.697222,
          27.378417
        ]
      },
      "properties": {
        "sl_no": "26575",
        "slide_no": "SKM/ES/78A11/2015/402",
        "state": "Sikkim",
        "district": "East Sikkim",
        "slide_name": "",
        "nh_sh_location": "Changhu_Nathula Road",
        "material_involved": "Debris",
        "movement_type": "Slide",
        "history": "NA"
      }
    },
    {
      "type": "Feature",
      "geometry": {
        "type": "Point",
        "coordinates": [
          88.541667,
          27.378444
        ]
      },
      "properties": {
        "sl_no": "26576",
        "slide_no": "SKM/NS/78A11/2015/80",
        "state": "Sikkim",
        "district": "North Sikkim",
        "slide_name": "",
        "nh_sh_location": "Gangtok-Chungthang Road",
        "material_involved": "Rock",
        "movement_type": "Fall",
        "history": "NA"
      }
    },
    {
      "type": "Feature",
      "geometry": {
        "type": "Point",
        "coordinates": [
          88.631083,
          27.378611
        ]
      },
      "properties": {
        "sl_no": "26577",
        "slide_no": "SKM/ES/78A11/2015/60",
        "state": "Sikkim",
        "district": "East Sikkim",
        "slide_name": "",
        "nh_sh_location": "North Sikkim Highway",
        "material_involved": "Rock",
        "movement_type": "Fall",
        "history": "NA"
      }
    },
    {
      "type": "Feature",
      "geometry": {
        "type": "Point",
        "coordinates": [
          88.699611,
          27.378667
        ]
      },
      "properties": {
        "sl_no": "26578",
        "slide_no": "SKM/ES/78A11/2015/414",
        "state": "Sikkim",
        "district": "East Sikkim",
        "slide_name": "",
        "nh_sh_location": "Changhu_Nathula Road",
        "material_involved": "Rock",
        "movement_type": "Topple",
        "history": "NA"
      }
    },
    {
      "type": "Feature",
      "geometry": {
        "type": "Point",
        "coordinates": [
          88.315361,
          27.379639
        ]
      },
      "properties": {
        "sl_no": "26579",
        "slide_no": "SKM/WS/78A07/2015/357",
        "state": "Sikkim",
        "district": "West Sikkim",
        "slide_name": "",
        "nh_sh_location": "Dhupidara Road",
        "material_involved": "Debris",
        "movement_type": "Slide",
        "history": "NA"
      }
    },
    {
      "type": "Feature",
      "geometry": {
        "type": "Point",
        "coordinates": [
          88.726,
          27.380806
        ]
      },
      "properties": {
        "sl_no": "26580",
        "slide_no": "SKM/ES/78A11/2015/413",
        "state": "Sikkim",
        "district": "East Sikkim",
        "slide_name": "",
        "nh_sh_location": "Changhu_Nathula Road",
        "material_involved": "Debris",
        "movement_type": "Slide",
        "history": "NA"
      }
    },
    {
      "type": "Feature",
      "geometry": {
        "type": "Point",
        "coordinates": [
          88.812361,
          27.380861
        ]
      },
      "properties": {
        "sl_no": "26581",
        "slide_no": "SKM/NS/78A15/2017/152",
        "state": "Sikkim",
        "district": "East Sikkim",
        "slide_name": "",
        "nh_sh_location": "SH",
        "material_involved": "Debris",
        "movement_type": "Slide",
        "history": "NA"
      }
    },
    {
      "type": "Feature",
      "geometry": {
        "type": "Point",
        "coordinates": [
          88.632611,
          27.381278
        ]
      },
      "properties": {
        "sl_no": "26582",
        "slide_no": "SKM/ES/78A11/2015/61",
        "state": "Sikkim",
        "district": "East Sikkim",
        "slide_name": "",
        "nh_sh_location": "North Sikkim Highway",
        "material_involved": "Rock",
        "movement_type": "Fall",
        "history": "NA"
      }
    },
    {
      "type": "Feature",
      "geometry": {
        "type": "Point",
        "coordinates": [
          88.690444,
          27.381306
        ]
      },
      "properties": {
        "sl_no": "26583",
        "slide_no": "SKM/ES/78A11/2015/411",
        "state": "Sikkim",
        "district": "East Sikkim",
        "slide_name": "",
        "nh_sh_location": "Changhu_Nathula Road",
        "material_involved": "Debris",
        "movement_type": "Slide",
        "history": "NA"
      }
    },
    {
      "type": "Feature",
      "geometry": {
        "type": "Point",
        "coordinates": [
          88.691806,
          27.381556
        ]
      },
      "properties": {
        "sl_no": "26584",
        "slide_no": "SKM/ES/78A11/2015/403",
        "state": "Sikkim",
        "district": "East Sikkim",
        "slide_name": "",
        "nh_sh_location": "Changhu_Nathula Road",
        "material_involved": "Debris",
        "movement_type": "Slide",
        "history": "NA"
      }
    },
    {
      "type": "Feature",
      "geometry": {
        "type": "Point",
        "coordinates": [
          88.640333,
          27.381917
        ]
      },
      "properties": {
        "sl_no": "26585",
        "slide_no": "SKM/ES/78A11/2015/63",
        "state": "Sikkim",
        "district": "East Sikkim",
        "slide_name": "",
        "nh_sh_location": "North Sikkim Highway",
        "material_involved": "Rock",
        "movement_type": "Fall",
        "history": "NA"
      }
    },
    {
      "type": "Feature",
      "geometry": {
        "type": "Point",
        "coordinates": [
          88.702611,
          27.383361
        ]
      },
      "properties": {
        "sl_no": "26586",
        "slide_no": "SKM/ES/78A11/2015/401",
        "state": "Sikkim",
        "district": "East Sikkim",
        "slide_name": "",
        "nh_sh_location": "Changhu_Nathula Road",
        "material_involved": "Debris",
        "movement_type": "Slide",
        "history": "NA"
      }
    },
    {
      "type": "Feature",
      "geometry": {
        "type": "Point",
        "coordinates": [
          88.305806,
          27.383611
        ]
      },
      "properties": {
        "sl_no": "26587",
        "slide_no": "SKM/WS/78A07/2015/356",
        "state": "Sikkim",
        "district": "West Sikkim",
        "slide_name": "",
        "nh_sh_location": "Dhupidara Road",
        "material_involved": "Rock",
        "movement_type": "Topple",
        "history": "NA"
      }
    },
    {
      "type": "Feature",
      "geometry": {
        "type": "Point",
        "coordinates": [
          88.808694,
          27.38375
        ]
      },
      "properties": {
        "sl_no": "26588",
        "slide_no": "SKM/NS/78A15/2017/151",
        "state": "Sikkim",
        "district": "East Sikkim",
        "slide_name": "Sherethang",
        "nh_sh_location": "SH",
        "material_involved": "Debris",
        "movement_type": "Slide",
        "history": "NA"
      }
    },
    {
      "type": "Feature",
      "geometry": {
        "type": "Point",
        "coordinates": [
          88.633083,
          27.383806
        ]
      },
      "properties": {
        "sl_no": "26589",
        "slide_no": "SKM/ES/78A11/2015/62",
        "state": "Sikkim",
        "district": "East Sikkim",
        "slide_name": "",
        "nh_sh_location": "North Sikkim Highway",
        "material_involved": "Rock",
        "movement_type": "Fall",
        "history": "NA"
      }
    },
    {
      "type": "Feature",
      "geometry": {
        "type": "Point",
        "coordinates": [
          88.639611,
          27.384444
        ]
      },
      "properties": {
        "sl_no": "26590",
        "slide_no": "SKM/ES/78A11/2015/64",
        "state": "Sikkim",
        "district": "East Sikkim",
        "slide_name": "",
        "nh_sh_location": "North Sikkim Highway",
        "material_involved": "Rock",
        "movement_type": "Slide",
        "history": "NA"
      }
    },
    {
      "type": "Feature",
      "geometry": {
        "type": "Point",
        "coordinates": [
          88.310972,
          27.389222
        ]
      },
      "properties": {
        "sl_no": "26591",
        "slide_no": "SKM/WS/78A07/2015/355",
        "state": "Sikkim",
        "district": "West Sikkim",
        "slide_name": "",
        "nh_sh_location": "Dhupidara Road",
        "material_involved": "Rock",
        "movement_type": "Fall",
        "history": "NA"
      }
    },
    {
      "type": "Feature",
      "geometry": {
        "type": "Point",
        "coordinates": [
          88.310139,
          27.393139
        ]
      },
      "properties": {
        "sl_no": "26592",
        "slide_no": "SKM/WS/78A07/2015/354",
        "state": "Sikkim",
        "district": "West Sikkim",
        "slide_name": "",
        "nh_sh_location": "Dhupidara Road",
        "material_involved": "Debris",
        "movement_type": "Slide",
        "history": "NA"
      }
    },
    {
      "type": "Feature",
      "geometry": {
        "type": "Point",
        "coordinates": [
          88.62525,
          27.394
        ]
      },
      "properties": {
        "sl_no": "26593",
        "slide_no": "SKM/ES/78A11/2015/65",
        "state": "Sikkim",
        "district": "East Sikkim",
        "slide_name": "",
        "nh_sh_location": "North Sikkim Highway",
        "material_involved": "Rock",
        "movement_type": "Slide",
        "history": "NA"
      }
    },
    {
      "type": "Feature",
      "geometry": {
        "type": "Point",
        "coordinates": [
          88.307389,
          27.395028
        ]
      },
      "properties": {
        "sl_no": "26594",
        "slide_no": "SKM/WS/78A07/2015/353",
        "state": "Sikkim",
        "district": "West Sikkim",
        "slide_name": "",
        "nh_sh_location": "Dhupidara Road",
        "material_involved": "Rock",
        "movement_type": "Fall",
        "history": "NA"
      }
    },
    {
      "type": "Feature",
      "geometry": {
        "type": "Point",
        "coordinates": [
          88.623583,
          27.395444
        ]
      },
      "properties": {
        "sl_no": "26595",
        "slide_no": "SKM/ES/78A11/2015/66",
        "state": "Sikkim",
        "district": "East Sikkim",
        "slide_name": "",
        "nh_sh_location": "North Sikkim Highway",
        "material_involved": "Rock",
        "movement_type": "Slide",
        "history": "NA"
      }
    },
    {
      "type": "Feature",
      "geometry": {
        "type": "Point",
        "coordinates": [
          88.623556,
          27.3955
        ]
      },
      "properties": {
        "sl_no": "26596",
        "slide_no": "SKM/NS/78A11/2015/04",
        "state": "Sikkim",
        "district": "North Sikkim",
        "slide_name": "Kabi",
        "nh_sh_location": "North Sikkim Highway",
        "material_involved": "Debris",
        "movement_type": "Slide",
        "history": "NA"
      }
    },
    {
      "type": "Feature",
      "geometry": {
        "type": "Point",
        "coordinates": [
          88.306889,
          27.3955
        ]
      },
      "properties": {
        "sl_no": "26597",
        "slide_no": "SKM/WS/78A07/2015/352",
        "state": "Sikkim",
        "district": "West Sikkim",
        "slide_name": "",
        "nh_sh_location": "Dhupidara Road",
        "material_involved": "Debris",
        "movement_type": "Slide",
        "history": "NA"
      }
    },
    {
      "type": "Feature",
      "geometry": {
        "type": "Point",
        "coordinates": [
          88.517528,
          27.395556
        ]
      },
      "properties": {
        "sl_no": "26598",
        "slide_no": "SKM/NS/78A11/2015/82",
        "state": "Sikkim",
        "district": "North Sikkim",
        "slide_name": "",
        "nh_sh_location": "Dikchu-Mangshila Road",
        "material_involved": "Rock",
        "movement_type": "Slide",
        "history": "NA"
      }
    },
    {
      "type": "Feature",
      "geometry": {
        "type": "Point",
        "coordinates": [
          88.621667,
          27.395639
        ]
      },
      "properties": {
        "sl_no": "26599",
        "slide_no": "SKM/ES/78A11/2015/67",
        "state": "Sikkim",
        "district": "East Sikkim",
        "slide_name": "",
        "nh_sh_location": "North Sikkim Highway",
        "material_involved": "Debris",
        "movement_type": "Slide",
        "history": "NA"
      }
    },
    {
      "type": "Feature",
      "geometry": {
        "type": "Point",
        "coordinates": [
          88.519167,
          27.397083
        ]
      },
      "properties": {
        "sl_no": "26600",
        "slide_no": "SKM/NS/78A11/2015/81",
        "state": "Sikkim",
        "district": "North Sikkim",
        "slide_name": "",
        "nh_sh_location": "Dikchu-Mangshila Road",
        "material_involved": "Debris",
        "movement_type": "Slide",
        "history": "NA"
      }
    },
    {
      "type": "Feature",
      "geometry": {
        "type": "Point",
        "coordinates": [
          88.356139,
          27.397389
        ]
      },
      "properties": {
        "sl_no": "26601",
        "slide_no": "SKM/WS/78A07/2015/375",
        "state": "Sikkim",
        "district": "West Sikkim",
        "slide_name": "",
        "nh_sh_location": "Narkhola Road",
        "material_involved": "Rock",
        "movement_type": "Fall",
        "history": "NA"
      }
    },
    {
      "type": "Feature",
      "geometry": {
        "type": "Point",
        "coordinates": [
          88.614583,
          27.398083
        ]
      },
      "properties": {
        "sl_no": "26602",
        "slide_no": "SKM/ES/78A11/2015/68",
        "state": "Sikkim",
        "district": "East Sikkim",
        "slide_name": "",
        "nh_sh_location": "North Sikkim Highway",
        "material_involved": "Debris",
        "movement_type": "Slide",
        "history": "NA"
      }
    },
    {
      "type": "Feature",
      "geometry": {
        "type": "Point",
        "coordinates": [
          88.329139,
          27.399806
        ]
      },
      "properties": {
        "sl_no": "26603",
        "slide_no": "SKM/WS/78A07/2015/377",
        "state": "Sikkim",
        "district": "West Sikkim",
        "slide_name": "",
        "nh_sh_location": "Narkhola Road",
        "material_involved": "Debris",
        "movement_type": "Slide",
        "history": "NA"
      }
    },
    {
      "type": "Feature",
      "geometry": {
        "type": "Point",
        "coordinates": [
          88.356861,
          27.400278
        ]
      },
      "properties": {
        "sl_no": "26604",
        "slide_no": "SKM/WS/78A07/2015/376",
        "state": "Sikkim",
        "district": "West Sikkim",
        "slide_name": "",
        "nh_sh_location": "Narkhola Road",
        "material_involved": "Debris",
        "movement_type": "Slide",
        "history": "NA"
      }
    },
    {
      "type": "Feature",
      "geometry": {
        "type": "Point",
        "coordinates": [
          88.571167,
          27.40825
        ]
      },
      "properties": {
        "sl_no": "26605",
        "slide_no": "SKM/NS/78A11/2015/76",
        "state": "Sikkim",
        "district": "North Sikkim",
        "slide_name": "",
        "nh_sh_location": "North Sikkim Highway",
        "material_involved": "Rock",
        "movement_type": "Slide",
        "history": "NA"
      }
    },
    {
      "type": "Feature",
      "geometry": {
        "type": "Point",
        "coordinates": [
          88.543722,
          27.409667
        ]
      },
      "properties": {
        "sl_no": "26606",
        "slide_no": "SKM/NS/78A11/2015/77",
        "state": "Sikkim",
        "district": "North Sikkim",
        "slide_name": "",
        "nh_sh_location": "North Sikkim Highway",
        "material_involved": "Rock",
        "movement_type": "Fall",
        "history": "NA"
      }
    },
    {
      "type": "Feature",
      "geometry": {
        "type": "Point",
        "coordinates": [
          88.54371,
          27.4097
        ]
      },
      "properties": {
        "sl_no": "26607",
        "slide_no": "SKM/NOR/78A11/2014/007",
        "state": "Sikkim",
        "district": "North Sikkim",
        "slide_name": "Tanek Rockslide",
        "nh_sh_location": "Tanek (On North-Sikkim High Way)",
        "material_involved": "Rock",
        "movement_type": "Fall",
        "history": "24 June 2014"
      }
    },
    {
      "type": "Feature",
      "geometry": {
        "type": "Point",
        "coordinates": [
          88.543722,
          27.409861
        ]
      },
      "properties": {
        "sl_no": "26608",
        "slide_no": "SKM/NS/78A11/2015/09",
        "state": "Sikkim",
        "district": "North Sikkim",
        "slide_name": "",
        "nh_sh_location": "North Sikkim Highway",
        "material_involved": "Rock",
        "movement_type": "Fall",
        "history": "NA"
      }
    },
    {
      "type": "Feature",
      "geometry": {
        "type": "Point",
        "coordinates": [
          88.516611,
          27.411306
        ]
      },
      "properties": {
        "sl_no": "26609",
        "slide_no": "SKM/NS/78A11/2015/83",
        "state": "Sikkim",
        "district": "North Sikkim",
        "slide_name": "",
        "nh_sh_location": "Dikchu-Mangshila Road",
        "material_involved": "Rock",
        "movement_type": "Slide",
        "history": "NA"
      }
    },
    {
      "type": "Feature",
      "geometry": {
        "type": "Point",
        "coordinates": [
          88.627083,
          27.412111
        ]
      },
      "properties": {
        "sl_no": "26610",
        "slide_no": "SKM/NS/78A11/2015/69",
        "state": "Sikkim",
        "district": "North Sikkim",
        "slide_name": "",
        "nh_sh_location": "North Sikkim Highway",
        "material_involved": "Debris",
        "movement_type": "Slide",
        "history": "NA"
      }
    },
    {
      "type": "Feature",
      "geometry": {
        "type": "Point",
        "coordinates": [
          88.626944,
          27.412111
        ]
      },
      "properties": {
        "sl_no": "26611",
        "slide_no": "SKM/NS/78A11/2015/03",
        "state": "Sikkim",
        "district": "North Sikkim",
        "slide_name": "Kabi",
        "nh_sh_location": "North Sikkim Highway",
        "material_involved": "Debris",
        "movement_type": "Slide",
        "history": "NA"
      }
    },
    {
      "type": "Feature",
      "geometry": {
        "type": "Point",
        "coordinates": [
          88.622361,
          27.417306
        ]
      },
      "properties": {
        "sl_no": "26612",
        "slide_no": "SKM/NS/78A11/2015/24",
        "state": "Sikkim",
        "district": "North Sikkim",
        "slide_name": "",
        "nh_sh_location": "North Sikkim Highway",
        "material_involved": "Debris",
        "movement_type": "Slide",
        "history": "NA"
      }
    },
    {
      "type": "Feature",
      "geometry": {
        "type": "Point",
        "coordinates": [
          88.621222,
          27.417389
        ]
      },
      "properties": {
        "sl_no": "26613",
        "slide_no": "SKM/NS/78A11/2015/71",
        "state": "Sikkim",
        "district": "North Sikkim",
        "slide_name": "",
        "nh_sh_location": "North Sikkim Highway",
        "material_involved": "Debris",
        "movement_type": "Slide",
        "history": "NA"
      }
    },
    {
      "type": "Feature",
      "geometry": {
        "type": "Point",
        "coordinates": [
          88.621083,
          27.417444
        ]
      },
      "properties": {
        "sl_no": "26614",
        "slide_no": "SKM/NS/78A11/2015/23",
        "state": "Sikkim",
        "district": "North Sikkim",
        "slide_name": "",
        "nh_sh_location": "North Sikkim Highway",
        "material_involved": "Debris",
        "movement_type": "Slide",
        "history": "NA"
      }
    },
    {
      "type": "Feature",
      "geometry": {
        "type": "Point",
        "coordinates": [
          88.623389,
          27.417778
        ]
      },
      "properties": {
        "sl_no": "26615",
        "slide_no": "SKM/NS/78A11/2015/25",
        "state": "Sikkim",
        "district": "North Sikkim",
        "slide_name": "",
        "nh_sh_location": "North Sikkim Highway",
        "material_involved": "Rock",
        "movement_type": "Fall",
        "history": "NA"
      }
    },
    {
      "type": "Feature",
      "geometry": {
        "type": "Point",
        "coordinates": [
          88.623361,
          27.417972
        ]
      },
      "properties": {
        "sl_no": "26616",
        "slide_no": "SKM/NS/78A11/2015/26",
        "state": "Sikkim",
        "district": "North Sikkim",
        "slide_name": "",
        "nh_sh_location": "North Sikkim Highway",
        "material_involved": "Rock",
        "movement_type": "Fall",
        "history": "NA"
      }
    },
    {
      "type": "Feature",
      "geometry": {
        "type": "Point",
        "coordinates": [
          88.623333,
          27.418
        ]
      },
      "properties": {
        "sl_no": "26617",
        "slide_no": "SKM/NS/78A11/2015/70",
        "state": "Sikkim",
        "district": "North Sikkim",
        "slide_name": "",
        "nh_sh_location": "North Sikkim Highway",
        "material_involved": "Debris",
        "movement_type": "Slide",
        "history": "NA"
      }
    },
    {
      "type": "Feature",
      "geometry": {
        "type": "Point",
        "coordinates": [
          88.616083,
          27.418472
        ]
      },
      "properties": {
        "sl_no": "26618",
        "slide_no": "SKM/NS/78A11/2015/05",
        "state": "Sikkim",
        "district": "North Sikkim",
        "slide_name": "",
        "nh_sh_location": "North Sikkim Highway",
        "material_involved": "Debris",
        "movement_type": "Slide",
        "history": "NA"
      }
    },
    {
      "type": "Feature",
      "geometry": {
        "type": "Point",
        "coordinates": [
          88.616778,
          27.418667
        ]
      },
      "properties": {
        "sl_no": "26619",
        "slide_no": "SKM/NS/78A11/2015/06",
        "state": "Sikkim",
        "district": "North Sikkim",
        "slide_name": "",
        "nh_sh_location": "North Sikkim Highway",
        "material_involved": "Debris",
        "movement_type": "Slide",
        "history": "NA"
      }
    },
    {
      "type": "Feature",
      "geometry": {
        "type": "Point",
        "coordinates": [
          88.515944,
          27.420028
        ]
      },
      "properties": {
        "sl_no": "26620",
        "slide_no": "SKM/NS/78A11/2015/84",
        "state": "Sikkim",
        "district": "North Sikkim",
        "slide_name": "",
        "nh_sh_location": "Dikchu-Mangshila Road",
        "material_involved": "Rock",
        "movement_type": "Fall",
        "history": "NA"
      }
    },
    {
      "type": "Feature",
      "geometry": {
        "type": "Point",
        "coordinates": [
          88.514,
          27.426
        ]
      },
      "properties": {
        "sl_no": "26621",
        "slide_no": "SKM/NS/78A11/2015/85",
        "state": "Sikkim",
        "district": "North Sikkim",
        "slide_name": "",
        "nh_sh_location": "Dikchu-Mangshila Road",
        "material_involved": "Debris",
        "movement_type": "Slide",
        "history": "NA"
      }
    },
    {
      "type": "Feature",
      "geometry": {
        "type": "Point",
        "coordinates": [
          88.583028,
          27.426361
        ]
      },
      "properties": {
        "sl_no": "26622",
        "slide_no": "SKM/NS/78A11/2015/74",
        "state": "Sikkim",
        "district": "North Sikkim",
        "slide_name": "",
        "nh_sh_location": "North Sikkim Highway",
        "material_involved": "Debris",
        "movement_type": "Slide",
        "history": "NA"
      }
    },
    {
      "type": "Feature",
      "geometry": {
        "type": "Point",
        "coordinates": [
          88.583028,
          27.426361
        ]
      },
      "properties": {
        "sl_no": "26623",
        "slide_no": "SKM/NS/78A11/2015/75",
        "state": "Sikkim",
        "district": "North Sikkim",
        "slide_name": "",
        "nh_sh_location": "North Sikkim Highway",
        "material_involved": "Debris",
        "movement_type": "Slide",
        "history": "NA"
      }
    },
    {
      "type": "Feature",
      "geometry": {
        "type": "Point",
        "coordinates": [
          88.611667,
          27.429556
        ]
      },
      "properties": {
        "sl_no": "26624",
        "slide_no": "SKM/NS/78A11/2015/72",
        "state": "Sikkim",
        "district": "North Sikkim",
        "slide_name": "",
        "nh_sh_location": "North Sikkim Highway",
        "material_involved": "Debris",
        "movement_type": "Slide",
        "history": "NA"
      }
    },
    {
      "type": "Feature",
      "geometry": {
        "type": "Point",
        "coordinates": [
          88.514528,
          27.433083
        ]
      },
      "properties": {
        "sl_no": "26625",
        "slide_no": "SKM/NS/78A11/2015/86",
        "state": "Sikkim",
        "district": "North Sikkim",
        "slide_name": "",
        "nh_sh_location": "Dikchu-Mangshila Road",
        "material_involved": "Debris",
        "movement_type": "Slide",
        "history": "NA"
      }
    },
    {
      "type": "Feature",
      "geometry": {
        "type": "Point",
        "coordinates": [
          88.515167,
          27.435944
        ]
      },
      "properties": {
        "sl_no": "26626",
        "slide_no": "SKM/NS/78A11/2015/87",
        "state": "Sikkim",
        "district": "North Sikkim",
        "slide_name": "",
        "nh_sh_location": "Dikchu-Mangshila Road",
        "material_involved": "Rock",
        "movement_type": "Slide",
        "history": "NA"
      }
    },
    {
      "type": "Feature",
      "geometry": {
        "type": "Point",
        "coordinates": [
          88.526639,
          27.436556
        ]
      },
      "properties": {
        "sl_no": "26627",
        "slide_no": "SKM/NS/78A11/2015/10",
        "state": "Sikkim",
        "district": "North Sikkim",
        "slide_name": "Sheyam",
        "nh_sh_location": "North Sikkim Highway",
        "material_involved": "Debris",
        "movement_type": "Slide",
        "history": "NA"
      }
    },
    {
      "type": "Feature",
      "geometry": {
        "type": "Point",
        "coordinates": [
          88.613972,
          27.437444
        ]
      },
      "properties": {
        "sl_no": "26628",
        "slide_no": "SKM/NS/78A11/2015/73",
        "state": "Sikkim",
        "district": "North Sikkim",
        "slide_name": "",
        "nh_sh_location": "North Sikkim Highway",
        "material_involved": "Debris",
        "movement_type": "Slide",
        "history": "NA"
      }
    },
    {
      "type": "Feature",
      "geometry": {
        "type": "Point",
        "coordinates": [
          88.601694,
          27.437889
        ]
      },
      "properties": {
        "sl_no": "26629",
        "slide_no": "SKM/NS/78A11/2015/07",
        "state": "Sikkim",
        "district": "North Sikkim",
        "slide_name": "Chawang",
        "nh_sh_location": "North Sikkim Highway",
        "material_involved": "Debris",
        "movement_type": "Slide",
        "history": "NA"
      }
    },
    {
      "type": "Feature",
      "geometry": {
        "type": "Point",
        "coordinates": [
          88.601694,
          27.437889
        ]
      },
      "properties": {
        "sl_no": "26630",
        "slide_no": "SKM/NS/78A11/2015/08",
        "state": "Sikkim",
        "district": "North Sikkim",
        "slide_name": "",
        "nh_sh_location": "North Sikkim Highway",
        "material_involved": "Debris",
        "movement_type": "Slide",
        "history": "NA"
      }
    },
    {
      "type": "Feature",
      "geometry": {
        "type": "Point",
        "coordinates": [
          88.527028,
          27.438139
        ]
      },
      "properties": {
        "sl_no": "26631",
        "slide_no": "SKM/NS/78A11/2015/11",
        "state": "Sikkim",
        "district": "North Sikkim",
        "slide_name": "",
        "nh_sh_location": "North Sikkim Highway",
        "material_involved": "Debris",
        "movement_type": "Slide",
        "history": "NA"
      }
    },
    {
      "type": "Feature",
      "geometry": {
        "type": "Point",
        "coordinates": [
          88.514389,
          27.438389
        ]
      },
      "properties": {
        "sl_no": "26632",
        "slide_no": "SKM/NS/78A11/2015/88",
        "state": "Sikkim",
        "district": "North Sikkim",
        "slide_name": "",
        "nh_sh_location": "Dikchu-Mangshila Road",
        "material_involved": "Debris",
        "movement_type": "Slide",
        "history": "NA"
      }
    },
    {
      "type": "Feature",
      "geometry": {
        "type": "Point",
        "coordinates": [
          88.527444,
          27.438778
        ]
      },
      "properties": {
        "sl_no": "26633",
        "slide_no": "SKM/NS/78A11/2015/12",
        "state": "Sikkim",
        "district": "North Sikkim",
        "slide_name": "",
        "nh_sh_location": "North Sikkim Highway",
        "material_involved": "Debris",
        "movement_type": "Slide",
        "history": "NA"
      }
    },
    {
      "type": "Feature",
      "geometry": {
        "type": "Point",
        "coordinates": [
          88.513694,
          27.441056
        ]
      },
      "properties": {
        "sl_no": "26634",
        "slide_no": "SKM/NS/78A11/2015/89",
        "state": "Sikkim",
        "district": "North Sikkim",
        "slide_name": "",
        "nh_sh_location": "Dikchu-Mangshila Road",
        "material_involved": "Rock",
        "movement_type": "Slide",
        "history": "NA"
      }
    },
    {
      "type": "Feature",
      "geometry": {
        "type": "Point",
        "coordinates": [
          88.519667,
          27.448306
        ]
      },
      "properties": {
        "sl_no": "26635",
        "slide_no": "SKM/NS/78A11/2015/90",
        "state": "Sikkim",
        "district": "North Sikkim",
        "slide_name": "",
        "nh_sh_location": "Dikchu-Mangshila Road",
        "material_involved": "Debris",
        "movement_type": "Slide",
        "history": "NA"
      }
    },
    {
      "type": "Feature",
      "geometry": {
        "type": "Point",
        "coordinates": [
          88.523472,
          27.461694
        ]
      },
      "properties": {
        "sl_no": "26636",
        "slide_no": "SKM/NS/78A11/2015/91",
        "state": "Sikkim",
        "district": "North Sikkim",
        "slide_name": "",
        "nh_sh_location": "Dikchu-Mangshila Road",
        "material_involved": "Debris",
        "movement_type": "Slide",
        "history": "NA"
      }
    },
    {
      "type": "Feature",
      "geometry": {
        "type": "Point",
        "coordinates": [
          88.528472,
          27.4795
        ]
      },
      "properties": {
        "sl_no": "26637",
        "slide_no": "SKM/NS/78A11/2015/92",
        "state": "Sikkim",
        "district": "North Sikkim",
        "slide_name": "",
        "nh_sh_location": "North Sikkim Highway",
        "material_involved": "Rock",
        "movement_type": "Slide",
        "history": "NA"
      }
    },
    {
      "type": "Feature",
      "geometry": {
        "type": "Point",
        "coordinates": [
          88.531194,
          27.480472
        ]
      },
      "properties": {
        "sl_no": "26638",
        "slide_no": "SKM/NS/78A11/2015/95",
        "state": "Sikkim",
        "district": "North Sikkim",
        "slide_name": "",
        "nh_sh_location": "North Sikkim Highway",
        "material_involved": "Rock",
        "movement_type": "Slide",
        "history": "NA"
      }
    },
    {
      "type": "Feature",
      "geometry": {
        "type": "Point",
        "coordinates": [
          88.530667,
          27.481083
        ]
      },
      "properties": {
        "sl_no": "26639",
        "slide_no": "SKM/NS/78A11/2015/96",
        "state": "Sikkim",
        "district": "North Sikkim",
        "slide_name": "",
        "nh_sh_location": "North Sikkim Highway",
        "material_involved": "Debris",
        "movement_type": "Slide",
        "history": "NA"
      }
    },
    {
      "type": "Feature",
      "geometry": {
        "type": "Point",
        "coordinates": [
          88.52875,
          27.482583
        ]
      },
      "properties": {
        "sl_no": "26640",
        "slide_no": "SKM/NS/78A11/2015/93",
        "state": "Sikkim",
        "district": "North Sikkim",
        "slide_name": "",
        "nh_sh_location": "North Sikkim Highway",
        "material_involved": "Rock",
        "movement_type": "Slide",
        "history": "NA"
      }
    },
    {
      "type": "Feature",
      "geometry": {
        "type": "Point",
        "coordinates": [
          88.529528,
          27.482583
        ]
      },
      "properties": {
        "sl_no": "26641",
        "slide_no": "SKM/NS/78A11/2015/94",
        "state": "Sikkim",
        "district": "North Sikkim",
        "slide_name": "",
        "nh_sh_location": "North Sikkim Highway",
        "material_involved": "Debris",
        "movement_type": "Slide",
        "history": "NA"
      }
    },
    {
      "type": "Feature",
      "geometry": {
        "type": "Point",
        "coordinates": [
          88.53269,
          27.48603
        ]
      },
      "properties": {
        "sl_no": "26642",
        "slide_no": "SKM/NOR/78A11/2014/006",
        "state": "Sikkim",
        "district": "North Sikkim",
        "slide_name": "Ambithang Landslide",
        "nh_sh_location": "Ambithang (On Rangrang- Mangan road )",
        "material_involved": "Debris",
        "movement_type": "Slide",
        "history": "8 July 2014"
      }
    },
    {
      "type": "Feature",
      "geometry": {
        "type": "Point",
        "coordinates": [
          88.5375,
          27.502
        ]
      },
      "properties": {
        "sl_no": "26643",
        "slide_no": "SKM/NS/78A10/2017/166",
        "state": "Sikkim",
        "district": "North Sikkim",
        "slide_name": "Mangan",
        "nh_sh_location": "NH",
        "material_involved": "Debris",
        "movement_type": "Slide",
        "history": "NA"
      }
    },
    {
      "type": "Feature",
      "geometry": {
        "type": "Point",
        "coordinates": [
          88.53848,
          27.5091
        ]
      },
      "properties": {
        "sl_no": "26644",
        "slide_no": "SKM/NOR/78A10/2014/004",
        "state": "Sikkim",
        "district": "North Sikkim",
        "slide_name": "Pakshek Landslide",
        "nh_sh_location": "Pakshek ( Mangan-Chungthang road on North highway)",
        "material_involved": "Rock",
        "movement_type": "Slide",
        "history": "1 July 2014"
      }
    },
    {
      "type": "Feature",
      "geometry": {
        "type": "Point",
        "coordinates": [
          88.565472,
          27.514972
        ]
      },
      "properties": {
        "sl_no": "26645",
        "slide_no": "SKM/NS/78A10/2017/169",
        "state": "Sikkim",
        "district": "North Sikkim",
        "slide_name": "Lanthey Khola",
        "nh_sh_location": "NH",
        "material_involved": "Debris",
        "movement_type": "Slide",
        "history": "NA"
      }
    },
    {
      "type": "Feature",
      "geometry": {
        "type": "Point",
        "coordinates": [
          88.56456,
          27.5152
        ]
      },
      "properties": {
        "sl_no": "26646",
        "slide_no": "SKM/NOR/78A10/2014/005",
        "state": "Sikkim",
        "district": "North Sikkim",
        "slide_name": "Lanthakhola",
        "nh_sh_location": "Lanthakhola (On Mangan to Chungthang road )",
        "material_involved": "Debris",
        "movement_type": "Slide",
        "history": "1983, 8 July 2014"
      }
    },
    {
      "type": "Feature",
      "geometry": {
        "type": "Point",
        "coordinates": [
          88.587361,
          27.516444
        ]
      },
      "properties": {
        "sl_no": "26647",
        "slide_no": "SKM/NS/78A10/2017/170",
        "state": "Sikkim",
        "district": "North Sikkim",
        "slide_name": "",
        "nh_sh_location": "NH",
        "material_involved": "Debris",
        "movement_type": "Slide",
        "history": "NA"
      }
    },
    {
      "type": "Feature",
      "geometry": {
        "type": "Point",
        "coordinates": [
          88.539667,
          27.517278
        ]
      },
      "properties": {
        "sl_no": "26648",
        "slide_no": "SKM/NS/78A10/2017/167",
        "state": "Sikkim",
        "district": "North Sikkim",
        "slide_name": "",
        "nh_sh_location": "NH",
        "material_involved": "Debris",
        "movement_type": "Slide",
        "history": "NA"
      }
    },
    {
      "type": "Feature",
      "geometry": {
        "type": "Point",
        "coordinates": [
          88.542889,
          27.517306
        ]
      },
      "properties": {
        "sl_no": "26649",
        "slide_no": "SKM/NS/78A10/2017/168",
        "state": "Sikkim",
        "district": "North Sikkim",
        "slide_name": "",
        "nh_sh_location": "NH",
        "material_involved": "Rock",
        "movement_type": "Slide",
        "history": "NA"
      }
    },
    {
      "type": "Feature",
      "geometry": {
        "type": "Point",
        "coordinates": [
          88.603222,
          27.527194
        ]
      },
      "properties": {
        "sl_no": "26650",
        "slide_no": "SKM/NS/78A10/2017/175",
        "state": "Sikkim",
        "district": "North Sikkim",
        "slide_name": "",
        "nh_sh_location": "NH",
        "material_involved": "Debris",
        "movement_type": "Slide",
        "history": "NA"
      }
    },
    {
      "type": "Feature",
      "geometry": {
        "type": "Point",
        "coordinates": [
          88.590778,
          27.527333
        ]
      },
      "properties": {
        "sl_no": "26651",
        "slide_no": "SKM/NS/78A10/2017/171",
        "state": "Sikkim",
        "district": "North Sikkim",
        "slide_name": "",
        "nh_sh_location": "NH",
        "material_involved": "Debris",
        "movement_type": "Slide",
        "history": "NA"
      }
    },
    {
      "type": "Feature",
      "geometry": {
        "type": "Point",
        "coordinates": [
          88.607972,
          27.527722
        ]
      },
      "properties": {
        "sl_no": "26652",
        "slide_no": "SKM/NS/78A10/2017/176",
        "state": "Sikkim",
        "district": "North Sikkim",
        "slide_name": "",
        "nh_sh_location": "NH",
        "material_involved": "Debris",
        "movement_type": "Slide",
        "history": "NA"
      }
    },
    {
      "type": "Feature",
      "geometry": {
        "type": "Point",
        "coordinates": [
          88.60225,
          27.527917
        ]
      },
      "properties": {
        "sl_no": "26653",
        "slide_no": "SKM/NS/78A10/2017/174",
        "state": "Sikkim",
        "district": "North Sikkim",
        "slide_name": "",
        "nh_sh_location": "NH",
        "material_involved": "Debris",
        "movement_type": "Slide",
        "history": "NA"
      }
    },
    {
      "type": "Feature",
      "geometry": {
        "type": "Point",
        "coordinates": [
          88.600833,
          27.528722
        ]
      },
      "properties": {
        "sl_no": "26654",
        "slide_no": "SKM/NS/78A10/2017/173",
        "state": "Sikkim",
        "district": "North Sikkim",
        "slide_name": "",
        "nh_sh_location": "NH",
        "material_involved": "Debris",
        "movement_type": "Slide",
        "history": "NA"
      }
    },
    {
      "type": "Feature",
      "geometry": {
        "type": "Point",
        "coordinates": [
          88.598139,
          27.529639
        ]
      },
      "properties": {
        "sl_no": "26655",
        "slide_no": "SKM/NS/78A10/2017/172",
        "state": "Sikkim",
        "district": "North Sikkim",
        "slide_name": "",
        "nh_sh_location": "NH",
        "material_involved": "Debris",
        "movement_type": "Slide",
        "history": "NA"
      }
    },
    {
      "type": "Feature",
      "geometry": {
        "type": "Point",
        "coordinates": [
          88.606333,
          27.531667
        ]
      },
      "properties": {
        "sl_no": "26656",
        "slide_no": "SKM/NS/78A10/2017/177",
        "state": "Sikkim",
        "district": "North Sikkim",
        "slide_name": "Naga",
        "nh_sh_location": "NH",
        "material_involved": "Debris",
        "movement_type": "Slide",
        "history": "NA"
      }
    },
    {
      "type": "Feature",
      "geometry": {
        "type": "Point",
        "coordinates": [
          88.609278,
          27.533722
        ]
      },
      "properties": {
        "sl_no": "26657",
        "slide_no": "SKM/NS/78A10/2017/178",
        "state": "Sikkim",
        "district": "North Sikkim",
        "slide_name": "",
        "nh_sh_location": "NH",
        "material_involved": "Rock",
        "movement_type": "Slide",
        "history": "NA"
      }
    },
    {
      "type": "Feature",
      "geometry": {
        "type": "Point",
        "coordinates": [
          88.610194,
          27.535056
        ]
      },
      "properties": {
        "sl_no": "26658",
        "slide_no": "SKM/NS/78A10/2017/179",
        "state": "Sikkim",
        "district": "North Sikkim",
        "slide_name": "",
        "nh_sh_location": "NH",
        "material_involved": "Debris",
        "movement_type": "Slide",
        "history": "NA"
      }
    },
    {
      "type": "Feature",
      "geometry": {
        "type": "Point",
        "coordinates": [
          88.497972,
          27.535333
        ]
      },
      "properties": {
        "sl_no": "26659",
        "slide_no": "SK/ED/78A6/2016/01",
        "state": "Sikkim",
        "district": "North Sikkim",
        "slide_name": "Dzongu landslide",
        "nh_sh_location": "Left bank slope of Talong Chu (locally known as Kanaka river), just opposite to the Dzongu (Upper) village",
        "material_involved": "Rock",
        "movement_type": "Slide/Avalanch e",
        "history": "13 August 2016 at 13:30 hrs."
      }
    },
    {
      "type": "Feature",
      "geometry": {
        "type": "Point",
        "coordinates": [
          88.628306,
          27.5435
        ]
      },
      "properties": {
        "sl_no": "26660",
        "slide_no": "SKM/NS/78A10/2017/180",
        "state": "Sikkim",
        "district": "North Sikkim",
        "slide_name": "",
        "nh_sh_location": "NH",
        "material_involved": "Debris",
        "movement_type": "Slide",
        "history": "NA"
      }
    },
    {
      "type": "Feature",
      "geometry": {
        "type": "Point",
        "coordinates": [
          88.58475,
          27.54375
        ]
      },
      "properties": {
        "sl_no": "26661",
        "slide_no": "SKM/NS/78A10/2017/196",
        "state": "Sikkim",
        "district": "North Sikkim",
        "slide_name": "",
        "nh_sh_location": "NH",
        "material_involved": "Debris",
        "movement_type": "Slide",
        "history": "NA"
      }
    },
    {
      "type": "Feature",
      "geometry": {
        "type": "Point",
        "coordinates": [
          88.636,
          27.545694
        ]
      },
      "properties": {
        "sl_no": "26662",
        "slide_no": "SKM/NS/78A10/2017/181",
        "state": "Sikkim",
        "district": "North Sikkim",
        "slide_name": "",
        "nh_sh_location": "NH",
        "material_involved": "Debris",
        "movement_type": "Slide",
        "history": "NA"
      }
    },
    {
      "type": "Feature",
      "geometry": {
        "type": "Point",
        "coordinates": [
          88.585194,
          27.545861
        ]
      },
      "properties": {
        "sl_no": "26663",
        "slide_no": "SKM/NS/78A10/2017/195",
        "state": "Sikkim",
        "district": "North Sikkim",
        "slide_name": "",
        "nh_sh_location": "NH",
        "material_involved": "Debris",
        "movement_type": "Slide",
        "history": "NA"
      }
    },
    {
      "type": "Feature",
      "geometry": {
        "type": "Point",
        "coordinates": [
          88.586472,
          27.546333
        ]
      },
      "properties": {
        "sl_no": "26664",
        "slide_no": "SKM/NS/78A10/2017/194",
        "state": "Sikkim",
        "district": "North Sikkim",
        "slide_name": "",
        "nh_sh_location": "NH",
        "material_involved": "Debris",
        "movement_type": "Slide",
        "history": "NA"
      }
    },
    {
      "type": "Feature",
      "geometry": {
        "type": "Point",
        "coordinates": [
          88.602667,
          27.547111
        ]
      },
      "properties": {
        "sl_no": "26665",
        "slide_no": "SKM/NS/78A10/2017/190",
        "state": "Sikkim",
        "district": "North Sikkim",
        "slide_name": "",
        "nh_sh_location": "NH",
        "material_involved": "Debris",
        "movement_type": "Slide",
        "history": "NA"
      }
    },
    {
      "type": "Feature",
      "geometry": {
        "type": "Point",
        "coordinates": [
          88.641944,
          27.548417
        ]
      },
      "properties": {
        "sl_no": "26666",
        "slide_no": "SKM/NS/78A10/2017/182",
        "state": "Sikkim",
        "district": "North Sikkim",
        "slide_name": "",
        "nh_sh_location": "NH",
        "material_involved": "Debris",
        "movement_type": "Slide",
        "history": "NA"
      }
    },
    {
      "type": "Feature",
      "geometry": {
        "type": "Point",
        "coordinates": [
          88.583556,
          27.549194
        ]
      },
      "properties": {
        "sl_no": "26667",
        "slide_no": "SKM/NS/78A10/2017/191",
        "state": "Sikkim",
        "district": "North Sikkim",
        "slide_name": "",
        "nh_sh_location": "NH",
        "material_involved": "Debris",
        "movement_type": "Slide",
        "history": "NA"
      }
    },
    {
      "type": "Feature",
      "geometry": {
        "type": "Point",
        "coordinates": [
          88.644889,
          27.549306
        ]
      },
      "properties": {
        "sl_no": "26668",
        "slide_no": "SKM/NS/78A10/2017/183",
        "state": "Sikkim",
        "district": "North Sikkim",
        "slide_name": "Tung",
        "nh_sh_location": "NH",
        "material_involved": "Debris",
        "movement_type": "Slide",
        "history": "NA"
      }
    },
    {
      "type": "Feature",
      "geometry": {
        "type": "Point",
        "coordinates": [
          88.646056,
          27.550917
        ]
      },
      "properties": {
        "sl_no": "26669",
        "slide_no": "SKM/NS/78A10/2017/184",
        "state": "Sikkim",
        "district": "North Sikkim",
        "slide_name": "",
        "nh_sh_location": "NH",
        "material_involved": "Debris",
        "movement_type": "Slide",
        "history": "NA"
      }
    },
    {
      "type": "Feature",
      "geometry": {
        "type": "Point",
        "coordinates": [
          88.653528,
          27.552528
        ]
      },
      "properties": {
        "sl_no": "26670",
        "slide_no": "SKM/NS/78A10/2017/185",
        "state": "Sikkim",
        "district": "North Sikkim",
        "slide_name": "",
        "nh_sh_location": "NH",
        "material_involved": "Rock",
        "movement_type": "Slide",
        "history": "NA"
      }
    },
    {
      "type": "Feature",
      "geometry": {
        "type": "Point",
        "coordinates": [
          88.622306,
          27.552861
        ]
      },
      "properties": {
        "sl_no": "26671",
        "slide_no": "SKM/NS/78A10/2017/189",
        "state": "Sikkim",
        "district": "North Sikkim",
        "slide_name": "",
        "nh_sh_location": "NH",
        "material_involved": "Debris",
        "movement_type": "Slide",
        "history": "NA"
      }
    },
    {
      "type": "Feature",
      "geometry": {
        "type": "Point",
        "coordinates": [
          88.581222,
          27.553556
        ]
      },
      "properties": {
        "sl_no": "26672",
        "slide_no": "SKM/NS/78A10/2017/192",
        "state": "Sikkim",
        "district": "North Sikkim",
        "slide_name": "",
        "nh_sh_location": "NH",
        "material_involved": "Debris",
        "movement_type": "Slide",
        "history": "NA"
      }
    },
    {
      "type": "Feature",
      "geometry": {
        "type": "Point",
        "coordinates": [
          88.577194,
          27.553583
        ]
      },
      "properties": {
        "sl_no": "26673",
        "slide_no": "SKM/NS/78A10/2017/193",
        "state": "Sikkim",
        "district": "North Sikkim",
        "slide_name": "",
        "nh_sh_location": "NH",
        "material_involved": "Debris",
        "movement_type": "Slide",
        "history": "NA"
      }
    },
    {
      "type": "Feature",
      "geometry": {
        "type": "Point",
        "coordinates": [
          88.654444,
          27.554889
        ]
      },
      "properties": {
        "sl_no": "26674",
        "slide_no": "SKM/NS/78A10/2017/186",
        "state": "Sikkim",
        "district": "North Sikkim",
        "slide_name": "",
        "nh_sh_location": "NH",
        "material_involved": "Debris",
        "movement_type": "Slide",
        "history": "NA"
      }
    },
    {
      "type": "Feature",
      "geometry": {
        "type": "Point",
        "coordinates": [
          88.647556,
          27.55525
        ]
      },
      "properties": {
        "sl_no": "26675",
        "slide_no": "SKM/NS/78A10/2017/188",
        "state": "Sikkim",
        "district": "North Sikkim",
        "slide_name": "",
        "nh_sh_location": "NH",
        "material_involved": "Debris",
        "movement_type": "Slide",
        "history": "NA"
      }
    },
    {
      "type": "Feature",
      "geometry": {
        "type": "Point",
        "coordinates": [
          88.651417,
          27.575444
        ]
      },
      "properties": {
        "sl_no": "26676",
        "slide_no": "SKM/NS/78A10/2017/187",
        "state": "Sikkim",
        "district": "North Sikkim",
        "slide_name": "",
        "nh_sh_location": "NH",
        "material_involved": "Debris",
        "movement_type": "Slide",
        "history": "NA"
      }
    },
    {
      "type": "Feature",
      "geometry": {
        "type": "Point",
        "coordinates": [
          88.652028,
          27.609056
        ]
      },
      "properties": {
        "sl_no": "26677",
        "slide_no": "SKM/NS/78A10/2017/197",
        "state": "Sikkim",
        "district": "North Sikkim",
        "slide_name": "Chungthang",
        "nh_sh_location": "NH",
        "material_involved": "Debris",
        "movement_type": "Slide",
        "history": "NA"
      }
    },
    {
      "type": "Feature",
      "geometry": {
        "type": "Point",
        "coordinates": [
          88.655222,
          27.611333
        ]
      },
      "properties": {
        "sl_no": "26678",
        "slide_no": "SKM/NS/78A10/2017/198",
        "state": "Sikkim",
        "district": "North Sikkim",
        "slide_name": "",
        "nh_sh_location": "NH",
        "material_involved": "Debris",
        "movement_type": "Slide",
        "history": "NA"
      }
    },
    {
      "type": "Feature",
      "geometry": {
        "type": "Point",
        "coordinates": [
          88.656528,
          27.613444
        ]
      },
      "properties": {
        "sl_no": "26679",
        "slide_no": "SKM/NS/78A10/2017/199",
        "state": "Sikkim",
        "district": "North Sikkim",
        "slide_name": "",
        "nh_sh_location": "NH",
        "material_involved": "Debris",
        "movement_type": "Slide",
        "history": "NA"
      }
    },
    {
      "type": "Feature",
      "geometry": {
        "type": "Point",
        "coordinates": [
          88.623639,
          27.61775
        ]
      },
      "properties": {
        "sl_no": "26680",
        "slide_no": "SKM/NS/78A10/2017/230",
        "state": "Sikkim",
        "district": "North Sikkim",
        "slide_name": "",
        "nh_sh_location": "NH",
        "material_involved": "Debris",
        "movement_type": "Slide",
        "history": "NA"
      }
    },
    {
      "type": "Feature",
      "geometry": {
        "type": "Point",
        "coordinates": [
          88.618861,
          27.619722
        ]
      },
      "properties": {
        "sl_no": "26681",
        "slide_no": "SKM/NS/78A10/2017/229",
        "state": "Sikkim",
        "district": "North Sikkim",
        "slide_name": "",
        "nh_sh_location": "NH",
        "material_involved": "Debris",
        "movement_type": "Slide",
        "history": "NA"
      }
    },
    {
      "type": "Feature",
      "geometry": {
        "type": "Point",
        "coordinates": [
          88.618694,
          27.621806
        ]
      },
      "properties": {
        "sl_no": "26682",
        "slide_no": "SKM/NS/78A10/2017/228",
        "state": "Sikkim",
        "district": "North Sikkim",
        "slide_name": "",
        "nh_sh_location": "NH",
        "material_involved": "Debris",
        "movement_type": "Slide",
        "history": "NA"
      }
    },
    {
      "type": "Feature",
      "geometry": {
        "type": "Point",
        "coordinates": [
          88.685306,
          27.628083
        ]
      },
      "properties": {
        "sl_no": "26683",
        "slide_no": "SKM/NS/78A10/2017/200",
        "state": "Sikkim",
        "district": "North Sikkim",
        "slide_name": "",
        "nh_sh_location": "NH",
        "material_involved": "Debris",
        "movement_type": "Slide",
        "history": "NA"
      }
    },
    {
      "type": "Feature",
      "geometry": {
        "type": "Point",
        "coordinates": [
          88.695194,
          27.629361
        ]
      },
      "properties": {
        "sl_no": "26684",
        "slide_no": "SKM/NS/78A10/2017/202",
        "state": "Sikkim",
        "district": "North Sikkim",
        "slide_name": "",
        "nh_sh_location": "NH",
        "material_involved": "Debris",
        "movement_type": "Slide",
        "history": "NA"
      }
    },
    {
      "type": "Feature",
      "geometry": {
        "type": "Point",
        "coordinates": [
          88.692778,
          27.6295
        ]
      },
      "properties": {
        "sl_no": "26685",
        "slide_no": "SKM/NS/78A10/2017/201",
        "state": "Sikkim",
        "district": "North Sikkim",
        "slide_name": "",
        "nh_sh_location": "NH",
        "material_involved": "Debris",
        "movement_type": "Slide",
        "history": "NA"
      }
    },
    {
      "type": "Feature",
      "geometry": {
        "type": "Point",
        "coordinates": [
          88.619833,
          27.629944
        ]
      },
      "properties": {
        "sl_no": "26686",
        "slide_no": "SKM/NS/78A10/2017/227",
        "state": "Sikkim",
        "district": "North Sikkim",
        "slide_name": "",
        "nh_sh_location": "NH",
        "material_involved": "Debris",
        "movement_type": "Slide",
        "history": "NA"
      }
    },
    {
      "type": "Feature",
      "geometry": {
        "type": "Point",
        "coordinates": [
          88.712028,
          27.637167
        ]
      },
      "properties": {
        "sl_no": "26687",
        "slide_no": "SKM/NS/78A10/2017/203",
        "state": "Sikkim",
        "district": "North Sikkim",
        "slide_name": "",
        "nh_sh_location": "NH",
        "material_involved": "Debris",
        "movement_type": "Slide",
        "history": "NA"
      }
    },
    {
      "type": "Feature",
      "geometry": {
        "type": "Point",
        "coordinates": [
          88.711694,
          27.638694
        ]
      },
      "properties": {
        "sl_no": "26688",
        "slide_no": "SKM/NS/78A10/2017/204",
        "state": "Sikkim",
        "district": "North Sikkim",
        "slide_name": "",
        "nh_sh_location": "NH",
        "material_involved": "Debris",
        "movement_type": "Slide",
        "history": "NA"
      }
    },
    {
      "type": "Feature",
      "geometry": {
        "type": "Point",
        "coordinates": [
          88.612,
          27.641139
        ]
      },
      "properties": {
        "sl_no": "26689",
        "slide_no": "SKM/NS/78A10/2017/226",
        "state": "Sikkim",
        "district": "North Sikkim",
        "slide_name": "Munshithang",
        "nh_sh_location": "NH",
        "material_involved": "Debris",
        "movement_type": "Slide",
        "history": "NA"
      }
    },
    {
      "type": "Feature",
      "geometry": {
        "type": "Point",
        "coordinates": [
          88.607,
          27.652861
        ]
      },
      "properties": {
        "sl_no": "26690",
        "slide_no": "SKM/NS/78A10/2017/225",
        "state": "Sikkim",
        "district": "North Sikkim",
        "slide_name": "",
        "nh_sh_location": "NH",
        "material_involved": "Debris",
        "movement_type": "Slide",
        "history": "NA"
      }
    },
    {
      "type": "Feature",
      "geometry": {
        "type": "Point",
        "coordinates": [
          88.602556,
          27.662444
        ]
      },
      "properties": {
        "sl_no": "26691",
        "slide_no": "SKM/NS/78A10/2017/224",
        "state": "Sikkim",
        "district": "North Sikkim",
        "slide_name": "Rabom",
        "nh_sh_location": "NH",
        "material_involved": "Debris",
        "movement_type": "Slide",
        "history": "NA"
      }
    },
    {
      "type": "Feature",
      "geometry": {
        "type": "Point",
        "coordinates": [
          88.733417,
          27.675778
        ]
      },
      "properties": {
        "sl_no": "26692",
        "slide_no": "SKM/NS/78A10/2017/205",
        "state": "Sikkim",
        "district": "North Sikkim",
        "slide_name": "",
        "nh_sh_location": "NH",
        "material_involved": "Debris",
        "movement_type": "Slide",
        "history": "NA"
      }
    },
    {
      "type": "Feature",
      "geometry": {
        "type": "Point",
        "coordinates": [
          88.597194,
          27.676722
        ]
      },
      "properties": {
        "sl_no": "26693",
        "slide_no": "SKM/NS/78A10/2017/223",
        "state": "Sikkim",
        "district": "North Sikkim",
        "slide_name": "",
        "nh_sh_location": "NH",
        "material_involved": "Debris",
        "movement_type": "Slide",
        "history": "NA"
      }
    },
    {
      "type": "Feature",
      "geometry": {
        "type": "Point",
        "coordinates": [
          88.73875,
          27.686389
        ]
      },
      "properties": {
        "sl_no": "26694",
        "slide_no": "SKM/NS/78A10/2017/206",
        "state": "Sikkim",
        "district": "North Sikkim",
        "slide_name": "",
        "nh_sh_location": "NH",
        "material_involved": "Debris",
        "movement_type": "Slide",
        "history": "NA"
      }
    },
    {
      "type": "Feature",
      "geometry": {
        "type": "Point",
        "coordinates": [
          88.57025,
          27.697139
        ]
      },
      "properties": {
        "sl_no": "26695",
        "slide_no": "SKM/NS/78A10/2017/222",
        "state": "Sikkim",
        "district": "North Sikkim",
        "slide_name": "Bansoi",
        "nh_sh_location": "NH",
        "material_involved": "Debris",
        "movement_type": "Slide",
        "history": "NA"
      }
    },
    {
      "type": "Feature",
      "geometry": {
        "type": "Point",
        "coordinates": [
          88.566083,
          27.700444
        ]
      },
      "properties": {
        "sl_no": "26696",
        "slide_no": "SKM/NS/78A10/2017/221",
        "state": "Sikkim",
        "district": "North Sikkim",
        "slide_name": "",
        "nh_sh_location": "NH",
        "material_involved": "Debris",
        "movement_type": "Slide",
        "history": "NA"
      }
    },
    {
      "type": "Feature",
      "geometry": {
        "type": "Point",
        "coordinates": [
          88.565083,
          27.701333
        ]
      },
      "properties": {
        "sl_no": "26697",
        "slide_no": "SKM/NS/78A10/2017/220",
        "state": "Sikkim",
        "district": "North Sikkim",
        "slide_name": "",
        "nh_sh_location": "NH",
        "material_involved": "Debris",
        "movement_type": "Slide",
        "history": "NA"
      }
    },
    {
      "type": "Feature",
      "geometry": {
        "type": "Point",
        "coordinates": [
          88.562306,
          27.703917
        ]
      },
      "properties": {
        "sl_no": "26698",
        "slide_no": "SKM/NS/78A10/2017/219",
        "state": "Sikkim",
        "district": "North Sikkim",
        "slide_name": "",
        "nh_sh_location": "NH",
        "material_involved": "Debris",
        "movement_type": "Slide",
        "history": "NA"
      }
    },
    {
      "type": "Feature",
      "geometry": {
        "type": "Point",
        "coordinates": [
          88.56175,
          27.704028
        ]
      },
      "properties": {
        "sl_no": "26699",
        "slide_no": "SKM/NS/78A10/2017/218",
        "state": "Sikkim",
        "district": "North Sikkim",
        "slide_name": "",
        "nh_sh_location": "NH",
        "material_involved": "Debris",
        "movement_type": "Slide",
        "history": "NA"
      }
    },
    {
      "type": "Feature",
      "geometry": {
        "type": "Point",
        "coordinates": [
          88.560694,
          27.704306
        ]
      },
      "properties": {
        "sl_no": "26700",
        "slide_no": "SKM/NS/78A10/2017/217",
        "state": "Sikkim",
        "district": "North Sikkim",
        "slide_name": "",
        "nh_sh_location": "NH",
        "material_involved": "Debris",
        "movement_type": "Slide",
        "history": "NA"
      }
    },
    {
      "type": "Feature",
      "geometry": {
        "type": "Point",
        "coordinates": [
          88.557361,
          27.713944
        ]
      },
      "properties": {
        "sl_no": "26701",
        "slide_no": "SKM/NS/78A10/2017/216",
        "state": "Sikkim",
        "district": "North Sikkim",
        "slide_name": "",
        "nh_sh_location": "NH",
        "material_involved": "Debris",
        "movement_type": "Slide",
        "history": "NA"
      }
    },
    {
      "type": "Feature",
      "geometry": {
        "type": "Point",
        "coordinates": [
          88.550472,
          27.723611
        ]
      },
      "properties": {
        "sl_no": "26702",
        "slide_no": "SKM/NS/78A10/2017/215",
        "state": "Sikkim",
        "district": "North Sikkim",
        "slide_name": "",
        "nh_sh_location": "NH",
        "material_involved": "Debris",
        "movement_type": "Slide",
        "history": "NA"
      }
    },
    {
      "type": "Feature",
      "geometry": {
        "type": "Point",
        "coordinates": [
          88.552861,
          27.724222
        ]
      },
      "properties": {
        "sl_no": "26703",
        "slide_no": "SKM/NS/78A10/2017/214",
        "state": "Sikkim",
        "district": "North Sikkim",
        "slide_name": "",
        "nh_sh_location": "NH",
        "material_involved": "Debris",
        "movement_type": "Slide",
        "history": "NA"
      }
    },
    {
      "type": "Feature",
      "geometry": {
        "type": "Point",
        "coordinates": [
          88.54975,
          27.726083
        ]
      },
      "properties": {
        "sl_no": "26704",
        "slide_no": "SKM/NS/78A10/2017/213",
        "state": "Sikkim",
        "district": "North Sikkim",
        "slide_name": "Chaten",
        "nh_sh_location": "NH",
        "material_involved": "Debris",
        "movement_type": "Slide",
        "history": "NA"
      }
    },
    {
      "type": "Feature",
      "geometry": {
        "type": "Point",
        "coordinates": [
          88.551667,
          27.728472
        ]
      },
      "properties": {
        "sl_no": "26705",
        "slide_no": "SKM/NS/78A10/2017/212",
        "state": "Sikkim",
        "district": "North Sikkim",
        "slide_name": "",
        "nh_sh_location": "NH",
        "material_involved": "Debris",
        "movement_type": "Slide",
        "history": "NA"
      }
    },
    {
      "type": "Feature",
      "geometry": {
        "type": "Point",
        "coordinates": [
          88.54925,
          27.735278
        ]
      },
      "properties": {
        "sl_no": "26706",
        "slide_no": "SKM/NS/78A10/2017/211",
        "state": "Sikkim",
        "district": "North Sikkim",
        "slide_name": "Lachen",
        "nh_sh_location": "NH",
        "material_involved": "Debris",
        "movement_type": "Slide",
        "history": "NA"
      }
    },
    {
      "type": "Feature",
      "geometry": {
        "type": "Point",
        "coordinates": [
          88.54525,
          27.74075
        ]
      },
      "properties": {
        "sl_no": "26707",
        "slide_no": "SKM/NS/78A10/2017/210",
        "state": "Sikkim",
        "district": "North Sikkim",
        "slide_name": "",
        "nh_sh_location": "NH",
        "material_involved": "Debris",
        "movement_type": "Slide",
        "history": "NA"
      }
    },
    {
      "type": "Feature",
      "geometry": {
        "type": "Point",
        "coordinates": [
          88.545361,
          27.740944
        ]
      },
      "properties": {
        "sl_no": "26708",
        "slide_no": "SKM/NS/78A10/2017/209",
        "state": "Sikkim",
        "district": "North Sikkim",
        "slide_name": "",
        "nh_sh_location": "NH",
        "material_involved": "Debris",
        "movement_type": "Slide",
        "history": "NA"
      }
    },
    {
      "type": "Feature",
      "geometry": {
        "type": "Point",
        "coordinates": [
          88.544278,
          27.745194
        ]
      },
      "properties": {
        "sl_no": "26709",
        "slide_no": "SKM/NS/78A10/2017/208",
        "state": "Sikkim",
        "district": "North Sikkim",
        "slide_name": "",
        "nh_sh_location": "NH",
        "material_involved": "Debris",
        "movement_type": "Slide",
        "history": "NA"
      }
    },
    {
      "type": "Feature",
      "geometry": {
        "type": "Point",
        "coordinates": [
          88.542972,
          27.749111
        ]
      },
      "properties": {
        "sl_no": "26710",
        "slide_no": "SKM/NS/78A10/2017/207",
        "state": "Sikkim",
        "district": "North Sikkim",
        "slide_name": "",
        "nh_sh_location": "NH",
        "material_involved": "Debris",
        "movement_type": "Slide",
        "history": "NA"
      }
    },
    {
      "type": "Feature",
      "geometry": {
        "type": "Point",
        "coordinates": [
          88.56238889,
          27.18822222
        ]
      },
      "properties": {
        "sl_no": "26711",
        "slide_no": "SKM/EAST/78A12/2015/001",
        "state": "Sikkim",
        "district": "East Sikkim",
        "slide_name": "3rd Mile Subsidence",
        "nh_sh_location": "Kumrek (On Rangpo-Kumrek road )",
        "material_involved": "Debris",
        "movement_type": "Subsidence",
        "history": "July 2015"
      }
    },
    {
      "type": "Feature",
      "geometry": {
        "type": "Point",
        "coordinates": [
          88.53313889,
          27.179
        ]
      },
      "properties": {
        "sl_no": "26712",
        "slide_no": "SKM/EAST/78A12/2015/002",
        "state": "Sikkim",
        "district": "East Sikkim",
        "slide_name": "Kumrek landslide",
        "nh_sh_location": "Kumrek (On Rangpo-Kumrek road )",
        "material_involved": "Rock",
        "movement_type": "Slide",
        "history": "8 July 2015"
      }
    },
    {
      "type": "Feature",
      "geometry": {
        "type": "Point",
        "coordinates": [
          88.52341,
          27.46166
        ]
      },
      "properties": {
        "sl_no": "26713",
        "slide_no": "SKM/NORTH/78A11/2015/003",
        "state": "Sikkim",
        "district": "North Sikkim",
        "slide_name": "Rangrang Landslide",
        "nh_sh_location": "Rangrang (On Mangan to Dikchu road )",
        "material_involved": "Debris",
        "movement_type": "Debris slide",
        "history": "1 June 2015"
      }
    },
    {
      "type": "Feature",
      "geometry": {
        "type": "Point",
        "coordinates": [
          88.50902,
          27.33208
        ]
      },
      "properties": {
        "sl_no": "26714",
        "slide_no": "SKM/EAST/78A11/2015/004",
        "state": "Sikkim",
        "district": "East Sikkim",
        "slide_name": "Tumin Landslide",
        "nh_sh_location": "Tumin",
        "material_involved": "Debris",
        "movement_type": "Debris slide",
        "history": "11 July 2015"
      }
    },
    {
      "type": "Feature",
      "geometry": {
        "type": "Point",
        "coordinates": [
          88.49797222,
          27.53533333
        ]
      },
      "properties": {
        "sl_no": "26715",
        "slide_no": "SKM/ND/78A/06_10/ 2016/01",
        "state": "Sikkim",
        "district": "North Sikkim",
        "slide_name": "Dzongu landslide",
        "nh_sh_location": "Left bank slope of Talong Chu (locally known as Kanaka river), just opposite to the Dzongu (Upper) village",
        "material_involved": "Mainly rock boulders containing mica schist along with boulders of gneiss and quartzite.",
        "movement_type": "Slide/Avalanch e",
        "history": "2006, 13 August 2016 at 13:30 hrs."
      }
    },
    {
      "type": "Feature",
      "geometry": {
        "type": "Point",
        "coordinates": [
          88.60666667,
          27.31583333
        ]
      },
      "properties": {
        "sl_no": "26716",
        "slide_no": "State: Sikkim/district: East District/toposheet: 78A/11/year: 2018/serial no.",
        "state": "Sikkim",
        "district": "East Sikkim",
        "slide_name": "Upper Syari, Deorali, Gangtok",
        "nh_sh_location": "Near Butter fly Chowk, Syari, Deorali, Gangtok",
        "material_involved": "Debris",
        "movement_type": "Bulging and slope failure",
        "history": "7 August 2018, 9 August 2018"
      }
    },
    {
      "type": "Feature",
      "geometry": {
        "type": "Point",
        "coordinates": [
          88.67361111,
          27.37027778
        ]
      },
      "properties": {
        "sl_no": "26717",
        "slide_no": "State: Sikkim/district: East District/toposheet: 78A/11/year: 2018/serial no.",
        "state": "Sikkim",
        "district": "East Sikkim",
        "slide_name": "1st BN Sikkim Scouts and the road stretch (JNM axis) ahead of MS-8",
        "nh_sh_location": "State Highway; near 8th Mile",
        "material_involved": "Debris",
        "movement_type": "Subsidence",
        "history": "August 2018"
      }
    },
    {
      "type": "Feature",
      "geometry": {
        "type": "Point",
        "coordinates": [
          88.63527778,
          27.39305556
        ]
      },
      "properties": {
        "sl_no": "26718",
        "slide_no": "State: Sikkim/district: North District/toposheet: 78A/11/year: 2018/serial no.",
        "state": "Sikkim",
        "district": "North Sikkim",
        "slide_name": "Kabi Landslide",
        "nh_sh_location": "State Highway; 4 km before Kabi village",
        "material_involved": "Rock",
        "movement_type": "Slide",
        "history": "Mid-July 2018, 2 August 2018"
      }
    },
    {
      "type": "Feature",
      "geometry": {
        "type": "Point",
        "coordinates": [
          88.57090278,
          27.28081944
        ]
      },
      "properties": {
        "sl_no": "26719",
        "slide_no": "Sikkim/ East District/ 78A/11/2019/",
        "state": "Sikkim",
        "district": "East Sikkim",
        "slide_name": "Chubba Khola",
        "nh_sh_location": "Marchak-Rumtek road, about 9 kms from Ranipool",
        "material_involved": "Boulders and debris",
        "movement_type": "Slide",
        "history": "2017"
      }
    },
    {
      "type": "Feature",
      "geometry": {
        "type": "Point",
        "coordinates": [
          88.55038889,
          27.25941667
        ]
      },
      "properties": {
        "sl_no": "26720",
        "slide_no": "Sikkim/ East District/ 78A/11/2019/",
        "state": "Sikkim",
        "district": "East Sikkim",
        "slide_name": "Martam",
        "nh_sh_location": "NH-10A, Martam",
        "material_involved": "Boulders and debris",
        "movement_type": "Debris slide",
        "history": "2017"
      }
    },
    {
      "type": "Feature",
      "geometry": {
        "type": "Point",
        "coordinates": [
          88.23727778,
          27.36473056
        ]
      },
      "properties": {
        "sl_no": "26721",
        "slide_no": "State: Sikkim/District : West District/Toposheet: 78A/03/year: 2019",
        "state": "Sikkim",
        "district": "West District",
        "slide_name": "Yuksom-Tsong Village landslide",
        "nh_sh_location": "Yuksom in West Sikkim, local village road up to Tsong Village",
        "material_involved": "Multiple slide comprising of Earth or soil slide / flow",
        "movement_type": "Multiple type of movements includes debris slide / Earth or soil slide / flow / lateral spread",
        "history": "16 September 2019"
      }
    },
    {
      "type": "Feature",
      "geometry": {
        "type": "Point",
        "coordinates": [
          88.60911111,
          27.33825
        ]
      },
      "properties": {
        "sl_no": "26722",
        "slide_no": "State: Sikkim/District: East District/Toposheet: 78A/11/year: 2019/",
        "state": "Sikkim",
        "district": "East Sikkim",
        "slide_name": "Palzor Stadium road, Gangtok",
        "nh_sh_location": "Near Tamang Monastery, Palzor Stadium road, Gangtok",
        "material_involved": "Debris",
        "movement_type": "Slide/Subsidenc e",
        "history": "23 April 2019 at 05:00 hrs."
      }
    },
    {
      "type": "Feature",
      "geometry": {
        "type": "Point",
        "coordinates": [
          88.57783333,
          27.27352778
        ]
      },
      "properties": {
        "sl_no": "26723",
        "slide_no": "Sikkim/ East District/ 78A/11/2019/",
        "state": "Sikkim",
        "district": "East Sikkim",
        "slide_name": "Tumlabung",
        "nh_sh_location": "Near Lower Tumlabung on Ranipool-Tumlabung Bye Pass road",
        "material_involved": "Debris",
        "movement_type": "Slide",
        "history": "July/August 2019"
      }
    },
    {
      "type": "Feature",
      "geometry": {
        "type": "Point",
        "coordinates": [
          88.64063333,
          27.38107778
        ]
      },
      "properties": {
        "sl_no": "26724",
        "slide_no": "SK/NS/78A11/",
        "state": "Sikkim",
        "district": "East Sikkim (Near Kaabi)",
        "slide_name": "Kaabi II",
        "nh_sh_location": "NH 31A, Near B2 Bridge.",
        "material_involved": "Rock",
        "movement_type": "Rock Slide",
        "history": "NA"
      }
    },
    {
      "type": "Feature",
      "geometry": {
        "type": "Point",
        "coordinates": [
          88.62358333,
          27.39866667
        ]
      },
      "properties": {
        "sl_no": "26725",
        "slide_no": "Sikkim/ North District/ 78A/11/2020/02",
        "state": "Sikkim",
        "district": "North Sikkim",
        "slide_name": "Dhare Slide, Kabi",
        "nh_sh_location": "North Sikkim Highway/ Dhare/Kabi",
        "material_involved": "Soil",
        "movement_type": "Slide",
        "history": "24 May 2020 at 12:30 hrs."
      }
    },
    {
      "type": "Feature",
      "geometry": {
        "type": "Point",
        "coordinates": [
          88.62566667,
          27.39838889
        ]
      },
      "properties": {
        "sl_no": "26726",
        "slide_no": "Sikkim/ North District/ 78A/11/2020/03",
        "state": "Sikkim",
        "district": "North Sikkim",
        "slide_name": "Satala Slide, Kabi",
        "nh_sh_location": "North Sikkim Highway/ Satala/Kabi",
        "material_involved": "Debris cum rock",
        "movement_type": "Slide",
        "history": "24 May 2020 at 13:50 hrs."
      }
    },
    {
      "type": "Feature",
      "geometry": {
        "type": "Point",
        "coordinates": [
          88.63527778,
          27.39305556
        ]
      },
      "properties": {
        "sl_no": "26727",
        "slide_no": "State: Sikkim/North District/ 78A/11/2020/03.",
        "state": "Sikkim",
        "district": "North Sikkim",
        "slide_name": "Kabi Landslide",
        "nh_sh_location": "State Highway; 4 km before Kabi village",
        "material_involved": "Rock",
        "movement_type": "Slide",
        "history": "Mid-July 2018, 2 August 2018, 24 May 2020"
      }
    },
    {
      "type": "Feature",
      "geometry": {
        "type": "Point",
        "coordinates": [
          88.60377778,
          27.25352778
        ]
      },
      "properties": {
        "sl_no": "26728",
        "slide_no": "SI/ESI/ 78A11/ 2021/RP1",
        "state": "Sikkim",
        "district": "East Sikkim",
        "slide_name": "Ranipool to Pakyong road slide",
        "nh_sh_location": "717A State road",
        "material_involved": "Rock cum debris",
        "movement_type": "Slide",
        "history": "September 2020, 18-19 October 2021"
      }
    },
    {
      "type": "Feature",
      "geometry": {
        "type": "Point",
        "coordinates": [
          88.56929167,
          27.5401
        ]
      },
      "properties": {
        "sl_no": "26729",
        "slide_no": "Sikkim/NK/78A11/2022/SP1",
        "state": "Sikkim",
        "district": "North Sikkim",
        "slide_name": "Salim Pakel village",
        "nh_sh_location": "Village road",
        "material_involved": "Rock cum debris",
        "movement_type": "Slide",
        "history": "2019"
      }
    },
    {
      "type": "Feature",
      "geometry": {
        "type": "Point",
        "coordinates": [
          88.62179722,
          27.55314167
        ]
      },
      "properties": {
        "sl_no": "26730",
        "slide_no": "Sikkim/NK/78A10/2022/II",
        "state": "Sikkim",
        "district": "North Sikkim",
        "slide_name": "Shipgyre slide right bank of Teesta (Shipgyre Slide II)",
        "nh_sh_location": "State road",
        "material_involved": "Debris",
        "movement_type": "Slide",
        "history": "2012"
      }
    },
    {
      "type": "Feature",
      "geometry": {
        "type": "Point",
        "coordinates": [
          88.57530833,
          27.54975833
        ]
      },
      "properties": {
        "sl_no": "26731",
        "slide_no": "Sikkim/North Sikkim/SV01 78A10/ 2022",
        "state": "Sikkim",
        "district": "North Sikkim",
        "slide_name": "Shipgyer village",
        "nh_sh_location": "Village road",
        "material_involved": "Rock cum debris",
        "movement_type": "Slide",
        "history": "2020"
      }
    },
    {
      "type": "Feature",
      "geometry": {
        "type": "Point",
        "coordinates": [
          88.60807778,
          27.54810833
        ]
      },
      "properties": {
        "sl_no": "26732",
        "slide_no": "Sikkim/NK/78A10/2022/III",
        "state": "Sikkim",
        "district": "North Sikkim",
        "slide_name": "Shipgyer slide right bank of Teesta (Shipgyer slide III)",
        "nh_sh_location": "State road",
        "material_involved": "Debris",
        "movement_type": "Slide",
        "history": "2012"
      }
    },
    {
      "type": "Feature",
      "geometry": {
        "type": "Point",
        "coordinates": [
          88.58208333,
          27.55236944
        ]
      },
      "properties": {
        "sl_no": "26733",
        "slide_no": "Sikkim/NK/78A10/2022/IV",
        "state": "Sikkim",
        "district": "North Sikkim",
        "slide_name": "West of Shipgyer",
        "nh_sh_location": "State road",
        "material_involved": "Debris",
        "movement_type": "Slide",
        "history": "2019"
      }
    },
    {
      "type": "Feature",
      "geometry": {
        "type": "Point",
        "coordinates": [
          88.62083333,
          27.36388889
        ]
      },
      "properties": {
        "sl_no": "26734",
        "slide_no": "SK/ES/78 A11/BG-I",
        "state": "Sikkim",
        "district": "East Sikkim",
        "slide_name": "Bhojagari- I",
        "nh_sh_location": "Indira Bye Pass Road",
        "material_involved": "Debris",
        "movement_type": "Slide",
        "history": "NA"
      }
    },
    {
      "type": "Feature",
      "geometry": {
        "type": "Point",
        "coordinates": [
          88.5025,
          27.23166667
        ]
      },
      "properties": {
        "sl_no": "26735",
        "slide_no": "SK/ES/78 A11/CP",
        "state": "Sikkim",
        "district": "East Sikkim",
        "slide_name": "Chisopani I Landslide",
        "nh_sh_location": "Pendam-Singtam Road",
        "material_involved": "Debris",
        "movement_type": "Slide",
        "history": "July 2020, December 2020"
      }
    },
    {
      "type": "Feature",
      "geometry": {
        "type": "Point",
        "coordinates": [
          88.55002778,
          27.27458333
        ]
      },
      "properties": {
        "sl_no": "26736",
        "slide_no": "SK/ES/78 A11/CL",
        "state": "Sikkim",
        "district": "East Sikkim",
        "slide_name": "Chuba Landslide",
        "nh_sh_location": "Chuba link Road",
        "material_involved": "Debris",
        "movement_type": "Slide",
        "history": "18-19 October 2021"
      }
    },
    {
      "type": "Feature",
      "geometry": {
        "type": "Point",
        "coordinates": [
          88.61833333,
          27.35694444
        ]
      },
      "properties": {
        "sl_no": "26737",
        "slide_no": "SK/ES/78 A11/SW-1",
        "state": "Sikkim",
        "district": "East Sikkim",
        "slide_name": "Swastik Market Slide",
        "nh_sh_location": "NH-10",
        "material_involved": "Soil",
        "movement_type": "Slide",
        "history": "NA"
      }
    },
    {
      "type": "Feature",
      "geometry": {
        "type": "Point",
        "coordinates": [
          88.46166667,
          27.25858333
        ]
      },
      "properties": {
        "sl_no": "26738",
        "slide_no": "SK/ES/78 A11/DD",
        "state": "Sikkim",
        "district": "East Sikkim",
        "slide_name": "Deepudada Slide",
        "nh_sh_location": "Singtam-Dikchu Road",
        "material_involved": "Debris",
        "movement_type": "Slide",
        "history": "Between April 2018 and December 2021"
      }
    },
    {
      "type": "Feature",
      "geometry": {
        "type": "Point",
        "coordinates": [
          88.60990556,
          27.33941667
        ]
      },
      "properties": {
        "sl_no": "26739",
        "slide_no": "SK/ES/78 A11/DA-I",
        "state": "Sikkim",
        "district": "East Sikkim",
        "slide_name": "Development area- I (Near Little Pixes School)",
        "nh_sh_location": "Development area",
        "material_involved": "Soil",
        "movement_type": "Slide",
        "history": "6 June 2021 in the morning"
      }
    },
    {
      "type": "Feature",
      "geometry": {
        "type": "Point",
        "coordinates": [
          88.4859279,
          27.3699335
        ]
      },
      "properties": {
        "sl_no": "26740",
        "slide_no": "SK/ES/78 A/07/2021/14",
        "state": "Sikkim",
        "district": "East Sikkim",
        "slide_name": "Dikchu-Samdong road",
        "nh_sh_location": "Near Jurassic Park Sikkim",
        "material_involved": "Debris cum rock",
        "movement_type": "Slide",
        "history": "23 August 2021"
      }
    },
    {
      "type": "Feature",
      "geometry": {
        "type": "Point",
        "coordinates": [
          88.37748333,
          27.28955556
        ]
      },
      "properties": {
        "sl_no": "26741",
        "slide_no": "SK/SS/78 A08/DS",
        "state": "Sikkim",
        "district": "South Sikkim",
        "slide_name": "Dojak Landslide",
        "nh_sh_location": "Singtam-Namchi Road",
        "material_involved": "Debris",
        "movement_type": "Slide",
        "history": "2020"
      }
    },
    {
      "type": "Feature",
      "geometry": {
        "type": "Point",
        "coordinates": [
          88.53194444,
          27.25333333
        ]
      },
      "properties": {
        "sl_no": "26742",
        "slide_no": "SK/ES/78 A11/SKIII",
        "state": "Sikkim",
        "district": "East Sikkim",
        "slide_name": "Sang Khola III",
        "nh_sh_location": "Sang Khola",
        "material_involved": "Rock",
        "movement_type": "Slide",
        "history": "July 2020"
      }
    },
    {
      "type": "Feature",
      "geometry": {
        "type": "Point",
        "coordinates": [
          88.60722222,
          27.34222222
        ]
      },
      "properties": {
        "sl_no": "26743",
        "slide_no": "SK/ES/78 A11/TJ-1",
        "state": "Sikkim",
        "district": "East Sikkim",
        "slide_name": "Tibetian Jhora",
        "nh_sh_location": "NH-10",
        "material_involved": "Debris",
        "movement_type": "Slide",
        "history": "NA"
      }
    },
    {
      "type": "Feature",
      "geometry": {
        "type": "Point",
        "coordinates": [
          88.62027778,
          27.35861111
        ]
      },
      "properties": {
        "sl_no": "26744",
        "slide_no": "SK/ES/78 A11/LB-I",
        "state": "Sikkim",
        "district": "East Sikkim",
        "slide_name": "Lower Burtuk",
        "nh_sh_location": "Indra by-pass",
        "material_involved": "Debris",
        "movement_type": "Slide",
        "history": "NA"
      }
    },
    {
      "type": "Feature",
      "geometry": {
        "type": "Point",
        "coordinates": [
          88.5489504,
          27.2533846
        ]
      },
      "properties": {
        "sl_no": "26745",
        "slide_no": "SK/ES/78 A/11/2021/15",
        "state": "Sikkim",
        "district": "East Sikkim",
        "slide_name": "Mangthang",
        "nh_sh_location": "Mangthang",
        "material_involved": "Debris",
        "movement_type": "Flows",
        "history": "22 August 2021"
      }
    },
    {
      "type": "Feature",
      "geometry": {
        "type": "Point",
        "coordinates": [
          88.55347222,
          27.28666667
        ]
      },
      "properties": {
        "sl_no": "26746",
        "slide_no": "SK/ES/78 A11/PB",
        "state": "Sikkim",
        "district": "East Sikkim",
        "slide_name": "Pagla Bhir",
        "nh_sh_location": "Rumtek-Rice Valley road.",
        "material_involved": "Rock cum debris",
        "movement_type": "Slide",
        "history": "27 August 2021"
      }
    },
    {
      "type": "Feature",
      "geometry": {
        "type": "Point",
        "coordinates": [
          88.60666667,
          27.24722222
        ]
      },
      "properties": {
        "sl_no": "26747",
        "slide_no": "SK/ES/78 A11/PK",
        "state": "Sikkim",
        "district": "East Sikkim",
        "slide_name": "Pakyong Slide",
        "nh_sh_location": "Pakyong Road",
        "material_involved": "Debris",
        "movement_type": "Slide",
        "history": "September 2021"
      }
    },
    {
      "type": "Feature",
      "geometry": {
        "type": "Point",
        "coordinates": [
          88.38358056,
          27.17054167
        ]
      },
      "properties": {
        "sl_no": "26748",
        "slide_no": "SK/SS/78 A08/PS",
        "state": "Sikkim",
        "district": "South Sikkim",
        "slide_name": "Phalidhaara Landslide",
        "nh_sh_location": "Singtam-Namchi Road",
        "material_involved": "Debris",
        "movement_type": "Slide",
        "history": "May 2021"
      }
    },
    {
      "type": "Feature",
      "geometry": {
        "type": "Point",
        "coordinates": [
          88.53383333,
          27.26066667
        ]
      },
      "properties": {
        "sl_no": "26749",
        "slide_no": "SK/ES/78 A11/SK-II",
        "state": "Sikkim",
        "district": "East Sikkim",
        "slide_name": "Sangkhola II",
        "nh_sh_location": "Sangkhola-Zingla road.",
        "material_involved": "Rock cum debris",
        "movement_type": "Slide",
        "history": "September 2021, October 2021"
      }
    },
    {
      "type": "Feature",
      "geometry": {
        "type": "Point",
        "coordinates": [
          88.45861111,
          27.31663889
        ]
      },
      "properties": {
        "sl_no": "26750",
        "slide_no": "SK/ES/78 A11/S",
        "state": "Sikkim",
        "district": "East Sikkim",
        "slide_name": "Singbel Slide",
        "nh_sh_location": "Khamdong-Dung Dung road",
        "material_involved": "Debris",
        "movement_type": "Slide",
        "history": "18th & 19th October 2021"
      }
    },
    {
      "type": "Feature",
      "geometry": {
        "type": "Point",
        "coordinates": [
          88.49083333,
          27.23444444
        ]
      },
      "properties": {
        "sl_no": "26751",
        "slide_no": "SK/ES/78 A11/SD",
        "state": "Sikkim",
        "district": "East Sikkim",
        "slide_name": "Singtam-Dikchu",
        "nh_sh_location": "North Sikkim Highway",
        "material_involved": "Rock",
        "movement_type": "Slide",
        "history": "NA"
      }
    },
    {
      "type": "Feature",
      "geometry": {
        "type": "Point",
        "coordinates": [
          88.61016667,
          27.32663889
        ]
      },
      "properties": {
        "sl_no": "26752",
        "slide_no": "SK/ES/78 A11/SG-1",
        "state": "Sikkim",
        "district": "East Sikkim",
        "slide_name": "Sisa Golai Slide I",
        "nh_sh_location": "NH-10",
        "material_involved": "Debris",
        "movement_type": "Subsidence",
        "history": "1 June 2021 at 10:30 hrs."
      }
    },
    {
      "type": "Feature",
      "geometry": {
        "type": "Point",
        "coordinates": [
          88.61666667,
          27.35333333
        ]
      },
      "properties": {
        "sl_no": "26753",
        "slide_no": "SK/ES/78 A11/SW-II",
        "state": "Sikkim",
        "district": "East Sikkim",
        "slide_name": "Swastik-II",
        "nh_sh_location": "NH-10",
        "material_involved": "Debris material (>2mm to cobble size ) to boulder.",
        "movement_type": "Slide",
        "history": "NA"
      }
    },
    {
      "type": "Feature",
      "geometry": {
        "type": "Point",
        "coordinates": [
          88.62055556,
          27.33972222
        ]
      },
      "properties": {
        "sl_no": "26754",
        "slide_no": "SK/ES/78 A11/TG-I",
        "state": "Sikkim",
        "district": "East Sikkim",
        "slide_name": "Tamang Gompa Slide-I",
        "nh_sh_location": "Near Tamang Gompa",
        "material_involved": "Debris",
        "movement_type": "Slide",
        "history": "8 June 2021 at night"
      }
    },
    {
      "type": "Feature",
      "geometry": {
        "type": "Point",
        "coordinates": [
          88.61611111,
          27.37055556
        ]
      },
      "properties": {
        "sl_no": "26755",
        "slide_no": "SK/ES/78 A11/TVP-I",
        "state": "Sikkim",
        "district": "East Sikkim",
        "slide_name": "Tashi View Point -I",
        "nh_sh_location": "National Highway to Mangan",
        "material_involved": "Debris",
        "movement_type": "Slide",
        "history": "5 June 2021 in the midnight"
      }
    },
    {
      "type": "Feature",
      "geometry": {
        "type": "Point",
        "coordinates": [
          88.62361111,
          27.39472222
        ]
      },
      "properties": {
        "sl_no": "26756",
        "slide_no": "SK/ES/78 A11/",
        "state": "Sikkim",
        "district": "North Sikkim",
        "slide_name": "Tingda",
        "nh_sh_location": "State Highway Burtuk-Kabi.",
        "material_involved": "Debris",
        "movement_type": "Slide",
        "history": "2018, July 2021"
      }
    },
    {
      "type": "Feature",
      "geometry": {
        "type": "Point",
        "coordinates": [
          88.4704442,
          27.3250091
        ]
      },
      "properties": {
        "sl_no": "26757",
        "slide_no": "SK/ES/78 A/07/2021/13",
        "state": "Sikkim",
        "district": "South Sikkim",
        "slide_name": "Tokdey block, Lingmoo",
        "nh_sh_location": "Tokdey",
        "material_involved": "Debris cum rock",
        "movement_type": "Slide",
        "history": "2020, 23 August 2021"
      }
    },
    {
      "type": "Feature",
      "geometry": {
        "type": "Point",
        "coordinates": [
          88.52777778,
          27.25252778
        ]
      },
      "properties": {
        "sl_no": "26758",
        "slide_no": "SK/ES/78 A11/TL",
        "state": "Sikkim",
        "district": "East Sikkim",
        "slide_name": "Tshalumthang Landslide",
        "nh_sh_location": "Sangkhola-Zingla Road",
        "material_involved": "Debris",
        "movement_type": "Slide",
        "history": "July 2021"
      }
    },
    {
      "type": "Feature",
      "geometry": {
        "type": "Point",
        "coordinates": [
          88.62111111,
          27.35805556
        ]
      },
      "properties": {
        "sl_no": "26759",
        "slide_no": "SK/ES/78 A11/UB-I",
        "state": "Sikkim",
        "district": "East Sikkim",
        "slide_name": "Upper Burtuk slide",
        "nh_sh_location": "Indra By-Pass.",
        "material_involved": "Debris",
        "movement_type": "Slide",
        "history": "NA"
      }
    },
    {
      "type": "Feature",
      "geometry": {
        "type": "Point",
        "coordinates": [
          88.66131389,
          27.61936111
        ]
      },
      "properties": {
        "sl_no": "26760",
        "slide_no": "SK/NS/78 A10/ Bop 1",
        "state": "Sikkim",
        "district": "North Sikkim",
        "slide_name": "Bop Slide",
        "nh_sh_location": "Chungthang-Lachung Road",
        "material_involved": "Rock",
        "movement_type": "Slide",
        "history": "18 June 2021"
      }
    },
    {
      "type": "Feature",
      "geometry": {
        "type": "Point",
        "coordinates": [
          88.46280278,
          27.25061389
        ]
      },
      "properties": {
        "sl_no": "26761",
        "slide_no": "SK/ES/78 A11/KL",
        "state": "Sikkim",
        "district": "East Sikkim",
        "slide_name": "Khamdong Landslide",
        "nh_sh_location": "Singtam Dikchu Road",
        "material_involved": "Debris",
        "movement_type": "Slide",
        "history": "2021"
      }
    },
    {
      "type": "Feature",
      "geometry": {
        "type": "Point",
        "coordinates": [
          88.56659722,
          27.69920278
        ]
      },
      "properties": {
        "sl_no": "26762",
        "slide_no": "SK/NS/78 A10/Lachen Road Slide-I",
        "state": "Sikkim",
        "district": "North Sikkim",
        "slide_name": "Lachen Slide",
        "nh_sh_location": "Chungthang - Lachen Road",
        "material_involved": "Debris",
        "movement_type": "Slide",
        "history": "NA"
      }
    },
    {
      "type": "Feature",
      "geometry": {
        "type": "Point",
        "coordinates": [
          88.60777778,
          27.32888889
        ]
      },
      "properties": {
        "sl_no": "26763",
        "slide_no": "SK/ES/78 A11/IBP-I",
        "state": "Sikkim",
        "district": "East Sikkim",
        "slide_name": "Indira Bye Pass -I",
        "nh_sh_location": "Indira Bye Pass Road",
        "material_involved": "Rock",
        "movement_type": "Slide",
        "history": "18 May 2021"
      }
    },
    {
      "type": "Feature",
      "geometry": {
        "type": "Point",
        "coordinates": [
          88.7379,
          27.68445278
        ]
      },
      "properties": {
        "sl_no": "26764",
        "slide_no": "SK/ES/78 A10/LS",
        "state": "Sikkim",
        "district": "North Sikkim",
        "slide_name": "Lachung Landslide",
        "nh_sh_location": "Chungthang-Lachung Road",
        "material_involved": "Debris",
        "movement_type": "Slide",
        "history": "2021"
      }
    },
    {
      "type": "Feature",
      "geometry": {
        "type": "Point",
        "coordinates": [
          88.735475,
          27.22122778
        ]
      },
      "properties": {
        "sl_no": "26765",
        "slide_no": "SK/NS/78 A16/ Lingtam Slide-I",
        "state": "Sikkim",
        "district": "East Sikkim",
        "slide_name": "Lingtam Slide",
        "nh_sh_location": "Rongli-Lingtam road",
        "material_involved": "Debris",
        "movement_type": "Slide",
        "history": "18th-19th October 2021"
      }
    },
    {
      "type": "Feature",
      "geometry": {
        "type": "Point",
        "coordinates": [
          88.63883333,
          27.38155556
        ]
      },
      "properties": {
        "sl_no": "26766",
        "slide_no": "SK/ES/78A11/2021/1",
        "state": "Sikkim",
        "district": "East Sikkim",
        "slide_name": "Shotak slide",
        "nh_sh_location": "Along Burtuk Kabi Road, East of Shotak village.",
        "material_involved": "Debris",
        "movement_type": "Slide",
        "history": "September 2021."
      }
    },
    {
      "type": "Feature",
      "geometry": {
        "type": "Point",
        "coordinates": [
          88.60986944,
          27.32320833
        ]
      },
      "properties": {
        "sl_no": "26767",
        "slide_no": "SK/ES/78 A11/PGS-I",
        "state": "Sikkim",
        "district": "East Sikkim",
        "slide_name": "Paani House slide I",
        "nh_sh_location": "NH-10",
        "material_involved": "Debris",
        "movement_type": "Slide",
        "history": "19 October 2021 at 20:00 hrs."
      }
    },
    {
      "type": "Feature",
      "geometry": {
        "type": "Point",
        "coordinates": [
          88.24483889,
          27.12344167
        ]
      },
      "properties": {
        "sl_no": "26768",
        "slide_no": "SK/SS/78 A08/SS01",
        "state": "Sikkim",
        "district": "South Sikkim",
        "slide_name": "Sombaria Landslide",
        "nh_sh_location": "Jorethang-Sombaria Road",
        "material_involved": "Debris",
        "movement_type": "Slide",
        "history": "18th-19th October 2021."
      }
    },
    {
      "type": "Feature",
      "geometry": {
        "type": "Point",
        "coordinates": [
          88.61273333,
          27.34027222
        ]
      },
      "properties": {
        "sl_no": "26769",
        "slide_no": "SK/ES/78 A11/2021/CPWD-1",
        "state": "Sikkim",
        "district": "East Sikkim",
        "slide_name": "CPWD AEQ LANDSLIDE (Asst. Engineer Quarter Slide)",
        "nh_sh_location": "NH-10",
        "material_involved": "Debris",
        "movement_type": "Slide",
        "history": "19 October 2021 at 18:00 hrs."
      }
    },
    {
      "type": "Feature",
      "geometry": {
        "type": "Point",
        "coordinates": [
          88.62802778,
          27.19558889
        ]
      },
      "properties": {
        "sl_no": "26770",
        "slide_no": "SK/ES/78 A16/TL01",
        "state": "Sikkim",
        "district": "East Sikkim",
        "slide_name": "Tarpin Landslide",
        "nh_sh_location": "Rorathang-Rongli Road",
        "material_involved": "Debris",
        "movement_type": "Slide",
        "history": "18th-19th October 2021."
      }
    },
    {
      "type": "Feature",
      "geometry": {
        "type": "Point",
        "coordinates": [
          88.75722222,
          27.236
        ]
      },
      "properties": {
        "sl_no": "26771",
        "slide_no": "SK/NS/78 A10/ 2021/Que Khola- I",
        "state": "Sikkim",
        "district": "East Sikkim",
        "slide_name": "Que Khola Landslide",
        "nh_sh_location": "Rongli-Phadamchen road",
        "material_involved": "Debris",
        "movement_type": "Slide",
        "history": "1 August 2021 at 16:00 hrs."
      }
    },
    {
      "type": "Feature",
      "geometry": {
        "type": "Point",
        "coordinates": [
          88.65547222,
          27.20258333
        ]
      },
      "properties": {
        "sl_no": "26772",
        "slide_no": "SK/NS/78 A10/ 2022/Taronag Slide-I",
        "state": "Sikkim",
        "district": "East Sikkim",
        "slide_name": "Taronag Slide",
        "nh_sh_location": "Rorathnag-Rongli road",
        "material_involved": "Rock",
        "movement_type": "Slide",
        "history": "18th-19th October 2021"
      }
    },
    {
      "type": "Feature",
      "geometry": {
        "type": "Point",
        "coordinates": [
          88.5535,
          27.28577778
        ]
      },
      "properties": {
        "sl_no": "26773",
        "slide_no": "SK/ES/78 A11/2021/NPB-1",
        "state": "Sikkim",
        "district": "East Sikkim",
        "slide_name": "Pagla Bhir slide",
        "nh_sh_location": "Rumtek-Sang Road through Martam Rice valley",
        "material_involved": "Debris",
        "movement_type": "Slide",
        "history": "27 August 2021"
      }
    },
    {
      "type": "Feature",
      "geometry": {
        "type": "Point",
        "coordinates": [
          88.57758889,
          27.51473889
        ]
      },
      "properties": {
        "sl_no": "26774",
        "slide_no": "SK/NS/78 A10/ 2022/Manul Slide-I",
        "state": "Sikkim",
        "district": "North Sikkim",
        "slide_name": "Manul Slide",
        "nh_sh_location": "Mangan - Chungthang Road",
        "material_involved": "Rock",
        "movement_type": "Shallow Planar slide",
        "history": "NA"
      }
    },
    {
      "type": "Feature",
      "geometry": {
        "type": "Point",
        "coordinates": [
          88.57932222,
          27.55704444
        ]
      },
      "properties": {
        "sl_no": "26775",
        "slide_no": "Sikkim/East Sikkim/ 78A10/ 2021",
        "state": "Sikkim",
        "district": "North Sikkim",
        "slide_name": "Shipgyer village",
        "nh_sh_location": "NH10",
        "material_involved": "Debris",
        "movement_type": "Slide",
        "history": "2019"
      }
    },
    {
      "type": "Feature",
      "geometry": {
        "type": "Point",
        "coordinates": [
          88.48930556,
          27.20683333
        ]
      },
      "properties": {
        "sl_no": "26776",
        "slide_no": "Sikkim/East Sikkim/ 78A08/ 2022",
        "state": "Sikkim",
        "district": "East Sikkim",
        "slide_name": "Bardang Tunnel slide",
        "nh_sh_location": "NH10",
        "material_involved": "Debris",
        "movement_type": "Slide",
        "history": "2021"
      }
    },
    {
      "type": "Feature",
      "geometry": {
        "type": "Point",
        "coordinates": [
          88.51481944,
          27.16993889
        ]
      },
      "properties": {
        "sl_no": "26777",
        "slide_no": "SK/SSK/78A08/ 2022/MamringI",
        "state": "Sikkim",
        "district": "South Sikkim",
        "slide_name": "Mamring slide",
        "nh_sh_location": "State road Namchi-Namthang road.",
        "material_involved": "Debris",
        "movement_type": "Slide",
        "history": "September 2021"
      }
    },
    {
      "type": "Feature",
      "geometry": {
        "type": "Point",
        "coordinates": [
          88.60811111,
          27.25225
        ]
      },
      "properties": {
        "sl_no": "26778",
        "slide_no": "SK/ESK/ 78A11/ 2021/P-I",
        "state": "Sikkim",
        "district": "East Sikkim",
        "slide_name": "Pakyong (Near Farm to Table restaurant)",
        "nh_sh_location": "Pakyong roads",
        "material_involved": "Rock cum Debris",
        "movement_type": "slide",
        "history": "May 2017, July-August 2021"
      }
    },
    {
      "type": "Feature",
      "geometry": {
        "type": "Point",
        "coordinates": [
          88.5975,
          27.24777778
        ]
      },
      "properties": {
        "sl_no": "26779",
        "slide_no": "Sikkim/East Sikkim/ 78A12/ 2021",
        "state": "Sikkim",
        "district": "East Sikkim",
        "slide_name": "Pakyong road near Central bank of India",
        "nh_sh_location": "717A, state road",
        "material_involved": "Debris",
        "movement_type": "Slide",
        "history": "2021"
      }
    },
    {
      "type": "Feature",
      "geometry": {
        "type": "Point",
        "coordinates": [
          88.52861111,
          27.47888889
        ]
      },
      "properties": {
        "sl_no": "26780",
        "slide_no": "SK/NSK/ 78A11/ 2021/RR-I",
        "state": "Sikkim",
        "district": "North Sikkim",
        "slide_name": "Rang-Rang",
        "nh_sh_location": "NH 310A",
        "material_involved": "Rock",
        "movement_type": "Slide",
        "history": "September 2021"
      }
    },
    {
      "type": "Feature",
      "geometry": {
        "type": "Point",
        "coordinates": [
          88.30139,
          27.28847
        ]
      },
      "properties": {
        "sl_no": "26781",
        "slide_no": "Sikkim/Namchi/78 A07/2022/01",
        "state": "Sikkim",
        "district": "Namchi",
        "slide_name": "7th Mile_ Legship-Ravangla Road",
        "nh_sh_location": "Legship-Ravangla Road",
        "material_involved": "Debris",
        "movement_type": "Slide",
        "history": "10 July 2022 from 8:30 hrs. to 10:00 hrs."
      }
    },
    {
      "type": "Feature",
      "geometry": {
        "type": "Point",
        "coordinates": [
          88.54141667,
          27.2535
        ]
      },
      "properties": {
        "sl_no": "26782",
        "slide_no": "SKM/Gangtok/78A11/2022",
        "state": "Sikkim",
        "district": "Gangtok District",
        "slide_name": "14th Mile",
        "nh_sh_location": "Gangtok-Rangpo Road",
        "material_involved": "Debris",
        "movement_type": "Slide",
        "history": "August 2022, 7th-8th October 2022"
      }
    },
    {
      "type": "Feature",
      "geometry": {
        "type": "Point",
        "coordinates": [
          88.3916,
          27.30140833
        ]
      },
      "properties": {
        "sl_no": "26783",
        "slide_no": "SKM/ Namchi/78 A07/2022/01",
        "state": "Sikkim",
        "district": "Namchi",
        "slide_name": "Pathing Yang Yang Slide",
        "nh_sh_location": "Ravangla-Yang Yang Road via Pathing",
        "material_involved": "Debris cum rock",
        "movement_type": "Slide",
        "history": "18 November 2022"
      }
    },
    {
      "type": "Feature",
      "geometry": {
        "type": "Point",
        "coordinates": [
          88.28128889,
          27.14871944
        ]
      },
      "properties": {
        "sl_no": "26784",
        "slide_no": "SKM/ Soreng/78 A08/2022/01",
        "state": "Sikkim",
        "district": "Soreng",
        "slide_name": "01/JR/Baiguney",
        "nh_sh_location": "Jorethang-Legship Road",
        "material_involved": "Debris",
        "movement_type": "Slide",
        "history": "20 November 2022"
      }
    },
    {
      "type": "Feature",
      "geometry": {
        "type": "Point",
        "coordinates": [
          88.32275,
          27.11955556
        ]
      },
      "properties": {
        "sl_no": "26785",
        "slide_no": "SKM/Namchi/78A08/2022/Doro p I",
        "state": "Sikkim",
        "district": "Namchi",
        "slide_name": "Dorop I Slide",
        "nh_sh_location": "Melli-Jorethang Road",
        "material_involved": "Debris",
        "movement_type": "Slide",
        "history": "August 2022"
      }
    },
    {
      "type": "Feature",
      "geometry": {
        "type": "Point",
        "coordinates": [
          88.325507,
          27.190191
        ]
      },
      "properties": {
        "sl_no": "26786",
        "slide_no": "SKM/Soreng/78A08/2022/Kamli ng/01",
        "state": "Sikkim",
        "district": "Soreng",
        "slide_name": "Kamling",
        "nh_sh_location": "Jorethang-Legship Road",
        "material_involved": "Debris",
        "movement_type": "Slide",
        "history": "November 2022"
      }
    },
    {
      "type": "Feature",
      "geometry": {
        "type": "Point",
        "coordinates": [
          88.59544444,
          27.32633333
        ]
      },
      "properties": {
        "sl_no": "26787",
        "slide_no": "SKM/Gangtok/78A11/2022",
        "state": "Sikkim",
        "district": "Gangtok District",
        "slide_name": "Lumsay Slide",
        "nh_sh_location": "Adampul road",
        "material_involved": "Debris",
        "movement_type": "Slide",
        "history": "June 2022"
      }
    },
    {
      "type": "Feature",
      "geometry": {
        "type": "Point",
        "coordinates": [
          88.32455556,
          27.11236111
        ]
      },
      "properties": {
        "sl_no": "26788",
        "slide_no": "SKM/Namchi/78A08/2022/Gom I",
        "state": "Sikkim",
        "district": "Namchi",
        "slide_name": "Gom I Slide",
        "nh_sh_location": "Melli-Jorethang Road",
        "material_involved": "Debris",
        "movement_type": "Slide",
        "history": "August 2022"
      }
    },
    {
      "type": "Feature",
      "geometry": {
        "type": "Point",
        "coordinates": [
          88.61671944,
          27.37211111
        ]
      },
      "properties": {
        "sl_no": "26789",
        "slide_no": "SKM/ES/78 A11/2022/TVP-I1",
        "state": "Sikkim",
        "district": "East Sikkim",
        "slide_name": "Tashi view point-II(TVP-II)",
        "nh_sh_location": "NH-10, Gangtok-Mangan highway",
        "material_involved": "Debris",
        "movement_type": "Slide",
        "history": "29 May 2022"
      }
    },
    {
      "type": "Feature",
      "geometry": {
        "type": "Point",
        "coordinates": [
          88.58952778,
          27.28119444
        ]
      },
      "properties": {
        "sl_no": "26790",
        "slide_no": "SK/ES/78 A07/Marchak",
        "state": "Sikkim",
        "district": "East Sikkim",
        "slide_name": "Marchak",
        "nh_sh_location": "Gangtok-Marchak-Singtam road",
        "material_involved": "Debris",
        "movement_type": "Slide",
        "history": "11th-12th June 2022"
      }
    },
    {
      "type": "Feature",
      "geometry": {
        "type": "Point",
        "coordinates": [
          88.60191667,
          27.24883333
        ]
      },
      "properties": {
        "sl_no": "26791",
        "slide_no": "SKM/ES/78 A12/2022/Basnettgaon",
        "state": "Sikkim",
        "district": "Pakyong",
        "slide_name": "Basnettgaon Landslide.",
        "nh_sh_location": "Old Pakyong Airport Road",
        "material_involved": "Debris",
        "movement_type": "Slide",
        "history": "10 October 2022"
      }
    },
    {
      "type": "Feature",
      "geometry": {
        "type": "Point",
        "coordinates": [
          88.60833333,
          27.21391667
        ]
      },
      "properties": {
        "sl_no": "26792",
        "slide_no": "SKM/ES/78 A12/2022/Kitgolai",
        "state": "Sikkim",
        "district": "Pakyong",
        "slide_name": "Kitgolai Landslide",
        "nh_sh_location": "SH-717",
        "material_involved": "Debris",
        "movement_type": "Slide",
        "history": "25 August 2022"
      }
    },
    {
      "type": "Feature",
      "geometry": {
        "type": "Point",
        "coordinates": [
          88.6043,
          27.2536
        ]
      },
      "properties": {
        "sl_no": "26793",
        "slide_no": "SKM/ Pakyong/78 A11/2022/Lower Samsing Slide",
        "state": "Sikkim",
        "district": "Pakyong",
        "slide_name": "Lower Samsing Slide",
        "nh_sh_location": "SH 717A",
        "material_involved": "Debris",
        "movement_type": "Slide",
        "history": "August 2022"
      }
    },
    {
      "type": "Feature",
      "geometry": {
        "type": "Point",
        "coordinates": [
          88.52236944,
          27.39336667
        ]
      },
      "properties": {
        "sl_no": "26794",
        "slide_no": "SKM/Gangtok/78A11/2023/01/ Sokpay",
        "state": "Sikkim",
        "district": "Gangtok District",
        "slide_name": "Sokpay slide",
        "nh_sh_location": "Sokpay, Dikchu-Radong road",
        "material_involved": "Debris",
        "movement_type": "Slide",
        "history": "2016, 2019, 26 March 2023"
      }
    },
    {
      "type": "Feature",
      "geometry": {
        "type": "Point",
        "coordinates": [
          88.53144444,
          27.25066667
        ]
      },
      "properties": {
        "sl_no": "26795",
        "slide_no": "SK/ES/78 A11/Sang",
        "state": "Sikkim",
        "district": "East Sikkim",
        "slide_name": "Sang",
        "nh_sh_location": "Gangtok-Singtam Road.",
        "material_involved": "Rock",
        "movement_type": "Slide",
        "history": "July 2019, 12 May 2022"
      }
    },
    {
      "type": "Feature",
      "geometry": {
        "type": "Point",
        "coordinates": [
          88.19047222,
          27.26352778
        ]
      },
      "properties": {
        "sl_no": "26796",
        "slide_no": "",
        "state": "Sikkim",
        "district": "Gyalshing",
        "slide_name": "Sardong slide",
        "nh_sh_location": "Sardong",
        "material_involved": "Debris",
        "movement_type": "Slide",
        "history": "March 2022"
      }
    },
    {
      "type": "Feature",
      "geometry": {
        "type": "Point",
        "coordinates": [
          88.47055556,
          27.24297222
        ]
      },
      "properties": {
        "sl_no": "26797",
        "slide_no": "SK/ES/78 A07/Sherwani 02",
        "state": "Sikkim",
        "district": "East Sikkim",
        "slide_name": "Sherwani 02",
        "nh_sh_location": "Singtam-Sherwani road",
        "material_involved": "Debris",
        "movement_type": "Slide",
        "history": "15 June 2022"
      }
    },
    {
      "type": "Feature",
      "geometry": {
        "type": "Point",
        "coordinates": [
          88.32696111,
          27.19950556
        ]
      },
      "properties": {
        "sl_no": "26798",
        "slide_no": "SKM/Geyzing/78A08/2022/01",
        "state": "Sikkim",
        "district": "Geyzing",
        "slide_name": "Sikkip",
        "nh_sh_location": "Jorethang-Legship Road",
        "material_involved": "Debris",
        "movement_type": "Slide",
        "history": "October 2020, 20 August 2022"
      }
    },
    {
      "type": "Feature",
      "geometry": {
        "type": "Point",
        "coordinates": [
          88.48812389,
          27.238515
        ]
      },
      "properties": {
        "sl_no": "26799",
        "slide_no": "SK/ES/78 A07/Singtam",
        "state": "Sikkim",
        "district": "East Sikkim",
        "slide_name": "Singtam",
        "nh_sh_location": "Singtam-Mangkha road",
        "material_involved": "Debris",
        "movement_type": "Slide",
        "history": "May 2022."
      }
    },
    {
      "type": "Feature",
      "geometry": {
        "type": "Point",
        "coordinates": [
          88.276598,
          27.13689
        ]
      },
      "properties": {
        "sl_no": "26800",
        "slide_no": "SKM/ Soreng /78 A08/2022/01",
        "state": "Sikkim",
        "district": "Soreng",
        "slide_name": "01/JR/Sisney Temple",
        "nh_sh_location": "Jorethang-Legship Road",
        "material_involved": "Rock",
        "movement_type": "Slide",
        "history": "2nd week of August 2022"
      }
    },
    {
      "type": "Feature",
      "geometry": {
        "type": "Point",
        "coordinates": [
          88.3825,
          27.09725
        ]
      },
      "properties": {
        "sl_no": "26801",
        "slide_no": "SKM/Namchi/78A08/2022/01",
        "state": "Sikkim",
        "district": "Namchi",
        "slide_name": "Sumbuk",
        "nh_sh_location": "Melli-Jorethang Road",
        "material_involved": "Debris",
        "movement_type": "Slide",
        "history": "August 2022"
      }
    },
    {
      "type": "Feature",
      "geometry": {
        "type": "Point",
        "coordinates": [
          88.52165833,
          27.17748333
        ]
      },
      "properties": {
        "sl_no": "26802",
        "slide_no": "SKM/Pakyong/78A12/2023",
        "state": "Sikkim",
        "district": "Pakyong",
        "slide_name": "Rangpo Check Post",
        "nh_sh_location": "Gangtok-Siliguri Road",
        "material_involved": "Debris",
        "movement_type": "Slide",
        "history": "July 2020, 4 October 2023"
      }
    },
    {
      "type": "Feature",
      "geometry": {
        "type": "Point",
        "coordinates": [
          88.35308056,
          27.10570556
        ]
      },
      "properties": {
        "sl_no": "26803",
        "slide_no": "SKM/ND/78A08/2023/ Kitam",
        "state": "Sikkim",
        "district": "Namchi",
        "slide_name": "Kitam Landslide",
        "nh_sh_location": "Kitam Village, Namchi District, Sikkim",
        "material_involved": "Debris",
        "movement_type": "Slide",
        "history": "2018, 1st week of October 2024"
      }
    },
    {
      "type": "Feature",
      "geometry": {
        "type": "Point",
        "coordinates": [
          88.61596667,
          27.36552778
        ]
      },
      "properties": {
        "sl_no": "26804",
        "slide_no": "SKM/GD/78 A011/2023/ Luing",
        "state": "Sikkim",
        "district": "Gangtok District",
        "slide_name": "Luing Landslide",
        "nh_sh_location": "Luing Village, Gangtok",
        "material_involved": "Debris",
        "movement_type": "Slide",
        "history": "2nd Week of March 2023"
      }
    },
    {
      "type": "Feature",
      "geometry": {
        "type": "Point",
        "coordinates": [
          88.62675,
          27.54308333
        ]
      },
      "properties": {
        "sl_no": "26805",
        "slide_no": "SKM/MAN/78A10/10/2023",
        "state": "Sikkim",
        "district": "Mangan",
        "slide_name": "Naga",
        "nh_sh_location": "Gangtok-Chungthang Road",
        "material_involved": "Debris",
        "movement_type": "Slide",
        "history": "NA"
      }
    },
    {
      "type": "Feature",
      "geometry": {
        "type": "Point",
        "coordinates": [
          88.51868056,
          27.40251944
        ]
      },
      "properties": {
        "sl_no": "26806",
        "slide_no": "SKM/MAN/78A11/11/2023",
        "state": "Sikkim",
        "district": "Mangan",
        "slide_name": "South Dikchu",
        "nh_sh_location": "Dikchu-Makha Road",
        "material_involved": "Debris",
        "movement_type": "Slide",
        "history": "4 October 2023"
      }
    },
    {
      "type": "Feature",
      "geometry": {
        "type": "Point",
        "coordinates": [
          88.12502778,
          27.27872778
        ]
      },
      "properties": {
        "sl_no": "26807",
        "slide_no": "SKM/ND/78 A03/2023/Muyung- 02",
        "state": "Sikkim",
        "district": "Namchi",
        "slide_name": "Muyung-02 Landslide",
        "nh_sh_location": "Muyung Village, Dentam- Namchi SH.",
        "material_involved": "Debris",
        "movement_type": "Flow",
        "history": "2020, 23 September 2023"
      }
    },
    {
      "type": "Feature",
      "geometry": {
        "type": "Point",
        "coordinates": [
          88.4606,
          27.2525
        ]
      },
      "properties": {
        "sl_no": "26808",
        "slide_no": "SI/GAN/78A07/2024/48",
        "state": "Sikkim",
        "district": "Gangtok District",
        "slide_name": "Dipudara landslide",
        "nh_sh_location": "NHPC Teesta-V, Singtam-Dikchu road",
        "material_involved": "Rock",
        "movement_type": "Slide",
        "history": "21 August 2024"
      }
    },
    {
      "type": "Feature",
      "geometry": {
        "type": "Point",
        "coordinates": [
          88.476747,
          27.248882
        ]
      },
      "properties": {
        "sl_no": "26809",
        "slide_no": "SI/GAN/78A08/2025/01",
        "state": "Sikkim",
        "district": "Gangtok District",
        "slide_name": "Dochum",
        "nh_sh_location": "Dochum, Singtam-Dickchu road",
        "material_involved": "Debris",
        "movement_type": "Slide",
        "history": "2022, Jun 2024"
      }
    },
    {
      "type": "Feature",
      "geometry": {
        "type": "Point",
        "coordinates": [
          88.6087,
          27.4432
        ]
      },
      "properties": {
        "sl_no": "26810",
        "slide_no": "SI/MAN/78A11/2025/1",
        "state": "Sikkim",
        "district": "Mangan",
        "slide_name": "Phensang Landslide",
        "nh_sh_location": "NH-310A",
        "material_involved": "Debris",
        "movement_type": "Slide",
        "history": "21 July 2024"
      }
    },
    {
      "type": "Feature",
      "geometry": {
        "type": "Point",
        "coordinates": [
          88.152281,
          27.327977
        ]
      },
      "properties": {
        "sl_no": "26811",
        "slide_no": "SI/GYA/78A03/2025/01",
        "state": "Sikkim",
        "district": "Gyalshing",
        "slide_name": "Rimbi",
        "nh_sh_location": "Upper Rimbi, Rimbi-Tingbrum Gram Panchayat",
        "material_involved": "Debris",
        "movement_type": "Slide",
        "history": "11 September 2025"
      }
    },
    {
      "type": "Feature",
      "geometry": {
        "type": "Point",
        "coordinates": [
          88.541022,
          27.372611
        ]
      },
      "properties": {
        "sl_no": "26812",
        "slide_no": "SI/GTK/78A11/2025/02",
        "state": "Sikkim",
        "district": "Gangtok District",
        "slide_name": "Tintek Landslide",
        "nh_sh_location": "SH, Tintek Village, Gangtok District, Sikkim",
        "material_involved": "Debris",
        "movement_type": "Slide",
        "history": "19 July 2025"
      }
    },
    {
      "type": "Feature",
      "geometry": {
        "type": "Point",
        "coordinates": [
          88.609377,
          27.33787
        ]
      },
      "properties": {
        "sl_no": "26813",
        "slide_no": "SI/GTK/78A11/2025/03",
        "state": "Sikkim",
        "district": "Gangtok District",
        "slide_name": "Upper Sichey Landslide",
        "nh_sh_location": "Near Tamang Gumpa, Gangtok District, Sikkim",
        "material_involved": "Debris",
        "movement_type": "Slide",
        "history": "31 July 2025 at 18:30 hrs."
      }
    },
    {
      "type": "Feature",
      "geometry": {
        "type": "Point",
        "coordinates": [
          88.22,
          27.29166667
        ]
      },
      "properties": {
        "sl_no": "26814",
        "slide_no": "SK- 24/2011",
        "state": "Sikkim",
        "district": "West district",
        "slide_name": "Tikjuk landslide",
        "nh_sh_location": "Gyalshim \u2013 Dantam Road",
        "material_involved": "Debris cum rock",
        "movement_type": "",
        "history": "24 June 2011 at 23:30 hrs."
      }
    },
    {
      "type": "Feature",
      "geometry": {
        "type": "Point",
        "coordinates": [
          88.23277778,
          27.28777778
        ]
      },
      "properties": {
        "sl_no": "26815",
        "slide_no": "SK- 25/2011",
        "state": "Sikkim",
        "district": "West district",
        "slide_name": "Pelling landslide",
        "nh_sh_location": "Gyalshim \u2013 Dantam Road",
        "material_involved": "Debris cum rock",
        "movement_type": "",
        "history": "24 June 2011 at 23:00 hrs."
      }
    },
    {
      "type": "Feature",
      "geometry": {
        "type": "Point",
        "coordinates": [
          88.71438889,
          27.26063889
        ]
      },
      "properties": {
        "sl_no": "26816",
        "slide_no": "SKM-01/2012-13",
        "state": "Sikkim",
        "district": "East Sikkim",
        "slide_name": "Saketang",
        "nh_sh_location": "Rongli-Rolep road",
        "material_involved": "Debris",
        "movement_type": "Slide",
        "history": "7 June 2012 at 4:50 hrs."
      }
    },
    {
      "type": "Feature",
      "geometry": {
        "type": "Point",
        "coordinates": [
          88.72697222,
          27.26616667
        ]
      },
      "properties": {
        "sl_no": "26817",
        "slide_no": "SKM-02/2012-13",
        "state": "Sikkim",
        "district": "East Sikkim",
        "slide_name": "Chopse Slide",
        "nh_sh_location": "Rongli-Rolep road",
        "material_involved": "Debris",
        "movement_type": "Slide",
        "history": "7 June 2012 at 4:30 hrs."
      }
    },
    {
      "type": "Feature",
      "geometry": {
        "type": "Point",
        "coordinates": [
          88.72252778,
          27.26544444
        ]
      },
      "properties": {
        "sl_no": "26818",
        "slide_no": "SKM-03/2012-13",
        "state": "Sikkim",
        "district": "East Sikkim",
        "slide_name": "Dharakham Slide",
        "nh_sh_location": "Rongli-Rolep road",
        "material_involved": "Debris",
        "movement_type": "Slide",
        "history": "7 June 2012 at 4:50 hrs."
      }
    },
    {
      "type": "Feature",
      "geometry": {
        "type": "Point",
        "coordinates": [
          88.54505556,
          27.37441667
        ]
      },
      "properties": {
        "sl_no": "26819",
        "slide_no": "SKM-04/2012-13",
        "state": "Sikkim",
        "district": "East Sikkim",
        "slide_name": "Rockse Slide 1",
        "nh_sh_location": "Panthang to Dikchu road",
        "material_involved": "Rock",
        "movement_type": "",
        "history": "13 July 2012"
      }
    },
    {
      "type": "Feature",
      "geometry": {
        "type": "Point",
        "coordinates": [
          88.54466667,
          27.36977778
        ]
      },
      "properties": {
        "sl_no": "26820",
        "slide_no": "SKM-05/2012-13",
        "state": "Sikkim",
        "district": "East Sikkim",
        "slide_name": "Rockse Slide 2",
        "nh_sh_location": "Panthang to Dikchu road",
        "material_involved": "Rock",
        "movement_type": "",
        "history": "13 July 2012"
      }
    },
    {
      "type": "Feature",
      "geometry": {
        "type": "Point",
        "coordinates": [
          88.65394444,
          27.59027778
        ]
      },
      "properties": {
        "sl_no": "26821",
        "slide_no": "SKM-06/2012-13",
        "state": "Sikkim",
        "district": "North Sikkim",
        "slide_name": "Pegong Slide",
        "nh_sh_location": "Mangan-Chungthang road",
        "material_involved": "Debris",
        "movement_type": "Slide",
        "history": "26 June 2012"
      }
    },
    {
      "type": "Feature",
      "geometry": {
        "type": "Point",
        "coordinates": [
          88.65402778,
          27.57502778
        ]
      },
      "properties": {
        "sl_no": "26822",
        "slide_no": "SKM-07/2012-13",
        "state": "Sikkim",
        "district": "North Sikkim",
        "slide_name": "Theng Slide",
        "nh_sh_location": "On Mangan-Chungthang road",
        "material_involved": "Debris",
        "movement_type": "Slide",
        "history": "22 June 2012"
      }
    },
    {
      "type": "Feature",
      "geometry": {
        "type": "Point",
        "coordinates": [
          88.65452778,
          27.56111111
        ]
      },
      "properties": {
        "sl_no": "26823",
        "slide_no": "SKM-08/2012-13",
        "state": "Sikkim",
        "district": "North Sikkim",
        "slide_name": "Tung Slide",
        "nh_sh_location": "On Mangan-Chungthang road",
        "material_involved": "Debris",
        "movement_type": "Slide",
        "history": "22 June 2012"
      }
    },
    {
      "type": "Feature",
      "geometry": {
        "type": "Point",
        "coordinates": [
          88.59972222,
          27.52838889
        ]
      },
      "properties": {
        "sl_no": "26824",
        "slide_no": "SKM-09/2012-13",
        "state": "Sikkim",
        "district": "North Sikkim",
        "slide_name": "Rubom Slide",
        "nh_sh_location": "On Mangan-Chungthang road",
        "material_involved": "Debris",
        "movement_type": "Slide",
        "history": "22 June 2012"
      }
    },
    {
      "type": "Feature",
      "geometry": {
        "type": "Point",
        "coordinates": [
          88.65272222,
          27.56941667
        ]
      },
      "properties": {
        "sl_no": "26825",
        "slide_no": "SKM-10/2012-13",
        "state": "Sikkim",
        "district": "North Sikkim",
        "slide_name": "Singik Slide",
        "nh_sh_location": "On Mangan-Chungthang road",
        "material_involved": "Debris",
        "movement_type": "Slide",
        "history": "22 June 2012"
      }
    },
    {
      "type": "Feature",
      "geometry": {
        "type": "Point",
        "coordinates": [
          88.56313889,
          27.51491667
        ]
      },
      "properties": {
        "sl_no": "26826",
        "slide_no": "SKM-11/2012-13",
        "state": "Sikkim",
        "district": "North Sikkim",
        "slide_name": "Deodara Slide",
        "nh_sh_location": "On Mangan-Chungthang road",
        "material_involved": "Debris",
        "movement_type": "Slide",
        "history": "17 July 2012"
      }
    },
    {
      "type": "Feature",
      "geometry": {
        "type": "Point",
        "coordinates": [
          88.56777778,
          27.51444444
        ]
      },
      "properties": {
        "sl_no": "26827",
        "slide_no": "SKM/78A11/2009",
        "state": "Sikkim",
        "district": "North Sikkim",
        "slide_name": "",
        "nh_sh_location": "Chandera village/Singhik Village",
        "material_involved": "Debris",
        "movement_type": "Slide",
        "history": "9 May 2009 at 14.00 hrs."
      }
    },
    {
      "type": "Feature",
      "geometry": {
        "type": "Point",
        "coordinates": [
          88.460004,
          27.25102
        ]
      },
      "properties": {
        "sl_no": "26828",
        "slide_no": "7253",
        "state": "Sikkim",
        "district": "South Sikkim",
        "slide_name": "NHPC TEESTA V POWER HOUSE",
        "nh_sh_location": "",
        "material_involved": "Rock",
        "movement_type": "slide",
        "history": "2024"
      }
    }
  ]
}